Algorithm: Greedy Vertex Coloring
Vertex colors:
0 0
1 0
2 0
3 0
4 0
5 0
6 0
7 0
8 0
9 0
10 0
11 0
12 0
13 0
14 0
15 0
16 0
17 0
18 0
19 0
20 0
21 0
22 0
23 0
24 0
25 0
26 0
27 0
28 0
29 0
30 1
31 0
32 0
33 0
34 0
35 0
36 0
37 0
38 0
39 0
40 0
41 0
42 0
43 0
44 0
45 0
46 0
47 0
48 0
49 0
50 0
51 0
52 0
53 0
54 0
55 0
56 0
57 0
58 0
59 0
60 0
61 0
62 0
63 0
64 0
65 0
66 0
67 0
68 0
69 0
70 0
71 0
72 0
73 0
74 0
75 0
76 0
77 0
78 0
79 0
80 0
81 0
82 0
83 0
84 0
85 0
86 0
87 0
88 0
89 0
90 0
91 0
92 0
93 0
94 0
95 0
96 0
97 0
98 0
99 0
100 0
101 0
102 0
103 0
104 0
105 0
106 0
107 0
108 0
109 0
110 0
111 0
112 0
113 0
114 0
115 0
116 0
117 0
118 0
119 0
120 0
121 0
122 0
123 0
124 0
125 0
126 0
127 0
128 0
129 0
130 0
131 0
132 0
133 0
134 0
135 0
136 0
137 0
138 0
139 0
140 0
141 0
142 0
143 0
144 0
145 0
146 0
147 0
148 0
149 0
150 0
151 0
152 0
153 0
154 0
155 0
156 0
157 0
158 0
159 0
160 0
161 0
162 0
163 0
164 0
165 0
166 0
167 0
168 0
169 0
170 0
171 0
172 0
173 0
174 0
175 0
176 0
177 0
178 0
179 0
180 0
181 0
182 0
183 0
184 0
185 0
186 0
187 0
188 0
189 0
190 0
191 0
192 0
193 0
194 0
195 0
196 0
197 0
198 0
199 0
200 0
201 0
202 0
203 0
204 0
205 0
206 0
207 0
208 0
209 1
210 0
211 0
212 0
213 0
214 0
215 0
216 0
217 0
218 0
219 0
220 0
221 0
222 0
223 0
224 0
225 0
226 0
227 0
228 0
229 0
230 0
231 0
232 0
233 0
234 0
235 0
236 0
237 0
238 0
239 0
240 0
241 0
242 0
243 0
244 0
245 0
246 0
247 0
248 0
249 0
250 0
251 0
252 0
253 0
254 0
255 0
256 0
257 0
258 0
259 0
260 0
261 0
262 0
263 0
264 0
265 0
266 0
267 0
268 0
269 0
270 0
271 0
272 0
273 0
274 0
275 0
276 0
277 0
278 0
279 0
280 0
281 0
282 0
283 0
284 0
285 0
286 0
287 0
288 0
289 0
290 0
291 0
292 0
293 0
294 0
295 0
296 0
297 0
298 0
299 0
300 0
301 0
302 0
303 0
304 0
305 0
306 0
307 0
308 0
309 0
310 0
311 0
312 0
313 1
314 0
315 0
316 0
317 0
318 0
319 0
320 0
321 0
322 0
323 0
324 0
325 0
326 0
327 0
328 0
329 0
330 0
331 0
332 0
333 0
334 0
335 0
336 0
337 1
338 0
339 0
340 0
341 0
342 0
343 0
344 0
345 0
346 0
347 0
348 0
349 0
350 0
351 0
352 0
353 0
354 0
355 0
356 0
357 0
358 0
359 0
360 0
361 0
362 0
363 0
364 0
365 0
366 0
367 0
368 0
369 1
370 0
371 0
372 0
373 0
374 0
375 0
376 1
377 0
378 0
379 0
380 0
381 0
382 0
383 0
384 0
385 0
386 0
387 0
388 0
389 0
390 0
391 0
392 0
393 0
394 0
395 0
396 0
397 0
398 0
399 0
400 0
401 1
402 0
403 0
404 0
405 0
406 0
407 0
408 0
409 0
410 0
411 0
412 0
413 0
414 0
415 0
416 0
417 0
418 0
419 0
420 0
421 0
422 0
423 0
424 0
425 0
426 0
427 0
428 0
429 0
430 0
431 0
432 0
433 0
434 0
435 0
436 0
437 0
438 0
439 0
440 0
441 1
442 0
443 0
444 0
445 0
446 0
447 0
448 0
449 0
450 1
451 1
452 0
453 0
454 0
455 0
456 0
457 0
458 0
459 0
460 0
461 0
462 0
463 0
464 0
465 0
466 1
467 0
468 0
469 1
470 0
471 0
472 0
473 0
474 0
475 0
476 1
477 0
478 0
479 0
480 0
481 0
482 0
483 0
484 0
485 0
486 0
487 0
488 0
489 0
490 0
491 0
492 0
493 0
494 0
495 0
496 0
497 0
498 1
499 0
500 0
501 0
502 0
503 0
504 0
505 1
506 0
507 0
508 0
509 0
510 0
511 0
512 0
513 0
514 1
515 0
516 0
517 0
518 0
519 0
520 1
521 0
522 0
523 0
524 0
525 0
526 0
527 0
528 1
529 0
530 0
531 0
532 0
533 0
534 0
535 0
536 0
537 0
538 0
539 0
540 0
541 0
542 0
543 0
544 0
545 0
546 0
547 0
548 0
549 0
550 0
551 0
552 1
553 0
554 0
555 0
556 0
557 0
558 0
559 0
560 0
561 0
562 0
563 0
564 0
565 0
566 0
567 0
568 0
569 0
570 0
571 0
572 0
573 1
574 0
575 0
576 0
577 0
578 0
579 0
580 0
581 0
582 0
583 0
584 0
585 0
586 0
587 0
588 0
589 0
590 0
591 0
592 0
593 0
594 0
595 0
596 0
597 0
598 1
599 0
600 0
601 0
602 0
603 0
604 0
605 0
606 0
607 0
608 0
609 0
610 0
611 0
612 0
613 0
614 0
615 0
616 0
617 0
618 0
619 0
620 0
621 0
622 0
623 0
624 0
625 0
626 0
627 0
628 0
629 0
630 0
631 1
632 0
633 0
634 0
635 0
636 0
637 0
638 0
639 0
640 0
641 0
642 0
643 0
644 0
645 0
646 0
647 0
648 0
649 0
650 0
651 0
652 0
653 0
654 0
655 0
656 0
657 0
658 0
659 0
660 0
661 0
662 0
663 0
664 0
665 0
666 0
667 1
668 0
669 0
670 0
671 0
672 0
673 0
674 1
675 0
676 0
677 0
678 0
679 1
680 0
681 1
682 0
683 0
684 0
685 0
686 0
687 0
688 0
689 0
690 0
691 0
692 0
693 0
694 0
695 0
696 0
697 0
698 0
699 0
700 1
701 0
702 0
703 0
704 0
705 0
706 0
707 0
708 0
709 0
710 0
711 0
712 0
713 0
714 0
715 0
716 0
717 0
718 0
719 0
720 0
721 0
722 0
723 0
724 0
725 0
726 0
727 0
728 0
729 0
730 0
731 0
732 0
733 0
734 0
735 0
736 0
737 0
738 0
739 1
740 0
741 0
742 0
743 0
744 0
745 0
746 0
747 0
748 0
749 0
750 0
751 0
752 0
753 0
754 0
755 0
756 0
757 0
758 0
759 0
760 0
761 1
762 0
763 0
764 0
765 0
766 0
767 0
768 0
769 0
770 1
771 0
772 0
773 0
774 1
775 0
776 0
777 0
778 0
779 0
780 0
781 0
782 0
783 0
784 0
785 1
786 0
787 0
788 0
789 0
790 1
791 0
792 0
793 0
794 0
795 0
796 0
797 0
798 0
799 0
800 1
801 0
802 0
803 1
804 1
805 0
806 0
807 0
808 0
809 0
810 0
811 0
812 0
813 0
814 0
815 0
816 0
817 0
818 0
819 0
820 1
821 0
822 0
823 0
824 0
825 0
826 0
827 0
828 0
829 0
830 0
831 0
832 0
833 0
834 0
835 1
836 0
837 1
838 0
839 0
840 0
841 0
842 0
843 0
844 1
845 0
846 0
847 0
848 0
849 0
850 0
851 0
852 0
853 0
854 0
855 0
856 0
857 0
858 0
859 0
860 0
861 0
862 0
863 1
864 0
865 0
866 0
867 0
868 0
869 0
870 0
871 0
872 0
873 0
874 0
875 0
876 0
877 1
878 0
879 0
880 0
881 0
882 0
883 0
884 0
885 1
886 0
887 1
888 0
889 0
890 0
891 0
892 0
893 0
894 0
895 1
896 0
897 0
898 0
899 0
900 1
901 0
902 1
903 0
904 0
905 1
906 0
907 0
908 0
909 0
910 0
911 0
912 0
913 0
914 0
915 0
916 0
917 0
918 1
919 0
920 0
921 0
922 0
923 1
924 0
925 0
926 0
927 0
928 0
929 0
930 0
931 0
932 0
933 0
934 0
935 0
936 0
937 0
938 0
939 0
940 0
941 0
942 1
943 0
944 0
945 0
946 0
947 0
948 0
949 1
950 0
951 0
952 0
953 0
954 0
955 0
956 0
957 0
958 0
959 0
960 0
961 0
962 1
963 0
964 0
965 0
966 0
967 0
968 1
969 0
970 0
971 0
972 0
973 0
974 0
975 0
976 0
977 0
978 0
979 0
980 0
981 0
982 0
983 0
984 0
985 0
986 0
987 0
988 0
989 0
990 0
991 0
992 1
993 1
994 0
995 0
996 0
997 0
998 0
999 0
1000 0
1001 0
1002 0
1003 0
1004 0
1005 0
1006 0
1007 1
1008 1
1009 0
1010 1
1011 0
1012 0
1013 0
1014 0
1015 0
1016 0
1017 0
1018 0
1019 0
1020 0
1021 0
1022 0
1023 0
1024 0
1025 0
1026 1
1027 0
1028 1
1029 1
1030 0
1031 0
1032 0
1033 0
1034 0
1035 0
1036 0
1037 1
1038 0
1039 0
1040 0
1041 0
1042 0
1043 0
1044 0
1045 0
1046 0
1047 0
1048 0
1049 0
1050 0
1051 0
1052 0
1053 0
1054 0
1055 0
1056 0
1057 0
1058 1
1059 0
1060 0
1061 0
1062 0
1063 0
1064 0
1065 0
1066 1
1067 1
1068 0
1069 0
1070 0
1071 0
1072 0
1073 1
1074 0
1075 0
1076 0
1077 1
1078 0
1079 0
1080 0
1081 1
1082 1
1083 0
1084 1
1085 0
1086 0
1087 0
1088 0
1089 0
1090 0
1091 0
1092 0
1093 1
1094 0
1095 0
1096 1
1097 0
1098 0
1099 0
1100 0
1101 0
1102 0
1103 0
1104 1
1105 0
1106 0
1107 0
1108 0
1109 0
1110 1
1111 0
1112 0
1113 0
1114 1
1115 0
1116 0
1117 1
1118 0
1119 0
1120 0
1121 0
1122 0
1123 0
1124 0
1125 0
1126 0
1127 0
1128 0
1129 0
1130 0
1131 0
1132 0
1133 0
1134 0
1135 0
1136 1
1137 0
1138 1
1139 1
1140 0
1141 0
1142 1
1143 0
1144 1
1145 0
1146 0
1147 0
1148 0
1149 0
1150 0
1151 0
1152 0
1153 0
1154 0
1155 1
1156 0
1157 0
1158 0
1159 0
1160 0
1161 0
1162 0
1163 0
1164 0
1165 1
1166 0
1167 0
1168 0
1169 0
1170 0
1171 0
1172 0
1173 1
1174 1
1175 0
1176 0
1177 1
1178 0
1179 0
1180 0
1181 0
1182 0
1183 0
1184 0
1185 0
1186 0
1187 0
1188 0
1189 0
1190 0
1191 0
1192 0
1193 0
1194 0
1195 0
1196 0
1197 0
1198 0
1199 0
1200 0
1201 0
1202 0
1203 0
1204 0
1205 0
1206 0
1207 0
1208 0
1209 0
1210 1
1211 0
1212 0
1213 0
1214 1
1215 0
1216 0
1217 1
1218 0
1219 0
1220 0
1221 0
1222 0
1223 0
1224 0
1225 0
1226 1
1227 0
1228 0
1229 1
1230 0
1231 0
1232 0
1233 0
1234 1
1235 0
1236 1
1237 0
1238 0
1239 0
1240 0
1241 0
1242 0
1243 0
1244 1
1245 0
1246 1
1247 0
1248 0
1249 0
1250 0
1251 0
1252 1
1253 0
1254 0
1255 0
1256 0
1257 0
1258 0
1259 0
1260 0
1261 0
1262 0
1263 0
1264 1
1265 0
1266 0
1267 0
1268 0
1269 0
1270 0
1271 0
1272 0
1273 1
1274 0
1275 0
1276 0
1277 0
1278 0
1279 0
1280 1
1281 0
1282 0
1283 0
1284 0
1285 1
1286 0
1287 0
1288 0
1289 0
1290 0
1291 0
1292 1
1293 0
1294 0
1295 0
1296 0
1297 0
1298 0
1299 0
1300 0
1301 0
1302 1
1303 1
1304 0
1305 0
1306 0
1307 0
1308 0
1309 0
1310 0
1311 0
1312 1
1313 0
1314 0
1315 0
1316 0
1317 0
1318 0
1319 0
1320 0
1321 0
1322 0
1323 0
1324 0
1325 0
1326 0
1327 0
1328 1
1329 0
1330 1
1331 0
1332 0
1333 0
1334 0
1335 0
1336 0
1337 0
1338 0
1339 1
1340 0
1341 0
1342 0
1343 0
1344 1
1345 0
1346 0
1347 0
1348 0
1349 0
1350 1
1351 1
1352 0
1353 0
1354 0
1355 0
1356 0
1357 0
1358 0
1359 0
1360 0
1361 0
1362 0
1363 0
1364 0
1365 0
1366 1
1367 0
1368 0
1369 0
1370 0
1371 0
1372 0
1373 0
1374 0
1375 0
1376 0
1377 0
1378 0
1379 0
1380 1
1381 0
1382 0
1383 0
1384 0
1385 0
1386 1
1387 0
1388 0
1389 0
1390 0
1391 0
1392 0
1393 0
1394 0
1395 0
1396 0
1397 1
1398 0
1399 0
1400 0
1401 0
1402 0
1403 0
1404 0
1405 0
1406 0
1407 0
1408 0
1409 0
1410 0
1411 0
1412 0
1413 0
1414 0
1415 0
1416 0
1417 0
1418 0
1419 0
1420 0
1421 0
1422 0
1423 0
1424 1
1425 0
1426 0
1427 0
1428 0
1429 0
1430 1
1431 0
1432 0
1433 0
1434 1
1435 0
1436 0
1437 0
1438 0
1439 0
1440 0
1441 1
1442 0
1443 0
1444 0
1445 0
1446 0
1447 0
1448 0
1449 0
1450 0
1451 0
1452 0
1453 0
1454 0
1455 0
1456 0
1457 0
1458 0
1459 0
1460 0
1461 0
1462 0
1463 1
1464 0
1465 0
1466 0
1467 1
1468 1
1469 0
1470 0
1471 0
1472 0
1473 1
1474 0
1475 0
1476 0
1477 0
1478 0
1479 0
1480 1
1481 0
1482 0
1483 0
1484 1
1485 1
1486 0
1487 0
1488 0
1489 0
1490 1
1491 0
1492 0
1493 0
1494 0
1495 0
1496 0
1497 0
1498 0
1499 0
1500 0
1501 0
1502 0
1503 0
1504 1
1505 0
1506 1
1507 0
1508 0
1509 0
1510 0
1511 0
1512 0
1513 0
1514 0
1515 0
1516 1
1517 0
1518 1
1519 0
1520 0
1521 0
1522 0
1523 0
1524 1
1525 0
1526 0
1527 0
1528 0
1529 1
1530 0
1531 0
1532 0
1533 0
1534 1
1535 0
1536 0
1537 0
1538 0
1539 0
1540 1
1541 0
1542 0
1543 0
1544 1
1545 0
1546 0
1547 0
1548 0
1549 0
1550 0
1551 0
1552 0
1553 0
1554 0
1555 0
1556 0
1557 0
1558 0
1559 0
1560 0
1561 0
1562 0
1563 0
1564 0
1565 0
1566 0
1567 0
1568 0
1569 0
1570 1
1571 1
1572 0
1573 0
1574 0
1575 0
1576 0
1577 0
1578 0
1579 1
1580 0
1581 1
1582 0
1583 0
1584 0
1585 0
1586 0
1587 0
1588 0
1589 1
1590 0
1591 0
1592 1
1593 0
1594 0
1595 0
1596 1
1597 0
1598 0
1599 0
1600 0
1601 0
1602 0
1603 0
1604 0
1605 0
1606 0
1607 0
1608 0
1609 0
1610 0
1611 0
1612 0
1613 1
1614 0
1615 0
1616 0
1617 0
1618 0
1619 0
1620 0
1621 0
1622 0
1623 0
1624 0
1625 0
1626 0
1627 1
1628 0
1629 0
1630 0
1631 0
1632 0
1633 1
1634 0
1635 0
1636 0
1637 0
1638 1
1639 0
1640 0
1641 0
1642 0
1643 0
1644 0
1645 0
1646 0
1647 0
1648 0
1649 0
1650 0
1651 1
1652 0
1653 0
1654 0
1655 0
1656 0
1657 0
1658 0
1659 0
1660 0
1661 0
1662 1
1663 0
1664 0
1665 0
1666 0
1667 0
1668 0
1669 0
1670 0
1671 0
1672 0
1673 0
1674 0
1675 0
1676 0
1677 0
1678 0
1679 0
1680 0
1681 0
1682 0
1683 0
1684 0
1685 0
1686 0
1687 0
1688 0
1689 0
1690 0
1691 0
1692 0
1693 0
1694 0
1695 0
1696 0
1697 0
1698 0
1699 0
1700 1
1701 0
1702 0
1703 0
1704 0
1705 0
1706 1
1707 1
1708 0
1709 1
1710 1
1711 0
1712 1
1713 1
1714 0
1715 0
1716 0
1717 0
1718 0
1719 0
1720 1
1721 1
1722 0
1723 0
1724 0
1725 1
1726 0
1727 0
1728 0
1729 0
1730 1
1731 1
1732 0
1733 0
1734 0
1735 0
1736 0
1737 0
1738 0
1739 0
1740 1
1741 0
1742 1
1743 0
1744 0
1745 0
1746 1
1747 0
1748 0
1749 0
1750 0
1751 0
1752 0
1753 1
1754 0
1755 0
1756 0
1757 0
1758 1
1759 0
1760 1
1761 0
1762 0
1763 0
1764 0
1765 0
1766 1
1767 0
1768 0
1769 1
1770 1
1771 0
1772 0
1773 0
1774 0
1775 0
1776 0
1777 0
1778 0
1779 0
1780 0
1781 1
1782 0
1783 0
1784 1
1785 0
1786 0
1787 0
1788 0
1789 0
1790 0
1791 0
1792 0
1793 0
1794 0
1795 1
1796 0
1797 0
1798 0
1799 0
1800 0
1801 0
1802 0
1803 0
1804 0
1805 0
1806 0
1807 0
1808 0
1809 1
1810 0
1811 0
1812 0
1813 0
1814 0
1815 0
1816 0
1817 0
1818 1
1819 0
1820 0
1821 0
1822 0
1823 0
1824 0
1825 0
1826 0
1827 0
1828 0
1829 0
1830 0
1831 1
1832 1
1833 0
1834 0
1835 0
1836 0
1837 0
1838 0
1839 0
1840 0
1841 0
1842 0
1843 0
1844 0
1845 0
1846 1
1847 0
1848 0
1849 0
1850 0
1851 0
1852 0
1853 1
1854 0
1855 1
1856 0
1857 0
1858 0
1859 1
1860 0
1861 0
1862 1
1863 0
1864 0
1865 0
1866 1
1867 0
1868 0
1869 0
1870 0
1871 0
1872 0
1873 0
1874 0
1875 0
1876 1
1877 1
1878 0
1879 1
1880 1
1881 0
1882 1
1883 0
1884 0
1885 0
1886 0
1887 0
1888 1
1889 1
1890 0
1891 0
1892 0
1893 0
1894 0
1895 0
1896 0
1897 0
1898 0
1899 0
1900 0
1901 1
1902 0
1903 0
1904 1
1905 0
1906 0
1907 0
1908 0
1909 0
1910 0
1911 0
1912 0
1913 0
1914 0
1915 0
1916 0
1917 0
1918 0
1919 0
1920 1
1921 0
1922 1
1923 1
1924 0
1925 0
1926 0
1927 0
1928 1
1929 1
1930 1
1931 0
1932 0
1933 0
1934 1
1935 0
1936 0
1937 1
1938 0
1939 2
1940 1
1941 0
1942 0
1943 1
1944 0
1945 0
1946 0
1947 0
1948 1
1949 0
1950 0
1951 0
1952 1
1953 0
1954 0
1955 0
1956 0
1957 0
1958 0
1959 0
1960 0
1961 1
1962 0
1963 0
1964 1
1965 0
1966 0
1967 0
1968 0
1969 1
1970 0
1971 0
1972 0
1973 0
1974 0
1975 0
1976 1
1977 0
1978 0
1979 0
1980 0
1981 0
1982 0
1983 0
1984 0
1985 0
1986 0
1987 0
1988 0
1989 0
1990 0
1991 1
1992 0
1993 0
1994 1
1995 0
1996 0
1997 0
1998 0
1999 0
2000 0
2001 0
2002 0
2003 0
2004 0
2005 0
2006 0
2007 1
2008 0
2009 1
2010 0
2011 0
2012 0
2013 0
2014 0
2015 0
2016 0
2017 0
2018 0
2019 0
2020 0
2021 0
2022 0
2023 0
2024 0
2025 0
2026 0
2027 0
2028 1
2029 0
2030 0
2031 0
2032 0
2033 0
2034 0
2035 1
2036 1
2037 2
2038 0
2039 0
2040 0
2041 0
2042 1
2043 1
2044 1
2045 0
2046 0
2047 1
2048 0
2049 1
2050 1
2051 0
2052 0
2053 1
2054 1
2055 0
2056 0
2057 1
2058 1
2059 0
2060 1
2061 0
2062 1
2063 0
2064 0
2065 0
2066 0
2067 1
2068 0
2069 0
2070 0
2071 0
2072 0
2073 0
2074 0
2075 0
2076 0
2077 0
2078 1
2079 0
2080 0
2081 0
2082 2
2083 0
2084 0
2085 1
2086 0
2087 0
2088 0
2089 0
2090 0
2091 0
2092 1
2093 0
2094 1
2095 0
2096 0
2097 0
2098 0
2099 1
2100 0
2101 1
2102 0
2103 0
2104 0
2105 0
2106 1
2107 0
2108 0
2109 1
2110 0
2111 0
2112 0
2113 0
2114 0
2115 1
2116 0
2117 0
2118 1
2119 0
2120 0
2121 1
2122 0
2123 0
2124 0
2125 1
2126 0
2127 0
2128 0
2129 1
2130 1
2131 0
2132 0
2133 0
2134 0
2135 0
2136 0
2137 0
2138 0
2139 0
2140 0
2141 0
2142 0
2143 0
2144 0
2145 0
2146 0
2147 0
2148 0
2149 0
2150 0
2151 0
2152 0
2153 0
2154 0
2155 0
2156 0
2157 0
2158 0
2159 0
2160 0
2161 0
2162 0
2163 0
2164 1
2165 1
2166 0
2167 0
2168 1
2169 1
2170 0
2171 0
2172 0
2173 1
2174 0
2175 1
2176 0
2177 0
2178 0
2179 0
2180 0
2181 0
2182 0
2183 0
2184 0
2185 0
2186 0
2187 0
2188 0
2189 0
2190 0
2191 0
2192 0
2193 0
2194 1
2195 0
2196 0
2197 0
2198 0
2199 0
2200 0
2201 0
2202 0
2203 1
2204 0
2205 0
2206 0
2207 0
2208 0
2209 0
2210 0
2211 1
2212 1
2213 0
2214 0
2215 0
2216 0
2217 0
2218 0
2219 0
2220 0
2221 2
2222 1
2223 1
2224 0
2225 1
2226 0
2227 0
2228 0
2229 0
2230 0
2231 0
2232 0
2233 1
2234 0
2235 0
2236 0
2237 1
2238 0
2239 0
2240 0
2241 0
2242 0
2243 1
2244 0
2245 0
2246 1
2247 0
2248 0
2249 0
2250 1
2251 0
2252 0
2253 0
2254 0
2255 0
2256 1
2257 0
2258 0
2259 0
2260 0
2261 0
2262 1
2263 0
2264 0
2265 1
2266 0
2267 0
2268 0
2269 0
2270 1
2271 1
2272 0
2273 0
2274 0
2275 0
2276 0
2277 0
2278 0
2279 0
2280 1
2281 0
2282 1
2283 0
2284 1
2285 1
2286 0
2287 0
2288 1
2289 0
2290 0
2291 0
2292 0
2293 1
2294 0
2295 0
2296 0
2297 0
2298 1
2299 0
2300 1
2301 0
2302 1
2303 1
2304 0
2305 0
2306 0
2307 0
2308 0
2309 0
2310 0
2311 1
2312 0
2313 0
2314 0
2315 1
2316 1
2317 0
2318 0
2319 0
2320 0
2321 0
2322 1
2323 1
2324 0
2325 0
2326 1
2327 0
2328 1
2329 0
2330 0
2331 0
2332 1
2333 0
2334 0
2335 0
2336 1
2337 0
2338 0
2339 0
2340 1
2341 0
2342 0
2343 1
2344 0
2345 1
2346 1
2347 0
2348 0
2349 0
2350 0
2351 0
2352 0
2353 0
2354 0
2355 0
2356 0
2357 0
2358 0
2359 1
2360 0
2361 0
2362 0
2363 0
2364 2
2365 0
2366 0
2367 0
2368 0
2369 0
2370 0
2371 0
2372 1
2373 0
2374 0
2375 0
2376 1
2377 0
2378 0
2379 0
2380 0
2381 0
2382 0
2383 2
2384 1
2385 0
2386 0
2387 0
2388 1
2389 0
2390 0
2391 0
2392 1
2393 1
2394 1
2395 0
2396 0
2397 0
2398 0
2399 0
2400 0
2401 0
2402 0
2403 0
2404 0
2405 0
2406 0
2407 0
2408 0
2409 0
2410 0
2411 0
2412 1
2413 0
2414 1
2415 0
2416 0
2417 0
2418 0
2419 1
2420 0
2421 0
2422 0
2423 0
2424 0
2425 1
2426 0
2427 0
2428 0
2429 1
2430 0
2431 0
2432 0
2433 0
2434 0
2435 0
2436 1
2437 0
2438 0
2439 0
2440 0
2441 0
2442 0
2443 0
2444 0
2445 0
2446 0
2447 0
2448 0
2449 0
2450 0
2451 1
2452 0
2453 0
2454 0
2455 1
2456 0
2457 0
2458 0
2459 0
2460 0
2461 0
2462 0
2463 0
2464 0
2465 0
2466 1
2467 0
2468 0
2469 0
2470 0
2471 0
2472 1
2473 1
2474 0
2475 1
2476 0
2477 0
2478 0
2479 1
2480 1
2481 1
2482 0
2483 0
2484 0
2485 0
2486 1
2487 0
2488 0
2489 0
2490 1
2491 0
2492 0
2493 0
2494 0
2495 1
2496 0
2497 0
2498 0
2499 1
2500 0
2501 0
2502 0
2503 0
2504 0
2505 0
2506 0
2507 0
2508 1
2509 0
2510 0
2511 1
2512 0
2513 1
2514 0
2515 0
2516 0
2517 0
2518 0
2519 1
2520 0
2521 0
2522 0
2523 0
2524 0
2525 1
2526 0
2527 1
2528 0
2529 0
2530 1
2531 0
2532 1
2533 0
2534 0
2535 1
2536 0
2537 0
2538 0
2539 0
2540 0
2541 1
2542 0
2543 0
2544 0
2545 1
2546 0
2547 0
2548 0
2549 1
2550 0
2551 0
2552 0
2553 0
2554 0
2555 0
2556 0
2557 0
2558 0
2559 0
2560 2
2561 1
2562 0
2563 0
2564 1
2565 0
2566 0
2567 0
2568 0
2569 0
2570 1
2571 1
2572 1
2573 0
2574 0
2575 0
2576 1
2577 0
2578 0
2579 0
2580 0
2581 1
2582 1
2583 0
2584 0
2585 0
2586 0
2587 0
2588 0
2589 0
2590 1
2591 0
2592 0
2593 0
2594 0
2595 0
2596 0
2597 0
2598 1
2599 0
2600 0
2601 0
2602 0
2603 0
2604 0
2605 0
2606 0
2607 0
2608 1
2609 0
2610 0
2611 0
2612 0
2613 0
2614 0
2615 1
2616 1
2617 0
2618 0
2619 1
2620 0
2621 0
2622 1
2623 0
2624 1
2625 1
2626 0
2627 1
2628 1
2629 0
2630 0
2631 1
2632 0
2633 1
2634 0
2635 0
2636 0
2637 1
2638 0
2639 1
2640 0
2641 0
2642 0
2643 1
2644 1
2645 1
2646 0
2647 1
2648 0
2649 0
2650 0
2651 1
2652 0
2653 1
2654 0
2655 0
2656 0
2657 0
2658 0
2659 0
2660 0
2661 0
2662 1
2663 0
2664 0
2665 0
2666 0
2667 1
2668 0
2669 1
2670 0
2671 1
2672 0
2673 0
2674 1
2675 1
2676 0
2677 1
2678 1
2679 1
2680 0
2681 1
2682 0
2683 0
2684 0
2685 0
2686 1
2687 1
2688 0
2689 0
2690 0
2691 1
2692 0
2693 0
2694 0
2695 0
2696 0
2697 0
2698 0
2699 0
2700 0
2701 0
2702 1
2703 0
2704 1
2705 0
2706 0
2707 0
2708 0
2709 0
2710 0
2711 0
2712 0
2713 0
2714 0
2715 0
2716 0
2717 0
2718 0
2719 0
2720 0
2721 0
2722 0
2723 0
2724 0
2725 0
2726 0
2727 0
2728 0
2729 0
2730 0
2731 0
2732 0
2733 0
2734 0
2735 0
2736 0
2737 0
2738 1
2739 1
2740 1
2741 1
2742 0
2743 1
2744 1
2745 1
2746 1
2747 0
2748 0
2749 0
2750 0
2751 2
2752 1
2753 0
2754 1
2755 0
2756 2
2757 0
2758 1
2759 1
2760 0
2761 0
2762 0
2763 0
2764 0
2765 0
2766 0
2767 0
2768 0
2769 0
2770 0
2771 0
2772 0
2773 1
2774 2
2775 0
2776 0
2777 0
2778 1
2779 0
2780 0
2781 0
2782 0
2783 0
2784 0
2785 0
2786 1
2787 0
2788 0
2789 1
2790 1
2791 0
2792 0
2793 0
2794 1
2795 0
2796 0
2797 0
2798 1
2799 0
2800 0
2801 0
2802 0
2803 0
2804 0
2805 0
2806 0
2807 0
2808 0
2809 2
2810 0
2811 0
2812 0
2813 0
2814 0
2815 1
2816 0
2817 1
2818 0
2819 0
2820 1
2821 0
2822 0
2823 0
2824 0
2825 0
2826 1
2827 0
2828 0
2829 0
2830 0
2831 0
2832 1
2833 0
2834 0
2835 0
2836 0
2837 0
2838 0
2839 0
2840 1
2841 0
2842 0
2843 0
2844 0
2845 0
2846 0
2847 1
2848 0
2849 0
2850 0
2851 0
2852 0
2853 0
2854 0
2855 0
2856 1
2857 1
2858 0
2859 0
2860 0
2861 0
2862 0
2863 0
2864 0
2865 0
2866 0
2867 1
2868 0
2869 0
2870 0
2871 0
2872 0
2873 0
2874 1
2875 0
2876 0
2877 2
2878 0
2879 0
2880 0
2881 0
2882 1
2883 0
2884 0
2885 0
2886 1
2887 0
2888 1
2889 1
2890 1
2891 0
2892 0
2893 0
2894 0
2895 0
2896 0
2897 0
2898 2
2899 1
2900 0
2901 0
2902 0
2903 2
2904 1
2905 1
2906 0
2907 1
2908 0
2909 0
2910 1
2911 0
2912 0
2913 0
2914 0
2915 0
2916 1
2917 0
2918 1
2919 0
2920 0
2921 0
2922 1
2923 0
2924 0
2925 0
2926 0
2927 0
2928 0
2929 0
2930 0
2931 1
2932 0
2933 0
2934 0
2935 0
2936 0
2937 0
2938 1
2939 0
2940 0
2941 0
2942 0
2943 0
2944 0
2945 0
2946 0
2947 2
2948 1
2949 0
2950 1
2951 0
2952 0
2953 0
2954 0
2955 0
2956 1
2957 0
2958 0
2959 0
2960 0
2961 1
2962 0
2963 0
2964 1
2965 1
2966 0
2967 0
2968 0
2969 1
2970 0
2971 1
2972 0
2973 0
2974 0
2975 1
2976 1
2977 1
2978 0
2979 0
2980 0
2981 0
2982 1
2983 0
2984 0
2985 0
2986 0
2987 0
2988 0
2989 0
2990 1
2991 0
2992 0
2993 0
2994 0
2995 0
2996 0
2997 1
2998 0
2999 1
3000 1
3001 1
3002 0
3003 0
3004 0
3005 1
3006 0
3007 1
3008 0
3009 0
3010 0
3011 0
3012 1
3013 0
3014 1
3015 0
3016 0
3017 0
3018 1
3019 0
3020 0
3021 0
3022 0
3023 0
3024 1
3025 1
3026 0
3027 1
3028 0
3029 0
3030 1
3031 1
3032 0
3033 0
3034 0
3035 0
3036 0
3037 0
3038 0
3039 0
3040 0
3041 0
3042 1
3043 0
3044 0
3045 0
3046 1
3047 1
3048 1
3049 0
3050 0
3051 0
3052 0
3053 0
3054 1
3055 1
3056 0
3057 0
3058 0
3059 0
3060 1
3061 0
3062 0
3063 0
3064 0
3065 0
3066 0
3067 0
3068 0
3069 0
3070 0
3071 0
3072 2
3073 0
3074 0
3075 0
3076 0
3077 1
3078 0
3079 0
3080 0
3081 1
3082 1
3083 0
3084 1
3085 1
3086 0
3087 0
3088 0
3089 0
3090 0
3091 1
3092 0
3093 0
3094 0
3095 0
3096 1
3097 1
3098 0
3099 0
3100 1
3101 0
3102 0
3103 1
3104 1
3105 1
3106 0
3107 1
3108 0
3109 0
3110 0
3111 1
3112 1
3113 0
3114 0
3115 0
3116 1
3117 0
3118 0
3119 0
3120 0
3121 0
3122 0
3123 1
3124 0
3125 0
3126 0
3127 0
3128 1
3129 0
3130 0
3131 0
3132 0
3133 0
3134 0
3135 0
3136 1
3137 1
3138 0
3139 1
3140 0
3141 0
3142 0
3143 0
3144 0
3145 0
3146 0
3147 0
3148 0
3149 0
3150 0
3151 1
3152 0
3153 0
3154 0
3155 1
3156 1
3157 1
3158 0
3159 0
3160 1
3161 1
3162 1
3163 1
3164 0
3165 0
3166 1
3167 0
3168 0
3169 0
3170 0
3171 1
3172 1
3173 0
3174 0
3175 0
3176 0
3177 0
3178 0
3179 1
3180 0
3181 0
3182 1
3183 1
3184 0
3185 0
3186 0
3187 1
3188 0
3189 0
3190 0
3191 0
3192 0
3193 0
3194 0
3195 1
3196 0
3197 2
3198 0
3199 2
3200 1
3201 1
3202 0
3203 1
3204 0
3205 1
3206 0
3207 0
3208 0
3209 0
3210 0
3211 0
3212 1
3213 0
3214 0
3215 0
3216 0
3217 0
3218 0
3219 1
3220 0
3221 1
3222 2
3223 1
3224 1
3225 0
3226 0
3227 0
3228 0
3229 0
3230 0
3231 0
3232 1
3233 0
3234 0
3235 0
3236 1
3237 0
3238 0
3239 0
3240 0
3241 0
3242 0
3243 1
3244 0
3245 0
3246 1
3247 0
3248 0
3249 1
3250 0
3251 0
3252 1
3253 1
3254 0
3255 1
3256 0
3257 1
3258 1
3259 1
3260 0
3261 0
3262 0
3263 0
3264 0
3265 0
3266 1
3267 0
3268 0
3269 0
3270 1
3271 1
3272 0
3273 1
3274 0
3275 0
3276 0
3277 0
3278 1
3279 0
3280 1
3281 0
3282 1
3283 0
3284 0
3285 0
3286 0
3287 1
3288 0
3289 0
3290 0
3291 0
3292 0
3293 0
3294 0
3295 0
3296 0
3297 2
3298 0
3299 0
3300 0
3301 0
3302 0
3303 0
3304 0
3305 1
3306 0
3307 2
3308 0
3309 0
3310 1
3311 1
3312 0
3313 0
3314 1
3315 0
3316 0
3317 0
3318 0
3319 1
3320 1
3321 0
3322 0
3323 0
3324 1
3325 0
3326 0
3327 0
3328 0
3329 0
3330 0
3331 0
3332 1
3333 1
3334 0
3335 0
3336 0
3337 0
3338 0
3339 0
3340 0
3341 0
3342 0
3343 0
3344 2
3345 0
3346 0
3347 0
3348 1
3349 1
3350 1
3351 0
3352 0
3353 1
3354 0
3355 1
3356 1
3357 0
3358 1
3359 1
3360 1
3361 0
3362 1
3363 1
3364 0
3365 1
3366 0
3367 0
3368 0
3369 0
3370 0
3371 0
3372 0
3373 0
3374 1
3375 1
3376 2
3377 1
3378 0
3379 0
3380 0
3381 0
3382 2
3383 0
3384 0
3385 0
3386 1
3387 0
3388 0
3389 0
3390 0
3391 0
3392 1
3393 1
3394 0
3395 0
3396 1
3397 0
3398 0
3399 0
3400 0
3401 0
3402 0
3403 1
3404 0
3405 0
3406 1
3407 1
3408 0
3409 0
3410 0
3411 0
3412 1
3413 0
3414 0
3415 0
3416 0
3417 0
3418 0
3419 0
3420 0
3421 0
3422 0
3423 1
3424 0
3425 0
3426 0
3427 1
3428 1
3429 0
3430 0
3431 1
3432 0
3433 0
3434 0
3435 0
3436 0
3437 0
3438 0
3439 1
3440 0
3441 1
3442 1
3443 1
3444 1
3445 0
3446 0
3447 1
3448 0
3449 0
3450 1
3451 0
3452 0
3453 0
3454 0
3455 0
3456 1
3457 1
3458 1
3459 1
3460 0
3461 0
3462 0
3463 0
3464 1
3465 0
3466 0
3467 0
3468 0
3469 1
3470 1
3471 0
3472 0
3473 0
3474 0
3475 0
3476 0
3477 0
3478 0
3479 0
3480 0
3481 0
3482 1
3483 0
3484 0
3485 0
3486 1
3487 0
3488 1
3489 0
3490 1
3491 0
3492 0
3493 1
3494 0
3495 0
3496 2
3497 0
3498 0
3499 0
3500 1
3501 0
3502 0
3503 0
3504 0
3505 1
3506 0
3507 0
3508 0
3509 0
3510 0
3511 0
3512 0
3513 0
3514 0
3515 0
3516 1
3517 0
3518 0
3519 0
3520 0
3521 0
3522 1
3523 0
3524 1
3525 1
3526 0
3527 1
3528 0
3529 0
3530 0
3531 0
3532 0
3533 0
3534 0
3535 0
3536 0
3537 0
3538 0
3539 0
3540 1
3541 0
3542 1
3543 0
3544 0
3545 1
3546 1
3547 1
3548 0
3549 2
3550 0
3551 1
3552 0
3553 0
3554 0
3555 0
3556 0
3557 0
3558 0
3559 1
3560 0
3561 0
3562 0
3563 0
3564 1
3565 0
3566 0
3567 0
3568 0
3569 1
3570 0
3571 1
3572 0
3573 0
3574 0
3575 0
3576 0
3577 0
3578 1
3579 0
3580 1
3581 0
3582 1
3583 0
3584 0
3585 0
3586 0
3587 0
3588 0
3589 0
3590 1
3591 1
3592 0
3593 1
3594 1
3595 0
3596 0
3597 0
3598 1
3599 1
3600 1
3601 1
3602 0
3603 0
3604 0
3605 0
3606 0
3607 1
3608 0
3609 1
3610 0
3611 0
3612 0
3613 0
3614 0
3615 0
3616 1
3617 0
3618 1
3619 0
3620 0
3621 0
3622 0
3623 0
3624 1
3625 0
3626 0
3627 1
3628 0
3629 0
3630 0
3631 0
3632 0
3633 0
3634 1
3635 0
3636 0
3637 0
3638 1
3639 0
3640 0
3641 0
3642 0
3643 0
3644 1
3645 0
3646 0
3647 1
3648 0
3649 1
3650 0
3651 0
3652 0
3653 0
3654 0
3655 2
3656 0
3657 1
3658 0
3659 1
3660 0
3661 0
3662 0
3663 0
3664 0
3665 0
3666 0
3667 0
3668 0
3669 0
3670 1
3671 0
3672 0
3673 0
3674 0
3675 1
3676 0
3677 0
3678 0
3679 1
3680 1
3681 0
3682 0
3683 0
3684 0
3685 0
3686 0
3687 0
3688 0
3689 0
3690 0
3691 1
3692 0
3693 0
3694 0
3695 1
3696 0
3697 0
3698 0
3699 0
3700 0
3701 1
3702 0
3703 0
3704 0
3705 1
3706 0
3707 0
3708 0
3709 1
3710 1
3711 0
3712 0
3713 0
3714 0
3715 0
3716 0
3717 0
3718 0
3719 0
3720 1
3721 1
3722 0
3723 0
3724 0
3725 0
3726 1
3727 1
3728 1
3729 0
3730 0
3731 0
3732 0
3733 2
3734 1
3735 0
3736 1
3737 0
3738 0
3739 0
3740 0
3741 1
3742 1
3743 0
3744 0
3745 0
3746 1
3747 0
3748 0
3749 1
3750 0
3751 1
3752 0
3753 0
3754 0
3755 1
3756 0
3757 0
3758 0
3759 0
3760 0
3761 0
3762 1
3763 0
3764 0
3765 1
3766 0
3767 1
3768 0
3769 0
3770 0
3771 0
3772 1
3773 1
3774 0
3775 1
3776 0
3777 0
3778 0
3779 0
3780 0
3781 1
3782 0
3783 0
3784 0
3785 0
3786 0
3787 0
3788 0
3789 0
3790 0
3791 0
3792 0
3793 0
3794 0
3795 0
3796 1
3797 0
3798 1
3799 1
3800 0
3801 1
3802 1
3803 1
3804 1
3805 0
3806 0
3807 0
3808 0
3809 0
3810 0
3811 0
3812 0
3813 0
3814 1
3815 0
3816 0
3817 0
3818 0
3819 0
3820 0
3821 1
3822 0
3823 1
3824 0
3825 0
3826 0
3827 0
3828 0
3829 1
3830 0
3831 0
3832 0
3833 0
3834 1
3835 0
3836 0
3837 0
3838 0
3839 1
3840 0
3841 0
3842 1
3843 0
3844 0
3845 0
3846 0
3847 0
3848 0
3849 0
3850 0
3851 0
3852 0
3853 0
3854 1
3855 0
3856 1
3857 0
3858 1
3859 0
3860 0
3861 1
3862 0
3863 0
3864 1
3865 1
3866 1
3867 0
3868 0
3869 0
3870 0
3871 0
3872 0
3873 0
3874 0
3875 0
3876 0
3877 1
3878 0
3879 1
3880 0
3881 0
3882 0
3883 0
3884 2
3885 0
3886 0
3887 1
3888 0
3889 0
3890 0
3891 1
3892 1
3893 1
3894 0
3895 1
3896 2
3897 0
3898 1
3899 0
3900 1
3901 1
3902 0
3903 1
3904 0
3905 0
3906 1
3907 1
3908 1
3909 0
3910 0
3911 0
3912 0
3913 0
3914 1
3915 0
3916 0
3917 0
3918 0
3919 1
3920 0
3921 0
3922 0
3923 0
3924 1
3925 0
3926 0
3927 1
3928 0
3929 1
3930 2
3931 0
3932 0
3933 0
3934 1
3935 1
3936 0
3937 0
3938 0
3939 0
3940 0
3941 0
3942 0
3943 1
3944 0
3945 1
3946 0
3947 0
3948 0
3949 1
3950 0
3951 0
3952 0
3953 0
3954 1
3955 0
3956 0
3957 1
3958 1
3959 1
3960 0
3961 1
3962 1
3963 0
3964 0
3965 0
3966 0
3967 0
3968 0
3969 0
3970 0
3971 0
3972 0
3973 1
3974 0
3975 1
3976 1
3977 1
3978 0
3979 1
3980 0
3981 0
3982 2
3983 1
3984 1
3985 0
3986 1
3987 0
3988 1
3989 1
3990 0
3991 1
3992 0
3993 0
3994 0
3995 1
3996 0
3997 1
3998 0
3999 1
4000 1
4001 0
4002 0
4003 0
4004 0
4005 1
4006 0
4007 0
4008 0
4009 1
4010 0
4011 1
4012 1
4013 0
4014 0
4015 0
4016 0
4017 1
4018 0
4019 1
4020 0
4021 0
4022 0
4023 0
4024 1
4025 0
4026 0
4027 1
4028 1
4029 0
4030 0
4031 0
4032 0
4033 0
4034 0
4035 0
4036 0
4037 1
4038 0
4039 0
4040 1
4041 1
4042 1
4043 1
4044 1
4045 1
4046 1
4047 1
4048 1
4049 1
4050 0
4051 0
4052 0
4053 1
4054 0
4055 0
4056 0
4057 0
4058 0
4059 0
4060 1
4061 0
4062 1
4063 0
4064 0
4065 0
4066 1
4067 0
4068 0
4069 1
4070 0
4071 1
4072 0
4073 0
4074 1
4075 0
4076 0
4077 1
4078 0
4079 0
4080 0
4081 0
4082 0
4083 0
4084 1
4085 0
4086 0
4087 0
4088 1
4089 2
4090 0
4091 0
4092 0
4093 0
4094 1
4095 0
4096 0
4097 1
4098 0
4099 0
4100 0
4101 0
4102 0
4103 0
4104 0
4105 0
4106 1
4107 0
4108 0
4109 1
4110 0
4111 0
4112 0
4113 0
4114 1
4115 0
4116 0
4117 0
4118 2
4119 0
4120 2
4121 1
4122 0
4123 0
4124 0
4125 1
4126 0
4127 0
4128 0
4129 0
4130 2
4131 0
4132 0
4133 0
4134 0
4135 2
4136 0
4137 1
4138 1
4139 1
4140 0
4141 1
4142 0
4143 0
4144 1
4145 0
4146 0
4147 0
4148 0
4149 0
4150 0
4151 2
4152 0
4153 2
4154 0
4155 0
4156 1
4157 0
4158 1
4159 0
4160 0
4161 0
4162 1
4163 0
4164 0
4165 0
4166 1
4167 1
4168 0
4169 1
4170 1
4171 1
4172 1
4173 0
4174 0
4175 0
4176 0
4177 0
4178 0
4179 1
4180 0
4181 1
4182 0
4183 1
4184 0
4185 0
4186 0
4187 0
4188 0
4189 1
4190 0
4191 0
4192 0
4193 0
4194 1
4195 1
4196 0
4197 1
4198 0
4199 0
4200 0
4201 0
4202 0
4203 0
4204 1
4205 0
4206 0
4207 0
4208 2
4209 0
4210 0
4211 0
4212 0
4213 1
4214 1
4215 1
4216 0
4217 0
4218 2
4219 0
4220 0
4221 0
4222 0
4223 0
4224 0
4225 1
4226 0
4227 1
4228 0
4229 0
4230 1
4231 1
4232 1
4233 0
4234 1
4235 0
4236 1
4237 1
4238 0
4239 1
4240 2
4241 0
4242 0
4243 0
4244 0
4245 1
4246 1
4247 1
4248 0
4249 1
4250 0
4251 0
4252 1
4253 0
4254 1
4255 0
4256 0
4257 1
4258 0
4259 0
4260 0
4261 0
4262 1
4263 0
4264 0
4265 0
4266 1
4267 0
4268 2
4269 0
4270 1
4271 0
4272 0
4273 0
4274 0
4275 0
4276 0
4277 0
4278 1
4279 0
4280 0
4281 0
4282 0
4283 1
4284 1
4285 0
4286 0
4287 1
4288 0
4289 0
4290 0
4291 0
4292 0
4293 1
4294 0
4295 1
4296 2
4297 0
4298 0
4299 1
4300 0
4301 1
4302 0
4303 0
4304 1
4305 1
4306 1
4307 1
4308 0
4309 1
4310 0
4311 0
4312 0
4313 0
4314 1
4315 1
4316 0
4317 0
4318 0
4319 0
4320 1
4321 0
4322 1
4323 0
4324 1
4325 0
4326 1
4327 0
4328 0
4329 1
4330 0
4331 0
4332 1
4333 0
4334 0
4335 0
4336 0
4337 1
4338 0
4339 2
4340 0
4341 1
4342 0
4343 1
4344 0
4345 0
4346 0
4347 1
4348 2
4349 0
4350 0
4351 1
4352 0
4353 0
4354 1
4355 1
4356 1
4357 0
4358 1
4359 0
4360 1
4361 2
4362 0
4363 1
4364 1
4365 1
4366 1
4367 1
4368 0
4369 0
4370 0
4371 1
4372 1
4373 0
4374 0
4375 0
4376 1
4377 0
4378 2
4379 1
4380 0
4381 0
4382 2
4383 0
4384 0
4385 0
4386 0
4387 0
4388 0
4389 0
4390 1
4391 0
4392 0
4393 0
4394 1
4395 1
4396 1
4397 0
4398 1
4399 1
4400 1
4401 0
4402 1
4403 0
4404 0
4405 1
4406 2
4407 1
4408 0
4409 0
4410 0
4411 0
4412 2
4413 1
4414 0
4415 0
4416 1
4417 0
4418 0
4419 0
4420 0
4421 0
4422 0
4423 1
4424 0
4425 0
4426 0
4427 0
4428 2
4429 0
4430 0
4431 0
4432 0
4433 0
4434 0
4435 0
4436 0
4437 1
4438 0
4439 0
4440 0
4441 1
4442 0
4443 0
4444 0
4445 0
4446 1
4447 0
4448 0
4449 0
4450 0
4451 0
4452 0
4453 1
4454 0
4455 1
4456 0
4457 0
4458 1
4459 0
4460 0
4461 0
4462 1
4463 0
4464 0
4465 0
4466 1
4467 1
4468 1
4469 1
4470 0
4471 1
4472 1
4473 1
4474 1
4475 0
4476 1
4477 0
4478 1
4479 0
4480 0
4481 0
4482 1
4483 1
4484 0
4485 0
4486 0
4487 2
4488 0
4489 1
4490 2
4491 1
4492 1
4493 0
4494 1
4495 0
4496 0
4497 1
4498 1
4499 0
4500 0
4501 1
4502 1
4503 0
4504 0
4505 1
4506 0
4507 0
4508 0
4509 1
4510 0
4511 0
4512 0
4513 0
4514 0
4515 0
4516 1
4517 0
4518 2
4519 1
4520 0
4521 0
4522 0
4523 0
4524 0
4525 0
4526 0
4527 0
4528 1
4529 0
4530 1
4531 0
4532 0
4533 1
4534 1
4535 0
4536 1
4537 0
4538 0
4539 1
4540 0
4541 0
4542 0
4543 1
4544 1
4545 1
4546 0
4547 0
4548 1
4549 0
4550 0
4551 1
4552 0
4553 0
4554 1
4555 0
4556 0
4557 0
4558 1
4559 1
4560 1
4561 0
4562 0
4563 0
4564 1
4565 1
4566 1
4567 1
4568 1
4569 1
4570 1
4571 1
4572 0
4573 0
4574 0
4575 1
4576 1
4577 0
4578 0
4579 0
4580 0
4581 1
4582 0
4583 0
4584 0
4585 0
4586 0
4587 0
4588 0
4589 1
4590 1
4591 0
4592 0
4593 0
4594 0
4595 0
4596 0
4597 0
4598 0
4599 0
4600 0
4601 0
4602 0
4603 0
4604 0
4605 2
4606 0
4607 0
4608 1
4609 1
4610 0
4611 0
4612 0
4613 1
4614 0
4615 1
4616 0
4617 1
4618 0
4619 1
4620 0
4621 0
4622 0
4623 0
4624 0
4625 0
4626 0
4627 0
4628 0
4629 1
4630 1
4631 1
4632 0
4633 1
4634 1
4635 0
4636 0
4637 0
4638 0
4639 0
4640 0
4641 0
4642 0
4643 0
4644 0
4645 1
4646 1
4647 0
4648 0
4649 1
4650 1
4651 0
4652 0
4653 1
4654 0
4655 1
4656 0
4657 0
4658 0
4659 1
4660 1
4661 0
4662 1
4663 1
4664 1
4665 1
4666 0
4667 1
4668 1
4669 1
4670 0
4671 1
4672 1
4673 2
4674 0
4675 1
4676 0
4677 0
4678 0
4679 0
4680 0
4681 1
4682 0
4683 1
4684 1
4685 1
4686 0
4687 0
4688 0
4689 0
4690 0
4691 0
4692 1
4693 1
4694 0
4695 1
4696 0
4697 0
4698 1
4699 0
4700 1
4701 0
4702 0
4703 0
4704 0
4705 0
4706 0
4707 0
4708 0
4709 1
4710 1
4711 0
4712 0
4713 0
4714 0
4715 1
4716 0
4717 2
4718 0
4719 0
4720 1
4721 0
4722 0
4723 0
4724 1
4725 0
4726 0
4727 1
4728 0
4729 0
4730 0
4731 0
4732 0
4733 0
4734 0
4735 2
4736 1
4737 0
4738 1
4739 1
4740 0
4741 0
4742 1
4743 0
4744 1
4745 0
4746 0
4747 1
4748 0
4749 0
4750 1
4751 0
4752 0
4753 0
4754 1
4755 0
4756 0
4757 1
4758 1
4759 0
4760 0
4761 1
4762 0
4763 1
4764 1
4765 0
4766 0
4767 0
4768 0
4769 1
4770 2
4771 0
4772 0
4773 0
4774 1
4775 0
4776 1
4777 0
4778 0
4779 0
4780 1
4781 1
4782 0
4783 0
4784 2
4785 0
4786 1
4787 0
4788 0
4789 1
4790 1
4791 1
4792 1
4793 0
4794 0
4795 0
4796 1
4797 1
4798 1
4799 0
4800 1
4801 1
4802 0
4803 1
4804 1
4805 0
4806 1
4807 2
4808 0
4809 0
4810 0
4811 0
4812 1
4813 1
4814 0
4815 0
4816 1
4817 1
4818 0
4819 1
4820 0
4821 1
4822 0
4823 0
4824 0
4825 0
4826 0
4827 0
4828 0
4829 2
4830 1
4831 1
4832 1
4833 0
4834 0
4835 0
4836 0
4837 0
4838 1
4839 0
4840 0
4841 0
4842 0
4843 1
4844 1
4845 1
4846 0
4847 0
4848 1
4849 0
4850 1
4851 0
4852 0
4853 1
4854 2
4855 0
4856 0
4857 0
4858 0
4859 0
4860 0
4861 0
4862 0
4863 0
4864 1
4865 0
4866 1
4867 0
4868 0
4869 0
4870 0
4871 1
4872 1
4873 0
4874 0
4875 0
4876 1
4877 1
4878 0
4879 0
4880 1
4881 0
4882 1
4883 0
4884 1
4885 1
4886 0
4887 1
4888 1
4889 0
4890 1
4891 1
4892 0
4893 0
4894 1
4895 0
4896 0
4897 0
4898 1
4899 1
4900 0
4901 0
4902 0
4903 0
4904 1
4905 0
4906 0
4907 0
4908 1
4909 1
4910 0
4911 0
4912 1
4913 0
4914 1
4915 0
4916 0
4917 1
4918 1
4919 1
4920 1
4921 0
4922 1
4923 0
4924 0
4925 1
4926 1
4927 0
4928 1
4929 1
4930 0
4931 0
4932 0
4933 1
4934 0
4935 0
4936 0
4937 0
4938 0
4939 0
4940 1
4941 2
4942 0
4943 1
4944 0
4945 0
4946 0
4947 0
4948 0
4949 0
4950 2
4951 1
4952 0
4953 0
4954 0
4955 0
4956 0
4957 0
4958 0
4959 0
4960 1
4961 1
4962 0
4963 0
4964 0
4965 0
4966 0
4967 1
4968 1
4969 0
4970 0
4971 1
4972 2
4973 0
4974 1
4975 1
4976 0
4977 0
4978 0
4979 1
4980 0
4981 1
4982 0
4983 0
4984 0
4985 1
4986 0
4987 0
4988 0
4989 1
4990 0
4991 1
4992 0
4993 1
4994 0
4995 1
4996 0
4997 0
4998 0
4999 0
5000 2
5001 1
5002 0
5003 0
5004 0
5005 1
5006 1
5007 1
5008 0
5009 0
5010 2
5011 1
5012 0
5013 0
5014 0
5015 1
5016 1
5017 2
5018 0
5019 0
5020 2
5021 1
5022 0
5023 0
5024 0
5025 0
5026 0
5027 1
5028 0
5029 0
5030 0
5031 0
5032 0
5033 1
5034 1
5035 0
5036 0
5037 0
5038 1
5039 0
5040 0
5041 1
5042 0
5043 0
5044 1
5045 1
5046 0
5047 1
5048 0
5049 1
5050 0
5051 1
5052 0
5053 0
5054 0
5055 1
5056 0
5057 2
5058 0
5059 0
5060 0
5061 1
5062 0
5063 0
5064 1
5065 1
5066 1
5067 1
5068 0
5069 1
5070 2
5071 0
5072 0
5073 1
5074 1
5075 0
5076 0
5077 0
5078 1
5079 0
5080 0
5081 0
5082 0
5083 0
5084 0
5085 0
5086 0
5087 0
5088 0
5089 0
5090 0
5091 2
5092 0
5093 0
5094 1
5095 0
5096 0
5097 0
5098 2
5099 0
5100 0
5101 0
5102 0
5103 1
5104 0
5105 0
5106 2
5107 0
5108 1
5109 1
5110 1
5111 0
5112 1
5113 0
5114 1
5115 0
5116 1
5117 0
5118 1
5119 0
5120 1
5121 1
5122 1
5123 0
5124 0
5125 0
5126 0
5127 0
5128 1
5129 0
5130 0
5131 1
5132 0
5133 0
5134 2
5135 0
5136 0
5137 1
5138 0
5139 0
5140 0
5141 2
5142 0
5143 1
5144 0
5145 1
5146 0
5147 0
5148 0
5149 0
5150 0
5151 0
5152 1
5153 0
5154 1
5155 0
5156 1
5157 1
5158 0
5159 0
5160 0
5161 1
5162 1
5163 1
5164 1
5165 1
5166 0
5167 0
5168 1
5169 0
5170 0
5171 0
5172 0
5173 1
5174 0
5175 0
5176 0
5177 0
5178 0
5179 1
5180 0
5181 0
5182 0
5183 0
5184 2
5185 0
5186 1
5187 0
5188 0
5189 1
5190 0
5191 1
5192 2
5193 1
5194 0
5195 1
5196 0
5197 0
5198 1
5199 1
5200 1
5201 0
5202 0
5203 1
5204 2
5205 0
5206 0
5207 1
5208 1
5209 0
5210 0
5211 0
5212 0
5213 1
5214 0
5215 0
5216 0
5217 0
5218 1
5219 0
5220 0
5221 0
5222 1
5223 1
5224 0
5225 0
5226 0
5227 1
5228 0
5229 2
5230 0
5231 1
5232 1
5233 0
5234 0
5235 0
5236 1
5237 1
5238 2
5239 0
5240 0
5241 2
5242 0
5243 0
5244 1
5245 1
5246 0
5247 0
5248 1
5249 1
5250 1
5251 1
5252 1
5253 0
5254 0
5255 0
5256 1
5257 1
5258 0
5259 0
5260 0
5261 0
5262 1
5263 0
5264 1
5265 0
5266 0
5267 1
5268 1
5269 0
5270 0
5271 1
5272 0
5273 1
5274 0
5275 0
5276 0
5277 0
5278 0
5279 1
5280 0
5281 1
5282 1
5283 1
5284 0
5285 0
5286 0
5287 1
5288 0
5289 0
5290 1
5291 0
5292 1
5293 1
5294 0
5295 1
5296 0
5297 1
5298 0
5299 2
5300 0
5301 1
5302 0
5303 0
5304 0
5305 0
5306 0
5307 0
5308 1
5309 0
5310 0
5311 0
5312 1
5313 2
5314 1
5315 0
5316 0
5317 0
5318 0
5319 1
5320 0
5321 0
5322 0
5323 1
5324 0
5325 1
5326 0
5327 0
5328 0
5329 0
5330 0
5331 0
5332 0
5333 0
5334 0
5335 0
5336 1
5337 0
5338 1
5339 1
5340 0
5341 0
5342 1
5343 0
5344 0
5345 0
5346 0
5347 0
5348 0
5349 0
5350 0
5351 0
5352 1
5353 1
5354 0
5355 0
5356 0
5357 0
5358 0
5359 0
5360 0
5361 0
5362 0
5363 1
5364 1
5365 0
5366 1
5367 2
5368 0
5369 0
5370 0
5371 0
5372 0
5373 0
5374 1
5375 0
5376 2
5377 1
5378 0
5379 1
5380 0
5381 1
5382 1
5383 0
5384 0
5385 0
5386 0
5387 0
5388 1
5389 1
5390 0
5391 0
5392 0
5393 1
5394 0
5395 0
5396 0
5397 0
5398 0
5399 0
5400 0
5401 0
5402 0
5403 0
5404 1
5405 0
5406 0
5407 0
5408 0
5409 0
5410 1
5411 1
5412 0
5413 0
5414 0
5415 0
5416 0
5417 0
5418 0
5419 0
5420 1
5421 0
5422 1
5423 1
5424 1
5425 0
5426 1
5427 1
5428 0
5429 0
5430 1
5431 1
5432 0
5433 1
5434 0
5435 0
5436 1
5437 1
5438 0
5439 0
5440 1
5441 1
5442 1
5443 0
5444 0
5445 1
5446 0
5447 1
5448 0
5449 2
5450 2
5451 1
5452 0
5453 0
5454 0
5455 0
5456 0
5457 0
5458 1
5459 1
5460 1
5461 0
5462 0
5463 1
5464 0
5465 0
5466 2
5467 1
5468 0
5469 1
5470 0
5471 0
5472 0
5473 1
5474 0
5475 0
5476 0
5477 0
5478 0
5479 0
5480 1
5481 0
5482 0
5483 0
5484 1
5485 1
5486 0
5487 0
5488 0
5489 1
5490 0
5491 0
5492 0
5493 0
5494 0
5495 1
5496 1
5497 0
5498 2
5499 0
5500 1
5501 0
5502 0
5503 1
5504 0
5505 0
5506 0
5507 1
5508 0
5509 0
5510 0
5511 0
5512 0
5513 0
5514 1
5515 0
5516 0
5517 0
5518 0
5519 0
5520 1
5521 0
5522 0
5523 1
5524 0
5525 0
5526 0
5527 2
5528 0
5529 0
5530 0
5531 0
5532 0
5533 0
5534 0
5535 1
5536 0
5537 1
5538 0
5539 0
5540 0
5541 0
5542 0
5543 2
5544 1
5545 1
5546 0
5547 2
5548 2
5549 0
5550 0
5551 0
5552 0
5553 1
5554 0
5555 0
5556 2
5557 1
5558 0
5559 0
5560 1
5561 1
5562 0
5563 1
5564 0
5565 2
5566 1
5567 0
5568 0
5569 1
5570 0
5571 0
5572 1
5573 0
5574 0
5575 0
5576 0
5577 0
5578 0
5579 1
5580 1
5581 0
5582 1
5583 0
5584 0
5585 0
5586 0
5587 0
5588 1
5589 0
5590 0
5591 2
5592 0
5593 0
5594 0
5595 0
5596 1
5597 0
5598 0
5599 1
5600 0
5601 0
5602 0
5603 0
5604 1
5605 0
5606 0
5607 0
5608 0
5609 0
5610 1
5611 0
5612 1
5613 0
5614 1
5615 0
5616 1
5617 1
5618 1
5619 2
5620 0
5621 0
5622 0
5623 0
5624 1
5625 0
5626 2
5627 0
5628 0
5629 1
5630 0
5631 1
5632 1
5633 1
5634 1
5635 0
5636 1
5637 0
5638 2
5639 0
5640 0
5641 0
5642 1
5643 0
5644 0
5645 0
5646 0
5647 0
5648 1
5649 0
5650 0
5651 1
5652 0
5653 1
5654 0
5655 0
5656 0
5657 0
5658 0
5659 0
5660 0
5661 0
5662 0
5663 2
5664 1
5665 1
5666 0
5667 0
5668 1
5669 2
5670 1
5671 1
5672 2
5673 1
5674 1
5675 0
5676 0
5677 0
5678 0
5679 1
5680 1
5681 0
5682 1
5683 0
5684 0
5685 0
5686 1
5687 0
5688 0
5689 1
5690 0
5691 0
5692 1
5693 0
5694 1
5695 0
5696 1
5697 0
5698 1
5699 0
5700 1
5701 0
5702 1
5703 1
5704 0
5705 1
5706 1
5707 0
5708 1
5709 1
5710 0
5711 1
5712 1
5713 0
5714 1
5715 0
5716 1
5717 1
5718 0
5719 1
5720 1
5721 1
5722 0
5723 1
5724 1
5725 1
5726 1
5727 0
5728 0
5729 0
5730 0
5731 0
5732 1
5733 0
5734 0
5735 1
5736 2
5737 0
5738 0
5739 0
5740 0
5741 1
5742 0
5743 0
5744 1
5745 1
5746 0
5747 1
5748 1
5749 1
5750 1
5751 2
5752 1
5753 0
5754 1
5755 0
5756 1
5757 0
5758 0
5759 0
5760 0
5761 0
5762 1
5763 0
5764 0
5765 0
5766 1
5767 0
5768 1
5769 0
5770 0
5771 0
5772 0
5773 0
5774 0
5775 0
5776 1
5777 0
5778 0
5779 0
5780 0
5781 0
5782 0
5783 0
5784 1
5785 1
5786 0
5787 1
5788 1
5789 1
5790 0
5791 0
5792 0
5793 0
5794 0
5795 0
5796 2
5797 1
5798 1
5799 0
5800 1
5801 1
5802 0
5803 0
5804 0
5805 1
5806 1
5807 0
5808 1
5809 0
5810 1
5811 1
5812 0
5813 0
5814 1
5815 1
5816 1
5817 0
5818 1
5819 0
5820 0
5821 0
5822 0
5823 1
5824 0
5825 1
5826 0
5827 0
5828 1
5829 1
5830 1
5831 0
5832 1
5833 1
5834 0
5835 0
5836 1
5837 0
5838 1
5839 0
5840 1
5841 0
5842 0
5843 1
5844 1
5845 1
5846 1
5847 1
5848 0
5849 1
5850 2
5851 1
5852 0
5853 1
5854 2
5855 0
5856 0
5857 1
5858 0
5859 1
5860 1
5861 0
5862 0
5863 0
5864 0
5865 0
5866 1
5867 0
5868 1
5869 0
5870 0
5871 1
5872 0
5873 1
5874 0
5875 0
5876 0
5877 0
5878 0
5879 0
5880 2
5881 1
5882 1
5883 1
5884 0
5885 1
5886 1
5887 0
5888 1
5889 0
5890 2
5891 0
5892 0
5893 0
5894 0
5895 0
5896 0
5897 0
5898 1
5899 0
5900 0
5901 2
5902 0
5903 1
5904 1
5905 0
5906 0
5907 1
5908 0
5909 2
5910 1
5911 0
5912 0
5913 0
5914 0
5915 1
5916 1
5917 2
5918 0
5919 1
5920 0
5921 0
5922 1
5923 0
5924 1
5925 0
5926 0
5927 1
5928 1
5929 0
5930 1
5931 0
5932 0
5933 1
5934 1
5935 0
5936 0
5937 1
5938 0
5939 1
5940 1
5941 0
5942 0
5943 0
5944 1
5945 0
5946 1
5947 0
5948 1
5949 0
5950 1
5951 1
5952 0
5953 1
5954 0
5955 0
5956 1
5957 0
5958 0
5959 1
5960 1
5961 0
5962 0
5963 1
5964 1
5965 0
5966 0
5967 1
5968 0
5969 1
5970 0
5971 0
5972 1
5973 0
5974 0
5975 0
5976 0
5977 1
5978 1
5979 1
5980 0
5981 0
5982 0
5983 1
5984 0
5985 1
5986 1
5987 0
5988 0
5989 2
5990 1
5991 0
5992 0
5993 1
5994 0
5995 0
5996 0
5997 1
5998 0
5999 1
6000 0
6001 0
6002 1
6003 0
6004 0
6005 1
6006 0
6007 1
6008 0
6009 0
6010 0
6011 0
6012 0
6013 1
6014 0
6015 0
6016 0
6017 0
6018 1
6019 0
6020 0
6021 0
6022 0
6023 0
6024 1
6025 0
6026 0
6027 1
6028 0
6029 0
6030 0
6031 0
6032 0
6033 0
6034 0
6035 0
6036 1
6037 0
6038 0
6039 1
6040 0
6041 1
6042 0
6043 0
6044 1
6045 1
6046 1
6047 0
6048 0
6049 2
6050 0
6051 0
6052 1
6053 0
6054 0
6055 0
6056 1
6057 0
6058 1
6059 2
6060 2
6061 1
6062 0
6063 1
6064 0
6065 0
6066 0
6067 0
6068 0
6069 0
6070 0
6071 0
6072 1
6073 0
6074 0
6075 1
6076 0
6077 0
6078 0
6079 0
6080 2
6081 0
6082 0
6083 1
6084 1
6085 0
6086 1
6087 0
6088 0
6089 0
6090 0
6091 1
6092 0
6093 0
6094 1
6095 0
6096 1
6097 0
6098 1
6099 0
6100 1
6101 0
6102 0
6103 0
6104 2
6105 0
6106 1
6107 0
6108 0
6109 0
6110 0
6111 1
6112 2
6113 0
6114 0
6115 1
6116 0
6117 1
6118 0
6119 0
6120 1
6121 1
6122 1
6123 1
6124 0
6125 1
6126 0
6127 0
6128 0
6129 0
6130 1
6131 0
6132 0
6133 1
6134 0
6135 0
6136 1
6137 1
6138 0
6139 1
6140 1
6141 0
6142 0
6143 0
6144 2
6145 0
6146 0
6147 0
6148 0
6149 0
6150 0
6151 1
6152 0
6153 1
6154 1
6155 0
6156 1
6157 1
6158 2
6159 0
6160 0
6161 0
6162 1
6163 0
6164 2
6165 1
6166 1
6167 0
6168 0
6169 1
6170 1
6171 0
6172 2
6173 0
6174 1
6175 0
6176 1
6177 0
6178 1
6179 1
6180 0
6181 0
6182 0
6183 0
6184 0
6185 0
6186 1
6187 0
6188 0
6189 0
6190 0
6191 1
6192 0
6193 2
6194 0
6195 0
6196 2
6197 0
6198 1
6199 0
6200 0
6201 0
6202 1
6203 0
6204 1
6205 1
6206 1
6207 0
6208 0
6209 1
6210 0
6211 2
6212 0
6213 0
6214 0
6215 1
6216 1
6217 0
6218 0
6219 2
6220 1
6221 1
6222 1
6223 0
6224 0
6225 0
6226 0
6227 2
6228 0
6229 1
6230 0
6231 1
6232 0
6233 0
6234 2
6235 1
6236 1
6237 1
6238 0
6239 0
6240 0
6241 1
6242 0
6243 0
6244 1
6245 0
6246 0
6247 1
6248 0
6249 0
6250 1
6251 1
6252 0
6253 1
6254 1
6255 1
6256 0
6257 1
6258 1
6259 1
6260 1
6261 0
6262 1
6263 0
6264 0
6265 1
6266 1
6267 0
6268 1
6269 0
6270 1
6271 0
6272 0
6273 0
6274 0
6275 0
6276 1
6277 2
6278 0
6279 1
6280 2
6281 0
6282 2
6283 1
6284 0
6285 0
6286 0
6287 0
6288 0
6289 0
6290 0
6291 1
6292 1
6293 2
6294 0
6295 0
6296 0
6297 1
6298 1
6299 0
6300 0
6301 0
6302 1
6303 2
6304 0
6305 0
6306 0
6307 0
6308 1
6309 0
6310 1
6311 0
6312 0
6313 0
6314 0
6315 1
6316 0
6317 1
6318 0
6319 1
6320 1
6321 0
6322 0
6323 0
6324 1
6325 1
6326 0
6327 0
6328 2
6329 0
6330 2
6331 0
6332 0
6333 1
6334 1
6335 0
6336 0
6337 2
6338 0
6339 1
6340 0
6341 0
6342 0
6343 1
6344 1
6345 0
6346 2
6347 1
6348 1
6349 1
6350 0
6351 0
6352 1
6353 0
6354 1
6355 1
6356 1
6357 0
6358 1
6359 0
6360 0
6361 2
6362 0
6363 0
6364 0
6365 2
6366 0
6367 0
6368 1
6369 1
6370 1
6371 1
6372 1
6373 0
6374 0
6375 0
6376 0
6377 0
6378 0
6379 0
6380 1
6381 1
6382 1
6383 1
6384 0
6385 1
6386 2
6387 0
6388 1
6389 0
6390 0
6391 0
6392 1
6393 0
6394 0
6395 2
6396 1
6397 1
6398 1
6399 1
6400 0
6401 2
6402 1
6403 0
6404 2
6405 1
6406 0
6407 0
6408 0
6409 0
6410 1
6411 0
6412 0
6413 0
6414 0
6415 1
6416 1
6417 0
6418 1
6419 1
6420 1
6421 2
6422 0
6423 1
6424 0
6425 0
6426 0
6427 0
6428 0
6429 1
6430 0
6431 0
6432 1
6433 0
6434 1
6435 0
6436 0
6437 1
6438 0
6439 0
6440 0
6441 0
6442 0
6443 1
6444 1
6445 0
6446 0
6447 1
6448 2
6449 2
6450 1
6451 0
6452 0
6453 0
6454 0
6455 0
6456 0
6457 1
6458 1
6459 0
6460 1
6461 1
6462 1
6463 0
6464 1
6465 2
6466 1
6467 0
6468 0
6469 0
6470 0
6471 0
6472 1
6473 1
6474 0
6475 2
6476 0
6477 0
6478 0
6479 0
6480 0
6481 1
6482 0
6483 0
6484 0
6485 1
6486 0
6487 0
6488 1
6489 0
6490 0
6491 0
6492 2
6493 1
6494 2
6495 3
6496 1
6497 1
6498 0
6499 0
6500 0
6501 1
6502 1
6503 2
6504 0
6505 2
6506 0
6507 0
6508 0
6509 1
6510 1
6511 0
6512 0
6513 1
6514 0
6515 1
6516 2
6517 0
6518 1
6519 1
6520 1
6521 0
6522 0
6523 0
6524 1
6525 0
6526 0
6527 0
6528 1
6529 0
6530 0
6531 0
6532 0
6533 1
6534 0
6535 1
6536 0
6537 1
6538 0
6539 0
6540 1
6541 0
6542 0
6543 1
6544 0
6545 1
6546 0
6547 1
6548 0
6549 0
6550 0
6551 1
6552 0
6553 1
6554 1
6555 0
6556 0
6557 1
6558 0
6559 0
6560 0
6561 1
6562 0
6563 0
6564 1
6565 1
6566 1
6567 0
6568 1
6569 1
6570 2
6571 0
6572 1
6573 0
6574 1
6575 2
6576 1
6577 1
6578 1
6579 1
6580 1
6581 1
6582 0
6583 2
6584 2
6585 1
6586 1
6587 0
6588 0
6589 1
6590 1
6591 0
6592 1
6593 0
6594 0
6595 2
6596 1
6597 0
6598 1
6599 1
6600 2
6601 0
6602 1
6603 0
6604 0
6605 1
6606 1
6607 0
6608 0
6609 1
6610 0
6611 0
6612 1
6613 2
6614 1
6615 1
6616 0
6617 0
6618 0
6619 1
6620 1
6621 1
6622 2
6623 1
6624 2
6625 0
6626 0
6627 1
6628 0
6629 1
6630 0
6631 1
6632 0
6633 1
6634 1
6635 0
6636 1
6637 1
6638 0
6639 0
6640 1
6641 2
6642 1
6643 0
6644 0
6645 0
6646 0
6647 0
6648 0
6649 0
6650 1
6651 0
6652 1
6653 0
6654 1
6655 1
6656 1
6657 0
6658 0
6659 0
6660 0
6661 2
6662 1
6663 2
6664 1
6665 0
6666 0
6667 0
6668 1
6669 1
6670 1
6671 1
6672 1
6673 1
6674 1
6675 0
6676 1
6677 1
6678 1
6679 0
6680 0
6681 1
6682 0
6683 1
6684 0
6685 0
6686 0
6687 1
6688 0
6689 0
6690 0
6691 0
6692 0
6693 1
6694 1
6695 2
6696 1
6697 1
6698 0
6699 1
6700 0
6701 1
6702 0
6703 0
6704 0
6705 1
6706 2
6707 1
6708 1
6709 0
6710 1
6711 1
6712 0
6713 0
6714 1
6715 2
6716 0
6717 0
6718 0
6719 1
6720 0
6721 0
6722 0
6723 3
6724 0
6725 0
6726 0
6727 0
6728 0
6729 0
6730 0
6731 1
6732 1
6733 1
6734 1
6735 0
6736 1
6737 1
6738 0
6739 1
6740 0
6741 1
6742 0
6743 0
6744 0
6745 1
6746 0
6747 1
6748 1
6749 0
6750 0
6751 0
6752 1
6753 1
6754 1
6755 0
6756 2
6757 0
6758 0
6759 0
6760 1
6761 0
6762 1
6763 0
6764 1
6765 1
6766 2
6767 0
6768 0
6769 0
6770 1
6771 1
6772 0
6773 0
6774 0
6775 1
6776 1
6777 1
6778 0
6779 1
6780 0
6781 1
6782 0
6783 1
6784 1
6785 1
6786 0
6787 1
6788 0
6789 0
6790 1
6791 0
6792 1
6793 1
6794 1
6795 0
6796 1
6797 0
6798 1
6799 0
6800 0
6801 0
6802 0
6803 1
6804 1
6805 1
6806 0
6807 1
6808 1
6809 1
6810 0
6811 1
6812 1
6813 0
6814 1
6815 0
6816 0
6817 0
6818 0
6819 1
6820 0
6821 1
6822 2
6823 0
6824 0
6825 0
6826 1
6827 0
6828 0
6829 1
6830 0
6831 1
6832 2
6833 0
6834 1
6835 0
6836 1
6837 1
6838 0
6839 1
6840 1
6841 2
6842 0
6843 2
6844 0
6845 0
6846 0
6847 1
6848 0
6849 1
6850 0
6851 0
6852 1
6853 0
6854 0
6855 1
6856 0
6857 0
6858 1
6859 1
6860 0
6861 0
6862 1
6863 1
6864 1
6865 0
6866 0
6867 0
6868 0
6869 0
6870 1
6871 0
6872 1
6873 1
6874 0
6875 0
6876 0
6877 0
6878 0
6879 0
6880 0
6881 0
6882 0
6883 2
6884 0
6885 1
6886 0
6887 0
6888 2
6889 0
6890 0
6891 2
6892 0
6893 2
6894 1
6895 0
6896 0
6897 2
6898 0
6899 1
6900 0
6901 1
6902 1
6903 0
6904 1
6905 1
6906 1
6907 1
6908 1
6909 1
6910 0
6911 1
6912 1
6913 0
6914 0
6915 1
6916 1
6917 0
6918 1
6919 0
6920 0
6921 0
6922 0
6923 0
6924 0
6925 1
6926 1
6927 1
6928 0
6929 2
6930 1
6931 1
6932 0
6933 0
6934 0
6935 0
6936 1
6937 1
6938 0
6939 1
6940 0
6941 2
6942 2
6943 1
6944 0
6945 0
6946 0
6947 0
6948 1
6949 1
6950 1
6951 0
6952 1
6953 0
6954 0
6955 1
6956 2
6957 1
6958 0
6959 0
6960 0
6961 1
6962 1
6963 0
6964 0
6965 0
6966 0
6967 1
6968 0
6969 1
6970 0
6971 1
6972 1
6973 1
6974 1
6975 0
6976 0
6977 0
6978 0
6979 0
6980 2
6981 1
6982 2
6983 0
6984 1
6985 0
6986 1
6987 0
6988 0
6989 1
6990 0
6991 0
6992 2
6993 0
6994 0
6995 2
6996 1
6997 1
6998 0
6999 0
7000 0
7001 1
7002 0
7003 0
7004 0
7005 0
7006 1
7007 1
7008 2
7009 0
7010 0
7011 0
7012 0
7013 1
7014 0
7015 1
7016 0
7017 1
7018 0
7019 1
7020 1
7021 1
7022 1
7023 0
7024 0
7025 0
7026 0
7027 0
7028 1
7029 1
7030 0
7031 2
7032 1
7033 0
7034 1
7035 1
7036 0
7037 0
7038 0
7039 0
7040 0
7041 0
7042 0
7043 1
7044 0
7045 1
7046 0
7047 0
7048 1
7049 0
7050 1
7051 1
7052 2
7053 1
7054 0
7055 1
7056 0
7057 0
7058 0
7059 0
7060 0
7061 0
7062 0
7063 2
7064 0
7065 0
7066 0
7067 0
7068 0
7069 2
7070 2
7071 0
7072 1
7073 1
7074 0
7075 0
7076 2
7077 1
7078 1
7079 0
7080 0
7081 1
7082 0
7083 0
7084 0
7085 1
7086 0
7087 0
7088 0
7089 2
7090 0
7091 2
7092 0
7093 1
7094 0
7095 0
7096 1
7097 0
7098 1
7099 0
7100 1
7101 0
7102 1
7103 0
7104 3
7105 0
7106 1
7107 0
7108 0
7109 1
7110 1
7111 1
7112 1
7113 2
7114 2
7115 0
7116 1
7117 1
7118 0
7119 1
7120 0
7121 1
7122 0
7123 0
7124 0
7125 0
7126 0
7127 0
7128 1
7129 0
7130 1
7131 1
7132 0
7133 0
7134 0
7135 1
7136 1
7137 1
7138 1
7139 0
7140 0
7141 0
7142 0
7143 0
7144 0
7145 1
7146 0
7147 0
7148 1
7149 1
7150 1
7151 0
7152 0
7153 0
7154 1
7155 0
7156 0
7157 1
7158 0
7159 1
7160 0
7161 0
7162 0
7163 3
7164 0
7165 2
7166 0
7167 2
7168 2
7169 1
7170 0
7171 2
7172 0
7173 1
7174 0
7175 2
7176 1
7177 0
7178 0
7179 0
7180 0
7181 1
7182 1
7183 0
7184 0
7185 1
7186 0
7187 0
7188 1
7189 0
7190 0
7191 0
7192 2
7193 0
7194 1
7195 0
7196 0
7197 1
7198 0
7199 0
7200 2
7201 0
7202 2
7203 2
7204 1
7205 1
7206 1
7207 1
7208 2
7209 0
7210 1
7211 1
7212 0
7213 1
7214 0
7215 1
7216 0
7217 0
7218 0
7219 1
7220 0
7221 0
7222 2
7223 1
7224 0
7225 0
7226 0
7227 1
7228 0
7229 0
7230 1
7231 0
7232 1
7233 0
7234 1
7235 0
7236 0
7237 0
7238 0
7239 2
7240 0
7241 1
7242 0
7243 1
7244 1
7245 2
7246 0
7247 0
7248 0
7249 0
7250 0
7251 1
7252 2
7253 1
7254 1
7255 0
7256 0
7257 2
7258 2
7259 0
7260 0
7261 1
7262 2
7263 0
7264 0
7265 2
7266 0
7267 0
7268 1
7269 0
7270 1
7271 1
7272 1
7273 0
7274 0
7275 0
7276 0
7277 1
7278 1
7279 1
7280 0
7281 0
7282 0
7283 0
7284 1
7285 1
7286 1
7287 0
7288 1
7289 1
7290 1
7291 0
7292 2
7293 0
7294 1
7295 1
7296 1
7297 1
7298 0
7299 1
7300 1
7301 0
7302 1
7303 1
7304 0
7305 1
7306 0
7307 1
7308 2
7309 0
7310 1
7311 0
7312 0
7313 0
7314 0
7315 0
7316 0
7317 0
7318 2
7319 0
7320 0
7321 1
7322 1
7323 0
7324 0
7325 1
7326 1
7327 0
7328 0
7329 2
7330 0
7331 2
7332 0
7333 1
7334 1
7335 0
7336 1
7337 1
7338 1
7339 0
7340 0
7341 0
7342 2
7343 0
7344 0
7345 2
7346 0
7347 1
7348 3
7349 1
7350 0
7351 0
7352 1
7353 0
7354 0
7355 1
7356 2
7357 1
7358 0
7359 0
7360 1
7361 0
7362 0
7363 2
7364 0
7365 0
7366 2
7367 1
7368 0
7369 0
7370 1
7371 1
7372 1
7373 0
7374 2
7375 0
7376 1
7377 0
7378 0
7379 0
7380 1
7381 1
7382 1
7383 1
7384 0
7385 1
7386 0
7387 1
7388 0
7389 0
7390 0
7391 0
7392 0
7393 0
7394 1
7395 1
7396 0
7397 0
7398 0
7399 0
7400 0
7401 0
7402 1
7403 1
7404 1
7405 1
7406 0
7407 0
7408 1
7409 1
7410 0
7411 0
7412 0
7413 0
7414 1
7415 0
7416 1
7417 0
7418 1
7419 1
7420 2
7421 0
7422 0
7423 0
7424 1
7425 1
7426 1
7427 0
7428 2
7429 0
7430 0
7431 1
7432 0
7433 1
7434 0
7435 1
7436 1
7437 1
7438 0
7439 1
7440 0
7441 0
7442 1
7443 2
7444 1
7445 1
7446 1
7447 0
7448 2
7449 1
7450 1
7451 2
7452 0
7453 2
7454 0
7455 1
7456 1
7457 0
7458 1
7459 2
7460 0
7461 0
7462 1
7463 0
7464 0
7465 0
7466 0
7467 0
7468 2
7469 0
7470 0
7471 1
7472 1
7473 0
7474 1
7475 1
7476 2
7477 0
7478 0
7479 1
7480 1
7481 1
7482 1
7483 0
7484 0
7485 0
7486 1
7487 0
7488 0
7489 1
7490 1
7491 0
7492 0
7493 1
7494 0
7495 1
7496 2
7497 0
7498 0
7499 1
7500 0
7501 1
7502 1
7503 1
7504 1
7505 1
7506 1
7507 0
7508 0
7509 1
7510 1
7511 0
7512 0
7513 0
7514 1
7515 0
7516 0
7517 1
7518 1
7519 1
7520 1
7521 2
7522 0
7523 1
7524 0
7525 0
7526 0
7527 1
7528 1
7529 1
7530 0
7531 1
7532 0
7533 0
7534 0
7535 1
7536 0
7537 1
7538 1
7539 1
7540 0
7541 1
7542 0
7543 1
7544 1
7545 2
7546 0
7547 1
7548 1
7549 1
7550 0
7551 1
7552 1
7553 0
7554 3
7555 1
7556 0
7557 1
7558 0
7559 0
7560 1
7561 0
7562 0
7563 0
7564 1
7565 0
7566 0
7567 0
7568 0
7569 0
7570 0
7571 1
7572 0
7573 1
7574 0
7575 1
7576 0
7577 0
7578 1
7579 2
7580 1
7581 0
7582 0
7583 1
7584 0
7585 0
7586 0
7587 1
7588 1
7589 1
7590 1
7591 1
7592 0
7593 1
7594 0
7595 0
7596 0
7597 1
7598 0
7599 0
7600 0
7601 0
7602 1
7603 0
7604 0
7605 0
7606 1
7607 0
7608 0
7609 0
7610 2
7611 1
7612 0
7613 1
7614 1
7615 0
7616 2
7617 0
7618 0
7619 1
7620 0
7621 2
7622 0
7623 0
7624 0
7625 1
7626 0
7627 0
7628 1
7629 1
7630 2
7631 1
7632 1
7633 2
7634 1
7635 1
7636 1
7637 1
7638 2
7639 2
7640 1
7641 0
7642 1
7643 1
7644 1
7645 0
7646 2
7647 1
7648 0
7649 0
7650 1
7651 0
7652 0
7653 1
7654 0
7655 0
7656 0
7657 0
7658 0
7659 0
7660 0
7661 1
7662 1
7663 0
7664 0
7665 1
7666 0
7667 0
7668 1
7669 0
7670 1
7671 0
7672 1
7673 0
7674 0
7675 0
7676 1
7677 0
7678 2
7679 1
7680 1
7681 0
7682 0
7683 0
7684 1
7685 2
7686 0
7687 0
7688 0
7689 2
7690 2
7691 3
7692 0
7693 1
7694 1
7695 0
7696 0
7697 0
7698 2
7699 1
7700 0
7701 1
7702 1
7703 1
7704 0
7705 0
7706 2
7707 1
7708 2
7709 0
7710 0
7711 0
7712 0
7713 1
7714 0
7715 0
7716 1
7717 0
7718 0
7719 0
7720 1
7721 0
7722 1
7723 0
7724 0
7725 1
7726 0
7727 1
7728 0
7729 2
7730 1
7731 1
7732 0
7733 0
7734 0
7735 1
7736 0
7737 0
7738 2
7739 0
7740 2
7741 1
7742 1
7743 1
7744 0
7745 1
7746 1
7747 0
7748 0
7749 0
7750 2
7751 1
7752 2
7753 0
7754 0
7755 0
7756 0
7757 1
7758 1
7759 0
7760 1
7761 0
7762 1
7763 0
7764 1
7765 2
7766 0
7767 0
7768 0
7769 1
7770 0
7771 2
7772 0
7773 0
7774 0
7775 0
7776 2
7777 0
7778 1
7779 0
7780 1
7781 1
7782 2
7783 0
7784 1
7785 1
7786 0
7787 0
7788 0
7789 0
7790 0
7791 1
7792 2
7793 1
7794 0
7795 0
7796 1
7797 0
7798 0
7799 0
7800 0
7801 1
7802 0
7803 0
7804 0
7805 1
7806 0
7807 0
7808 1
7809 1
7810 0
7811 0
7812 1
7813 0
7814 0
7815 2
7816 1
7817 2
7818 0
7819 0
7820 2
7821 1
7822 2
7823 0
7824 0
7825 0
7826 1
7827 0
7828 1
7829 0
7830 0
7831 1
7832 1
7833 0
7834 0
7835 1
7836 0
7837 2
7838 2
7839 0
7840 0
7841 0
7842 1
7843 0
7844 0
7845 1
7846 1
7847 0
7848 0
7849 0
7850 0
7851 1
7852 1
7853 1
7854 1
7855 0
7856 1
7857 1
7858 0
7859 1
7860 0
7861 1
7862 0
7863 1
7864 1
7865 0
7866 1
7867 0
7868 0
7869 0
7870 0
7871 0
7872 1
7873 0
7874 0
7875 0
7876 0
7877 0
7878 0
7879 2
7880 2
7881 0
7882 1
7883 0
7884 1
7885 1
7886 0
7887 0
7888 1
7889 0
7890 1
7891 0
7892 0
7893 0
7894 2
7895 0
7896 2
7897 0
7898 1
7899 0
7900 0
7901 0
7902 0
7903 0
7904 1
7905 0
7906 0
7907 0
7908 2
7909 1
7910 0
7911 0
7912 1
7913 0
7914 0
7915 1
7916 1
7917 1
7918 1
7919 0
7920 1
7921 2
7922 0
7923 0
7924 1
7925 0
7926 0
7927 1
7928 1
7929 0
7930 2
7931 0
7932 0
7933 0
7934 2
7935 1
7936 0
7937 0
7938 1
7939 1
7940 0
7941 1
7942 0
7943 0
7944 0
7945 2
7946 0
7947 1
7948 2
7949 0
7950 1
7951 0
7952 0
7953 0
7954 0
7955 0
7956 0
7957 0
7958 1
7959 1
7960 0
7961 0
7962 0
7963 2
7964 1
7965 1
7966 1
7967 0
7968 1
7969 1
7970 2
7971 2
7972 0
7973 0
7974 1
7975 1
7976 1
7977 0
7978 0
7979 0
7980 2
7981 1
7982 0
7983 1
7984 0
7985 0
7986 0
7987 1
7988 1
7989 0
7990 0
7991 0
7992 1
7993 0
7994 0
7995 0
7996 0
7997 0
7998 0
7999 0
8000 0
8001 1
8002 0
8003 0
8004 0
8005 1
8006 0
8007 0
8008 0
8009 0
8010 0
8011 1
8012 1
8013 0
8014 0
8015 0
8016 0
8017 0
8018 2
8019 0
8020 0
8021 0
8022 1
8023 0
8024 1
8025 1
8026 2
8027 0
8028 2
8029 1
8030 1
8031 0
8032 1
8033 1
8034 1
8035 0
8036 0
8037 1
8038 1
8039 1
8040 2
8041 0
8042 1
8043 0
8044 1
8045 0
8046 0
8047 1
8048 0
8049 0
8050 0
8051 1
8052 0
8053 0
8054 1
8055 0
8056 0
8057 0
8058 0
8059 2
8060 0
8061 0
8062 1
8063 1
8064 1
8065 2
8066 0
8067 1
8068 1
8069 0
8070 1
8071 1
8072 0
8073 0
8074 0
8075 2
8076 1
8077 0
8078 0
8079 2
8080 1
8081 0
8082 2
8083 0
8084 1
8085 0
8086 0
8087 0
8088 0
8089 2
8090 0
8091 0
8092 1
8093 1
8094 0
8095 1
8096 0
8097 0
8098 1
8099 1
8100 0
8101 1
8102 0
8103 0
8104 0
8105 0
8106 0
8107 0
8108 1
8109 0
8110 0
8111 0
8112 2
8113 0
8114 0
8115 0
8116 0
8117 0
8118 3
8119 1
8120 1
8121 0
8122 1
8123 1
8124 0
8125 0
8126 0
8127 0
8128 1
8129 1
8130 1
8131 0
8132 0
8133 1
8134 0
8135 1
8136 0
8137 1
8138 0
8139 0
8140 1
8141 0
8142 1
8143 0
8144 1
8145 2
8146 1
8147 1
8148 0
8149 0
8150 2
8151 0
8152 2
8153 0
8154 0
8155 0
8156 0
8157 1
8158 1
8159 0
8160 1
8161 0
8162 1
8163 0
8164 0
8165 0
8166 2
8167 0
8168 0
8169 0
8170 0
8171 0
8172 0
8173 2
8174 0
8175 0
8176 0
8177 0
8178 1
8179 0
8180 1
8181 0
8182 0
8183 0
8184 1
8185 0
8186 0
8187 2
8188 0
8189 2
8190 1
8191 1
8192 0
8193 2
8194 1
8195 0
8196 0
8197 1
8198 1
8199 0
8200 1
8201 1
8202 0
8203 0
8204 0
8205 1
8206 0
8207 0
8208 1
8209 1
8210 1
8211 1
8212 0
8213 1
8214 0
8215 1
8216 1
8217 1
8218 1
8219 0
8220 1
8221 0
8222 0
8223 0
8224 1
8225 0
8226 0
8227 2
8228 0
8229 0
8230 0
8231 1
8232 0
8233 1
8234 1
8235 2
8236 1
8237 0
8238 1
8239 1
8240 3
8241 0
8242 1
8243 1
8244 2
8245 0
8246 1
8247 0
8248 0
8249 2
8250 0
8251 0
8252 0
8253 0
8254 0
8255 0
8256 0
8257 1
8258 0
8259 0
8260 1
8261 2
8262 1
8263 1
8264 1
8265 1
8266 0
8267 1
8268 1
8269 0
8270 0
8271 0
8272 0
8273 1
8274 0
8275 1
8276 2
8277 0
8278 0
8279 1
8280 0
8281 1
8282 0
8283 1
8284 1
8285 0
8286 0
8287 1
8288 0
8289 0
8290 1
8291 1
8292 1
8293 0
8294 0
8295 0
8296 1
8297 0
8298 0
8299 0
8300 1
8301 0
8302 0
8303 1
8304 2
8305 1
8306 0
8307 1
8308 0
8309 1
8310 2
8311 2
8312 0
8313 2
8314 1
8315 0
8316 0
8317 0
8318 0
8319 0
8320 1
8321 0
8322 1
8323 0
8324 0
8325 0
8326 1
8327 0
8328 1
8329 0
8330 2
8331 1
8332 2
8333 0
8334 0
8335 1
8336 1
8337 0
8338 0
8339 2
8340 0
8341 0
8342 0
8343 1
8344 1
8345 1
8346 1
8347 0
8348 0
8349 1
8350 1
8351 1
8352 2
8353 1
8354 2
8355 1
8356 1
8357 0
8358 2
8359 1
8360 0
8361 1
8362 2
8363 1
8364 1
8365 0
8366 1
8367 1
8368 0
8369 2
8370 1
8371 0
8372 1
8373 1
8374 1
8375 2
8376 0
8377 1
8378 0
8379 1
8380 0
8381 1
8382 1
8383 1
8384 0
8385 1
8386 0
8387 1
8388 2
8389 0
8390 0
8391 1
8392 0
8393 0
8394 0
8395 1
8396 1
8397 1
8398 0
8399 0
8400 0
8401 2
8402 0
8403 2
8404 0
8405 0
8406 0
8407 0
8408 1
8409 0
8410 2
8411 1
8412 2
8413 1
8414 0
8415 1
8416 0
8417 0
8418 0
8419 0
8420 0
8421 0
8422 1
8423 1
8424 0
8425 0
8426 0
8427 1
8428 3
8429 1
8430 0
8431 0
8432 2
8433 0
8434 1
8435 1
8436 0
8437 0
8438 1
8439 1
8440 0
8441 2
8442 1
8443 1
8444 0
8445 0
8446 0
8447 2
8448 0
8449 1
8450 1
8451 0
8452 1
8453 2
8454 0
8455 0
8456 0
8457 2
8458 1
8459 0
8460 0
8461 1
8462 1
8463 0
8464 2
8465 0
8466 0
8467 1
8468 0
8469 0
8470 1
8471 1
8472 0
8473 0
8474 1
8475 1
8476 0
8477 0
8478 0
8479 1
8480 1
8481 0
8482 1
8483 0
8484 0
8485 0
8486 0
8487 1
8488 1
8489 0
8490 0
8491 0
8492 0
8493 0
8494 1
8495 1
8496 0
8497 0
8498 0
8499 1
8500 1
8501 1
8502 2
8503 1
8504 1
8505 1
8506 0
8507 0
8508 0
8509 1
8510 0
8511 0
8512 0
8513 0
8514 0
8515 0
8516 1
8517 1
8518 0
8519 2
8520 0
8521 0
8522 0
8523 2
8524 1
8525 1
8526 0
8527 0
8528 1
8529 0
8530 2
8531 1
8532 0
8533 0
8534 1
8535 1
8536 0
8537 2
8538 0
8539 0
8540 1
8541 1
8542 1
8543 1
8544 0
8545 0
8546 1
8547 0
8548 2
8549 1
8550 0
8551 1
8552 0
8553 0
8554 1
8555 0
8556 1
8557 1
8558 0
8559 2
8560 1
8561 0
8562 0
8563 1
8564 0
8565 0
8566 0
8567 0
8568 0
8569 1
8570 0
8571 1
8572 1
8573 1
8574 2
8575 0
8576 0
8577 0
8578 1
8579 0
8580 0
8581 0
8582 0
8583 0
8584 0
8585 0
8586 0
8587 1
8588 1
8589 1
8590 0
8591 0
8592 1
8593 1
8594 1
8595 0
8596 0
8597 0
8598 0
8599 0
8600 0
8601 0
8602 0
8603 0
8604 0
8605 0
8606 0
8607 2
8608 0
8609 0
8610 1
8611 0
8612 1
8613 1
8614 1
8615 0
8616 1
8617 1
8618 0
8619 1
8620 0
8621 0
8622 1
8623 0
8624 1
8625 0
8626 0
8627 2
8628 0
8629 0
8630 0
8631 0
8632 2
8633 0
8634 0
8635 0
8636 2
8637 1
8638 1
8639 2
8640 1
8641 2
8642 0
8643 1
8644 0
8645 1
8646 0
8647 1
8648 0
8649 0
8650 1
8651 0
8652 0
8653 0
8654 0
8655 1
8656 0
8657 2
8658 0
8659 0
8660 0
8661 1
8662 1
8663 0
8664 1
8665 1
8666 1
8667 0
8668 1
8669 0
8670 2
8671 1
8672 1
8673 0
8674 2
8675 0
8676 0
8677 1
8678 1
8679 2
8680 1
8681 0
8682 1
8683 2
8684 1
8685 2
8686 3
8687 1
8688 0
8689 1
8690 0
8691 0
8692 1
8693 2
8694 0
8695 0
8696 2
8697 2
8698 1
8699 0
8700 0
8701 0
8702 0
8703 1
8704 0
8705 2
8706 0
8707 0
8708 1
8709 0
8710 1
8711 1
8712 1
8713 0
8714 0
8715 0
8716 1
8717 0
8718 1
8719 2
8720 0
8721 1
8722 0
8723 0
8724 1
8725 0
8726 1
8727 0
8728 1
8729 0
8730 0
8731 0
8732 1
8733 0
8734 0
8735 1
8736 0
8737 0
8738 1
8739 1
8740 0
8741 0
8742 1
8743 2
8744 2
8745 0
8746 1
8747 0
8748 0
8749 1
8750 1
8751 1
8752 0
8753 1
8754 0
8755 1
8756 0
8757 1
8758 3
8759 0
8760 1
8761 0
8762 1
8763 1
8764 0
8765 0
8766 1
8767 1
8768 0
8769 0
8770 1
8771 2
8772 0
8773 1
8774 0
8775 1
8776 1
8777 1
8778 1
8779 0
8780 1
8781 1
8782 1
8783 0
8784 1
8785 0
8786 1
8787 1
8788 1
8789 1
8790 0
8791 1
8792 0
8793 0
8794 1
8795 1
8796 0
8797 0
8798 1
8799 1
8800 1
8801 0
8802 1
8803 0
8804 2
8805 1
8806 0
8807 0
8808 0
8809 1
8810 1
8811 1
8812 0
8813 2
8814 1
8815 0
8816 0
8817 1
8818 0
8819 1
8820 2
8821 1
8822 2
8823 1
8824 1
8825 0
8826 0
8827 2
8828 1
8829 1
8830 0
8831 0
8832 1
8833 0
8834 1
8835 0
8836 0
8837 0
8838 1
8839 1
8840 0
8841 0
8842 0
8843 0
8844 0
8845 1
8846 0
8847 0
8848 1
8849 2
8850 1
8851 0
8852 1
8853 0
8854 2
8855 0
8856 1
8857 0
8858 0
8859 2
8860 1
8861 0
8862 1
8863 0
8864 1
8865 1
8866 1
8867 0
8868 1
8869 0
8870 0
8871 1
8872 1
8873 0
8874 1
8875 0
8876 1
8877 1
8878 1
8879 1
8880 1
8881 1
8882 1
8883 0
8884 0
8885 1
8886 1
8887 1
8888 0
8889 2
8890 0
8891 1
8892 0
8893 0
8894 1
8895 2
8896 0
8897 1
8898 0
8899 0
8900 1
8901 0
8902 0
8903 1
8904 1
8905 2
8906 0
8907 1
8908 1
8909 2
8910 0
8911 0
8912 1
8913 1
8914 1
8915 1
8916 0
8917 0
8918 1
8919 2
8920 0
8921 2
8922 0
8923 1
8924 0
8925 0
8926 0
8927 0
8928 1
8929 0
8930 0
8931 0
8932 1
8933 0
8934 1
8935 0
8936 1
8937 0
8938 1
8939 1
8940 0
8941 2
8942 0
8943 1
8944 0
8945 1
8946 0
8947 0
8948 0
8949 0
8950 0
8951 0
8952 0
8953 2
8954 2
8955 0
8956 0
8957 0
8958 0
8959 0
8960 0
8961 0
8962 1
8963 1
8964 1
8965 0
8966 2
8967 0
8968 0
8969 2
8970 0
8971 0
8972 0
8973 0
8974 0
8975 1
8976 1
8977 1
8978 0
8979 0
8980 0
8981 0
8982 1
8983 1
8984 1
8985 1
8986 0
8987 0
8988 2
8989 0
8990 0
8991 0
8992 0
8993 1
8994 0
8995 0
8996 0
8997 1
8998 2
8999 1
9000 1
9001 2
9002 1
9003 0
9004 0
9005 1
9006 1
9007 0
9008 0
9009 1
9010 0
9011 2
9012 0
9013 1
9014 0
9015 0
9016 0
9017 0
9018 1
9019 0
9020 0
9021 0
9022 1
9023 1
9024 0
9025 0
9026 1
9027 0
9028 2
9029 0
9030 0
9031 0
9032 1
9033 0
9034 1
9035 2
9036 1
9037 0
9038 1
9039 1
9040 1
9041 0
9042 1
9043 0
9044 0
9045 0
9046 0
9047 2
9048 0
9049 2
9050 0
9051 0
9052 1
9053 0
9054 1
9055 2
9056 0
9057 1
9058 0
9059 1
9060 0
9061 1
9062 0
9063 1
9064 1
9065 0
9066 0
9067 0
9068 1
9069 2
9070 1
9071 1
9072 0
9073 0
9074 1
9075 2
9076 2
9077 1
9078 0
9079 1
9080 1
9081 0
9082 1
9083 2
9084 1
9085 0
9086 0
9087 1
9088 0
9089 1
9090 1
9091 1
9092 2
9093 1
9094 0
9095 2
9096 0
9097 0
9098 2
9099 1
9100 1
9101 1
9102 0
9103 1
9104 1
9105 0
9106 0
9107 1
9108 1
9109 0
9110 0
9111 1
9112 0
9113 1
9114 1
9115 0
9116 0
9117 0
9118 0
9119 0
9120 1
9121 1
9122 2
9123 1
9124 1
9125 0
9126 0
9127 1
9128 0
9129 1
9130 1
9131 0
9132 1
9133 0
9134 1
9135 1
9136 1
9137 1
9138 1
9139 0
9140 1
9141 1
9142 1
9143 2
9144 0
9145 0
9146 0
9147 0
9148 1
9149 1
9150 1
9151 1
9152 3
9153 0
9154 0
9155 1
9156 2
9157 2
9158 2
9159 0
9160 1
9161 0
9162 0
9163 0
9164 0
9165 2
9166 0
9167 0
9168 3
9169 1
9170 0
9171 0
9172 2
9173 2
9174 0
9175 1
9176 0
9177 0
9178 0
9179 0
9180 1
9181 0
9182 1
9183 2
9184 0
9185 0
9186 2
9187 2
9188 1
9189 0
9190 2
9191 1
9192 2
9193 2
9194 0
9195 1
9196 0
9197 2
9198 0
9199 0
9200 0
9201 1
9202 1
9203 1
9204 1
9205 1
9206 1
9207 1
9208 1
9209 0
9210 0
9211 1
9212 0
9213 1
9214 1
9215 0
9216 1
9217 1
9218 0
9219 0
9220 2
9221 1
9222 1
9223 0
9224 1
9225 0
9226 0
9227 2
9228 2
9229 0
9230 1
9231 1
9232 0
9233 1
9234 2
9235 0
9236 0
9237 1
9238 1
9239 2
9240 1
9241 0
9242 1
9243 0
9244 2
9245 0
9246 0
9247 1
9248 1
9249 1
9250 1
9251 2
9252 0
9253 2
9254 1
9255 1
9256 0
9257 1
9258 1
9259 2
9260 0
9261 0
9262 1
9263 2
9264 1
9265 1
9266 1
9267 0
9268 1
9269 2
9270 0
9271 1
9272 0
9273 0
9274 0
9275 0
9276 1
9277 1
9278 2
9279 0
9280 1
9281 0
9282 1
9283 1
9284 0
9285 1
9286 2
9287 2
9288 1
9289 0
9290 1
9291 0
9292 0
9293 1
9294 0
9295 2
9296 1
9297 1
9298 2
9299 0
9300 1
9301 1
9302 0
9303 1
9304 0
9305 0
9306 1
9307 1
9308 1
9309 1
9310 0
9311 1
9312 0
9313 1
9314 1
9315 0
9316 2
9317 0
9318 2
9319 2
9320 0
9321 1
9322 1
9323 1
9324 1
9325 1
9326 1
9327 0
9328 1
9329 1
9330 1
9331 0
9332 0
9333 1
9334 1
9335 0
9336 2
9337 1
9338 2
9339 0
9340 2
9341 0
9342 1
9343 1
9344 0
9345 2
9346 1
9347 0
9348 1
9349 0
9350 2
9351 1
9352 1
9353 1
9354 3
9355 0
9356 1
9357 1
9358 0
9359 0
9360 1
9361 1
9362 0
9363 1
9364 0
9365 1
9366 0
9367 0
9368 1
9369 1
9370 0
9371 1
9372 1
9373 1
9374 2
9375 1
9376 2
9377 0
9378 0
9379 1
9380 0
9381 1
9382 0
9383 0
9384 1
9385 0
9386 0
9387 0
9388 1
9389 0
9390 1
9391 0
9392 0
9393 0
9394 1
9395 1
9396 0
9397 1
9398 0
9399 0
9400 0
9401 2
9402 1
9403 1
9404 0
9405 0
9406 0
9407 0
9408 0
9409 2
9410 1
9411 0
9412 1
9413 0
9414 0
9415 0
9416 0
9417 1
9418 1
9419 1
9420 2
9421 1
9422 0
9423 2
9424 1
9425 1
9426 0
9427 0
9428 0
9429 0
9430 2
9431 0
9432 1
9433 1
9434 0
9435 1
9436 2
9437 1
9438 0
9439 1
9440 0
9441 1
9442 1
9443 0
9444 0
9445 1
9446 3
9447 1
9448 0
9449 0
9450 0
9451 0
9452 0
9453 0
9454 0
9455 1
9456 0
9457 1
9458 0
9459 2
9460 0
9461 0
9462 1
9463 0
9464 0
9465 2
9466 0
9467 0
9468 0
9469 1
9470 0
9471 0
9472 0
9473 0
9474 0
9475 1
9476 1
9477 1
9478 0
9479 0
9480 0
9481 1
9482 0
9483 0
9484 0
9485 2
9486 2
9487 1
9488 0
9489 0
9490 1
9491 1
9492 2
9493 0
9494 0
9495 1
9496 1
9497 1
9498 0
9499 0
9500 0
9501 1
9502 0
9503 1
9504 1
9505 0
9506 0
9507 2
9508 1
9509 0
9510 0
9511 1
9512 2
9513 1
9514 2
9515 2
9516 1
9517 0
9518 0
9519 1
9520 1
9521 1
9522 0
9523 2
9524 2
9525 0
9526 0
9527 0
9528 0
9529 0
9530 1
9531 0
9532 0
9533 0
9534 2
9535 0
9536 1
9537 1
9538 0
9539 2
9540 1
9541 1
9542 1
9543 2
9544 0
9545 0
9546 0
9547 1
9548 2
9549 1
9550 1
9551 1
9552 0
9553 1
9554 2
9555 0
9556 0
9557 2
9558 0
9559 0
9560 0
9561 0
9562 1
9563 0
9564 1
9565 0
9566 0
9567 0
9568 1
9569 1
9570 1
9571 2
9572 0
9573 0
9574 1
9575 1
9576 0
9577 0
9578 1
9579 0
9580 0
9581 1
9582 1
9583 1
9584 0
9585 0
9586 1
9587 2
9588 0
9589 0
9590 0
9591 0
9592 0
9593 1
9594 1
9595 1
9596 1
9597 1
9598 0
9599 1
9600 0
9601 2
9602 0
9603 1
9604 0
9605 0
9606 0
9607 0
9608 2
9609 1
9610 0
9611 1
9612 0
9613 0
9614 1
9615 0
9616 1
9617 3
9618 0
9619 0
9620 0
9621 1
9622 0
9623 1
9624 2
9625 0
9626 1
9627 1
9628 1
9629 0
9630 1
9631 0
9632 1
9633 0
9634 0
9635 0
9636 2
9637 1
9638 0
9639 0
9640 0
9641 2
9642 0
9643 0
9644 1
9645 0
9646 0
9647 0
9648 1
9649 2
9650 2
9651 2
9652 2
9653 1
9654 0
9655 1
9656 1
9657 2
9658 1
9659 0
9660 0
9661 0
9662 1
9663 2
9664 0
9665 0
9666 1
9667 1
9668 0
9669 1
9670 0
9671 0
9672 0
9673 1
9674 0
9675 0
9676 1
9677 0
9678 1
9679 0
9680 0
9681 0
9682 0
9683 1
9684 0
9685 1
9686 0
9687 2
9688 1
9689 0
9690 2
9691 0
9692 1
9693 0
9694 2
9695 0
9696 0
9697 2
9698 2
9699 1
9700 1
9701 0
9702 1
9703 0
9704 0
9705 1
9706 0
9707 1
9708 0
9709 2
9710 2
9711 0
9712 0
9713 2
9714 0
9715 0
9716 2
9717 0
9718 0
9719 0
9720 0
9721 2
9722 1
9723 0
9724 1
9725 1
9726 1
9727 1
9728 1
9729 0
9730 0
9731 0
9732 0
9733 0
9734 1
9735 1
9736 1
9737 1
9738 0
9739 1
9740 2
9741 3
9742 0
9743 1
9744 0
9745 1
9746 2
9747 0
9748 2
9749 2
9750 0
9751 1
9752 1
9753 0
9754 0
9755 0
9756 1
9757 0
9758 0
9759 2
9760 0
9761 1
9762 1
9763 1
9764 2
9765 1
9766 1
9767 1
9768 0
9769 0
9770 0
9771 2
9772 1
9773 1
9774 1
9775 0
9776 0
9777 1
9778 2
9779 2
9780 0
9781 2
9782 1
9783 1
9784 0
9785 1
9786 1
9787 0
9788 1
9789 0
9790 1
9791 1
9792 1
9793 0
9794 1
9795 1
9796 2
9797 0
9798 0
9799 0
9800 1
9801 1
9802 0
9803 0
9804 0
9805 1
9806 2
9807 0
9808 1
9809 0
9810 0
9811 1
9812 0
9813 0
9814 2
9815 1
9816 0
9817 0
9818 0
9819 0
9820 1
9821 1
9822 1
9823 0
9824 1
9825 2
9826 0
9827 2
9828 1
9829 0
9830 0
9831 0
9832 1
9833 1
9834 1
9835 1
9836 1
9837 0
9838 0
9839 0
9840 1
9841 0
9842 2
9843 2
9844 0
9845 0
9846 0
9847 0
9848 0
9849 1
9850 1
9851 2
9852 1
9853 0
9854 1
9855 3
9856 1
9857 2
9858 0
9859 0
9860 0
9861 1
9862 0
9863 0
9864 0
9865 2
9866 1
9867 1
9868 1
9869 0
9870 1
9871 0
9872 1
9873 0
9874 2
9875 1
9876 1
9877 1
9878 1
9879 0
9880 1
9881 2
9882 1
9883 1
9884 2
9885 1
9886 0
9887 0
9888 1
9889 0
9890 1
9891 0
9892 1
9893 2
9894 1
9895 1
9896 0
9897 2
9898 0
9899 2
9900 1
9901 1
9902 2
9903 0
9904 2
9905 0
9906 2
9907 0
9908 1
9909 0
9910 0
9911 1
9912 1
9913 1
9914 0
9915 1
9916 2
9917 0
9918 0
9919 2
9920 1
9921 1
9922 0
9923 2
9924 1
9925 0
9926 1
9927 0
9928 0
9929 0
9930 1
9931 2
9932 0
9933 2
9934 1
9935 1
9936 2
9937 1
9938 1
9939 1
9940 2
9941 0
9942 1
9943 1
9944 0
9945 0
9946 1
9947 2
9948 0
9949 1
9950 2
9951 2
9952 0
9953 0
9954 0
9955 0
9956 0
9957 1
9958 1
9959 0
9960 1
9961 0
9962 1
9963 2
9964 0
9965 0
9966 1
9967 0
9968 1
9969 1
9970 1
9971 2
9972 0
9973 0
9974 0
9975 1
9976 1
9977 0
9978 1
9979 0
9980 1
9981 0
9982 0
9983 0
9984 0
9985 1
9986 0
9987 0
9988 0
9989 0
9990 0
9991 0
9992 3
9993 0
9994 0
9995 1
9996 0
9997 1
9998 0
9999 0
10000 2
10001 0
10002 0
10003 1
10004 1
10005 0
10006 0
10007 0
10008 2
10009 0
10010 1
10011 0
10012 1
10013 1
10014 0
10015 0
10016 3
10017 0
10018 1
10019 1
10020 0
10021 1
10022 2
10023 2
10024 0
10025 1
10026 1
10027 3
10028 0
10029 0
10030 0
10031 0
10032 0
10033 1
10034 0
10035 1
10036 1
10037 0
10038 0
10039 2
10040 1
10041 1
10042 0
10043 0
10044 0
10045 3
10046 0
10047 0
10048 2
10049 0
10050 0
10051 1
10052 2
10053 2
10054 1
10055 1
10056 0
10057 0
10058 2
10059 1
10060 0
10061 0
10062 2
10063 1
10064 0
10065 1
10066 1
10067 1
10068 0
10069 0
10070 0
10071 1
10072 1
10073 1
10074 0
10075 0
10076 0
10077 0
10078 0
10079 1
10080 0
10081 2
10082 0
10083 1
10084 0
10085 0
10086 1
10087 1
10088 2
10089 0
10090 1
10091 1
10092 2
10093 0
10094 1
10095 2
10096 1
10097 0
10098 1
10099 0
10100 1
10101 1
10102 0
10103 0
10104 2
10105 2
10106 1
10107 0
10108 1
10109 1
10110 0
10111 0
10112 1
10113 0
10114 1
10115 0
10116 1
10117 0
10118 0
10119 2
10120 1
10121 0
10122 0
10123 0
10124 1
10125 1
10126 0
10127 0
10128 1
10129 1
10130 1
10131 0
10132 0
10133 0
10134 2
10135 1
10136 0
10137 1
10138 0
10139 2
10140 0
10141 1
10142 1
10143 1
10144 0
10145 1
10146 0
10147 0
10148 0
10149 1
10150 1
10151 2
10152 1
10153 0
10154 1
10155 0
10156 0
10157 0
10158 0
10159 1
10160 1
10161 1
10162 1
10163 0
10164 0
10165 0
10166 2
10167 1
10168 0
10169 1
10170 0
10171 1
10172 1
10173 1
10174 2
10175 0
10176 1
10177 1
10178 2
10179 2
10180 2
10181 1
10182 0
10183 1
10184 1
10185 0
10186 2
10187 0
10188 2
10189 0
10190 0
10191 2
10192 1
10193 0
10194 3
10195 2
10196 2
10197 0
10198 0
10199 1
10200 0
10201 2
10202 0
10203 0
10204 1
10205 0
10206 0
10207 2
10208 1
10209 0
10210 0
10211 0
10212 1
10213 1
10214 0
10215 1
10216 1
10217 0
10218 1
10219 2
10220 0
10221 1
10222 0
10223 0
10224 0
10225 0
10226 0
10227 2
10228 0
10229 1
10230 1
10231 0
10232 2
10233 0
10234 0
10235 1
10236 1
10237 1
10238 1
10239 1
10240 1
10241 0
10242 0
10243 0
10244 2
10245 2
10246 0
10247 0
10248 0
10249 0
10250 1
10251 1
10252 0
10253 1
10254 2
10255 1
10256 1
10257 0
10258 2
10259 0
10260 0
10261 0
10262 1
10263 1
10264 0
10265 0
10266 0
10267 1
10268 1
10269 0
10270 1
10271 0
10272 0
10273 2
10274 1
10275 2
10276 1
10277 0
10278 0
10279 0
10280 2
10281 1
10282 0
10283 1
10284 0
10285 2
10286 0
10287 1
10288 0
10289 3
10290 0
10291 1
10292 1
10293 1
10294 1
10295 0
10296 2
10297 0
10298 0
10299 2
10300 1
10301 1
10302 1
10303 0
10304 1
10305 1
10306 1
10307 1
10308 1
10309 0
10310 1
10311 1
10312 0
10313 1
10314 1
10315 0
10316 1
10317 2
10318 2
10319 2
10320 1
10321 2
10322 0
10323 0
10324 0
10325 0
10326 1
10327 0
10328 1
10329 3
10330 1
10331 1
10332 0
10333 1
10334 0
10335 0
10336 1
10337 2
10338 1
10339 0
10340 0
10341 1
10342 0
10343 0
10344 1
10345 0
10346 0
10347 0
10348 2
10349 2
10350 2
10351 0
10352 1
10353 3
10354 0
10355 1
10356 0
10357 2
10358 0
10359 1
10360 0
10361 0
10362 0
10363 1
10364 0
10365 0
10366 1
10367 0
10368 0
10369 0
10370 1
10371 0
10372 1
10373 1
10374 1
10375 1
10376 0
10377 0
10378 0
10379 1
10380 1
10381 2
10382 0
10383 0
10384 2
10385 0
10386 0
10387 0
10388 1
10389 0
10390 1
10391 1
10392 0
10393 0
10394 0
10395 0
10396 1
10397 0
10398 2
10399 0
10400 2
10401 1
10402 1
10403 1
10404 0
10405 1
10406 0
10407 0
10408 1
10409 0
10410 1
10411 0
10412 2
10413 1
10414 0
10415 2
10416 0
10417 0
10418 0
10419 0
10420 0
10421 0
10422 0
10423 0
10424 2
10425 0
10426 2
10427 0
10428 0
10429 0
10430 1
10431 1
10432 2
10433 0
10434 0
10435 0
10436 1
10437 1
10438 0
10439 2
10440 2
10441 0
10442 1
10443 0
10444 0
10445 0
10446 2
10447 0
10448 1
10449 0
10450 1
10451 0
10452 1
10453 1
10454 0
10455 0
10456 0
10457 0
10458 1
10459 1
10460 2
10461 1
10462 2
10463 0
10464 1
10465 0
10466 0
10467 1
10468 1
10469 0
10470 0
10471 1
10472 1
10473 2
10474 1
10475 0
10476 0
10477 0
10478 1
10479 2
10480 0
10481 1
10482 1
10483 0
10484 2
10485 1
10486 1
10487 0
10488 0
10489 0
10490 3
10491 1
10492 2
10493 0
10494 0
10495 1
10496 0
10497 0
10498 0
10499 0
10500 0
10501 1
10502 0
10503 0
10504 1
10505 0
10506 2
10507 0
10508 2
10509 0
10510 0
10511 1
10512 1
10513 1
10514 1
10515 0
10516 0
10517 0
10518 1
10519 0
10520 0
10521 1
10522 0
10523 0
10524 1
10525 0
10526 0
10527 0
10528 1
10529 0
10530 0
10531 1
10532 0
10533 1
10534 2
10535 2
10536 0
10537 1
10538 0
10539 0
10540 2
10541 0
10542 2
10543 0
10544 2
10545 1
10546 0
10547 2
10548 1
10549 2
10550 2
10551 2
10552 1
10553 1
10554 1
10555 1
10556 0
10557 0
10558 0
10559 0
10560 0
10561 0
10562 1
10563 2
10564 1
10565 0
10566 1
10567 0
10568 0
10569 0
10570 0
10571 1
10572 1
10573 1
10574 2
10575 1
10576 2
10577 1
10578 2
10579 1
10580 0
10581 1
10582 2
10583 0
10584 1
10585 0
10586 0
10587 1
10588 1
10589 1
10590 0
10591 0
10592 1
10593 0
10594 0
10595 0
10596 1
10597 0
10598 2
10599 0
10600 1
10601 1
10602 0
10603 1
10604 0
10605 1
10606 1
10607 0
10608 0
10609 1
10610 0
10611 0
10612 1
10613 0
10614 1
10615 2
10616 1
10617 3
10618 1
10619 0
10620 1
10621 0
10622 1
10623 2
10624 0
10625 1
10626 1
10627 0
10628 0
10629 0
10630 0
10631 2
10632 0
10633 1
10634 2
10635 1
10636 0
10637 1
10638 1
10639 2
10640 2
10641 0
10642 1
10643 1
10644 1
10645 0
10646 1
10647 2
10648 0
10649 1
10650 2
10651 0
10652 0
10653 0
10654 0
10655 2
10656 0
10657 0
10658 1
10659 2
10660 1
10661 1
10662 1
10663 1
10664 1
10665 0
10666 1
10667 1
10668 2
10669 1
10670 1
10671 0
10672 1
10673 0
10674 0
10675 2
10676 2
10677 1
10678 0
10679 1
10680 0
10681 1
10682 1
10683 0
10684 0
10685 1
10686 0
10687 0
10688 0
10689 1
10690 1
10691 0
10692 2
10693 0
10694 1
10695 2
10696 0
10697 2
10698 1
10699 0
10700 0
10701 0
10702 2
10703 1
10704 0
10705 2
10706 2
10707 2
10708 1
10709 1
10710 1
10711 1
10712 1
10713 0
10714 0
10715 0
10716 1
10717 2
10718 1
10719 1
10720 0
10721 0
10722 1
10723 2
10724 2
10725 0
10726 0
10727 0
10728 2
10729 0
10730 1
10731 0
10732 0
10733 1
10734 0
10735 1
10736 2
10737 0
10738 1
10739 0
10740 1
10741 0
10742 0
10743 1
10744 1
10745 1
10746 2
10747 0
10748 0
10749 2
10750 1
10751 0
10752 1
10753 0
10754 0
10755 1
10756 2
10757 1
10758 2
10759 1
10760 1
10761 1
10762 3
10763 0
10764 1
10765 0
10766 1
10767 2
10768 1
10769 0
10770 1
10771 1
10772 3
10773 1
10774 2
10775 1
10776 2
10777 1
10778 0
10779 2
10780 1
10781 2
10782 2
10783 0
10784 2
10785 2
10786 1
10787 1
10788 1
10789 0
10790 1
10791 0
10792 0
10793 0
10794 1
10795 0
10796 3
10797 0
10798 1
10799 0
10800 0
10801 1
10802 1
10803 0
10804 1
10805 1
10806 1
10807 1
10808 0
10809 0
10810 0
10811 1
10812 1
10813 0
10814 1
10815 1
10816 0
10817 0
10818 1
10819 0
10820 2
10821 0
10822 0
10823 0
10824 2
10825 0
10826 1
10827 1
10828 0
10829 0
10830 0
10831 0
10832 0
10833 1
10834 1
10835 1
10836 1
10837 0
10838 0
10839 2
10840 1
10841 0
10842 0
10843 2
10844 0
10845 0
10846 1
10847 1
10848 1
10849 1
10850 1
10851 2
10852 2
10853 0
10854 2
10855 2
10856 1
10857 2
10858 0
10859 0
10860 1
10861 0
10862 0
10863 0
10864 0
10865 1
10866 0
10867 0
10868 1
10869 2
10870 0
10871 0
10872 0
10873 0
10874 1
10875 1
10876 2
10877 1
10878 0
10879 2
10880 0
10881 0
10882 0
10883 0
10884 2
10885 1
10886 0
10887 2
10888 0
10889 1
10890 0
10891 2
10892 1
10893 0
10894 1
10895 1
10896 0
10897 0
10898 0
10899 0
10900 0
10901 1
10902 1
10903 1
10904 1
10905 2
10906 2
10907 0
10908 2
10909 0
10910 2
10911 2
10912 0
10913 2
10914 0
10915 2
10916 1
10917 0
10918 1
10919 1
10920 0
10921 0
10922 1
10923 2
10924 1
10925 0
10926 0
10927 0
10928 2
10929 0
10930 2
10931 0
10932 0
10933 1
10934 1
10935 2
10936 1
10937 0
10938 0
10939 2
10940 1
10941 0
10942 0
10943 1
10944 1
10945 1
10946 1
10947 2
10948 0
10949 2
10950 1
10951 0
10952 0
10953 0
10954 0
10955 0
10956 0
10957 1
10958 2
10959 1
10960 3
10961 1
10962 0
10963 0
10964 1
10965 1
10966 1
10967 1
10968 2
10969 2
10970 1
10971 2
10972 1
10973 0
10974 0
10975 0
10976 0
10977 1
10978 1
10979 0
10980 0
10981 0
10982 0
10983 2
10984 2
10985 0
10986 0
10987 1
10988 1
10989 1
10990 1
10991 0
10992 2
10993 1
10994 0
10995 1
10996 2
10997 0
10998 1
10999 0
11000 1
11001 1
11002 0
11003 0
11004 0
11005 0
11006 3
11007 0
11008 1
11009 1
11010 0
11011 3
11012 2
11013 0
11014 0
11015 0
11016 1
11017 1
11018 1
11019 2
11020 1
11021 1
11022 1
11023 2
11024 2
11025 1
11026 3
11027 1
11028 0
11029 1
11030 2
11031 0
11032 1
11033 0
11034 0
11035 0
11036 1
11037 0
11038 0
11039 0
11040 1
11041 0
11042 1
11043 1
11044 1
11045 1
11046 1
11047 0
11048 0
11049 1
11050 0
11051 1
11052 0
11053 0
11054 1
11055 0
11056 0
11057 0
11058 0
11059 0
11060 2
11061 1
11062 0
11063 2
11064 1
11065 1
11066 2
11067 0
11068 2
11069 1
11070 0
11071 2
11072 1
11073 0
11074 3
11075 0
11076 1
11077 0
11078 0
11079 1
11080 0
11081 0
11082 2
11083 0
11084 2
11085 2
11086 2
11087 1
11088 1
11089 0
11090 0
11091 1
11092 3
11093 1
11094 0
11095 1
11096 0
11097 2
11098 0
11099 0
11100 1
11101 0
11102 3
11103 2
11104 1
11105 0
11106 0
11107 1
11108 1
11109 1
11110 2
11111 1
11112 1
11113 0
11114 2
11115 1
11116 0
11117 1
11118 1
11119 0
11120 0
11121 0
11122 1
11123 1
11124 1
11125 0
11126 1
11127 1
11128 1
11129 1
11130 1
11131 0
11132 0
11133 0
11134 0
11135 0
11136 1
11137 0
11138 0
11139 0
11140 1
11141 1
11142 0
11143 0
11144 1
11145 1
11146 1
11147 1
11148 0
11149 1
11150 0
11151 1
11152 0
11153 0
11154 1
11155 2
11156 1
11157 1
11158 0
11159 0
11160 0
11161 1
11162 1
11163 1
11164 1
11165 1
11166 1
11167 1
11168 2
11169 0
11170 1
11171 1
11172 0
11173 0
11174 0
11175 0
11176 0
11177 0
11178 2
11179 2
11180 2
11181 0
11182 2
11183 1
11184 2
11185 2
11186 0
11187 2
11188 3
11189 0
11190 0
11191 3
11192 1
11193 1
11194 0
11195 0
11196 0
11197 2
11198 1
11199 0
11200 2
11201 1
11202 0
11203 1
11204 0
11205 1
11206 0
11207 2
11208 1
11209 0
11210 2
11211 1
11212 0
11213 0
11214 3
11215 1
11216 1
11217 0
11218 1
11219 1
11220 1
11221 0
11222 1
11223 1
11224 0
11225 1
11226 0
11227 1
11228 0
11229 1
11230 0
11231 1
11232 0
11233 0
11234 0
11235 1
11236 1
11237 1
11238 1
11239 0
11240 0
11241 1
11242 0
11243 1
11244 0
11245 0
11246 0
11247 0
11248 0
11249 0
11250 0
11251 0
11252 1
11253 2
11254 1
11255 2
11256 0
11257 0
11258 1
11259 0
11260 0
11261 1
11262 1
11263 0
11264 0
11265 0
11266 1
11267 1
11268 1
11269 0
11270 2
11271 0
11272 1
11273 1
11274 0
11275 0
11276 2
11277 0
11278 0
11279 0
11280 0
11281 0
11282 2
11283 0
11284 0
11285 0
11286 2
11287 0
11288 2
11289 1
11290 0
11291 2
11292 1
11293 0
11294 0
11295 1
11296 1
11297 1
11298 0
11299 1
11300 1
11301 0
11302 0
11303 0
11304 0
11305 1
11306 1
11307 1
11308 2
11309 1
11310 0
11311 1
11312 1
11313 2
11314 1
11315 2
11316 1
11317 1
11318 0
11319 0
11320 0
11321 2
11322 1
11323 1
11324 2
11325 1
11326 1
11327 0
11328 0
11329 2
11330 2
11331 0
11332 1
11333 1
11334 0
11335 0
11336 1
11337 1
11338 0
11339 1
11340 1
11341 1
11342 2
11343 0
11344 0
11345 2
11346 1
11347 2
11348 1
11349 1
11350 1
11351 1
11352 1
11353 2
11354 1
11355 1
11356 2
11357 1
11358 0
11359 2
11360 1
11361 0
11362 0
11363 1
11364 0
11365 0
11366 0
11367 1
11368 2
11369 1
11370 0
11371 1
11372 1
11373 1
11374 1
11375 1
11376 1
11377 2
11378 1
11379 0
11380 2
11381 0
11382 0
11383 2
11384 1
11385 2
11386 1
11387 1
11388 0
11389 2
11390 0
11391 0
11392 0
11393 1
11394 1
11395 2
11396 2
11397 1
11398 0
11399 0
11400 2
11401 0
11402 2
11403 2
11404 0
11405 0
11406 1
11407 2
11408 0
11409 1
11410 0
11411 2
11412 1
11413 2
11414 1
11415 1
11416 2
11417 1
11418 1
11419 1
11420 3
11421 1
11422 1
11423 2
11424 1
11425 1
11426 1
11427 1
11428 1
11429 1
11430 0
11431 0
11432 0
11433 1
11434 1
11435 0
11436 1
11437 0
11438 0
11439 1
11440 0
11441 1
11442 1
11443 0
11444 0
11445 0
11446 0
11447 2
11448 0
11449 2
11450 2
11451 0
11452 1
11453 3
11454 0
11455 0
11456 2
11457 1
11458 0
11459 0
11460 0
11461 0
11462 2
11463 0
11464 0
11465 2
11466 0
11467 0
11468 0
11469 2
11470 1
11471 0
11472 0
11473 1
11474 0
11475 1
11476 0
11477 1
11478 2
11479 2
11480 0
11481 1
11482 2
11483 0
11484 1
11485 0
11486 0
11487 1
11488 2
11489 1
11490 1
11491 1
11492 0
11493 1
11494 0
11495 0
11496 1
11497 0
11498 0
11499 1
11500 1
11501 1
11502 1
11503 2
11504 1
11505 0
11506 0
11507 2
11508 0
11509 1
11510 2
11511 1
11512 0
11513 1
11514 1
11515 1
11516 2
11517 2
11518 0
11519 2
11520 1
11521 2
11522 0
11523 0
11524 0
11525 0
11526 0
11527 0
11528 2
11529 1
11530 0
11531 0
11532 1
11533 0
11534 1
11535 1
11536 1
11537 1
11538 1
11539 1
11540 0
11541 1
11542 0
11543 1
11544 1
11545 0
11546 1
11547 0
11548 0
11549 2
11550 1
11551 1
11552 3
11553 1
11554 2
11555 0
11556 0
11557 2
11558 0
11559 1
11560 0
11561 0
11562 0
11563 1
11564 0
11565 0
11566 0
11567 0
11568 1
11569 2
11570 0
11571 1
11572 1
11573 0
11574 2
11575 1
11576 1
11577 1
11578 0
11579 0
11580 0
11581 1
11582 0
11583 2
11584 1
11585 2
11586 0
11587 1
11588 2
11589 1
11590 0
11591 2
11592 0
11593 0
11594 2
11595 1
11596 0
11597 2
11598 0
11599 0
11600 0
11601 0
11602 0
11603 0
11604 1
11605 2
11606 0
11607 1
11608 2
11609 2
11610 2
11611 0
11612 1
11613 1
11614 0
11615 1
11616 0
11617 2
11618 1
11619 1
11620 2
11621 2
11622 0
11623 2
11624 0
11625 1
11626 0
11627 2
11628 1
11629 1
11630 0
11631 0
11632 0
11633 0
11634 0
11635 0
11636 0
11637 1
11638 0
11639 0
11640 2
11641 2
11642 2
11643 1
11644 0
11645 2
11646 2
11647 0
11648 2
11649 3
11650 2
11651 1
11652 1
11653 0
11654 1
11655 1
11656 1
11657 0
11658 1
11659 1
11660 0
11661 3
11662 0
11663 0
11664 0
11665 0
11666 1
11667 1
11668 1
11669 1
11670 1
11671 1
11672 1
11673 0
11674 1
11675 0
11676 1
11677 0
11678 0
11679 0
11680 0
11681 1
11682 3
11683 1
11684 0
11685 1
11686 1
11687 2
11688 0
11689 0
11690 1
11691 2
11692 1
11693 0
11694 2
11695 2
11696 1
11697 2
11698 0
11699 1
11700 0
11701 0
11702 0
11703 1
11704 1
11705 0
11706 1
11707 2
11708 1
11709 1
11710 0
11711 1
11712 1
11713 1
11714 2
11715 0
11716 2
11717 1
11718 0
11719 1
11720 1
11721 2
11722 0
11723 1
11724 0
11725 1
11726 0
11727 1
11728 1
11729 1
11730 1
11731 0
11732 1
11733 2
11734 0
11735 0
11736 1
11737 2
11738 2
11739 2
11740 1
11741 0
11742 1
11743 2
11744 0
11745 1
11746 0
11747 1
11748 0
11749 0
11750 2
11751 1
11752 0
11753 1
11754 1
11755 0
11756 0
11757 0
11758 2
11759 0
11760 2
11761 1
11762 2
11763 2
11764 0
11765 0
11766 0
11767 1
11768 1
11769 0
11770 1
11771 1
11772 0
11773 2
11774 0
11775 0
11776 2
11777 0
11778 1
11779 0
11780 1
11781 0
11782 1
11783 1
11784 0
11785 2
11786 0
11787 0
11788 1
11789 0
11790 1
11791 0
11792 1
11793 2
11794 0
11795 0
11796 1
11797 0
11798 1
11799 1
11800 0
11801 0
11802 0
11803 0
11804 1
11805 0
11806 0
11807 2
11808 1
11809 0
11810 2
11811 1
11812 0
11813 0
11814 0
11815 2
11816 1
11817 0
11818 1
11819 1
11820 0
11821 0
11822 2
11823 2
11824 1
11825 1
11826 0
11827 2
11828 1
11829 1
11830 0
11831 0
11832 2
11833 1
11834 0
11835 1
11836 1
11837 0
11838 0
11839 0
11840 0
11841 1
11842 1
11843 0
11844 3
11845 1
11846 0
11847 0
11848 0
11849 0
11850 2
11851 2
11852 0
11853 0
11854 0
11855 1
11856 2
11857 1
11858 1
11859 0
11860 2
11861 2
11862 0
11863 0
11864 1
11865 2
11866 0
11867 0
11868 2
11869 0
11870 1
11871 2
11872 0
11873 2
11874 1
11875 2
11876 1
11877 2
11878 0
11879 0
11880 0
11881 0
11882 2
11883 1
11884 1
11885 2
11886 2
11887 1
11888 2
11889 0
11890 1
11891 0
11892 1
11893 0
11894 2
11895 2
11896 1
11897 1
11898 0
11899 1
11900 2
11901 1
11902 0
11903 0
11904 0
11905 1
11906 1
11907 1
11908 1
11909 0
11910 1
11911 0
11912 0
11913 2
11914 1
11915 1
11916 0
11917 0
11918 0
11919 2
11920 0
11921 0
11922 1
11923 2
11924 1
11925 2
11926 0
11927 1
11928 0
11929 2
11930 1
11931 0
11932 1
11933 1
11934 0
11935 0
11936 1
11937 0
11938 2
11939 2
11940 2
11941 0
11942 2
11943 0
11944 0
11945 1
11946 1
11947 0
11948 0
11949 2
11950 2
11951 0
11952 1
11953 1
11954 1
11955 1
11956 0
11957 2
11958 1
11959 1
11960 1
11961 1
11962 0
11963 2
11964 2
11965 0
11966 2
11967 0
11968 2
11969 2
11970 1
11971 0
11972 1
11973 0
11974 1
11975 0
11976 2
11977 0
11978 0
11979 1
11980 3
11981 1
11982 0
11983 1
11984 1
11985 0
11986 1
11987 1
11988 2
11989 0
11990 0
11991 2
11992 0
11993 0
11994 0
11995 3
11996 0
11997 1
11998 2
11999 0
12000 0
12001 0
12002 1
12003 2
12004 2
12005 0
12006 2
12007 1
12008 0
12009 0
12010 1
12011 0
12012 1
12013 0
12014 0
12015 1
12016 0
12017 1
12018 0
12019 1
12020 0
12021 1
12022 0
12023 2
12024 2
12025 0
12026 0
12027 1
12028 1
12029 1
12030 0
12031 1
12032 0
12033 0
12034 0
12035 0
12036 0
12037 1
12038 1
12039 0
12040 0
12041 2
12042 0
12043 0
12044 1
12045 1
12046 1
12047 1
12048 1
12049 0
12050 0
12051 3
12052 0
12053 0
12054 2
12055 1
12056 1
12057 1
12058 0
12059 1
12060 0
12061 2
12062 0
12063 2
12064 2
12065 0
12066 2
12067 1
12068 1
12069 0
12070 0
12071 2
12072 1
12073 1
12074 3
12075 1
12076 1
12077 0
12078 1
12079 0
12080 0
12081 2
12082 2
12083 2
12084 0
12085 1
12086 2
12087 0
12088 0
12089 2
12090 0
12091 0
12092 0
12093 1
12094 0
12095 0
12096 1
12097 0
12098 0
12099 0
12100 1
12101 0
12102 1
12103 2
12104 0
12105 0
12106 0
12107 1
12108 0
12109 2
12110 0
12111 0
12112 1
12113 3
12114 1
12115 0
12116 0
12117 0
12118 2
12119 0
12120 1
12121 2
12122 2
12123 0
12124 0
12125 2
12126 2
12127 0
12128 0
12129 1
12130 0
12131 0
12132 1
12133 1
12134 0
12135 2
12136 0
12137 2
12138 0
12139 1
12140 1
12141 0
12142 0
12143 2
12144 1
12145 0
12146 2
12147 0
12148 1
12149 0
12150 0
12151 0
12152 1
12153 0
12154 1
12155 1
12156 0
12157 1
12158 0
12159 0
12160 1
12161 2
12162 2
12163 2
12164 0
12165 0
12166 1
12167 3
12168 1
12169 0
12170 0
12171 2
12172 1
12173 0
12174 2
12175 2
12176 1
12177 3
12178 3
12179 1
12180 2
12181 1
12182 0
12183 1
12184 0
12185 1
12186 1
12187 1
12188 0
12189 0
12190 2
12191 1
12192 3
12193 0
12194 2
12195 1
12196 2
12197 2
12198 2
12199 2
12200 1
12201 2
12202 1
12203 0
12204 1
12205 0
12206 1
12207 1
12208 1
12209 2
12210 2
12211 0
12212 1
12213 2
12214 1
12215 0
12216 1
12217 2
12218 2
12219 2
12220 1
12221 1
12222 0
12223 0
12224 2
12225 0
12226 1
12227 2
12228 2
12229 1
12230 1
12231 1
12232 0
12233 2
12234 0
12235 1
12236 0
12237 1
12238 1
12239 1
12240 1
12241 2
12242 0
12243 1
12244 0
12245 0
12246 2
12247 0
12248 1
12249 2
12250 0
12251 0
12252 0
12253 0
12254 2
12255 1
12256 1
12257 1
12258 1
12259 1
12260 1
12261 0
12262 1
12263 0
12264 2
12265 0
12266 1
12267 0
12268 1
12269 0
12270 0
12271 1
12272 2
12273 0
12274 1
12275 2
12276 1
12277 2
12278 0
12279 1
12280 0
12281 0
12282 0
12283 0
12284 1
12285 1
12286 1
12287 2
12288 0
12289 1
12290 1
12291 1
12292 2
12293 2
12294 2
12295 2
12296 0
12297 0
12298 1
12299 1
12300 1
12301 0
12302 0
12303 1
12304 1
12305 2
12306 0
12307 0
12308 0
12309 1
12310 1
12311 0
12312 1
12313 1
12314 2
12315 0
12316 2
12317 1
12318 1
12319 1
12320 0
12321 1
12322 0
12323 0
12324 1
12325 1
12326 2
12327 2
12328 0
12329 0
12330 1
12331 1
12332 0
12333 2
12334 2
12335 2
12336 1
12337 0
12338 0
12339 0
12340 1
12341 1
12342 0
12343 2
12344 0
12345 2
12346 0
12347 0
12348 2
12349 0
12350 0
12351 0
12352 1
12353 1
12354 1
12355 0
12356 2
12357 0
12358 0
12359 0
12360 0
12361 0
12362 0
12363 2
12364 2
12365 0
12366 1
12367 0
12368 0
12369 1
12370 0
12371 0
12372 2
12373 1
12374 1
12375 2
12376 1
12377 2
12378 0
12379 1
12380 2
12381 0
12382 0
12383 2
12384 1
12385 1
12386 0
12387 1
12388 0
12389 0
12390 1
12391 1
12392 1
12393 1
12394 0
12395 1
12396 0
12397 0
12398 1
12399 1
12400 1
12401 2
12402 0
12403 0
12404 2
12405 0
12406 0
12407 0
12408 0
12409 2
12410 1
12411 2
12412 1
12413 1
12414 0
12415 1
12416 3
12417 2
12418 2
12419 2
12420 0
12421 1
12422 0
12423 2
12424 1
12425 1
12426 2
12427 2
12428 1
12429 1
12430 0
12431 2
12432 1
12433 1
12434 0
12435 1
12436 2
12437 0
12438 0
12439 1
12440 0
12441 1
12442 2
12443 2
12444 1
12445 1
12446 0
12447 3
12448 1
12449 1
12450 0
12451 1
12452 1
12453 0
12454 0
12455 1
12456 2
12457 2
12458 1
12459 0
12460 0
12461 0
12462 1
12463 0
12464 0
12465 1
12466 0
12467 1
12468 0
12469 1
12470 0
12471 0
12472 0
12473 0
12474 0
12475 1
12476 2
12477 0
12478 1
12479 2
12480 2
12481 0
12482 2
12483 1
12484 0
12485 1
12486 0
12487 1
12488 1
12489 2
12490 0
12491 0
12492 0
12493 2
12494 2
12495 2
12496 2
12497 0
12498 1
12499 0
12500 2
12501 0
12502 0
12503 1
12504 2
12505 0
12506 2
12507 0
12508 1
12509 0
12510 3
12511 1
12512 1
12513 0
12514 0
12515 1
12516 0
12517 1
12518 0
12519 3
12520 2
12521 0
12522 1
12523 0
12524 0
12525 2
12526 0
12527 1
12528 1
12529 0
12530 1
12531 0
12532 2
12533 1
12534 1
12535 1
12536 1
12537 0
12538 0
12539 0
12540 2
12541 1
12542 1
12543 2
12544 2
12545 0
12546 0
12547 0
12548 0
12549 1
12550 0
12551 1
12552 0
12553 1
12554 1
12555 2
12556 0
12557 0
12558 0
12559 3
12560 0
12561 0
12562 2
12563 1
12564 2
12565 2
12566 1
12567 1
12568 0
12569 0
12570 1
12571 0
12572 1
12573 0
12574 1
12575 1
12576 2
12577 1
12578 1
12579 1
12580 1
12581 0
12582 1
12583 0
12584 1
12585 1
12586 2
12587 1
12588 0
12589 0
12590 1
12591 2
12592 2
12593 0
12594 0
12595 0
12596 1
12597 1
12598 0
12599 2
12600 2
12601 2
12602 1
12603 1
12604 0
12605 1
12606 1
12607 1
12608 1
12609 2
12610 0
12611 0
12612 0
12613 2
12614 0
12615 0
12616 1
12617 0
12618 0
12619 1
12620 1
12621 2
12622 1
12623 1
12624 1
12625 2
12626 0
12627 0
12628 0
12629 0
12630 2
12631 1
12632 1
12633 2
12634 1
12635 2
12636 0
12637 0
12638 0
12639 0
12640 0
12641 0
12642 0
12643 1
12644 1
12645 0
12646 1
12647 2
12648 0
12649 0
12650 1
12651 1
12652 1
12653 1
12654 1
12655 1
12656 0
12657 0
12658 0
12659 0
12660 1
12661 2
12662 1
12663 0
12664 1
12665 1
12666 0
12667 2
12668 2
12669 0
12670 0
12671 2
12672 1
12673 0
12674 1
12675 1
12676 1
12677 1
12678 0
12679 1
12680 1
12681 1
12682 2
12683 0
12684 1
12685 0
12686 2
12687 0
12688 2
12689 1
12690 1
12691 0
12692 0
12693 2
12694 2
12695 2
12696 0
12697 1
12698 2
12699 0
12700 2
12701 2
12702 1
12703 1
12704 0
12705 1
12706 0
12707 0
12708 0
12709 0
12710 1
12711 0
12712 2
12713 3
12714 1
12715 0
12716 1
12717 0
12718 1
12719 2
12720 0
12721 1
12722 2
12723 0
12724 0
12725 1
12726 1
12727 2
12728 1
12729 0
12730 1
12731 3
12732 0
12733 3
12734 1
12735 0
12736 2
12737 1
12738 0
12739 1
12740 0
12741 3
12742 1
12743 0
12744 0
12745 0
12746 1
12747 1
12748 1
12749 2
12750 3
12751 2
12752 1
12753 0
12754 0
12755 0
12756 1
12757 0
12758 2
12759 0
12760 1
12761 1
12762 1
12763 2
12764 0
12765 2
12766 0
12767 0
12768 0
12769 0
12770 1
12771 1
12772 0
12773 1
12774 2
12775 0
12776 2
12777 2
12778 1
12779 3
12780 2
12781 1
12782 0
12783 0
12784 2
12785 0
12786 0
12787 1
12788 1
12789 0
12790 1
12791 1
12792 0
12793 1
12794 0
12795 1
12796 0
12797 0
12798 1
12799 0
12800 0
12801 0
12802 0
12803 0
12804 1
12805 0
12806 1
12807 2
12808 0
12809 0
12810 1
12811 2
12812 0
12813 1
12814 1
12815 0
12816 0
12817 1
12818 1
12819 0
12820 0
12821 0
12822 0
12823 3
12824 0
12825 2
12826 1
12827 0
12828 0
12829 0
12830 1
12831 0
12832 1
12833 1
12834 2
12835 1
12836 1
12837 1
12838 0
12839 0
12840 0
12841 1
12842 1
12843 0
12844 1
12845 1
12846 0
12847 0
12848 2
12849 0
12850 1
12851 2
12852 1
12853 0
12854 1
12855 2
12856 2
12857 1
12858 1
12859 0
12860 1
12861 2
12862 2
12863 2
12864 2
12865 1
12866 1
12867 1
12868 1
12869 1
12870 1
12871 1
12872 2
12873 1
12874 0
12875 0
12876 1
12877 1
12878 0
12879 0
12880 1
12881 1
12882 2
12883 1
12884 0
12885 2
12886 0
12887 2
12888 0
12889 1
12890 1
12891 0
12892 0
12893 2
12894 2
12895 0
12896 1
12897 0
12898 1
12899 1
12900 2
12901 0
12902 0
12903 0
12904 2
12905 0
12906 2
12907 1
12908 0
12909 0
12910 2
12911 0
12912 1
12913 0
12914 1
12915 1
12916 1
12917 1
12918 2
12919 1
12920 0
12921 2
12922 0
12923 0
12924 0
12925 0
12926 0
12927 0
12928 1
12929 2
12930 1
12931 2
12932 1
12933 1
12934 1
12935 1
12936 1
12937 1
12938 2
12939 0
12940 1
12941 1
12942 3
12943 1
12944 1
12945 2
12946 0
12947 0
12948 2
12949 1
12950 0
12951 1
12952 1
12953 1
12954 0
12955 0
12956 2
12957 2
12958 1
12959 0
12960 1
12961 0
12962 0
12963 0
12964 1
12965 1
12966 2
12967 1
12968 3
12969 0
12970 0
12971 1
12972 1
12973 2
12974 0
12975 2
12976 0
12977 1
12978 2
12979 0
12980 0
12981 0
12982 0
12983 1
12984 0
12985 1
12986 1
12987 0
12988 0
12989 2
12990 2
12991 1
12992 0
12993 0
12994 1
12995 1
12996 0
12997 0
12998 3
12999 1
13000 0
13001 1
13002 2
13003 1
13004 1
13005 0
13006 1
13007 1
13008 1
13009 1
13010 2
13011 0
13012 2
13013 2
13014 0
13015 0
13016 2
13017 0
13018 0
13019 2
13020 0
13021 0
13022 1
13023 0
13024 2
13025 0
13026 0
13027 0
13028 0
13029 1
13030 2
13031 1
13032 0
13033 1
13034 1
13035 1
13036 0
13037 3
13038 1
13039 1
13040 2
13041 2
13042 0
13043 0
13044 1
13045 0
13046 0
13047 1
13048 0
13049 2
13050 2
13051 0
13052 0
13053 0
13054 2
13055 2
13056 1
13057 1
13058 1
13059 0
13060 0
13061 1
13062 1
13063 2
13064 3
13065 0
13066 0
13067 0
13068 2
13069 0
13070 1
13071 1
13072 1
13073 1
13074 0
13075 2
13076 0
13077 0
13078 0
13079 0
13080 0
13081 2
13082 0
13083 2
13084 0
13085 1
13086 2
13087 2
13088 1
13089 1
13090 0
13091 0
13092 0
13093 0
13094 0
13095 2
13096 1
13097 1
13098 1
13099 0
13100 2
13101 1
13102 3
13103 0
13104 0
13105 2
13106 1
13107 1
13108 0
13109 0
13110 1
13111 0
13112 1
13113 1
13114 1
13115 1
13116 1
13117 0
13118 1
13119 0
13120 1
13121 0
13122 0
13123 1
13124 0
13125 0
13126 0
13127 0
13128 1
13129 0
13130 1
13131 0
13132 1
13133 2
13134 1
13135 0
13136 0
13137 1
13138 3
13139 0
13140 1
13141 0
13142 1
13143 1
13144 1
13145 1
13146 0
13147 1
13148 0
13149 2
13150 2
13151 0
13152 0
13153 0
13154 2
13155 0
13156 0
13157 2
13158 1
13159 3
13160 0
13161 1
13162 1
13163 2
13164 1
13165 1
13166 0
13167 2
13168 1
13169 1
13170 2
13171 3
13172 1
13173 0
13174 0
13175 2
13176 1
13177 0
13178 2
13179 0
13180 1
13181 1
13182 2
13183 2
13184 0
13185 0
13186 1
13187 0
13188 0
13189 1
13190 1
13191 1
13192 2
13193 0
13194 0
13195 0
13196 0
13197 2
13198 1
13199 1
13200 1
13201 1
13202 0
13203 2
13204 0
13205 0
13206 1
13207 1
13208 0
13209 2
13210 1
13211 1
13212 2
13213 2
13214 1
13215 0
13216 0
13217 2
13218 1
13219 2
13220 2
13221 0
13222 1
13223 0
13224 0
13225 0
13226 2
13227 0
13228 1
13229 2
13230 1
13231 0
13232 2
13233 1
13234 0
13235 3
13236 2
13237 2
13238 0
13239 2
13240 0
13241 1
13242 2
13243 2
13244 1
13245 1
13246 1
13247 1
13248 0
13249 0
13250 1
13251 2
13252 2
13253 1
13254 2
13255 0
13256 2
13257 1
13258 1
13259 2
13260 1
13261 1
13262 0
13263 2
13264 1
13265 2
13266 0
13267 1
13268 0
13269 1
13270 0
13271 0
13272 1
13273 2
13274 3
13275 0
13276 1
13277 1
13278 0
13279 0
13280 0
13281 1
13282 0
13283 0
13284 1
13285 1
13286 0
13287 0
13288 2
13289 0
13290 2
13291 0
13292 0
13293 0
13294 1
13295 0
13296 0
13297 0
13298 2
13299 0
13300 2
13301 1
13302 0
13303 1
13304 2
13305 1
13306 1
13307 1
13308 2
13309 0
13310 1
13311 0
13312 0
13313 0
13314 1
13315 1
13316 1
13317 1
13318 1
13319 0
13320 2
13321 0
13322 2
13323 1
13324 0
13325 0
13326 1
13327 0
13328 0
13329 1
13330 0
13331 1
13332 0
13333 0
13334 0
13335 0
13336 1
13337 1
13338 0
13339 1
13340 1
13341 2
13342 2
13343 1
13344 1
13345 1
13346 0
13347 1
13348 0
13349 2
13350 1
13351 1
13352 0
13353 2
13354 0
13355 1
13356 0
13357 0
13358 2
13359 0
13360 1
13361 1
13362 0
13363 1
13364 2
13365 2
13366 1
13367 0
13368 1
13369 0
13370 3
13371 2
13372 1
13373 1
13374 1
13375 0
13376 2
13377 2
13378 1
13379 1
13380 2
13381 0
13382 1
13383 1
13384 0
13385 1
13386 0
13387 0
13388 2
13389 2
13390 0
13391 0
13392 2
13393 0
13394 1
13395 0
13396 2
13397 0
13398 1
13399 1
13400 2
13401 1
13402 2
13403 1
13404 1
13405 0
13406 1
13407 1
13408 2
13409 0
13410 2
13411 0
13412 2
13413 0
13414 1
13415 2
13416 0
13417 0
13418 0
13419 2
13420 2
13421 2
13422 2
13423 2
13424 1
13425 0
13426 0
13427 0
13428 0
13429 1
13430 0
13431 2
13432 2
13433 0
13434 3
13435 1
13436 1
13437 2
13438 0
13439 1
13440 1
13441 1
13442 0
13443 1
13444 1
13445 0
13446 1
13447 3
13448 2
13449 1
13450 1
13451 2
13452 0
13453 1
13454 3
13455 1
13456 0
13457 1
13458 0
13459 0
13460 2
13461 1
13462 0
13463 0
13464 0
13465 2
13466 1
13467 2
13468 0
13469 2
13470 0
13471 0
13472 0
13473 0
13474 0
13475 0
13476 3
13477 1
13478 0
13479 1
13480 1
13481 0
13482 0
13483 1
13484 2
13485 2
13486 0
13487 2
13488 1
13489 0
13490 2
13491 1
13492 1
13493 0
13494 1
13495 1
13496 0
13497 2
13498 0
13499 1
13500 1
13501 0
13502 2
13503 1
13504 0
13505 2
13506 1
13507 0
13508 1
13509 2
13510 1
13511 0
13512 1
13513 0
13514 1
13515 3
13516 1
13517 0
13518 1
13519 1
13520 1
13521 2
13522 1
13523 3
13524 1
13525 0
13526 0
13527 0
13528 2
13529 0
13530 1
13531 3
13532 0
13533 0
13534 0
13535 2
13536 0
13537 0
13538 1
13539 1
13540 1
13541 2
13542 3
13543 0
13544 0
13545 0
13546 0
13547 0
13548 0
13549 2
13550 0
13551 2
13552 0
13553 2
13554 1
13555 2
13556 2
13557 2
13558 1
13559 1
13560 0
13561 1
13562 1
13563 0
13564 1
13565 0
13566 0
13567 0
13568 0
13569 0
13570 2
13571 0
13572 0
13573 0
13574 1
13575 0
13576 2
13577 1
13578 0
13579 2
13580 3
13581 0
13582 0
13583 0
13584 0
13585 0
13586 0
13587 2
13588 0
13589 2
13590 2
13591 0
13592 0
13593 1
13594 1
13595 2
13596 1
13597 2
13598 1
13599 0
13600 2
13601 3
13602 1
13603 2
13604 0
13605 0
13606 3
13607 2
13608 1
13609 2
13610 3
13611 0
13612 0
13613 0
13614 0
13615 1
13616 1
13617 1
13618 1
13619 2
13620 0
13621 2
13622 1
13623 2
13624 1
13625 1
13626 1
13627 0
13628 2
13629 1
13630 1
13631 2
13632 2
13633 1
13634 1
13635 2
13636 0
13637 0
13638 1
13639 1
13640 1
13641 0
13642 1
13643 1
13644 0
13645 2
13646 2
13647 0
13648 1
13649 1
13650 1
13651 1
13652 0
13653 0
13654 2
13655 1
13656 2
13657 0
13658 1
13659 0
13660 0
13661 2
13662 3
13663 0
13664 0
13665 1
13666 0
13667 0
13668 1
13669 0
13670 3
13671 1
13672 1
13673 1
13674 0
13675 2
13676 0
13677 2
13678 1
13679 1
13680 0
13681 0
13682 0
13683 0
13684 1
13685 2
13686 0
13687 1
13688 0
13689 3
13690 0
13691 0
13692 0
13693 0
13694 1
13695 0
13696 1
13697 0
13698 0
13699 2
13700 1
13701 0
13702 1
13703 0
13704 0
13705 2
13706 1
13707 0
13708 1
13709 2
13710 1
13711 1
13712 2
13713 2
13714 0
13715 0
13716 2
13717 2
13718 1
13719 0
13720 2
13721 1
13722 1
13723 0
13724 0
13725 0
13726 0
13727 1
13728 2
13729 0
13730 1
13731 0
13732 1
13733 0
13734 1
13735 0
13736 2
13737 0
13738 1
13739 2
13740 1
13741 2
13742 2
13743 2
13744 0
13745 1
13746 0
13747 0
13748 0
13749 0
13750 1
13751 1
13752 1
13753 0
13754 1
13755 1
13756 0
13757 1
13758 1
13759 1
13760 1
13761 0
13762 0
13763 2
13764 1
13765 2
13766 0
13767 2
13768 2
13769 0
13770 2
13771 0
13772 1
13773 1
13774 2
13775 2
13776 1
13777 0
13778 0
13779 1
13780 1
13781 0
13782 0
13783 0
13784 1
13785 0
13786 0
13787 3
13788 1
13789 0
13790 0
13791 1
13792 1
13793 1
13794 0
13795 1
13796 2
13797 1
13798 1
13799 1
13800 2
13801 0
13802 1
13803 0
13804 2
13805 1
13806 2
13807 0
13808 1
13809 1
13810 0
13811 1
13812 2
13813 2
13814 1
13815 1
13816 1
13817 1
13818 1
13819 2
13820 2
13821 2
13822 1
13823 2
13824 0
13825 1
13826 1
13827 0
13828 1
13829 1
13830 0
13831 2
13832 2
13833 1
13834 1
13835 1
13836 1
13837 0
13838 2
13839 0
13840 1
13841 2
13842 2
13843 0
13844 1
13845 1
13846 1
13847 2
13848 1
13849 1
13850 0
13851 0
13852 1
13853 0
13854 0
13855 2
13856 3
13857 0
13858 2
13859 0
13860 1
13861 1
13862 1
13863 0
13864 0
13865 1
13866 1
13867 1
13868 2
13869 1
13870 1
13871 0
13872 0
13873 2
13874 1
13875 1
13876 1
13877 1
13878 1
13879 1
13880 2
13881 1
13882 1
13883 2
13884 2
13885 0
13886 2
13887 1
13888 1
13889 0
13890 0
13891 1
13892 0
13893 0
13894 2
13895 1
13896 2
13897 2
13898 0
13899 1
13900 0
13901 2
13902 1
13903 0
13904 0
13905 1
13906 0
13907 0
13908 0
13909 0
13910 1
13911 1
13912 1
13913 0
13914 1
13915 1
13916 1
13917 4
13918 1
13919 1
13920 1
13921 0
13922 0
13923 1
13924 1
13925 1
13926 1
13927 2
13928 0
13929 0
13930 0
13931 1
13932 1
13933 1
13934 0
13935 0
13936 0
13937 1
13938 2
13939 1
13940 1
13941 1
13942 0
13943 1
13944 0
13945 0
13946 1
13947 1
13948 2
13949 1
13950 2
13951 1
13952 2
13953 1
13954 1
13955 0
13956 1
13957 1
13958 1
13959 2
13960 0
13961 0
13962 1
13963 1
13964 2
13965 1
13966 1
13967 0
13968 2
13969 0
13970 2
13971 2
13972 1
13973 1
13974 2
13975 1
13976 0
13977 2
13978 1
13979 1
13980 1
13981 2
13982 0
13983 0
13984 0
13985 0
13986 1
13987 1
13988 0
13989 0
13990 0
13991 0
13992 1
13993 1
13994 2
13995 1
13996 1
13997 1
13998 1
13999 2
14000 2
14001 1
14002 3
14003 0
14004 1
14005 0
14006 2
14007 2
14008 0
14009 2
14010 2
14011 1
14012 1
14013 2
14014 1
14015 1
14016 1
14017 0
14018 2
14019 0
14020 0
14021 1
14022 1
14023 3
14024 2
14025 2
14026 1
14027 0
14028 2
14029 0
14030 1
14031 1
14032 1
14033 1
14034 0
14035 0
14036 1
14037 0
14038 0
14039 0
14040 1
14041 2
14042 1
14043 0
14044 0
14045 2
14046 2
14047 1
14048 0
14049 0
14050 0
14051 0
14052 2
14053 2
14054 2
14055 0
14056 1
14057 2
14058 1
14059 0
14060 1
14061 2
14062 0
14063 2
14064 1
14065 2
14066 3
14067 2
14068 0
14069 3
14070 0
14071 2
14072 1
14073 0
14074 0
14075 2
14076 1
14077 3
14078 0
14079 1
14080 1
14081 1
14082 1
14083 0
14084 1
14085 1
14086 0
14087 2
14088 0
14089 0
14090 2
14091 0
14092 0
14093 2
14094 1
14095 1
14096 0
14097 2
14098 0
14099 1
14100 3
14101 0
14102 1
14103 1
14104 0
14105 0
14106 2
14107 1
14108 1
14109 0
14110 1
14111 0
14112 1
14113 0
14114 0
14115 1
14116 0
14117 1
14118 0
14119 1
14120 2
14121 2
14122 1
14123 2
14124 1
14125 0
14126 1
14127 1
14128 3
14129 0
14130 1
14131 0
14132 0
14133 1
14134 1
14135 1
14136 1
14137 2
14138 1
14139 1
14140 0
14141 0
14142 2
14143 0
14144 0
14145 0
14146 1
14147 1
14148 0
14149 2
14150 2
14151 0
14152 3
14153 1
14154 1
14155 1
14156 0
14157 1
14158 2
14159 1
14160 3
14161 2
14162 1
14163 0
14164 1
14165 0
14166 1
14167 1
14168 1
14169 2
14170 0
14171 1
14172 0
14173 0
14174 1
14175 1
14176 1
14177 0
14178 0
14179 2
14180 1
14181 2
14182 2
14183 2
14184 0
14185 3
14186 0
14187 2
14188 2
14189 2
14190 0
14191 2
14192 1
14193 1
14194 1
14195 0
14196 0
14197 1
14198 1
14199 0
14200 2
14201 0
14202 1
14203 1
14204 1
14205 2
14206 2
14207 2
14208 1
14209 0
14210 1
14211 3
14212 1
14213 1
14214 1
14215 1
14216 2
14217 1
14218 1
14219 0
14220 2
14221 0
14222 2
14223 1
14224 1
14225 0
14226 0
14227 1
14228 1
14229 0
14230 2
14231 1
14232 0
14233 1
14234 1
14235 1
14236 1
14237 1
14238 1
14239 0
14240 0
14241 0
14242 1
14243 0
14244 2
14245 0
14246 1
14247 2
14248 1
14249 1
14250 2
14251 0
14252 0
14253 0
14254 1
14255 0
14256 1
14257 0
14258 3
14259 0
14260 1
14261 0
14262 1
14263 2
14264 1
14265 2
14266 1
14267 2
14268 0
14269 2
14270 0
14271 0
14272 1
14273 1
14274 1
14275 1
14276 3
14277 2
14278 1
14279 1
14280 1
14281 1
14282 2
14283 0
14284 1
14285 0
14286 0
14287 1
14288 1
14289 1
14290 0
14291 2
14292 0
14293 1
14294 1
14295 2
14296 0
14297 1
14298 1
14299 0
14300 1
14301 0
14302 2
14303 0
14304 1
14305 1
14306 2
14307 1
14308 2
14309 1
14310 0
14311 1
14312 0
14313 3
14314 0
14315 0
14316 1
14317 1
14318 2
14319 0
14320 2
14321 0
14322 1
14323 0
14324 1
14325 0
14326 0
14327 1
14328 0
14329 1
14330 1
14331 2
14332 0
14333 0
14334 1
14335 1
14336 1
14337 2
14338 3
14339 1
14340 1
14341 2
14342 0
14343 0
14344 0
14345 2
14346 1
14347 2
14348 1
14349 0
14350 0
14351 0
14352 2
14353 3
14354 0
14355 0
14356 1
14357 1
14358 1
14359 2
14360 2
14361 0
14362 0
14363 1
14364 0
14365 2
14366 1
14367 1
14368 1
14369 1
14370 0
14371 2
14372 1
14373 1
14374 2
14375 0
14376 1
14377 0
14378 0
14379 1
14380 0
14381 0
14382 2
14383 1
14384 1
14385 1
14386 1
14387 1
14388 2
14389 0
14390 2
14391 2
14392 3
14393 0
14394 2
14395 1
14396 0
14397 2
14398 1
14399 0
14400 1
14401 1
14402 0
14403 1
14404 1
14405 0
14406 1
14407 0
14408 1
14409 1
14410 1
14411 0
14412 1
14413 1
14414 0
14415 0
14416 0
14417 0
14418 2
14419 1
14420 0
14421 1
14422 1
14423 1
14424 2
14425 1
14426 1
14427 0
14428 0
14429 0
14430 2
14431 0
14432 2
14433 2
14434 1
14435 0
14436 1
14437 0
14438 1
14439 0
14440 0
14441 1
14442 0
14443 1
14444 1
14445 0
14446 1
14447 1
14448 2
14449 0
14450 1
14451 0
14452 0
14453 1
14454 2
14455 2
14456 0
14457 0
14458 0
14459 1
14460 0
14461 0
14462 0
14463 1
14464 0
14465 0
14466 0
14467 0
14468 0
14469 1
14470 1
14471 2
14472 2
14473 2
14474 0
14475 1
14476 0
14477 1
14478 2
14479 2
14480 2
14481 1
14482 0
14483 0
14484 0
14485 1
14486 2
14487 1
14488 1
14489 0
14490 1
14491 0
14492 0
14493 1
14494 2
14495 2
14496 2
14497 2
14498 1
14499 1
14500 0
14501 1
14502 2
14503 1
14504 2
14505 0
14506 0
14507 1
14508 0
14509 2
14510 1
14511 0
14512 1
14513 0
14514 1
14515 2
14516 1
14517 3
14518 0
14519 2
14520 2
14521 2
14522 0
14523 1
14524 0
14525 1
14526 1
14527 0
14528 2
14529 0
14530 0
14531 1
14532 0
14533 2
14534 0
14535 1
14536 0
14537 1
14538 1
14539 1
14540 2
14541 2
14542 1
14543 2
14544 1
14545 0
14546 1
14547 1
14548 0
14549 1
14550 0
14551 0
14552 1
14553 0
14554 2
14555 2
14556 2
14557 0
14558 1
14559 1
14560 0
14561 0
14562 2
14563 0
14564 0
14565 2
14566 0
14567 1
14568 0
14569 1
14570 1
14571 1
14572 0
14573 2
14574 1
14575 1
14576 0
14577 1
14578 0
14579 1
14580 2
14581 1
14582 0
14583 2
14584 0
14585 0
14586 1
14587 0
14588 0
14589 1
14590 1
14591 0
14592 1
14593 0
14594 2
14595 2
14596 2
14597 2
14598 1
14599 0
14600 1
14601 0
14602 0
14603 2
14604 0
14605 3
14606 1
14607 2
14608 1
14609 2
14610 1
14611 1
14612 0
14613 1
14614 1
14615 0
14616 1
14617 1
14618 2
14619 0
14620 0
14621 3
14622 0
14623 0
14624 1
14625 1
14626 1
14627 1
14628 1
14629 1
14630 1
14631 2
14632 1
14633 0
14634 0
14635 1
14636 1
14637 0
14638 0
14639 0
14640 1
14641 0
14642 0
14643 0
14644 2
14645 0
14646 0
14647 2
14648 0
14649 0
14650 0
14651 1
14652 1
14653 2
14654 1
14655 1
14656 2
14657 2
14658 0
14659 1
14660 0
14661 0
14662 1
14663 1
14664 1
14665 2
14666 2
14667 1
14668 0
14669 2
14670 1
14671 1
14672 0
14673 0
14674 0
14675 1
14676 1
14677 0
14678 1
14679 1
14680 0
14681 2
14682 0
14683 1
14684 1
14685 1
14686 0
14687 0
14688 0
14689 1
14690 1
14691 0
14692 1
14693 2
14694 0
14695 1
14696 2
14697 1
14698 0
14699 0
14700 2
14701 0
14702 1
14703 1
14704 0
14705 1
14706 0
14707 2
14708 2
14709 1
14710 2
14711 1
14712 3
14713 0
14714 2
14715 1
14716 0
14717 2
14718 2
14719 1
14720 0
14721 1
14722 1
14723 2
14724 0
14725 3
14726 0
14727 1
14728 2
14729 0
14730 1
14731 2
14732 2
14733 1
14734 2
14735 1
14736 0
14737 2
14738 2
14739 1
14740 1
14741 1
14742 2
14743 2
14744 1
14745 1
14746 0
14747 1
14748 1
14749 0
14750 0
14751 0
14752 0
14753 0
14754 0
14755 2
14756 0
14757 0
14758 1
14759 0
14760 0
14761 0
14762 0
14763 1
14764 2
14765 0
14766 0
14767 0
14768 0
14769 0
14770 1
14771 1
14772 1
14773 0
14774 1
14775 1
14776 3
14777 3
14778 2
14779 1
14780 2
14781 0
14782 0
14783 2
14784 0
14785 0
14786 0
14787 0
14788 1
14789 1
14790 2
14791 1
14792 0
14793 1
14794 2
14795 0
14796 1
14797 2
14798 0
14799 0
14800 2
14801 1
14802 1
14803 0
14804 1
14805 1
14806 0
14807 1
14808 2
14809 2
14810 2
14811 1
14812 1
14813 1
14814 0
14815 0
14816 0
14817 1
14818 2
14819 2
14820 3
14821 2
14822 1
14823 1
14824 1
14825 1
14826 1
14827 0
14828 1
14829 0
14830 0
14831 2
14832 2
14833 1
14834 3
14835 1
14836 1
14837 1
14838 1
14839 0
14840 0
14841 0
14842 2
14843 2
14844 0
14845 1
14846 2
14847 0
14848 0
14849 2
14850 1
14851 2
14852 2
14853 2
14854 0
14855 1
14856 2
14857 2
14858 2
14859 0
14860 0
14861 0
14862 0
14863 2
14864 0
14865 2
14866 0
14867 0
14868 2
14869 0
14870 2
14871 2
14872 1
14873 1
14874 1
14875 1
14876 1
14877 1
14878 2
14879 3
14880 2
14881 0
14882 0
14883 2
14884 0
14885 1
14886 2
14887 1
14888 1
14889 2
14890 0
14891 2
14892 0
14893 0
14894 0
14895 2
14896 1
14897 0
14898 0
14899 1
14900 0
14901 1
14902 1
14903 1
14904 2
14905 1
14906 1
14907 2
14908 1
14909 0
14910 0
14911 0
14912 1
14913 1
14914 1
14915 1
14916 1
14917 0
14918 0
14919 0
14920 2
14921 0
14922 0
14923 2
14924 2
14925 0
14926 1
14927 1
14928 0
14929 2
14930 1
14931 0
14932 1
14933 0
14934 2
14935 2
14936 2
14937 0
14938 1
14939 1
14940 1
14941 0
14942 1
14943 1
14944 0
14945 1
14946 1
14947 3
14948 0
14949 1
14950 0
14951 2
14952 1
14953 0
14954 2
14955 1
14956 0
14957 0
14958 0
14959 0
14960 2
14961 0
14962 0
14963 0
14964 0
14965 0
14966 0
14967 1
14968 0
14969 2
14970 1
14971 0
14972 0
14973 1
14974 0
14975 0
14976 0
14977 0
14978 1
14979 1
14980 1
14981 0
14982 0
14983 0
14984 1
14985 0
14986 0
14987 1
14988 1
14989 2
14990 0
14991 2
14992 1
14993 0
14994 0
14995 0
14996 1
14997 0
14998 1
14999 1
15000 2
15001 1
15002 0
15003 1
15004 2
15005 1
15006 2
15007 2
15008 0
15009 0
15010 2
15011 0
15012 0
15013 0
15014 2
15015 3
15016 2
15017 1
15018 1
15019 2
15020 0
15021 1
15022 1
15023 1
15024 0
15025 1
15026 0
15027 0
15028 2
15029 2
15030 1
15031 2
15032 3
15033 1
15034 0
15035 1
15036 1
15037 2
15038 1
15039 1
15040 1
15041 2
15042 2
15043 0
15044 1
15045 3
15046 1
15047 2
15048 0
15049 1
15050 0
15051 1
15052 0
15053 2
15054 1
15055 1
15056 0
15057 1
15058 0
15059 0
15060 2
15061 1
15062 0
15063 2
15064 1
15065 2
15066 0
15067 0
15068 0
15069 1
15070 1
15071 0
15072 2
15073 1
15074 1
15075 1
15076 0
15077 0
15078 1
15079 0
15080 1
15081 1
15082 2
15083 0
15084 0
15085 3
15086 1
15087 0
15088 1
15089 2
15090 1
15091 1
15092 0
15093 1
15094 1
15095 1
15096 0
15097 1
15098 0
15099 2
15100 2
15101 0
15102 2
15103 2
15104 1
15105 1
15106 0
15107 0
15108 1
15109 2
15110 1
15111 2
15112 2
15113 0
15114 1
15115 0
15116 0
15117 1
15118 1
15119 0
15120 2
15121 1
15122 1
15123 0
15124 1
15125 0
15126 1
15127 0
15128 1
15129 0
15130 2
15131 1
15132 0
15133 1
15134 1
15135 2
15136 2
15137 0
15138 2
15139 0
15140 1
15141 0
15142 2
15143 2
15144 1
15145 2
15146 0
15147 0
15148 0
15149 2
15150 1
15151 0
15152 1
15153 0
15154 0
15155 0
15156 2
15157 2
15158 1
15159 0
15160 2
15161 1
15162 1
15163 0
15164 1
15165 0
15166 1
15167 2
15168 0
15169 0
15170 2
15171 2
15172 3
15173 1
15174 2
15175 1
15176 1
15177 2
15178 1
15179 0
15180 2
15181 0
15182 0
15183 1
15184 3
15185 2
15186 1
15187 3
15188 1
15189 1
15190 0
15191 2
15192 1
15193 3
15194 0
15195 1
15196 1
15197 0
15198 2
15199 0
15200 0
15201 1
15202 1
15203 1
15204 1
15205 0
15206 1
15207 2
15208 0
15209 1
15210 0
15211 2
15212 2
15213 2
15214 0
15215 1
15216 0
15217 1
15218 1
15219 1
15220 1
15221 2
15222 1
15223 1
15224 3
15225 1
15226 1
15227 0
15228 2
15229 1
15230 0
15231 3
15232 1
15233 0
15234 0
15235 2
15236 1
15237 0
15238 0
15239 1
15240 2
15241 1
15242 1
15243 0
15244 1
15245 2
15246 3
15247 1
15248 2
15249 1
15250 0
15251 2
15252 0
15253 1
15254 1
15255 2
15256 2
15257 1
15258 0
15259 1
15260 1
15261 2
15262 0
15263 0
15264 0
15265 3
15266 1
15267 0
15268 3
15269 1
15270 3
15271 1
15272 0
15273 0
15274 0
15275 2
15276 1
15277 3
15278 2
15279 1
15280 2
15281 0
15282 0
15283 1
15284 1
15285 2
15286 0
15287 1
15288 1
15289 1
15290 1
15291 0
15292 2
15293 3
15294 2
15295 0
15296 0
15297 0
15298 1
15299 0
15300 0
15301 1
15302 0
15303 0
15304 1
15305 0
15306 2
15307 1
15308 0
15309 2
15310 1
15311 1
15312 2
15313 0
15314 0
15315 1
15316 2
15317 0
15318 3
15319 1
15320 0
15321 0
15322 0
15323 2
15324 0
15325 1
15326 3
15327 0
15328 0
15329 2
15330 0
15331 1
15332 0
15333 2
15334 0
15335 1
15336 1
15337 1
15338 1
15339 1
15340 0
15341 0
15342 1
15343 2
15344 1
15345 0
15346 1
15347 1
15348 2
15349 2
15350 1
15351 1
15352 2
15353 0
15354 0
15355 1
15356 0
15357 2
15358 2
15359 2
15360 0
15361 1
15362 1
15363 1
15364 0
15365 2
15366 2
15367 1
15368 1
15369 0
15370 1
15371 2
15372 0
15373 1
15374 0
15375 0
15376 0
15377 0
15378 0
15379 1
15380 1
15381 0
15382 2
15383 2
15384 1
15385 1
15386 2
15387 2
15388 0
15389 1
15390 2
15391 3
15392 1
15393 0
15394 2
15395 2
15396 3
15397 0
15398 0
15399 3
15400 0
15401 0
15402 0
15403 1
15404 2
15405 0
15406 0
15407 2
15408 1
15409 1
15410 2
15411 0
15412 2
15413 3
15414 2
15415 0
15416 2
15417 0
15418 1
15419 3
15420 1
15421 1
15422 2
15423 1
15424 1
15425 0
15426 1
15427 0
15428 1
15429 2
15430 0
15431 2
15432 0
15433 0
15434 1
15435 2
15436 1
15437 1
15438 3
15439 0
15440 2
15441 2
15442 0
15443 0
15444 0
15445 1
15446 1
15447 2
15448 1
15449 0
15450 1
15451 0
15452 1
15453 1
15454 2
15455 0
15456 2
15457 0
15458 0
15459 2
15460 1
15461 0
15462 1
15463 2
15464 0
15465 1
15466 0
15467 0
15468 0
15469 1
15470 2
15471 0
15472 1
15473 1
15474 2
15475 1
15476 1
15477 1
15478 1
15479 0
15480 0
15481 1
15482 1
15483 1
15484 2
15485 1
15486 1
15487 2
15488 1
15489 1
15490 2
15491 1
15492 0
15493 0
15494 3
15495 0
15496 2
15497 0
15498 1
15499 1
15500 0
15501 1
15502 1
15503 1
15504 1
15505 1
15506 1
15507 0
15508 1
15509 1
15510 3
15511 0
15512 0
15513 0
15514 2
15515 2
15516 2
15517 1
15518 1
15519 0
15520 1
15521 0
15522 0
15523 1
15524 0
15525 0
15526 0
15527 1
15528 0
15529 0
15530 1
15531 2
15532 0
15533 1
15534 1
15535 1
15536 0
15537 3
15538 1
15539 0
15540 0
15541 2
15542 1
15543 1
15544 1
15545 0
15546 0
15547 2
15548 0
15549 1
15550 0
15551 1
15552 1
15553 1
15554 0
15555 0
15556 1
15557 1
15558 1
15559 2
15560 1
15561 1
15562 2
15563 2
15564 2
15565 1
15566 0
15567 1
15568 2
15569 1
15570 0
15571 0
15572 1
15573 0
15574 0
15575 1
15576 1
15577 0
15578 0
15579 1
15580 2
15581 2
15582 0
15583 0
15584 2
15585 0
15586 0
15587 1
15588 2
15589 3
15590 2
15591 2
15592 3
15593 0
15594 2
15595 0
15596 2
15597 0
15598 1
15599 2
15600 0
15601 0
15602 1
15603 0
15604 2
15605 1
15606 2
15607 0
15608 2
15609 2
15610 1
15611 2
15612 1
15613 1
15614 0
15615 2
15616 1
15617 1
15618 1
15619 2
15620 0
15621 0
15622 1
15623 0
15624 0
15625 0
15626 2
15627 0
15628 0
15629 1
15630 0
15631 0
15632 0
15633 2
15634 1
15635 1
15636 0
15637 0
15638 2
15639 1
15640 3
15641 1
15642 0
15643 1
15644 2
15645 2
15646 1
15647 2
15648 1
15649 3
15650 0
15651 0
15652 0
15653 2
15654 1
15655 2
15656 1
15657 2
15658 1
15659 0
15660 0
15661 1
15662 1
15663 0
15664 1
15665 0
15666 1
15667 1
15668 0
15669 1
15670 1
15671 2
15672 1
15673 1
15674 1
15675 0
15676 2
15677 0
15678 0
15679 2
15680 2
15681 0
15682 2
15683 0
15684 3
15685 1
15686 1
15687 2
15688 0
15689 2
15690 0
15691 2
15692 2
15693 0
15694 1
15695 1
15696 0
15697 2
15698 0
15699 0
15700 1
15701 1
15702 1
15703 1
15704 1
15705 0
15706 1
15707 0
15708 3
15709 0
15710 3
15711 1
15712 1
15713 1
15714 1
15715 0
15716 0
15717 0
15718 1
15719 1
15720 2
15721 1
15722 0
15723 0
15724 0
15725 1
15726 0
15727 0
15728 0
15729 1
15730 0
15731 1
15732 1
15733 2
15734 1
15735 1
15736 1
15737 0
15738 0
15739 1
15740 0
15741 1
15742 0
15743 1
15744 0
15745 2
15746 0
15747 1
15748 1
15749 0
15750 2
15751 1
15752 0
15753 2
15754 2
15755 0
15756 1
15757 0
15758 0
15759 0
15760 1
15761 1
15762 2
15763 1
15764 1
15765 1
15766 1
15767 0
15768 2
15769 2
15770 1
15771 0
15772 3
15773 2
15774 0
15775 0
15776 2
15777 0
15778 0
15779 0
15780 1
15781 1
15782 0
15783 1
15784 2
15785 0
15786 0
15787 0
15788 0
15789 2
15790 1
15791 2
15792 2
15793 1
15794 0
15795 0
15796 0
15797 2
15798 1
15799 1
15800 0
15801 2
15802 0
15803 1
15804 3
15805 1
15806 2
15807 1
15808 0
15809 0
15810 0
15811 0
15812 2
15813 0
15814 1
15815 1
15816 2
15817 2
15818 2
15819 2
15820 0
15821 3
15822 2
15823 2
15824 0
15825 0
15826 1
15827 2
15828 2
15829 0
15830 1
15831 1
15832 0
15833 1
15834 0
15835 2
15836 0
15837 1
15838 0
15839 0
15840 0
15841 1
15842 3
15843 1
15844 0
15845 1
15846 1
15847 1
15848 0
15849 0
15850 2
15851 2
15852 0
15853 3
15854 1
15855 1
15856 1
15857 2
15858 1
15859 1
15860 2
15861 1
15862 0
15863 1
15864 3
15865 2
15866 0
15867 2
15868 2
15869 0
15870 1
15871 0
15872 0
15873 0
15874 3
15875 2
15876 2
15877 0
15878 2
15879 0
15880 2
15881 0
15882 0
15883 1
15884 0
15885 1
15886 0
15887 1
15888 0
15889 2
15890 2
15891 2
15892 1
15893 2
15894 2
15895 2
15896 0
15897 1
15898 1
15899 1
15900 2
15901 0
15902 0
15903 1
15904 2
15905 1
15906 1
15907 1
15908 0
15909 0
15910 0
15911 1
15912 0
15913 1
15914 0
15915 2
15916 0
15917 0
15918 0
15919 0
15920 1
15921 1
15922 0
15923 0
15924 2
15925 0
15926 1
15927 2
15928 2
15929 3
15930 1
15931 1
15932 2
15933 1
15934 2
15935 0
15936 2
15937 1
15938 3
15939 1
15940 1
15941 2
15942 1
15943 0
15944 2
15945 3
15946 1
15947 0
15948 4
15949 0
15950 1
15951 3
15952 1
15953 0
15954 1
15955 3
15956 1
15957 0
15958 3
15959 0
15960 0
15961 0
15962 0
15963 1
15964 0
15965 2
15966 0
15967 0
15968 1
15969 2
15970 0
15971 0
15972 1
15973 0
15974 0
15975 0
15976 0
15977 1
15978 1
15979 2
15980 0
15981 1
15982 0
15983 2
15984 2
15985 0
15986 0
15987 0
15988 2
15989 1
15990 0
15991 1
15992 0
15993 0
15994 1
15995 0
15996 2
15997 0
15998 1
15999 1
16000 0
16001 0
16002 0
16003 4
16004 0
16005 2
16006 3
16007 3
16008 2
16009 1
16010 0
16011 1
16012 0
16013 1
16014 1
16015 2
16016 2
16017 0
16018 1
16019 1
16020 1
16021 0
16022 1
16023 2
16024 1
16025 0
16026 2
16027 1
16028 1
16029 0
16030 1
16031 0
16032 1
16033 1
16034 0
16035 2
16036 2
16037 2
16038 3
16039 2
16040 0
16041 0
16042 0
16043 2
16044 1
16045 1
16046 1
16047 2
16048 3
16049 1
16050 1
16051 0
16052 2
16053 1
16054 1
16055 3
16056 0
16057 2
16058 2
16059 2
16060 2
16061 1
16062 2
16063 0
16064 1
16065 2
16066 1
16067 2
16068 1
16069 0
16070 2
16071 0
16072 1
16073 2
16074 3
16075 3
16076 0
16077 1
16078 2
16079 3
16080 3
16081 2
16082 1
16083 1
16084 1
16085 1
16086 1
16087 0
16088 1
16089 1
16090 0
16091 1
16092 0
16093 0
16094 2
16095 2
16096 0
16097 0
16098 0
16099 1
16100 0
16101 2
16102 0
16103 1
16104 0
16105 1
16106 0
16107 1
16108 1
16109 1
16110 1
16111 0
16112 1
16113 0
16114 2
16115 2
16116 2
16117 1
16118 2
16119 2
16120 1
16121 0
16122 2
16123 1
16124 1
16125 2
16126 2
16127 0
16128 3
16129 4
16130 0
16131 1
16132 2
16133 1
16134 2
16135 2
16136 2
16137 0
16138 2
16139 2
16140 0
16141 0
16142 2
16143 1
16144 3
16145 1
16146 0
16147 3
16148 1
16149 0
16150 1
16151 1
16152 0
16153 0
16154 0
16155 0
16156 1
16157 0
16158 1
16159 2
16160 2
16161 1
16162 2
16163 1
16164 0
16165 0
16166 3
16167 1
16168 0
16169 0
16170 2
16171 3
16172 0
16173 0
16174 1
16175 0
16176 0
16177 0
16178 1
16179 1
16180 1
16181 0
16182 2
16183 1
16184 1
16185 1
16186 0
16187 1
16188 2
16189 1
16190 1
16191 1
16192 1
16193 0
16194 1
16195 0
16196 2
16197 0
16198 0
16199 0
16200 2
16201 0
16202 0
16203 2
16204 1
16205 2
16206 1
16207 0
16208 3
16209 1
16210 0
16211 0
16212 2
16213 2
16214 1
16215 1
16216 1
16217 3
16218 2
16219 3
16220 0
16221 2
16222 0
16223 2
16224 1
16225 3
16226 2
16227 0
16228 1
16229 0
16230 2
16231 0
16232 1
16233 2
16234 0
16235 1
16236 0
16237 2
16238 1
16239 1
16240 2
16241 2
16242 0
16243 1
16244 2
16245 0
16246 3
16247 1
16248 1
16249 0
16250 0
16251 3
16252 0
16253 2
16254 0
16255 3
16256 0
16257 3
16258 1
16259 0
16260 1
16261 1
16262 1
16263 0
16264 1
16265 2
16266 1
16267 1
16268 2
16269 0
16270 2
16271 2
16272 2
16273 0
16274 0
16275 3
16276 2
16277 0
16278 1
16279 0
16280 2
16281 0
16282 0
16283 0
16284 2
16285 2
16286 1
16287 0
16288 3
16289 1
16290 1
16291 0
16292 0
16293 2
16294 0
16295 2
16296 0
16297 1
16298 1
16299 2
16300 1
16301 1
16302 0
16303 1
16304 0
16305 1
16306 0
16307 1
16308 4
16309 0
16310 0
16311 0
16312 2
16313 1
16314 0
16315 0
16316 1
16317 1
16318 2
16319 0
16320 1
16321 2
16322 0
16323 2
16324 1
16325 1
16326 1
16327 0
16328 0
16329 2
16330 1
16331 4
16332 2
16333 0
16334 2
16335 1
16336 0
16337 0
16338 2
16339 1
16340 0
16341 0
16342 1
16343 2
16344 0
16345 1
16346 2
16347 0
16348 2
16349 1
16350 1
16351 2
16352 2
16353 3
16354 2
16355 2
16356 2
16357 1
16358 1
16359 0
16360 2
16361 0
16362 2
16363 2
16364 1
16365 1
16366 1
16367 0
16368 0
16369 0
16370 2
16371 2
16372 0
16373 0
16374 3
16375 1
16376 2
16377 2
16378 0
16379 1
16380 1
16381 1
16382 2
16383 3
16384 2
16385 1
16386 0
16387 2
16388 2
16389 2
16390 0
16391 3
16392 1
16393 3
16394 1
16395 0
16396 1
16397 0
16398 1
16399 0
16400 1
16401 2
16402 2
16403 1
16404 1
16405 2
16406 1
16407 1
16408 2
16409 1
16410 1
16411 2
16412 2
16413 2
16414 1
16415 1
16416 0
16417 0
16418 1
16419 1
16420 2
16421 1
16422 2
16423 3
16424 0
16425 1
16426 0
16427 3
16428 0
16429 2
16430 1
16431 1
16432 1
16433 3
16434 0
16435 0
16436 0
16437 1
16438 1
16439 0
16440 1
16441 1
16442 1
16443 1
16444 0
16445 1
16446 0
16447 0
16448 0
16449 2
16450 1
16451 2
16452 0
16453 0
16454 3
16455 2
16456 3
16457 1
16458 0
16459 1
16460 2
16461 1
16462 2
16463 2
16464 2
16465 0
16466 1
16467 0
16468 2
16469 1
16470 0
16471 2
16472 0
16473 3
16474 1
16475 0
16476 1
16477 3
16478 1
16479 0
16480 3
16481 0
16482 0
16483 0
16484 1
16485 0
16486 0
16487 1
16488 1
16489 1
16490 3
16491 0
16492 0
16493 1
16494 1
16495 1
16496 0
16497 1
16498 1
16499 0
16500 1
16501 1
16502 0
16503 0
16504 3
16505 1
16506 0
16507 1
16508 1
16509 1
16510 1
16511 2
16512 2
16513 2
16514 0
16515 2
16516 0
16517 1
16518 1
16519 3
16520 1
16521 1
16522 1
16523 2
16524 1
16525 0
16526 1
16527 0
16528 0
16529 0
16530 2
16531 0
16532 1
16533 0
16534 0
16535 1
16536 1
16537 0
16538 1
16539 2
16540 2
16541 0
16542 2
16543 1
16544 1
16545 0
16546 0
16547 3
16548 0
16549 2
16550 1
16551 0
16552 2
16553 0
16554 1
16555 2
16556 0
16557 0
16558 0
16559 2
16560 1
16561 1
16562 1
16563 2
16564 1
16565 0
16566 1
16567 2
16568 0
16569 2
16570 1
16571 3
16572 3
16573 1
16574 0
16575 1
16576 2
16577 1
16578 0
16579 0
16580 0
16581 0
16582 2
16583 0
16584 2
16585 0
16586 1
16587 0
16588 1
16589 0
16590 1
16591 2
16592 1
16593 2
16594 0
16595 1
16596 0
16597 0
16598 1
16599 2
16600 0
16601 0
16602 0
16603 2
16604 1
16605 0
16606 2
16607 0
16608 1
16609 1
16610 2
16611 1
16612 2
16613 2
16614 1
16615 0
16616 1
16617 1
16618 2
16619 1
16620 2
16621 1
16622 0
16623 1
16624 0
16625 0
16626 3
16627 0
16628 0
16629 0
16630 0
16631 1
16632 0
16633 0
16634 2
16635 2
16636 0
16637 2
16638 1
16639 1
16640 0
16641 2
16642 1
16643 2
16644 1
16645 1
16646 1
16647 1
16648 1
16649 2
16650 1
16651 2
16652 2
16653 1
16654 1
16655 0
16656 2
16657 3
16658 0
16659 1
16660 0
16661 0
16662 2
16663 2
16664 0
16665 3
16666 3
16667 2
16668 1
16669 3
16670 0
16671 1
16672 0
16673 1
16674 2
16675 0
16676 2
16677 2
16678 0
16679 2
16680 2
16681 2
16682 0
16683 2
16684 2
16685 1
16686 2
16687 1
16688 0
16689 3
16690 2
16691 2
16692 0
16693 4
16694 2
16695 1
16696 1
16697 1
16698 0
16699 2
16700 2
16701 0
16702 1
16703 0
16704 1
16705 0
16706 2
16707 1
16708 1
16709 2
16710 0
16711 1
16712 0
16713 0
16714 1
16715 0
16716 2
16717 0
16718 1
16719 1
16720 3
16721 0
16722 0
16723 0
16724 0
16725 2
16726 1
16727 2
16728 2
16729 1
16730 0
16731 1
16732 0
16733 2
16734 1
16735 1
16736 3
16737 0
16738 2
16739 0
16740 2
16741 2
16742 1
16743 2
16744 1
16745 3
16746 0
16747 1
16748 1
16749 2
16750 0
16751 0
16752 2
16753 2
16754 2
16755 0
16756 2
16757 0
16758 0
16759 1
16760 0
16761 0
16762 2
16763 0
16764 2
16765 1
16766 0
16767 1
16768 1
16769 1
16770 0
16771 2
16772 2
16773 0
16774 1
16775 0
16776 1
16777 0
16778 2
16779 2
16780 1
16781 3
16782 2
16783 3
16784 2
16785 1
16786 0
16787 1
16788 0
16789 3
16790 1
16791 0
16792 0
16793 0
16794 0
16795 0
16796 1
16797 2
16798 0
16799 1
16800 1
16801 1
16802 0
16803 1
16804 0
16805 2
16806 0
16807 2
16808 2
16809 0
16810 1
16811 0
16812 2
16813 0
16814 1
16815 2
16816 2
16817 1
16818 0
16819 0
16820 2
16821 1
16822 1
16823 3
16824 0
16825 1
16826 0
16827 2
16828 1
16829 0
16830 2
16831 1
16832 1
16833 1
16834 0
16835 2
16836 1
16837 1
16838 0
16839 1
16840 3
16841 1
16842 0
16843 1
16844 1
16845 3
16846 0
16847 0
16848 3
16849 1
16850 0
16851 0
16852 0
16853 1
16854 2
16855 1
16856 0
16857 0
16858 1
16859 2
16860 0
16861 0
16862 0
16863 1
16864 2
16865 1
16866 0
16867 2
16868 1
16869 0
16870 1
16871 2
16872 0
16873 1
16874 2
16875 1
16876 0
16877 1
16878 0
16879 2
16880 0
16881 2
16882 0
16883 0
16884 1
16885 0
16886 3
16887 2
16888 1
16889 2
16890 0
16891 1
16892 0
16893 2
16894 0
16895 0
16896 3
16897 0
16898 0
16899 0
16900 0
16901 2
16902 0
16903 0
16904 2
16905 2
16906 0
16907 1
16908 0
16909 0
16910 1
16911 0
16912 1
16913 0
16914 2
16915 0
16916 2
16917 2
16918 1
16919 1
16920 1
16921 1
16922 3
16923 2
16924 0
16925 0
16926 1
16927 2
16928 0
16929 1
16930 1
16931 1
16932 1
16933 2
16934 2
16935 1
16936 0
16937 1
16938 0
16939 1
16940 3
16941 2
16942 1
16943 2
16944 0
16945 1
16946 1
16947 0
16948 0
16949 2
16950 2
16951 0
16952 1
16953 3
16954 0
16955 0
16956 0
16957 1
16958 1
16959 0
16960 1
16961 1
16962 0
16963 0
16964 1
16965 0
16966 1
16967 0
16968 0
16969 0
16970 1
16971 1
16972 0
16973 1
16974 2
16975 3
16976 1
16977 1
16978 2
16979 1
16980 0
16981 3
16982 2
16983 1
16984 2
16985 0
16986 2
16987 2
16988 0
16989 2
16990 2
16991 1
16992 0
16993 0
16994 2
16995 1
16996 0
16997 2
16998 0
16999 0
17000 0
17001 1
17002 0
17003 1
17004 2
17005 1
17006 0
17007 1
17008 3
17009 2
17010 1
17011 0
17012 2
17013 2
17014 2
17015 0
17016 2
17017 2
17018 1
17019 1
17020 0
17021 0
17022 0
17023 2
17024 1
17025 2
17026 1
17027 0
17028 0
17029 0
17030 1
17031 0
17032 1
17033 1
17034 1
17035 2
17036 2
17037 0
17038 0
17039 3
17040 0
17041 0
17042 0
17043 1
17044 1
17045 2
17046 0
17047 2
17048 1
17049 1
17050 2
17051 0
17052 0
17053 2
17054 1
17055 0
17056 2
17057 1
17058 1
17059 2
17060 2
17061 2
17062 1
17063 1
17064 2
17065 1
17066 2
17067 2
17068 0
17069 1
17070 1
17071 0
17072 1
17073 1
17074 1
17075 0
17076 1
17077 1
17078 2
17079 0
17080 0
17081 1
17082 1
17083 2
17084 2
17085 0
17086 0
17087 1
17088 1
17089 1
17090 1
17091 0
17092 1
17093 3
17094 2
17095 1
17096 0
17097 0
17098 1
17099 0
17100 3
17101 2
17102 2
17103 2
17104 0
17105 2
17106 2
17107 2
17108 1
17109 2
17110 0
17111 2
17112 2
17113 1
17114 1
17115 2
17116 1
17117 0
17118 2
17119 3
17120 0
17121 2
17122 0
17123 1
17124 2
17125 0
17126 0
17127 2
17128 0
17129 1
17130 1
17131 1
17132 3
17133 1
17134 2
17135 1
17136 1
17137 0
17138 1
17139 1
17140 0
17141 1
17142 0
17143 2
17144 3
17145 0
17146 1
17147 1
17148 1
17149 2
17150 1
17151 2
17152 1
17153 1
17154 1
17155 0
17156 2
17157 1
17158 0
17159 1
17160 1
17161 2
17162 0
17163 1
17164 2
17165 0
17166 1
17167 1
17168 1
17169 0
17170 0
17171 0
17172 2
17173 1
17174 0
17175 2
17176 1
17177 1
17178 1
17179 0
17180 3
17181 0
17182 3
17183 1
17184 2
17185 2
17186 2
17187 0
17188 0
17189 1
17190 3
17191 1
17192 0
17193 2
17194 3
17195 1
17196 2
17197 2
17198 0
17199 1
17200 0
17201 2
17202 2
17203 2
17204 1
17205 0
17206 1
17207 0
17208 1
17209 1
17210 1
17211 1
17212 0
17213 1
17214 2
17215 1
17216 3
17217 1
17218 2
17219 1
17220 1
17221 0
17222 3
17223 1
17224 1
17225 3
17226 0
17227 2
17228 1
17229 2
17230 0
17231 2
17232 2
17233 0
17234 3
17235 1
17236 0
17237 1
17238 3
17239 3
17240 4
17241 0
17242 2
17243 2
17244 1
17245 1
17246 2
17247 2
17248 2
17249 0
17250 0
17251 2
17252 0
17253 0
17254 0
17255 2
17256 2
17257 2
17258 0
17259 1
17260 2
17261 0
17262 0
17263 2
17264 1
17265 0
17266 1
17267 0
17268 1
17269 1
17270 2
17271 2
17272 0
17273 0
17274 0
17275 2
17276 0
17277 1
17278 2
17279 1
17280 2
17281 2
17282 1
17283 2
17284 2
17285 0
17286 1
17287 0
17288 1
17289 1
17290 2
17291 2
17292 0
17293 2
17294 0
17295 1
17296 1
17297 2
17298 3
17299 1
17300 0
17301 1
17302 2
17303 1
17304 0
17305 2
17306 0
17307 1
17308 1
17309 0
17310 0
17311 1
17312 2
17313 2
17314 3
17315 2
17316 1
17317 0
17318 1
17319 0
17320 1
17321 1
17322 2
17323 3
17324 0
17325 0
17326 1
17327 2
17328 0
17329 0
17330 0
17331 1
17332 2
17333 1
17334 1
17335 4
17336 3
17337 0
17338 1
17339 0
17340 0
17341 0
17342 1
17343 1
17344 0
17345 1
17346 1
17347 3
17348 0
17349 2
17350 3
17351 2
17352 1
17353 1
17354 0
17355 0
17356 2
17357 2
17358 1
17359 2
17360 2
17361 1
17362 2
17363 1
17364 1
17365 0
17366 3
17367 2
17368 0
17369 2
17370 1
17371 0
17372 1
17373 1
17374 2
17375 1
17376 2
17377 2
17378 0
17379 1
17380 3
17381 2
17382 0
17383 1
17384 1
17385 0
17386 1
17387 1
17388 2
17389 2
17390 2
17391 2
17392 0
17393 1
17394 2
17395 0
17396 0
17397 1
17398 1
17399 1
17400 3
17401 0
17402 1
17403 3
17404 0
17405 0
17406 2
17407 1
17408 0
17409 2
17410 2
17411 0
17412 0
17413 1
17414 0
17415 2
17416 1
17417 0
17418 0
17419 0
17420 1
17421 0
17422 0
17423 1
17424 1
17425 0
17426 0
17427 2
17428 0
17429 3
17430 1
17431 1
17432 3
17433 2
17434 0
17435 2
17436 0
17437 1
17438 1
17439 1
17440 2
17441 0
17442 0
17443 2
17444 2
17445 0
17446 2
17447 1
17448 2
17449 0
17450 0
17451 0
17452 0
17453 1
17454 0
17455 2
17456 0
17457 0
17458 2
17459 2
17460 2
17461 2
17462 3
17463 1
17464 2
17465 0
17466 1
17467 2
17468 0
17469 0
17470 0
17471 1
17472 0
17473 1
17474 1
17475 1
17476 2
17477 0
17478 0
17479 2
17480 0
17481 1
17482 3
17483 0
17484 1
17485 1
17486 2
17487 1
17488 0
17489 2
17490 1
17491 2
17492 2
17493 1
17494 1
17495 1
17496 1
17497 0
17498 0
17499 2
17500 1
17501 0
17502 0
17503 0
17504 2
17505 2
17506 2
17507 1
17508 2
17509 1
17510 1
17511 1
17512 1
17513 1
17514 0
17515 0
17516 2
17517 1
17518 1
17519 1
17520 1
17521 2
17522 0
17523 0
17524 1
17525 2
17526 1
17527 2
17528 3
17529 1
17530 1
17531 3
17532 0
17533 0
17534 0
17535 0
17536 0
17537 1
17538 0
17539 2
17540 2
17541 2
17542 2
17543 0
17544 2
17545 2
17546 0
17547 0
17548 3
17549 1
17550 2
17551 2
17552 1
17553 1
17554 2
17555 3
17556 2
17557 2
17558 2
17559 1
17560 2
17561 3
17562 0
17563 1
17564 1
17565 0
17566 1
17567 0
17568 0
17569 2
17570 1
17571 0
17572 1
17573 1
17574 2
17575 1
17576 2
17577 0
17578 1
17579 1
17580 1
17581 0
17582 1
17583 2
17584 3
17585 1
17586 1
17587 1
17588 0
17589 2
17590 1
17591 2
17592 2
17593 4
17594 2
17595 2
17596 3
17597 2
17598 0
17599 2
17600 2
17601 2
17602 1
17603 2
17604 1
17605 0
17606 2
17607 2
17608 1
17609 1
17610 1
17611 0
17612 1
17613 0
17614 2
17615 1
17616 0
17617 2
17618 0
17619 2
17620 1
17621 0
17622 1
17623 2
17624 2
17625 3
17626 1
17627 1
17628 0
17629 0
17630 2
17631 2
17632 0
17633 3
17634 1
17635 1
17636 0
17637 2
17638 0
17639 1
17640 1
17641 1
17642 1
17643 2
17644 1
17645 0
17646 0
17647 0
17648 3
17649 1
17650 2
17651 0
17652 3
17653 0
17654 3
17655 3
17656 0
17657 3
17658 2
17659 0
17660 2
17661 2
17662 0
17663 0
17664 3
17665 2
17666 1
17667 1
17668 0
17669 3
17670 0
17671 1
17672 0
17673 2
17674 2
17675 1
17676 2
17677 0
17678 2
17679 1
17680 1
17681 0
17682 2
17683 3
17684 0
17685 1
17686 1
17687 2
17688 3
17689 0
17690 1
17691 0
17692 2
17693 0
17694 2
17695 2
17696 1
17697 2
17698 0
17699 1
17700 2
17701 1
17702 1
17703 1
17704 0
17705 2
17706 0
17707 1
17708 2
17709 2
17710 1
17711 2
17712 2
17713 1
17714 0
17715 2
17716 1
17717 0
17718 2
17719 2
17720 1
17721 2
17722 0
17723 3
17724 0
17725 1
17726 3
17727 1
17728 0
17729 0
17730 0
17731 2
17732 0
17733 1
17734 2
17735 1
17736 2
17737 1
17738 2
17739 2
17740 1
17741 0
17742 1
17743 0
17744 1
17745 0
17746 0
17747 0
17748 0
17749 3
17750 1
17751 3
17752 2
17753 0
17754 0
17755 1
17756 0
17757 2
17758 0
17759 0
17760 0
17761 1
17762 1
17763 3
17764 1
17765 2
17766 2
17767 1
17768 2
17769 3
17770 0
17771 1
17772 0
17773 0
17774 2
17775 1
17776 1
17777 0
17778 2
17779 0
17780 1
17781 0
17782 0
17783 0
17784 1
17785 1
17786 0
17787 1
17788 1
17789 2
17790 0
17791 1
17792 1
17793 1
17794 0
17795 0
17796 2
17797 1
17798 2
17799 1
17800 1
17801 0
17802 2
17803 2
17804 0
17805 2
17806 1
17807 2
17808 1
17809 1
17810 2
17811 1
17812 0
17813 1
17814 2
17815 1
17816 2
17817 2
17818 0
17819 2
17820 0
17821 1
17822 1
17823 2
17824 1
17825 2
17826 3
17827 1
17828 0
17829 1
17830 2
17831 0
17832 1
17833 1
17834 1
17835 0
17836 1
17837 1
17838 3
17839 1
17840 1
17841 0
17842 1
17843 1
17844 0
17845 2
17846 1
17847 0
17848 0
17849 0
17850 2
17851 1
17852 2
17853 2
17854 2
17855 1
17856 0
17857 1
17858 1
17859 0
17860 2
17861 0
17862 3
17863 2
17864 2
17865 0
17866 1
17867 0
17868 2
17869 3
17870 1
17871 1
17872 2
17873 0
17874 2
17875 1
17876 0
17877 1
17878 0
17879 0
17880 2
17881 1
17882 0
17883 1
17884 2
17885 0
17886 1
17887 1
17888 0
17889 2
17890 0
17891 1
17892 1
17893 1
17894 1
17895 2
17896 1
17897 0
17898 3
17899 0
17900 0
17901 2
17902 2
17903 0
17904 2
17905 1
17906 1
17907 2
17908 0
17909 0
17910 3
17911 1
17912 0
17913 1
17914 2
17915 1
17916 1
17917 0
17918 2
17919 1
17920 2
17921 0
17922 0
17923 2
17924 0
17925 2
17926 1
17927 2
17928 2
17929 2
17930 3
17931 1
17932 2
17933 2
17934 0
17935 1
17936 2
17937 2
17938 0
17939 2
17940 0
17941 0
17942 1
17943 2
17944 1
17945 2
17946 1
17947 2
17948 0
17949 1
17950 2
17951 0
17952 1
17953 0
17954 3
17955 0
17956 0
17957 0
17958 2
17959 2
17960 0
17961 1
17962 2
17963 0
17964 1
17965 1
17966 0
17967 1
17968 1
17969 2
17970 0
17971 0
17972 2
17973 2
17974 2
17975 1
17976 1
17977 3
17978 3
17979 0
17980 1
17981 1
17982 0
17983 0
17984 2
17985 0
17986 1
17987 0
17988 2
17989 0
17990 1
17991 2
17992 2
17993 1
17994 1
17995 3
17996 3
17997 1
17998 0
17999 2
18000 0
18001 0
18002 0
18003 1
18004 0
18005 1
18006 0
18007 1
18008 1
18009 2
18010 1
18011 2
18012 2
18013 0
18014 2
18015 2
18016 0
18017 1
18018 2
18019 1
18020 2
18021 2
18022 0
18023 2
18024 2
18025 0
18026 3
18027 1
18028 2
18029 3
18030 3
18031 0
18032 2
18033 1
18034 0
18035 2
18036 0
18037 1
18038 0
18039 3
18040 0
18041 2
18042 1
18043 0
18044 1
18045 1
18046 0
18047 3
18048 0
18049 1
18050 1
18051 0
18052 3
18053 0
18054 2
18055 0
18056 3
18057 0
18058 1
18059 0
18060 0
18061 1
18062 1
18063 0
18064 1
18065 0
18066 0
18067 1
18068 0
18069 0
18070 1
18071 0
18072 1
18073 2
18074 0
18075 0
18076 0
18077 0
18078 1
18079 1
18080 0
18081 2
18082 0
18083 3
18084 1
18085 0
18086 1
18087 2
18088 0
18089 1
18090 2
18091 1
18092 0
18093 1
18094 2
18095 0
18096 0
18097 3
18098 0
18099 3
18100 2
18101 2
18102 2
18103 0
18104 2
18105 0
18106 1
18107 1
18108 0
18109 2
18110 0
18111 1
18112 0
18113 0
18114 1
18115 0
18116 3
18117 0
18118 1
18119 1
18120 0
18121 2
18122 1
18123 2
18124 1
18125 3
18126 0
18127 0
18128 0
18129 2
18130 0
18131 1
18132 0
18133 1
18134 0
18135 0
18136 1
18137 1
18138 1
18139 0
18140 1
18141 2
18142 1
18143 2
18144 0
18145 2
18146 2
18147 0
18148 0
18149 1
18150 2
18151 2
18152 1
18153 2
18154 0
18155 1
18156 2
18157 1
18158 0
18159 1
18160 1
18161 1
18162 3
18163 0
18164 0
18165 2
18166 0
18167 0
18168 2
18169 0
18170 1
18171 2
18172 3
18173 0
18174 1
18175 1
18176 0
18177 3
18178 0
18179 1
18180 0
18181 1
18182 2
18183 3
18184 2
18185 1
18186 2
18187 1
18188 1
18189 2
18190 2
18191 2
18192 1
18193 1
18194 1
18195 1
18196 0
18197 1
18198 0
18199 2
18200 2
18201 2
18202 2
18203 2
18204 3
18205 0
18206 0
18207 2
18208 0
18209 2
18210 3
18211 3
18212 2
18213 2
18214 0
18215 0
18216 2
18217 0
18218 2
18219 0
18220 0
18221 2
18222 1
18223 1
18224 1
18225 0
18226 0
18227 2
18228 1
18229 1
18230 3
18231 2
18232 1
18233 2
18234 1
18235 4
18236 1
18237 2
18238 3
18239 0
18240 2
18241 1
18242 0
18243 1
18244 1
18245 2
18246 0
18247 1
18248 3
18249 0
18250 1
18251 2
18252 2
18253 0
18254 1
18255 2
18256 0
18257 1
18258 0
18259 0
18260 0
18261 0
18262 1
18263 1
18264 1
18265 2
18266 0
18267 3
18268 1
18269 0
18270 3
18271 0
18272 1
18273 0
18274 0
18275 1
18276 2
18277 2
18278 0
18279 2
18280 1
18281 1
18282 1
18283 0
18284 1
18285 0
18286 0
18287 2
18288 1
18289 3
18290 1
18291 2
18292 1
18293 1
18294 2
18295 1
18296 2
18297 0
18298 1
18299 0
18300 1
18301 2
18302 0
18303 1
18304 1
18305 2
18306 2
18307 1
18308 0
18309 2
18310 3
18311 0
18312 0
18313 3
18314 0
18315 2
18316 2
18317 1
18318 1
18319 1
18320 1
18321 1
18322 1
18323 0
18324 2
18325 1
18326 3
18327 3
18328 1
18329 1
18330 0
18331 3
18332 0
18333 0
18334 3
18335 1
18336 0
18337 1
18338 1
18339 0
18340 1
18341 0
18342 0
18343 1
18344 1
18345 0
18346 2
18347 1
18348 1
18349 1
18350 0
18351 2
18352 1
18353 2
18354 2
18355 0
18356 1
18357 0
18358 2
18359 2
18360 1
18361 0
18362 2
18363 2
18364 1
18365 0
18366 0
18367 1
18368 2
18369 3
18370 0
18371 3
18372 1
18373 2
18374 1
18375 0
18376 0
18377 2
18378 2
18379 0
18380 3
18381 2
18382 3
18383 3
18384 0
18385 2
18386 1
18387 2
18388 3
18389 1
18390 2
18391 1
18392 1
18393 2
18394 0
18395 1
18396 2
18397 1
18398 2
18399 1
18400 1
18401 3
18402 1
18403 1
18404 1
18405 1
18406 0
18407 2
18408 2
18409 1
18410 1
18411 3
18412 2
18413 1
18414 0
18415 3
18416 1
18417 1
18418 2
18419 2
18420 0
18421 1
18422 0
18423 1
18424 0
18425 3
18426 0
18427 2
18428 3
18429 1
18430 2
18431 2
18432 2
18433 2
18434 1
18435 1
18436 0
18437 1
18438 2
18439 3
18440 0
18441 1
18442 3
18443 2
18444 2
18445 1
18446 0
18447 0
18448 1
18449 1
18450 3
18451 1
18452 1
18453 2
18454 2
18455 3
18456 1
18457 0
18458 1
18459 0
18460 0
18461 2
18462 3
18463 0
18464 0
18465 1
18466 2
18467 1
18468 3
18469 0
18470 1
18471 1
18472 1
18473 3
18474 1
18475 1
18476 1
18477 0
18478 1
18479 0
18480 1
18481 1
18482 1
18483 3
18484 3
18485 2
18486 0
18487 3
18488 0
18489 1
18490 1
18491 2
18492 1
18493 1
18494 2
18495 1
18496 0
18497 1
18498 0
18499 3
18500 2
18501 1
18502 1
18503 0
18504 1
18505 0
18506 0
18507 1
18508 2
18509 1
18510 0
18511 2
18512 0
18513 3
18514 0
18515 1
18516 2
18517 0
18518 1
18519 1
18520 1
18521 3
18522 2
18523 0
18524 0
18525 2
18526 1
18527 3
18528 1
18529 2
18530 3
18531 2
18532 1
18533 2
18534 1
18535 1
18536 1
18537 0
18538 3
18539 1
18540 1
18541 2
18542 1
18543 3
18544 0
18545 0
18546 3
18547 2
18548 2
18549 0
18550 3
18551 1
18552 0
18553 0
18554 2
18555 1
18556 1
18557 0
18558 2
18559 0
18560 3
18561 1
18562 1
18563 0
18564 2
18565 1
18566 2
18567 3
18568 3
18569 0
18570 0
18571 1
18572 1
18573 0
18574 1
18575 0
18576 2
18577 1
18578 1
18579 1
18580 2
18581 1
18582 2
18583 0
18584 1
18585 0
18586 2
18587 1
18588 1
18589 0
18590 1
18591 1
18592 2
18593 1
18594 1
18595 0
18596 1
18597 3
18598 0
18599 2
18600 1
18601 1
18602 0
18603 1
18604 1
18605 2
18606 0
18607 2
18608 1
18609 1
18610 1
18611 1
18612 0
18613 1
18614 2
18615 2
18616 0
18617 1
18618 3
18619 2
18620 3
18621 2
18622 1
18623 1
18624 3
18625 0
18626 1
18627 0
18628 2
18629 2
18630 2
18631 0
18632 0
18633 1
18634 0
18635 3
18636 2
18637 1
18638 1
18639 0
18640 0
18641 1
18642 1
18643 2
18644 0
18645 2
18646 1
18647 1
18648 1
18649 0
18650 1
18651 0
18652 1
18653 1
18654 1
18655 0
18656 0
18657 3
18658 2
18659 1
18660 2
18661 0
18662 2
18663 1
18664 0
18665 2
18666 1
18667 1
18668 1
18669 2
18670 1
18671 0
18672 0
18673 0
18674 0
18675 3
18676 2
18677 3
18678 0
18679 1
18680 1
18681 2
18682 2
18683 3
18684 1
18685 2
18686 1
18687 1
18688 2
18689 2
18690 0
18691 1
18692 2
18693 0
18694 1
18695 1
18696 0
18697 1
18698 1
18699 1
18700 2
18701 1
18702 2
18703 1
18704 2
18705 0
18706 0
18707 1
18708 0
18709 0
18710 2
18711 1
18712 0
18713 1
18714 3
18715 2
18716 0
18717 0
18718 0
18719 1
18720 0
18721 2
18722 1
18723 0
18724 3
18725 1
18726 0
18727 0
18728 1
18729 0
18730 0
18731 1
18732 3
18733 0
18734 1
18735 2
18736 1
18737 1
18738 0
18739 1
18740 1
18741 1
18742 1
18743 2
18744 0
18745 0
18746 2
18747 0
18748 0
18749 0
18750 0
18751 1
18752 3
18753 1
18754 1
18755 0
18756 3
18757 2
18758 1
18759 0
18760 2
18761 0
18762 2
18763 0
18764 2
18765 1
18766 1
18767 1
18768 0
18769 1
18770 2
18771 0
18772 1
18773 3
18774 1
18775 1
18776 1
18777 1
18778 1
18779 0
18780 2
18781 0
18782 0
18783 0
18784 1
18785 3
18786 1
18787 1
18788 2
18789 1
18790 2
18791 0
18792 1
18793 1
18794 1
18795 3
18796 0
18797 2
18798 1
18799 0
18800 1
18801 0
18802 2
18803 2
18804 0
18805 0
18806 1
18807 2
18808 0
18809 0
18810 1
18811 0
18812 0
18813 1
18814 2
18815 0
18816 0
18817 1
18818 2
18819 1
18820 1
18821 0
18822 2
18823 0
18824 2
18825 2
18826 0
18827 1
18828 0
18829 0
18830 2
18831 2
18832 2
18833 0
18834 0
18835 1
18836 0
18837 2
18838 0
18839 0
18840 0
18841 1
18842 0
18843 1
18844 2
18845 0
18846 1
18847 0
18848 1
18849 1
18850 1
18851 1
18852 2
18853 2
18854 0
18855 0
18856 2
18857 3
18858 1
18859 0
18860 2
18861 1
18862 1
18863 2
18864 2
18865 1
18866 3
18867 2
18868 3
18869 0
18870 3
18871 3
18872 0
18873 1
18874 1
18875 1
18876 1
18877 3
18878 1
18879 0
18880 0
18881 2
18882 0
18883 0
18884 0
18885 2
18886 3
18887 0
18888 0
18889 3
18890 1
18891 0
18892 2
18893 1
18894 0
18895 1
18896 2
18897 0
18898 1
18899 1
18900 1
18901 1
18902 0
18903 0
18904 0
18905 2
18906 1
18907 1
18908 0
18909 3
18910 0
18911 1
18912 1
18913 2
18914 1
18915 3
18916 0
18917 2
18918 1
18919 1
18920 0
18921 0
18922 1
18923 0
18924 2
18925 2
18926 2
18927 0
18928 0
18929 2
18930 1
18931 1
18932 1
18933 1
18934 1
18935 1
18936 2
18937 1
18938 2
18939 0
18940 1
18941 0
18942 0
18943 1
18944 1
18945 0
18946 3
18947 4
18948 1
18949 0
18950 1
18951 0
18952 0
18953 2
18954 0
18955 3
18956 0
18957 3
18958 1
18959 3
18960 1
18961 1
18962 2
18963 2
18964 2
18965 3
18966 1
18967 2
18968 2
18969 2
18970 2
18971 2
18972 2
18973 3
18974 2
18975 1
18976 0
18977 3
18978 3
18979 0
18980 1
18981 2
18982 2
18983 0
18984 2
18985 0
18986 0
18987 0
18988 1
18989 2
18990 1
18991 1
18992 1
18993 0
18994 2
18995 0
18996 1
18997 2
18998 3
18999 3
19000 3
19001 3
19002 0
19003 0
19004 1
19005 2
19006 1
19007 1
19008 3
19009 0
19010 2
19011 2
19012 2
19013 2
19014 0
19015 0
19016 2
19017 1
19018 2
19019 2
19020 1
19021 1
19022 1
19023 3
19024 3
19025 2
19026 1
19027 1
19028 1
19029 2
19030 0
19031 1
19032 2
19033 0
19034 1
19035 0
19036 2
19037 2
19038 1
19039 1
19040 1
19041 2
19042 2
19043 3
19044 2
19045 3
19046 2
19047 0
19048 1
19049 2
19050 0
19051 2
19052 1
19053 2
19054 1
19055 1
19056 2
19057 0
19058 3
19059 0
19060 2
19061 1
19062 2
19063 1
19064 2
19065 3
19066 1
19067 0
19068 0
19069 1
19070 1
19071 0
19072 1
19073 0
19074 2
19075 0
19076 3
19077 2
19078 2
19079 4
19080 1
19081 1
19082 0
19083 2
19084 3
19085 0
19086 3
19087 1
19088 1
19089 0
19090 2
19091 0
19092 0
19093 1
19094 0
19095 1
19096 3
19097 0
19098 2
19099 0
19100 0
19101 1
19102 2
19103 1
19104 0
19105 0
19106 0
19107 2
19108 2
19109 1
19110 1
19111 0
19112 0
19113 2
19114 2
19115 1
19116 0
19117 1
19118 0
19119 0
19120 1
19121 2
19122 1
19123 1
19124 2
19125 1
19126 3
19127 0
19128 0
19129 2
19130 0
19131 1
19132 1
19133 0
19134 1
19135 2
19136 1
19137 2
19138 1
19139 0
19140 0
19141 1
19142 1
19143 2
19144 0
19145 3
19146 1
19147 2
19148 0
19149 0
19150 2
19151 1
19152 1
19153 0
19154 0
19155 0
19156 0
19157 2
19158 1
19159 0
19160 3
19161 0
19162 0
19163 1
19164 0
19165 2
19166 0
19167 0
19168 0
19169 1
19170 4
19171 2
19172 4
19173 1
19174 0
19175 0
19176 1
19177 1
19178 2
19179 0
19180 0
19181 0
19182 0
19183 2
19184 2
19185 0
19186 2
19187 1
19188 3
19189 0
19190 0
19191 0
19192 1
19193 2
19194 1
19195 1
19196 2
19197 2
19198 1
19199 0
19200 1
19201 2
19202 2
19203 1
19204 2
19205 0
19206 1
19207 2
19208 0
19209 0
19210 2
19211 1
19212 3
19213 1
19214 0
19215 1
19216 1
19217 0
19218 0
19219 0
19220 1
19221 1
19222 2
19223 2
19224 2
19225 3
19226 2
19227 3
19228 1
19229 2
19230 0
19231 2
19232 2
19233 3
19234 0
19235 0
19236 0
19237 1
19238 2
19239 0
19240 3
19241 2
19242 0
19243 1
19244 0
19245 1
19246 2
19247 0
19248 0
19249 1
19250 1
19251 3
19252 3
19253 0
19254 3
19255 1
19256 2
19257 2
19258 0
19259 1
19260 0
19261 2
19262 3
19263 0
19264 0
19265 1
19266 3
19267 1
19268 1
19269 0
19270 0
19271 1
19272 0
19273 0
19274 3
19275 1
19276 1
19277 2
19278 1
19279 2
19280 2
19281 1
19282 1
19283 1
19284 1
19285 2
19286 0
19287 3
19288 1
19289 1
19290 0
19291 2
19292 3
19293 2
19294 2
19295 0
19296 2
19297 0
19298 1
19299 0
19300 1
19301 1
19302 3
19303 2
19304 1
19305 0
19306 3
19307 2
19308 2
19309 1
19310 2
19311 0
19312 1
19313 0
19314 1
19315 2
19316 1
19317 1
19318 2
19319 1
19320 3
19321 0
19322 1
19323 1
19324 1
19325 2
19326 1
19327 2
19328 0
19329 2
19330 3
19331 1
19332 2
19333 1
19334 3
19335 0
19336 1
19337 0
19338 2
19339 0
19340 2
19341 0
19342 1
19343 2
19344 0
19345 1
19346 2
19347 1
19348 2
19349 0
19350 2
19351 1
19352 0
19353 0
19354 1
19355 1
19356 1
19357 0
19358 2
19359 2
19360 2
19361 0
19362 0
19363 1
19364 0
19365 0
19366 0
19367 3
19368 0
19369 3
19370 0
19371 0
19372 0
19373 1
19374 2
19375 0
19376 0
19377 1
19378 1
19379 2
19380 2
19381 3
19382 1
19383 3
19384 2
19385 2
19386 2
19387 0
19388 2
19389 1
19390 0
19391 1
19392 3
19393 0
19394 1
19395 1
19396 1
19397 0
19398 2
19399 0
19400 2
19401 0
19402 0
19403 1
19404 0
19405 2
19406 1
19407 0
19408 1
19409 2
19410 1
19411 3
19412 3
19413 1
19414 2
19415 3
19416 0
19417 0
19418 1
19419 0
19420 0
19421 0
19422 2
19423 1
19424 1
19425 1
19426 2
19427 0
19428 2
19429 0
19430 2
19431 1
19432 0
19433 0
19434 2
19435 1
19436 0
19437 1
19438 1
19439 1
19440 2
19441 0
19442 2
19443 0
19444 0
19445 0
19446 1
19447 1
19448 1
19449 1
19450 1
19451 1
19452 2
19453 1
19454 3
19455 0
19456 1
19457 3
19458 0
19459 2
19460 0
19461 1
19462 2
19463 3
19464 1
19465 3
19466 0
19467 0
19468 1
19469 0
19470 1
19471 0
19472 1
19473 1
19474 2
19475 1
19476 2
19477 2
19478 0
19479 0
19480 0
19481 1
19482 1
19483 1
19484 2
19485 1
19486 0
19487 2
19488 1
19489 0
19490 2
19491 0
19492 1
19493 1
19494 0
19495 1
19496 1
19497 0
19498 0
19499 1
19500 0
19501 0
19502 1
19503 0
19504 2
19505 0
19506 1
19507 3
19508 0
19509 1
19510 2
19511 0
19512 0
19513 0
19514 0
19515 2
19516 1
19517 2
19518 1
19519 2
19520 3
19521 1
19522 1
19523 1
19524 1
19525 0
19526 2
19527 1
19528 0
19529 0
19530 0
19531 1
19532 3
19533 2
19534 0
19535 2
19536 0
19537 3
19538 3
19539 1
19540 2
19541 2
19542 2
19543 2
19544 0
19545 2
19546 1
19547 1
19548 1
19549 1
19550 0
19551 1
19552 1
19553 4
19554 2
19555 3
19556 2
19557 1
19558 2
19559 2
19560 3
19561 1
19562 1
19563 3
19564 1
19565 1
19566 3
19567 1
19568 0
19569 1
19570 1
19571 0
19572 0
19573 0
19574 0
19575 1
19576 1
19577 2
19578 1
19579 1
19580 2
19581 0
19582 1
19583 1
19584 2
19585 2
19586 0
19587 1
19588 2
19589 0
19590 0
19591 2
19592 0
19593 3
19594 1
19595 3
19596 0
19597 2
19598 0
19599 3
19600 1
19601 2
19602 1
19603 0
19604 2
19605 2
19606 2
19607 1
19608 3
19609 0
19610 2
19611 0
19612 1
19613 2
19614 3
19615 2
19616 0
19617 3
19618 1
19619 1
19620 1
19621 2
19622 2
19623 0
19624 0
19625 2
19626 1
19627 0
19628 0
19629 2
19630 0
19631 1
19632 1
19633 1
19634 0
19635 0
19636 0
19637 2
19638 1
19639 1
19640 0
19641 1
19642 1
19643 2
19644 0
19645 1
19646 1
19647 2
19648 0
19649 0
19650 1
19651 2
19652 2
19653 1
19654 2
19655 0
19656 0
19657 1
19658 1
19659 2
19660 1
19661 0
19662 2
19663 2
19664 1
19665 0
19666 2
19667 3
19668 0
19669 3
19670 1
19671 2
19672 3
19673 1
19674 2
19675 1
19676 1
19677 1
19678 1
19679 0
19680 1
19681 1
19682 3
19683 2
19684 1
19685 2
19686 2
19687 0
19688 2
19689 3
19690 3
19691 1
19692 0
19693 3
19694 2
19695 1
19696 3
19697 0
19698 1
19699 3
19700 2
19701 1
19702 1
19703 2
19704 1
19705 3
19706 3
19707 3
19708 1
19709 1
19710 1
19711 3
19712 0
19713 2
19714 1
19715 1
19716 0
19717 2
19718 2
19719 2
19720 2
19721 1
19722 2
19723 1
19724 2
19725 2
19726 0
19727 0
19728 0
19729 2
19730 0
19731 1
19732 1
19733 2
19734 0
19735 1
19736 3
19737 0
19738 1
19739 1
19740 1
19741 0
19742 0
19743 3
19744 0
19745 4
19746 0
19747 0
19748 2
19749 2
19750 1
19751 1
19752 0
19753 1
19754 3
19755 1
19756 1
19757 3
19758 1
19759 0
19760 1
19761 1
19762 1
19763 2
19764 0
19765 2
19766 2
19767 1
19768 2
19769 1
19770 3
19771 0
19772 0
19773 2
19774 2
19775 0
19776 1
19777 0
19778 1
19779 1
19780 0
19781 1
19782 0
19783 1
19784 2
19785 1
19786 1
19787 2
19788 1
19789 2
19790 3
19791 1
19792 0
19793 1
19794 2
19795 1
19796 1
19797 0
19798 3
19799 2
19800 0
19801 1
19802 1
19803 0
19804 1
19805 1
19806 3
19807 1
19808 2
19809 1
19810 1
19811 1
19812 1
19813 3
19814 2
19815 1
19816 1
19817 0
19818 2
19819 1
19820 3
19821 3
19822 0
19823 1
19824 0
19825 0
19826 2
19827 2
19828 1
19829 2
19830 3
19831 1
19832 1
19833 3
19834 2
19835 0
19836 0
19837 1
19838 0
19839 0
19840 0
19841 2
19842 2
19843 2
19844 1
19845 0
19846 1
19847 2
19848 3
19849 1
19850 3
19851 1
19852 3
19853 2
19854 3
19855 1
19856 2
19857 3
19858 1
19859 2
19860 2
19861 2
19862 1
19863 2
19864 0
19865 2
19866 2
19867 2
19868 0
19869 1
19870 4
19871 1
19872 2
19873 1
19874 1
19875 0
19876 2
19877 1
19878 0
19879 3
19880 3
19881 3
19882 1
19883 2
19884 2
19885 1
19886 0
19887 1
19888 0
19889 0
19890 1
19891 3
19892 0
19893 1
19894 1
19895 3
19896 0
19897 2
19898 1
19899 1
19900 1
19901 2
19902 2
19903 2
19904 0
19905 2
19906 0
19907 2
19908 3
19909 2
19910 0
19911 0
19912 2
19913 0
19914 0
19915 2
19916 1
19917 2
19918 1
19919 2
19920 1
19921 2
19922 4
19923 2
19924 0
19925 3
19926 0
19927 1
19928 0
19929 1
19930 1
19931 3
19932 2
19933 0
19934 1
19935 2
19936 1
19937 1
19938 0
19939 3
19940 0
19941 3
19942 0
19943 0
19944 0
19945 0
19946 1
19947 1
19948 0
19949 4
19950 0
19951 2
19952 0
19953 0
19954 0
19955 2
19956 1
19957 2
19958 0
19959 0
19960 0
19961 3
19962 0
19963 0
19964 1
19965 2
19966 1
19967 1
19968 2
19969 1
19970 2
19971 2
19972 2
19973 0
19974 3
19975 1
19976 1
19977 2
19978 0
19979 2
19980 0
19981 1
19982 1
19983 2
19984 0
19985 2
19986 3
19987 1
19988 2
19989 3
19990 1
19991 2
19992 2
19993 3
19994 0
19995 0
19996 0
19997 1
19998 1
19999 1
20000 0
20001 2
20002 3
20003 2
20004 0
20005 1
20006 0
20007 2
20008 0
20009 3
20010 0
20011 1
20012 0
20013 3
20014 3
20015 1
20016 2
20017 2
20018 0
20019 2
20020 0
20021 0
20022 2
20023 0
20024 1
20025 1
20026 2
20027 2
20028 2
20029 1
20030 2
20031 2
20032 3
20033 0
20034 3
20035 2
20036 0
20037 1
20038 0
20039 3
20040 3
20041 1
20042 2
20043 2
20044 2
20045 1
20046 1
20047 0
20048 2
20049 2
20050 3
20051 0
20052 1
20053 2
20054 1
20055 1
20056 2
20057 0
20058 3
20059 1
20060 3
20061 2
20062 1
20063 1
20064 2
20065 1
20066 1
20067 0
20068 3
20069 4
20070 1
20071 0
20072 0
20073 0
20074 1
20075 3
20076 2
20077 2
20078 3
20079 0
20080 0
20081 1
20082 1
20083 1
20084 0
20085 3
20086 2
20087 1
20088 1
20089 0
20090 1
20091 2
20092 1
20093 0
20094 2
20095 1
20096 1
20097 1
20098 2
20099 2
20100 1
20101 1
20102 1
20103 0
20104 2
20105 0
20106 2
20107 3
20108 3
20109 1
20110 1
20111 0
20112 3
20113 2
20114 2
20115 2
20116 0
20117 2
20118 0
20119 0
20120 1
20121 0
20122 3
20123 0
20124 1
20125 2
20126 0
20127 3
20128 0
20129 1
20130 0
20131 1
20132 1
20133 0
20134 2
20135 1
20136 1
20137 2
20138 0
20139 0
20140 1
20141 2
20142 4
20143 0
20144 3
20145 0
20146 0
20147 3
20148 2
20149 1
20150 1
20151 0
20152 2
20153 3
20154 0
20155 1
20156 2
20157 1
20158 0
20159 0
20160 1
20161 0
20162 2
20163 0
20164 1
20165 2
20166 0
20167 1
20168 1
20169 1
20170 1
20171 0
20172 1
20173 1
20174 1
20175 2
20176 3
20177 1
20178 1
20179 1
20180 1
20181 1
20182 1
20183 1
20184 1
20185 2
20186 0
20187 1
20188 0
20189 1
20190 1
20191 0
20192 1
20193 1
20194 2
20195 0
20196 1
20197 3
20198 3
20199 0
20200 2
20201 2
20202 2
20203 0
20204 2
20205 2
20206 1
20207 2
20208 1
20209 2
20210 0
20211 0
20212 2
20213 0
20214 2
20215 3
20216 3
20217 0
20218 0
20219 1
20220 2
20221 3
20222 0
20223 0
20224 3
20225 0
20226 0
20227 3
20228 1
20229 2
20230 2
20231 3
20232 0
20233 2
20234 1
20235 2
20236 2
20237 3
20238 0
20239 1
20240 2
20241 1
20242 0
20243 1
20244 1
20245 0
20246 2
20247 1
20248 2
20249 1
20250 2
20251 0
20252 1
20253 0
20254 0
20255 1
20256 1
20257 1
20258 0
20259 1
20260 2
20261 0
20262 2
20263 2
20264 1
20265 3
20266 1
20267 2
20268 2
20269 2
20270 1
20271 3
20272 2
20273 1
20274 3
20275 2
20276 2
20277 1
20278 1
20279 1
20280 0
20281 1
20282 0
20283 2
20284 2
20285 2
20286 2
20287 1
20288 2
20289 2
20290 1
20291 1
20292 1
20293 0
20294 1
20295 1
20296 0
20297 0
20298 1
20299 1
20300 2
20301 2
20302 1
20303 0
20304 0
20305 0
20306 0
20307 2
20308 0
20309 2
20310 1
20311 1
20312 2
20313 0
20314 1
20315 1
20316 1
20317 0
20318 0
20319 1
20320 2
20321 3
20322 1
20323 1
20324 0
20325 1
20326 1
20327 2
20328 2
20329 0
20330 2
20331 0
20332 0
20333 1
20334 1
20335 2
20336 2
20337 1
20338 2
20339 1
20340 0
20341 0
20342 2
20343 3
20344 0
20345 0
20346 3
20347 2
20348 3
20349 1
20350 1
20351 0
20352 2
20353 3
20354 2
20355 3
20356 2
20357 0
20358 1
20359 1
20360 1
20361 2
20362 2
20363 0
20364 2
20365 3
20366 2
20367 1
20368 1
20369 3
20370 2
20371 1
20372 3
20373 0
20374 0
20375 0
20376 0
20377 1
20378 2
20379 1
20380 2
20381 0
20382 2
20383 1
20384 1
20385 0
20386 0
20387 2
20388 3
20389 2
20390 1
20391 0
20392 2
20393 1
20394 0
20395 0
20396 2
20397 2
20398 2
20399 0
20400 3
20401 1
20402 1
20403 1
20404 2
20405 1
20406 2
20407 3
20408 0
20409 2
20410 2
20411 1
20412 3
20413 0
20414 2
20415 1
20416 1
20417 3
20418 0
20419 3
20420 1
20421 3
20422 1
20423 3
20424 1
20425 2
20426 1
20427 0
20428 2
20429 1
20430 1
20431 3
20432 0
20433 2
20434 2
20435 1
20436 1
20437 0
20438 3
20439 2
20440 2
20441 1
20442 1
20443 1
20444 1
20445 2
20446 0
20447 1
20448 0
20449 1
20450 2
20451 1
20452 3
20453 2
20454 2
20455 1
20456 3
20457 2
20458 2
20459 1
20460 1
20461 0
20462 0
20463 0
20464 4
20465 2
20466 4
20467 2
20468 1
20469 1
20470 0
20471 1
20472 2
20473 1
20474 0
20475 2
20476 1
20477 2
20478 2
20479 0
20480 0
20481 0
20482 2
20483 0
20484 1
20485 0
20486 1
20487 2
20488 1
20489 1
20490 3
20491 3
20492 1
20493 0
20494 1
20495 1
20496 0
20497 0
20498 1
20499 0
20500 0
20501 0
20502 1
20503 2
20504 0
20505 2
20506 2
20507 0
20508 1
20509 2
20510 1
20511 2
20512 2
20513 1
20514 2
20515 0
20516 2
20517 2
20518 1
20519 2
20520 0
20521 2
20522 2
20523 1
20524 2
20525 1
20526 0
20527 2
20528 0
20529 0
20530 1
20531 1
20532 1
20533 2
20534 1
20535 3
20536 0
20537 3
20538 2
20539 0
20540 1
20541 1
20542 2
20543 0
20544 1
20545 3
20546 0
20547 2
20548 2
20549 4
20550 1
20551 0
20552 2
20553 2
20554 2
20555 0
20556 1
20557 1
20558 1
20559 1
20560 1
20561 1
20562 2
20563 2
20564 0
20565 0
20566 3
20567 1
20568 0
20569 0
20570 2
20571 2
20572 2
20573 2
20574 0
20575 2
20576 2
20577 0
20578 1
20579 3
20580 0
20581 2
20582 2
20583 2
20584 3
20585 0
20586 0
20587 3
20588 1
20589 2
20590 0
20591 1
20592 3
20593 2
20594 0
20595 1
20596 2
20597 2
20598 0
20599 1
20600 0
20601 1
20602 2
20603 2
20604 1
20605 2
20606 1
20607 4
20608 0
20609 2
20610 3
20611 2
20612 2
20613 0
20614 1
20615 0
20616 1
20617 3
20618 2
20619 2
20620 0
20621 1
20622 2
20623 0
20624 2
20625 0
20626 0
20627 0
20628 0
20629 1
20630 3
20631 2
20632 2
20633 0
20634 1
20635 3
20636 1
20637 1
20638 3
20639 3
20640 1
20641 0
20642 1
20643 2
20644 1
20645 1
20646 4
20647 2
20648 0
20649 1
20650 0
20651 2
20652 2
20653 1
20654 0
20655 0
20656 0
20657 0
20658 2
20659 3
20660 3
20661 1
20662 1
20663 2
20664 1
20665 2
20666 2
20667 2
20668 0
20669 0
20670 0
20671 2
20672 1
20673 3
20674 2
20675 2
20676 1
20677 0
20678 2
20679 0
20680 2
20681 2
20682 2
20683 0
20684 1
20685 1
20686 1
20687 1
20688 2
20689 0
20690 1
20691 0
20692 0
20693 1
20694 1
20695 0
20696 2
20697 0
20698 3
20699 0
20700 0
20701 2
20702 1
20703 1
20704 2
20705 2
20706 1
20707 2
20708 2
20709 1
20710 2
20711 2
20712 0
20713 2
20714 2
20715 0
20716 2
20717 3
20718 0
20719 2
20720 0
20721 2
20722 2
20723 2
20724 0
20725 2
20726 2
20727 1
20728 0
20729 1
20730 0
20731 1
20732 0
20733 2
20734 1
20735 2
20736 2
20737 1
20738 2
20739 2
20740 1
20741 0
20742 0
20743 1
20744 0
20745 1
20746 1
20747 0
20748 1
20749 3
20750 1
20751 0
20752 4
20753 2
20754 3
20755 2
20756 2
20757 1
20758 1
20759 1
20760 0
20761 1
20762 2
20763 2
20764 2
20765 3
20766 0
20767 2
20768 1
20769 1
20770 4
20771 1
20772 1
20773 2
20774 0
20775 2
20776 1
20777 0
20778 1
20779 3
20780 1
20781 1
20782 1
20783 1
20784 3
20785 2
20786 1
20787 1
20788 1
20789 1
20790 1
20791 0
20792 2
20793 0
20794 2
20795 1
20796 2
20797 1
20798 1
20799 2
20800 2
20801 2
20802 0
20803 0
20804 1
20805 0
20806 1
20807 1
20808 0
20809 2
20810 0
20811 1
20812 0
20813 2
20814 3
20815 0
20816 0
20817 2
20818 1
20819 1
20820 2
20821 2
20822 0
20823 2
20824 1
20825 2
20826 0
20827 3
20828 3
20829 2
20830 2
20831 0
20832 1
20833 1
20834 2
20835 0
20836 0
20837 2
20838 0
20839 3
20840 3
20841 1
20842 1
20843 2
20844 2
20845 1
20846 2
20847 1
20848 1
20849 0
20850 0
20851 2
20852 1
20853 2
20854 1
20855 0
20856 3
20857 0
20858 0
20859 1
20860 1
20861 0
20862 2
20863 1
20864 1
20865 2
20866 2
20867 1
20868 2
20869 0
20870 1
20871 1
20872 1
20873 2
20874 0
20875 2
20876 1
20877 2
20878 0
20879 1
20880 2
20881 3
20882 1
20883 0
20884 2
20885 2
20886 2
20887 0
20888 1
20889 2
20890 0
20891 0
20892 3
20893 1
20894 1
20895 0
20896 2
20897 2
20898 0
20899 1
20900 0
20901 1
20902 3
20903 0
20904 1
20905 2
20906 1
20907 2
20908 3
20909 2
20910 1
20911 2
20912 1
20913 0
20914 2
20915 3
20916 2
20917 2
20918 2
20919 2
20920 1
20921 2
20922 2
20923 2
20924 0
20925 1
20926 0
20927 0
20928 1
20929 2
20930 2
20931 2
20932 0
20933 2
20934 0
20935 3
20936 1
20937 2
20938 0
20939 2
20940 2
20941 0
20942 2
20943 1
20944 0
20945 2
20946 2
20947 0
20948 0
20949 1
20950 1
20951 1
20952 1
20953 4
20954 1
20955 0
20956 2
20957 0
20958 0
20959 3
20960 2
20961 0
20962 1
20963 0
20964 1
20965 2
20966 1
20967 2
20968 0
20969 1
20970 2
20971 0
20972 0
20973 3
20974 3
20975 1
20976 1
20977 3
20978 0
20979 0
20980 2
20981 2
20982 3
20983 0
20984 3
20985 3
20986 2
20987 3
20988 2
20989 1
20990 1
20991 3
20992 2
20993 0
20994 0
20995 0
20996 2
20997 0
20998 3
20999 2
21000 1
21001 0
21002 3
21003 2
21004 3
21005 1
21006 1
21007 1
21008 1
21009 0
21010 0
21011 2
21012 0
21013 2
21014 1
21015 0
21016 2
21017 2
21018 3
21019 1
21020 0
21021 2
21022 2
21023 1
21024 0
21025 1
21026 1
21027 0
21028 1
21029 2
21030 0
21031 2
21032 1
21033 1
21034 2
21035 2
21036 2
21037 0
21038 0
21039 1
21040 1
21041 1
21042 1
21043 1
21044 0
21045 2
21046 2
21047 0
21048 4
21049 1
21050 0
21051 1
21052 0
21053 3
21054 0
21055 1
21056 1
21057 2
21058 0
21059 0
21060 1
21061 0
21062 1
21063 1
21064 0
21065 1
21066 2
21067 1
21068 2
21069 1
21070 1
21071 0
21072 0
21073 0
21074 1
21075 3
21076 0
21077 1
21078 0
21079 3
21080 2
21081 0
21082 0
21083 1
21084 0
21085 2
21086 1
21087 0
21088 1
21089 3
21090 1
21091 1
21092 1
21093 2
21094 2
21095 0
21096 3
21097 2
21098 3
21099 1
21100 0
21101 0
21102 1
21103 2
21104 0
21105 0
21106 1
21107 2
21108 3
21109 1
21110 1
21111 0
21112 2
21113 3
21114 0
21115 0
21116 1
21117 2
21118 3
21119 1
21120 0
21121 0
21122 2
21123 0
21124 0
21125 0
21126 1
21127 2
21128 1
21129 0
21130 1
21131 1
21132 0
21133 0
21134 3
21135 1
21136 2
21137 0
21138 2
21139 1
21140 2
21141 3
21142 1
21143 1
21144 1
21145 3
21146 3
21147 1
21148 2
21149 2
21150 2
21151 3
21152 2
21153 1
21154 0
21155 0
21156 0
21157 1
21158 3
21159 2
21160 0
21161 2
21162 2
21163 0
21164 3
21165 1
21166 0
21167 2
21168 1
21169 2
21170 3
21171 0
21172 0
21173 1
21174 0
21175 2
21176 2
21177 2
21178 3
21179 2
21180 0
21181 1
21182 0
21183 1
21184 1
21185 1
21186 1
21187 1
21188 1
21189 2
21190 3
21191 0
21192 3
21193 0
21194 1
21195 0
21196 3
21197 1
21198 3
21199 0
21200 0
21201 0
21202 2
21203 2
21204 2
21205 0
21206 1
21207 1
21208 3
21209 1
21210 2
21211 2
21212 2
21213 0
21214 1
21215 1
21216 1
21217 2
21218 2
21219 3
21220 0
21221 0
21222 1
21223 0
21224 1
21225 0
21226 0
21227 0
21228 0
21229 1
21230 2
21231 3
21232 0
21233 1
21234 2
21235 3
21236 1
21237 0
21238 0
21239 1
21240 1
21241 0
21242 0
21243 0
21244 1
21245 2
21246 1
21247 0
21248 0
21249 1
21250 2
21251 2
21252 3
21253 2
21254 1
21255 3
21256 0
21257 1
21258 1
21259 2
21260 0
21261 0
21262 0
21263 2
21264 0
21265 3
21266 2
21267 0
21268 0
21269 2
21270 1
21271 2
21272 2
21273 0
21274 0
21275 2
21276 0
21277 0
21278 2
21279 2
21280 2
21281 3
21282 1
21283 0
21284 2
21285 3
21286 1
21287 0
21288 1
21289 3
21290 1
21291 0
21292 1
21293 2
21294 1
21295 1
21296 1
21297 3
21298 2
21299 1
21300 1
21301 0
21302 1
21303 0
21304 1
21305 0
21306 2
21307 3
21308 1
21309 0
21310 2
21311 2
21312 1
21313 2
21314 2
21315 2
21316 0
21317 0
21318 3
21319 1
21320 1
21321 0
21322 2
21323 1
21324 0
21325 1
21326 2
21327 2
21328 1
21329 1
21330 2
21331 0
21332 3
21333 1
21334 0
21335 0
21336 2
21337 2
21338 2
21339 3
21340 0
21341 2
21342 3
21343 1
21344 1
21345 0
21346 3
21347 2
21348 2
21349 0
21350 2
21351 0
21352 2
21353 1
21354 2
21355 4
21356 0
21357 1
21358 2
21359 1
21360 0
21361 2
21362 1
21363 2
21364 2
21365 0
21366 0
21367 2
21368 0
21369 1
21370 0
21371 1
21372 2
21373 3
21374 1
21375 0
21376 0
21377 1
21378 3
21379 1
21380 2
21381 0
21382 2
21383 0
21384 0
21385 2
21386 3
21387 1
21388 0
21389 2
21390 1
21391 0
21392 2
21393 0
21394 0
21395 0
21396 2
21397 2
21398 2
21399 1
21400 2
21401 3
21402 0
21403 2
21404 3
21405 1
21406 2
21407 2
21408 0
21409 2
21410 1
21411 1
21412 0
21413 1
21414 4
21415 1
21416 1
21417 0
21418 0
21419 2
21420 1
21421 1
21422 1
21423 0
21424 2
21425 1
21426 2
21427 0
21428 1
21429 3
21430 1
21431 0
21432 2
21433 0
21434 0
21435 1
21436 3
21437 2
21438 1
21439 1
21440 1
21441 0
21442 0
21443 0
21444 1
21445 2
21446 3
21447 0
21448 0
21449 3
21450 3
21451 0
21452 2
21453 1
21454 2
21455 2
21456 1
21457 2
21458 1
21459 0
21460 3
21461 0
21462 3
21463 0
21464 3
21465 1
21466 2
21467 0
21468 2
21469 0
21470 0
21471 2
21472 0
21473 2
21474 1
21475 0
21476 0
21477 0
21478 2
21479 2
21480 2
21481 2
21482 2
21483 1
21484 0
21485 1
21486 0
21487 4
21488 2
21489 0
21490 1
21491 2
21492 3
21493 0
21494 1
21495 0
21496 2
21497 2
21498 0
21499 0
21500 2
21501 0
21502 2
21503 2
21504 1
21505 2
21506 0
21507 0
21508 3
21509 3
21510 2
21511 1
21512 1
21513 2
21514 1
21515 3
21516 1
21517 0
21518 1
21519 1
21520 1
21521 1
21522 1
21523 2
21524 0
21525 2
21526 2
21527 1
21528 2
21529 0
21530 1
21531 0
21532 3
21533 0
21534 0
21535 1
21536 3
21537 0
21538 1
21539 3
21540 0
21541 2
21542 1
21543 2
21544 0
21545 3
21546 0
21547 0
21548 3
21549 1
21550 2
21551 2
21552 0
21553 0
21554 2
21555 2
21556 0
21557 3
21558 0
21559 3
21560 2
21561 1
21562 0
21563 1
21564 0
21565 2
21566 1
21567 0
21568 3
21569 2
21570 1
21571 2
21572 0
21573 0
21574 0
21575 1
21576 3
21577 0
21578 1
21579 3
21580 1
21581 1
21582 2
21583 2
21584 2
21585 3
21586 1
21587 1
21588 0
21589 3
21590 0
21591 1
21592 1
21593 0
21594 0
21595 2
21596 0
21597 2
21598 0
21599 1
21600 0
21601 2
21602 1
21603 2
21604 1
21605 0
21606 1
21607 2
21608 2
21609 3
21610 0
21611 2
21612 0
21613 1
21614 3
21615 0
21616 1
21617 2
21618 0
21619 3
21620 1
21621 1
21622 1
21623 1
21624 3
21625 2
21626 0
21627 4
21628 0
21629 1
21630 1
21631 3
21632 3
21633 3
21634 2
21635 4
21636 1
21637 1
21638 2
21639 0
21640 0
21641 1
21642 2
21643 3
21644 1
21645 0
21646 0
21647 1
21648 1
21649 0
21650 0
21651 3
21652 0
21653 0
21654 2
21655 1
21656 1
21657 0
21658 1
21659 4
21660 3
21661 2
21662 0
21663 0
21664 0
21665 0
21666 1
21667 1
21668 2
21669 2
21670 1
21671 0
21672 1
21673 0
21674 0
21675 1
21676 3
21677 1
21678 0
21679 1
21680 2
21681 0
21682 1
21683 1
21684 1
21685 2
21686 1
21687 1
21688 0
21689 2
21690 2
21691 0
21692 1
21693 0
21694 1
21695 3
21696 1
21697 0
21698 1
21699 2
21700 2
21701 1
21702 3
21703 2
21704 1
21705 0
21706 2
21707 2
21708 0
21709 0
21710 2
21711 0
21712 2
21713 1
21714 0
21715 2
21716 1
21717 3
21718 0
21719 2
21720 0
21721 2
21722 2
21723 0
21724 2
21725 1
21726 0
21727 3
21728 2
21729 0
21730 3
21731 1
21732 0
21733 4
21734 1
21735 0
21736 0
21737 1
21738 1
21739 0
21740 1
21741 4
21742 1
21743 3
21744 3
21745 3
21746 0
21747 0
21748 3
21749 2
21750 2
21751 2
21752 3
21753 3
21754 2
21755 2
21756 0
21757 2
21758 1
21759 1
21760 0
21761 3
21762 1
21763 0
21764 2
21765 2
21766 0
21767 0
21768 1
21769 3
21770 0
21771 0
21772 0
21773 1
21774 2
21775 0
21776 2
21777 1
21778 1
21779 0
21780 1
21781 0
21782 2
21783 3
21784 2
21785 1
21786 3
21787 0
21788 2
21789 3
21790 1
21791 1
21792 1
21793 0
21794 1
21795 2
21796 2
21797 3
21798 2
21799 0
21800 3
21801 0
21802 1
21803 2
21804 1
21805 1
21806 1
21807 0
21808 2
21809 1
21810 0
21811 0
21812 2
21813 1
21814 3
21815 3
21816 3
21817 1
21818 3
21819 3
21820 0
21821 0
21822 0
21823 2
21824 1
21825 0
21826 1
21827 2
21828 1
21829 1
21830 0
21831 0
21832 2
21833 0
21834 1
21835 0
21836 3
21837 0
21838 2
21839 2
21840 4
21841 0
21842 0
21843 3
21844 1
21845 1
21846 0
21847 3
21848 3
21849 1
21850 0
21851 2
21852 1
21853 0
21854 1
21855 0
21856 2
21857 1
21858 2
21859 0
21860 0
21861 2
21862 1
21863 2
21864 0
21865 1
21866 0
21867 3
21868 0
21869 3
21870 1
21871 2
21872 1
21873 1
21874 0
21875 3
21876 2
21877 1
21878 2
21879 2
21880 0
21881 2
21882 2
21883 0
21884 3
21885 1
21886 1
21887 0
21888 2
21889 1
21890 2
21891 1
21892 1
21893 0
21894 2
21895 2
21896 1
21897 1
21898 0
21899 2
21900 1
21901 2
21902 1
21903 1
21904 3
21905 2
21906 2
21907 1
21908 2
21909 3
21910 1
21911 1
21912 2
21913 4
21914 2
21915 1
21916 1
21917 1
21918 2
21919 2
21920 3
21921 2
21922 0
21923 2
21924 2
21925 1
21926 1
21927 3
21928 2
21929 1
21930 1
21931 1
21932 2
21933 2
21934 2
21935 2
21936 2
21937 0
21938 1
21939 1
21940 0
21941 0
21942 0
21943 0
21944 1
21945 1
21946 0
21947 1
21948 2
21949 2
21950 3
21951 3
21952 1
21953 0
21954 1
21955 3
21956 0
21957 2
21958 2
21959 1
21960 0
21961 2
21962 1
21963 0
21964 3
21965 2
21966 0
21967 2
21968 3
21969 2
21970 2
21971 2
21972 1
21973 1
21974 3
21975 1
21976 1
21977 1
21978 0
21979 0
21980 0
21981 1
21982 2
21983 1
21984 0
21985 2
21986 1
21987 1
21988 2
21989 2
21990 0
21991 0
21992 0
21993 0
21994 2
21995 0
21996 3
21997 1
21998 0
21999 2
22000 3
22001 1
22002 0
22003 2
22004 0
22005 1
22006 2
22007 1
22008 3
22009 1
22010 2
22011 1
22012 0
22013 2
22014 0
22015 1
22016 1
22017 2
22018 1
22019 1
22020 0
22021 2
22022 2
22023 1
22024 1
22025 3
22026 0
22027 3
22028 1
22029 0
22030 1
22031 1
22032 2
22033 1
22034 1
22035 3
22036 2
22037 1
22038 2
22039 0
22040 1
22041 1
22042 1
22043 3
22044 1
22045 2
22046 2
22047 2
22048 1
22049 1
22050 0
22051 0
22052 3
22053 0
22054 0
22055 1
22056 2
22057 1
22058 1
22059 1
22060 0
22061 2
22062 3
22063 1
22064 1
22065 1
22066 0
22067 0
22068 2
22069 1
22070 3
22071 0
22072 1
22073 2
22074 0
22075 1
22076 0
22077 0
22078 2
22079 2
22080 0
22081 0
22082 0
22083 2
22084 0
22085 0
22086 2
22087 0
22088 0
22089 1
22090 1
22091 0
22092 0
22093 3
22094 1
22095 2
22096 3
22097 2
22098 1
22099 0
22100 0
22101 2
22102 0
22103 2
22104 0
22105 2
22106 3
22107 0
22108 1
22109 1
22110 3
22111 2
22112 1
22113 0
22114 0
22115 2
22116 2
22117 2
22118 0
22119 2
22120 1
22121 2
22122 2
22123 1
22124 3
22125 0
22126 3
22127 2
22128 0
22129 2
22130 1
22131 1
22132 2
22133 2
22134 0
22135 1
22136 2
22137 3
22138 1
22139 0
22140 0
22141 4
22142 0
22143 0
22144 2
22145 2
22146 0
22147 0
22148 3
22149 0
22150 2
22151 2
22152 1
22153 2
22154 2
22155 1
22156 1
22157 1
22158 0
22159 0
22160 3
22161 3
22162 1
22163 0
22164 2
22165 2
22166 0
22167 1
22168 2
22169 0
22170 3
22171 4
22172 1
22173 1
22174 3
22175 2
22176 0
22177 1
22178 0
22179 2
22180 2
22181 3
22182 2
22183 0
22184 0
22185 2
22186 1
22187 0
22188 1
22189 3
22190 1
22191 2
22192 1
22193 0
22194 1
22195 0
22196 1
22197 2
22198 1
22199 0
22200 2
22201 0
22202 0
22203 1
22204 0
22205 1
22206 3
22207 1
22208 0
22209 0
22210 2
22211 0
22212 2
22213 1
22214 2
22215 2
22216 1
22217 0
22218 1
22219 0
22220 2
22221 2
22222 0
22223 0
22224 1
22225 1
22226 3
22227 0
22228 1
22229 2
22230 0
22231 0
22232 1
22233 3
22234 1
22235 3
22236 1
22237 0
22238 0
22239 0
22240 1
22241 1
22242 2
22243 1
22244 3
22245 3
22246 3
22247 2
22248 1
22249 3
22250 0
22251 0
22252 2
22253 1
22254 0
22255 1
22256 2
22257 2
22258 2
22259 0
22260 0
22261 1
22262 1
22263 2
22264 3
22265 0
22266 3
22267 2
22268 3
22269 2
22270 2
22271 3
22272 1
22273 2
22274 1
22275 1
22276 1
22277 1
22278 1
22279 2
22280 2
22281 1
22282 0
22283 2
22284 0
22285 2
22286 2
22287 0
22288 2
22289 1
22290 1
22291 2
22292 1
22293 0
22294 4
22295 0
22296 1
22297 1
22298 1
22299 2
22300 1
22301 0
22302 1
22303 0
22304 3
22305 0
22306 0
22307 1
22308 2
22309 1
22310 0
22311 2
22312 2
22313 1
22314 2
22315 2
22316 1
22317 1
22318 2
22319 3
22320 0
22321 2
22322 2
22323 1
22324 1
22325 2
22326 0
22327 2
22328 2
22329 2
22330 0
22331 1
22332 0
22333 0
22334 2
22335 2
22336 1
22337 3
22338 0
22339 1
22340 0
22341 0
22342 0
22343 2
22344 2
22345 0
22346 1
22347 0
22348 3
22349 1
22350 0
22351 2
22352 1
22353 1
22354 0
22355 2
22356 1
22357 0
22358 0
22359 0
22360 1
22361 0
22362 2
22363 0
22364 0
22365 0
22366 1
22367 2
22368 2
22369 1
22370 3
22371 2
22372 2
22373 1
22374 2
22375 2
22376 1
22377 2
22378 1
22379 2
22380 2
22381 2
22382 0
22383 2
22384 1
22385 1
22386 2
22387 2
22388 3
22389 1
22390 3
22391 0
22392 1
22393 1
22394 1
22395 4
22396 2
22397 0
22398 1
22399 0
22400 1
22401 3
22402 1
22403 0
22404 1
22405 1
22406 0
22407 2
22408 0
22409 0
22410 1
22411 0
22412 1
22413 2
22414 4
22415 3
22416 0
22417 1
22418 2
22419 3
22420 1
22421 3
22422 2
22423 1
22424 2
22425 2
22426 1
22427 3
22428 2
22429 0
22430 2
22431 2
22432 3
22433 2
22434 1
22435 0
22436 0
22437 1
22438 2
22439 2
22440 1
22441 2
22442 0
22443 1
22444 1
22445 0
22446 3
22447 0
22448 1
22449 2
22450 0
22451 0
22452 2
22453 1
22454 0
22455 3
22456 2
22457 2
22458 1
22459 1
22460 2
22461 1
22462 1
22463 0
22464 4
22465 3
22466 1
22467 3
22468 2
22469 0
22470 2
22471 2
22472 1
22473 0
22474 2
22475 3
22476 2
22477 0
22478 2
22479 1
22480 1
22481 0
22482 2
22483 3
22484 0
22485 1
22486 2
22487 2
22488 1
22489 0
22490 0
22491 1
22492 2
22493 0
22494 2
22495 3
22496 3
22497 2
22498 3
22499 2
22500 1
22501 1
22502 2
22503 1
22504 1
22505 1
22506 3
22507 2
22508 1
22509 1
22510 1
22511 1
22512 1
22513 1
22514 4
22515 2
22516 1
22517 0
22518 1
22519 3
22520 1
22521 2
22522 3
22523 2
22524 2
22525 0
22526 1
22527 1
22528 2
22529 1
22530 3
22531 0
22532 0
22533 4
22534 3
22535 2
22536 0
22537 2
22538 1
22539 0
22540 2
22541 1
22542 2
22543 3
22544 2
22545 0
22546 1
22547 2
22548 1
22549 3
22550 1
22551 0
22552 1
22553 3
22554 2
22555 2
22556 1
22557 0
22558 3
22559 2
22560 1
22561 3
22562 3
22563 2
22564 1
22565 1
22566 0
22567 2
22568 1
22569 0
22570 2
22571 0
22572 2
22573 2
22574 1
22575 1
22576 0
22577 1
22578 2
22579 0
22580 2
22581 1
22582 2
22583 1
22584 1
22585 3
22586 0
22587 3
22588 1
22589 0
22590 0
22591 3
22592 1
22593 0
22594 3
22595 0
22596 2
22597 2
22598 0
22599 2
22600 2
22601 3
22602 1
22603 3
22604 2
22605 3
22606 1
22607 1
22608 1
22609 1
22610 3
22611 2
22612 2
22613 3
22614 1
22615 2
22616 0
22617 1
22618 3
22619 0
22620 3
22621 3
22622 1
22623 1
22624 0
22625 0
22626 2
22627 1
22628 1
22629 3
22630 2
22631 3
22632 0
22633 0
22634 0
22635 0
22636 3
22637 0
22638 0
22639 1
22640 0
22641 0
22642 1
22643 1
22644 1
22645 2
22646 2
22647 2
22648 0
22649 0
22650 0
22651 3
22652 0
22653 2
22654 3
22655 1
22656 1
22657 1
22658 0
22659 0
22660 2
22661 0
22662 0
22663 0
22664 0
22665 1
22666 3
22667 3
22668 0
22669 3
22670 2
22671 1
22672 0
22673 1
22674 1
22675 0
22676 0
22677 0
22678 0
22679 0
22680 1
22681 2
22682 1
22683 0
22684 2
22685 1
22686 1
22687 1
22688 0
22689 2
22690 0
22691 2
22692 1
22693 0
22694 3
22695 0
22696 0
22697 0
22698 0
22699 2
22700 1
22701 2
22702 3
22703 3
22704 1
22705 2
22706 0
22707 0
22708 3
22709 4
22710 1
22711 2
22712 2
22713 0
22714 2
22715 0
22716 2
22717 1
22718 2
22719 0
22720 0
22721 1
22722 2
22723 1
22724 1
22725 2
22726 2
22727 0
22728 2
22729 2
22730 2
22731 3
22732 1
22733 3
22734 1
22735 1
22736 0
22737 2
22738 1
22739 0
22740 0
22741 2
22742 3
22743 1
22744 0
22745 0
22746 1
22747 0
22748 2
22749 0
22750 2
22751 2
22752 3
22753 0
22754 2
22755 3
22756 0
22757 0
22758 1
22759 4
22760 1
22761 2
22762 1
22763 3
22764 1
22765 1
22766 3
22767 3
22768 1
22769 1
22770 1
22771 1
22772 0
22773 3
22774 1
22775 3
22776 1
22777 0
22778 2
22779 0
22780 1
22781 1
22782 1
22783 2
22784 2
22785 1
22786 0
22787 1
22788 0
22789 2
22790 0
22791 1
22792 1
22793 2
22794 0
22795 1
22796 0
22797 1
22798 2
22799 2
22800 2
22801 1
22802 1
22803 1
22804 0
22805 3
22806 2
22807 2
22808 1
22809 1
22810 2
22811 2
22812 2
22813 3
22814 2
22815 2
22816 3
22817 2
22818 1
22819 0
22820 1
22821 2
22822 1
22823 3
22824 1
22825 0
22826 2
22827 1
22828 1
22829 2
22830 2
22831 2
22832 2
22833 2
22834 1
22835 3
22836 2
22837 0
22838 2
22839 0
22840 2
22841 2
22842 2
22843 0
22844 0
22845 3
22846 2
22847 1
22848 0
22849 2
22850 0
22851 3
22852 2
22853 0
22854 1
22855 1
22856 1
22857 2
22858 0
22859 0
22860 0
22861 1
22862 1
22863 0
22864 2
22865 3
22866 0
22867 2
22868 2
22869 2
22870 0
22871 0
22872 1
22873 4
22874 1
22875 3
22876 0
22877 0
22878 1
22879 1
22880 0
22881 0
22882 1
22883 2
22884 0
22885 1
22886 2
22887 3
22888 1
22889 2
22890 2
22891 3
22892 1
22893 3
22894 0
22895 2
22896 3
22897 1
22898 1
22899 1
22900 1
22901 2
22902 2
22903 0
22904 1
22905 3
22906 2
22907 1
22908 2
22909 3
22910 2
22911 3
22912 1
22913 1
22914 0
22915 1
22916 1
22917 0
22918 2
22919 2
22920 2
22921 3
22922 1
22923 1
22924 1
22925 2
22926 1
22927 1
22928 2
22929 0
22930 2
22931 2
22932 1
22933 1
22934 0
22935 1
22936 1
22937 2
22938 1
22939 0
22940 0
22941 1
22942 1
22943 4
22944 0
22945 1
22946 0
22947 2
22948 4
22949 1
22950 1
22951 3
22952 2
22953 1
22954 1
22955 1
22956 0
22957 2
22958 2
22959 0
22960 3
22961 2
22962 2
22963 1
22964 0
22965 1
22966 1
22967 3
22968 2
22969 0
22970 0
22971 2
22972 2
22973 0
22974 1
22975 0
22976 1
22977 1
22978 0
22979 0
22980 1
22981 0
22982 3
22983 1
22984 2
22985 2
22986 1
22987 2
22988 3
22989 1
22990 0
22991 1
22992 2
22993 3
22994 1
22995 1
22996 2
22997 0
22998 2
22999 0
23000 0
23001 0
23002 1
23003 3
23004 3
23005 1
23006 1
23007 4
23008 1
23009 4
23010 2
23011 0
23012 2
23013 2
23014 3
23015 2
23016 2
23017 3
23018 0
23019 2
23020 2
23021 2
23022 0
23023 2
23024 2
23025 0
23026 3
23027 1
23028 1
23029 2
23030 1
23031 0
23032 0
23033 2
23034 1
23035 2
23036 0
23037 0
23038 2
23039 1
23040 3
23041 0
23042 2
23043 0
23044 2
23045 2
23046 0
23047 2
23048 1
23049 1
23050 0
23051 1
23052 3
23053 0
23054 0
23055 3
23056 1
23057 1
23058 1
23059 2
23060 0
23061 2
23062 2
23063 0
23064 2
23065 2
23066 3
23067 2
23068 0
23069 0
23070 0
23071 0
23072 0
23073 0
23074 3
23075 0
23076 2
23077 1
23078 2
23079 2
23080 1
23081 1
23082 0
23083 2
23084 0
23085 1
23086 1
23087 0
23088 2
23089 2
23090 0
23091 0
23092 0
23093 3
23094 2
23095 3
23096 1
23097 1
23098 0
23099 0
23100 1
23101 0
23102 0
23103 2
23104 3
23105 4
23106 1
23107 2
23108 2
23109 0
23110 2
23111 0
23112 2
23113 0
23114 0
23115 2
23116 1
23117 0
23118 2
23119 1
23120 1
23121 1
23122 2
23123 0
23124 2
23125 2
23126 0
23127 1
23128 3
23129 1
23130 2
23131 0
23132 0
23133 2
23134 2
23135 2
23136 0
23137 3
23138 1
23139 1
23140 2
23141 0
23142 3
23143 1
23144 3
23145 3
23146 0
23147 1
23148 3
23149 2
23150 1
23151 0
23152 2
23153 0
23154 2
23155 0
23156 0
23157 1
23158 1
23159 0
23160 1
23161 3
23162 0
23163 2
23164 0
23165 0
23166 0
23167 1
23168 0
23169 2
23170 2
23171 0
23172 2
23173 3
23174 1
23175 0
23176 2
23177 2
23178 1
23179 2
23180 1
23181 2
23182 0
23183 0
23184 1
23185 3
23186 1
23187 1
23188 1
23189 0
23190 2
23191 3
23192 2
23193 1
23194 3
23195 1
23196 1
23197 0
23198 1
23199 0
23200 0
23201 1
23202 3
23203 0
23204 2
23205 2
23206 3
23207 2
23208 1
23209 2
23210 3
23211 2
23212 1
23213 0
23214 1
23215 2
23216 1
23217 0
23218 2
23219 1
23220 3
23221 2
23222 0
23223 2
23224 1
23225 2
23226 0
23227 3
23228 2
23229 1
23230 1
23231 0
23232 1
23233 2
23234 1
23235 0
23236 0
23237 0
23238 1
23239 3
23240 0
23241 2
23242 0
23243 0
23244 2
23245 0
23246 1
23247 0
23248 3
23249 3
23250 3
23251 1
23252 2
23253 1
23254 3
23255 3
23256 2
23257 3
23258 1
23259 0
23260 2
23261 2
23262 1
23263 0
23264 0
23265 3
23266 0
23267 1
23268 0
23269 1
23270 1
23271 0
23272 1
23273 2
23274 3
23275 2
23276 0
23277 1
23278 0
23279 0
23280 1
23281 2
23282 0
23283 3
23284 2
23285 1
23286 3
23287 0
23288 0
23289 2
23290 1
23291 1
23292 1
23293 2
23294 1
23295 2
23296 2
23297 1
23298 1
23299 1
23300 3
23301 2
23302 3
23303 2
23304 0
23305 0
23306 0
23307 1
23308 2
23309 1
23310 2
23311 0
23312 1
23313 2
23314 1
23315 2
23316 2
23317 2
23318 3
23319 0
23320 1
23321 1
23322 2
23323 0
23324 1
23325 3
23326 0
23327 1
23328 3
23329 0
23330 1
23331 0
23332 2
23333 2
23334 1
23335 0
23336 0
23337 1
23338 0
23339 1
23340 2
23341 2
23342 1
23343 0
23344 0
23345 2
23346 1
23347 1
23348 3
23349 2
23350 2
23351 1
23352 2
23353 1
23354 0
23355 1
23356 3
23357 0
23358 2
23359 2
23360 2
23361 2
23362 0
23363 3
23364 3
23365 2
23366 0
23367 1
23368 0
23369 1
23370 0
23371 3
23372 1
23373 1
23374 1
23375 1
23376 2
23377 1
23378 1
23379 0
23380 1
23381 1
23382 2
23383 0
23384 0
23385 3
23386 2
23387 0
23388 1
23389 3
23390 3
23391 2
23392 3
23393 0
23394 1
23395 0
23396 0
23397 1
23398 2
23399 2
23400 2
23401 2
23402 1
23403 3
23404 2
23405 0
23406 0
23407 3
23408 2
23409 1
23410 0
23411 2
23412 1
23413 0
23414 0
23415 0
23416 4
23417 1
23418 1
23419 0
23420 1
23421 0
23422 0
23423 0
23424 2
23425 0
23426 2
23427 1
23428 2
23429 0
23430 0
23431 3
23432 1
23433 1
23434 0
23435 2
23436 3
23437 0
23438 3
23439 1
23440 1
23441 3
23442 2
23443 2
23444 0
23445 1
23446 2
23447 0
23448 0
23449 3
23450 1
23451 2
23452 0
23453 3
23454 2
23455 0
23456 1
23457 0
23458 2
23459 1
23460 0
23461 1
23462 1
23463 2
23464 0
23465 3
23466 2
23467 3
23468 1
23469 3
23470 1
23471 3
23472 1
23473 1
23474 1
23475 0
23476 2
23477 2
23478 0
23479 1
23480 3
23481 3
23482 2
23483 3
23484 0
23485 0
23486 0
23487 1
23488 3
23489 0
23490 2
23491 1
23492 1
23493 2
23494 0
23495 3
23496 2
23497 3
23498 0
23499 3
23500 3
23501 0
23502 0
23503 2
23504 0
23505 1
23506 2
23507 2
23508 2
23509 0
23510 3
23511 1
23512 1
23513 3
23514 1
23515 0
23516 1
23517 0
23518 1
23519 2
23520 2
23521 2
23522 3
23523 3
23524 1
23525 1
23526 2
23527 1
23528 3
23529 2
23530 1
23531 2
23532 2
23533 3
23534 1
23535 0
23536 1
23537 3
23538 2
23539 0
23540 2
23541 1
23542 0
23543 1
23544 0
23545 3
23546 1
23547 2
23548 1
23549 2
23550 1
23551 3
23552 2
23553 3
23554 2
23555 1
23556 1
23557 2
23558 0
23559 3
23560 1
23561 1
23562 1
23563 3
23564 2
23565 0
23566 0
23567 0
23568 2
23569 1
23570 0
23571 1
23572 3
23573 2
23574 1
23575 1
23576 4
23577 0
23578 2
23579 2
23580 1
23581 1
23582 2
23583 1
23584 0
23585 2
23586 1
23587 1
23588 0
23589 2
23590 1
23591 1
23592 2
23593 0
23594 0
23595 1
23596 3
23597 0
23598 2
23599 1
23600 2
23601 2
23602 1
23603 0
23604 2
23605 2
23606 3
23607 0
23608 2
23609 2
23610 2
23611 2
23612 1
23613 3
23614 1
23615 2
23616 2
23617 1
23618 0
23619 0
23620 1
23621 0
23622 3
23623 3
23624 2
23625 2
23626 0
23627 1
23628 3
23629 1
23630 3
23631 2
23632 0
23633 1
23634 1
23635 0
23636 2
23637 1
23638 3
23639 2
23640 2
23641 2
23642 0
23643 1
23644 1
23645 2
23646 0
23647 1
23648 2
23649 2
23650 3
23651 1
23652 2
23653 0
23654 1
23655 1
23656 2
23657 2
23658 2
23659 2
23660 1
23661 2
23662 0
23663 0
23664 0
23665 1
23666 2
23667 2
23668 1
23669 1
23670 0
23671 3
23672 1
23673 0
23674 2
23675 0
23676 2
23677 1
23678 0
23679 0
23680 2
23681 3
23682 1
23683 1
23684 0
23685 1
23686 2
23687 1
23688 2
23689 2
23690 1
23691 0
23692 0
23693 0
23694 3
23695 1
23696 0
23697 2
23698 1
23699 2
23700 1
23701 0
23702 0
23703 0
23704 3
23705 3
23706 0
23707 2
23708 0
23709 0
23710 2
23711 3
23712 0
23713 0
23714 0
23715 1
23716 2
23717 2
23718 0
23719 1
23720 2
23721 0
23722 1
23723 0
23724 0
23725 3
23726 4
23727 2
23728 1
23729 1
23730 2
23731 3
23732 1
23733 2
23734 1
23735 0
23736 3
23737 2
23738 4
23739 1
23740 0
23741 3
23742 0
23743 1
23744 0
23745 2
23746 1
23747 1
23748 1
23749 0
23750 1
23751 3
23752 1
23753 2
23754 1
23755 2
23756 1
23757 0
23758 1
23759 0
23760 2
23761 3
23762 0
23763 2
23764 2
23765 1
23766 3
23767 0
23768 0
23769 0
23770 1
23771 2
23772 1
23773 2
23774 1
23775 0
23776 3
23777 2
23778 2
23779 1
23780 3
23781 2
23782 3
23783 1
23784 1
23785 0
23786 0
23787 1
23788 2
23789 2
23790 2
23791 0
23792 3
23793 1
23794 0
23795 2
23796 0
23797 0
23798 1
23799 2
23800 0
23801 2
23802 1
23803 0
23804 0
23805 1
23806 1
23807 1
23808 0
23809 1
23810 3
23811 3
23812 2
23813 2
23814 1
23815 3
23816 0
23817 2
23818 1
23819 1
23820 1
23821 0
23822 2
23823 0
23824 0
23825 1
23826 3
23827 3
23828 0
23829 2
23830 1
23831 0
23832 3
23833 0
23834 2
23835 0
23836 3
23837 0
23838 1
23839 3
23840 1
23841 1
23842 2
23843 1
23844 1
23845 2
23846 1
23847 2
23848 0
23849 0
23850 0
23851 1
23852 3
23853 4
23854 2
23855 1
23856 2
23857 3
23858 1
23859 0
23860 2
23861 0
23862 3
23863 1
23864 3
23865 0
23866 2
23867 2
23868 4
23869 3
23870 0
23871 0
23872 0
23873 0
23874 2
23875 3
23876 0
23877 1
23878 0
23879 1
23880 0
23881 0
23882 0
23883 1
23884 0
23885 2
23886 3
23887 0
23888 1
23889 1
23890 0
23891 0
23892 3
23893 3
23894 2
23895 0
23896 1
23897 1
23898 2
23899 2
23900 2
23901 2
23902 2
23903 3
23904 1
23905 0
23906 2
23907 1
23908 1
23909 3
23910 2
23911 1
23912 0
23913 2
23914 0
23915 0
23916 3
23917 2
23918 1
23919 3
23920 0
23921 2
23922 1
23923 1
23924 1
23925 1
23926 1
23927 1
23928 1
23929 2
23930 2
23931 2
23932 0
23933 1
23934 3
23935 1
23936 0
23937 1
23938 0
23939 3
23940 2
23941 2
23942 1
23943 1
23944 3
23945 1
23946 3
23947 1
23948 1
23949 1
23950 2
23951 0
23952 0
23953 0
23954 1
23955 4
23956 0
23957 0
23958 3
23959 4
23960 0
23961 1
23962 2
23963 0
23964 2
23965 1
23966 1
23967 1
23968 2
23969 0
23970 0
23971 0
23972 1
23973 2
23974 2
23975 3
23976 2
23977 1
23978 2
23979 1
23980 1
23981 2
23982 2
23983 3
23984 2
23985 0
23986 1
23987 2
23988 0
23989 1
23990 1
23991 1
23992 1
23993 1
23994 3
23995 1
23996 1
23997 0
23998 2
23999 2
24000 2
24001 2
24002 2
24003 3
24004 2
24005 1
24006 0
24007 0
24008 1
24009 1
24010 1
24011 2
24012 0
24013 3
24014 4
24015 1
24016 2
24017 0
24018 0
24019 1
24020 1
24021 2
24022 0
24023 1
24024 2
24025 0
24026 0
24027 1
24028 1
24029 2
24030 1
24031 0
24032 0
24033 3
24034 1
24035 0
24036 0
24037 0
24038 1
24039 0
24040 3
24041 2
24042 0
24043 3
24044 2
24045 0
24046 3
24047 0
24048 1
24049 1
24050 0
24051 0
24052 4
24053 2
24054 0
24055 1
24056 3
24057 2
24058 0
24059 1
24060 3
24061 1
24062 2
24063 0
24064 1
24065 1
24066 2
24067 2
24068 0
24069 1
24070 1
24071 1
24072 1
24073 1
24074 0
24075 1
24076 3
24077 0
24078 0
24079 0
24080 2
24081 2
24082 0
24083 1
24084 1
24085 1
24086 0
24087 1
24088 3
24089 2
24090 1
24091 1
24092 0
24093 1
24094 0
24095 1
24096 3
24097 1
24098 1
24099 1
24100 2
24101 1
24102 1
24103 2
24104 1
24105 2
24106 1
24107 1
24108 2
24109 0
24110 3
24111 1
24112 0
24113 0
24114 0
24115 1
24116 1
24117 2
24118 3
24119 1
24120 0
24121 3
24122 0
24123 1
24124 0
24125 2
24126 3
24127 1
24128 0
24129 3
24130 0
24131 1
24132 1
24133 2
24134 1
24135 0
24136 3
24137 2
24138 3
24139 3
24140 4
24141 2
24142 1
24143 0
24144 0
24145 4
24146 1
24147 0
24148 2
24149 1
24150 3
24151 2
24152 0
24153 1
24154 3
24155 3
24156 3
24157 1
24158 1
24159 3
24160 2
24161 1
24162 0
24163 3
24164 2
24165 2
24166 0
24167 4
24168 0
24169 2
24170 0
24171 2
24172 1
24173 1
24174 1
24175 3
24176 0
24177 3
24178 3
24179 1
24180 0
24181 1
24182 2
24183 0
24184 0
24185 2
24186 1
24187 0
24188 2
24189 3
24190 2
24191 1
24192 4
24193 0
24194 0
24195 0
24196 1
24197 3
24198 0
24199 0
24200 0
24201 0
24202 1
24203 3
24204 1
24205 0
24206 2
24207 0
24208 0
24209 3
24210 1
24211 2
24212 2
24213 2
24214 2
24215 4
24216 3
24217 0
24218 1
24219 2
24220 2
24221 2
24222 1
24223 2
24224 3
24225 3
24226 2
24227 2
24228 1
24229 1
24230 1
24231 1
24232 0
24233 3
24234 2
24235 1
24236 0
24237 2
24238 1
24239 0
24240 1
24241 2
24242 0
24243 1
24244 1
24245 1
24246 1
24247 1
24248 1
24249 1
24250 3
24251 3
24252 2
24253 0
24254 3
24255 1
24256 1
24257 2
24258 0
24259 1
24260 0
24261 0
24262 3
24263 0
24264 0
24265 2
24266 1
24267 1
24268 2
24269 1
24270 1
24271 1
24272 2
24273 1
24274 2
24275 1
24276 2
24277 2
24278 3
24279 1
24280 3
24281 0
24282 3
24283 2
24284 1
24285 0
24286 2
24287 1
24288 1
24289 0
24290 1
24291 1
24292 0
24293 0
24294 1
24295 0
24296 2
24297 1
24298 2
24299 1
24300 1
24301 0
24302 0
24303 2
24304 1
24305 2
24306 2
24307 1
24308 2
24309 2
24310 0
24311 4
24312 3
24313 2
24314 1
24315 0
24316 2
24317 0
24318 2
24319 2
24320 1
24321 1
24322 0
24323 0
24324 2
24325 3
24326 4
24327 2
24328 3
24329 0
24330 3
24331 1
24332 1
24333 1
24334 2
24335 1
24336 3
24337 1
24338 0
24339 1
24340 1
24341 2
24342 3
24343 1
24344 3
24345 3
24346 2
24347 2
24348 1
24349 2
24350 2
24351 3
24352 3
24353 0
24354 2
24355 2
24356 2
24357 2
24358 0
24359 3
24360 0
24361 1
24362 1
24363 1
24364 2
24365 2
24366 2
24367 1
24368 1
24369 4
24370 1
24371 2
24372 2
24373 3
24374 3
24375 0
24376 0
24377 0
24378 0
24379 0
24380 0
24381 0
24382 1
24383 3
24384 1
24385 0
24386 1
24387 0
24388 1
24389 1
24390 0
24391 1
24392 1
24393 1
24394 2
24395 0
24396 2
24397 0
24398 2
24399 1
24400 2
24401 3
24402 4
24403 2
24404 3
24405 1
24406 0
24407 1
24408 1
24409 1
24410 3
24411 1
24412 2
24413 1
24414 0
24415 2
24416 3
24417 2
24418 0
24419 1
24420 0
24421 3
24422 0
24423 0
24424 1
24425 1
24426 3
24427 1
24428 1
24429 0
24430 1
24431 2
24432 2
24433 3
24434 1
24435 2
24436 3
24437 5
24438 3
24439 1
24440 1
24441 1
24442 1
24443 1
24444 1
24445 4
24446 2
24447 1
24448 1
24449 2
24450 0
24451 2
24452 0
24453 3
24454 0
24455 2
24456 2
24457 3
24458 2
24459 2
24460 4
24461 2
24462 1
24463 3
24464 3
24465 1
24466 1
24467 1
24468 2
24469 0
24470 1
24471 3
24472 2
24473 1
24474 0
24475 1
24476 2
24477 1
24478 1
24479 1
24480 1
24481 2
24482 1
24483 0
24484 1
24485 1
24486 1
24487 2
24488 3
24489 2
24490 1
24491 2
24492 1
24493 1
24494 0
24495 0
24496 2
24497 2
24498 1
24499 0
24500 0
24501 2
24502 3
24503 3
24504 2
24505 1
24506 0
24507 2
24508 1
24509 1
24510 3
24511 1
24512 2
24513 0
24514 2
24515 3
24516 1
24517 3
24518 1
24519 0
24520 2
24521 0
24522 0
24523 2
24524 0
24525 2
24526 2
24527 2
24528 0
24529 0
24530 2
24531 1
24532 2
24533 1
24534 2
24535 0
24536 3
24537 0
24538 1
24539 2
24540 3
24541 2
24542 3
24543 2
24544 2
24545 3
24546 2
24547 1
24548 2
24549 4
24550 1
24551 0
24552 2
24553 3
24554 1
24555 2
24556 1
24557 0
24558 0
24559 1
24560 1
24561 1
24562 1
24563 0
24564 1
24565 0
24566 0
24567 2
24568 1
24569 1
24570 0
24571 2
24572 3
24573 0
24574 3
24575 3
24576 0
24577 1
24578 0
24579 1
24580 4
24581 1
24582 2
24583 1
24584 2
24585 2
24586 3
24587 1
24588 2
24589 2
24590 1
24591 1
24592 1
24593 2
24594 1
24595 0
24596 0
24597 3
24598 1
24599 1
24600 2
24601 4
24602 0
24603 0
24604 0
24605 3
24606 2
24607 1
24608 2
24609 1
24610 2
24611 3
24612 0
24613 0
24614 3
24615 1
24616 0
24617 1
24618 4
24619 1
24620 2
24621 0
24622 2
24623 3
24624 1
24625 2
24626 0
24627 0
24628 2
24629 2
24630 3
24631 1
24632 2
24633 2
24634 1
24635 1
24636 2
24637 1
24638 1
24639 1
24640 3
24641 1
24642 2
24643 3
24644 2
24645 2
24646 0
24647 2
24648 2
24649 2
24650 2
24651 1
24652 2
24653 2
24654 2
24655 3
24656 2
24657 1
24658 0
24659 0
24660 2
24661 2
24662 0
24663 2
24664 1
24665 2
24666 0
24667 2
24668 0
24669 0
24670 1
24671 2
24672 0
24673 0
24674 0
24675 2
24676 1
24677 0
24678 2
24679 1
24680 2
24681 3
24682 1
24683 1
24684 1
24685 3
24686 3
24687 1
24688 2
24689 0
24690 2
24691 0
24692 2
24693 0
24694 1
24695 1
24696 3
24697 3
24698 1
24699 1
24700 3
24701 0
24702 1
24703 2
24704 1
24705 1
24706 2
24707 1
24708 0
24709 0
24710 1
24711 2
24712 0
24713 1
24714 3
24715 2
24716 3
24717 1
24718 0
24719 1
24720 2
24721 1
24722 0
24723 3
24724 2
24725 1
24726 1
24727 2
24728 1
24729 0
24730 3
24731 0
24732 2
24733 3
24734 3
24735 3
24736 1
24737 1
24738 2
24739 1
24740 1
24741 0
24742 0
24743 2
24744 1
24745 1
24746 0
24747 3
24748 2
24749 3
24750 2
24751 1
24752 1
24753 2
24754 2
24755 1
24756 3
24757 2
24758 2
24759 2
24760 3
24761 3
24762 1
24763 3
24764 3
24765 1
24766 2
24767 2
24768 1
24769 0
24770 0
24771 2
24772 3
24773 2
24774 3
24775 1
24776 1
24777 2
24778 0
24779 2
24780 0
24781 0
24782 2
24783 1
24784 1
24785 0
24786 0
24787 0
24788 0
24789 0
24790 0
24791 0
24792 0
24793 0
24794 2
24795 2
24796 1
24797 3
24798 1
24799 1
24800 1
24801 0
24802 3
24803 1
24804 2
24805 0
24806 0
24807 0
24808 3
24809 2
24810 0
24811 0
24812 1
24813 1
24814 1
24815 0
24816 0
24817 2
24818 0
24819 0
24820 2
24821 2
24822 3
24823 2
24824 0
24825 0
24826 0
24827 2
24828 2
24829 1
24830 2
24831 3
24832 2
24833 2
24834 1
24835 2
24836 3
24837 0
24838 2
24839 2
24840 1
24841 1
24842 0
24843 2
24844 2
24845 3
24846 1
24847 2
24848 1
24849 1
24850 3
24851 2
24852 0
24853 1
24854 3
24855 1
24856 3
24857 1
24858 1
24859 0
24860 2
24861 3
24862 2
24863 1
24864 0
24865 1
24866 1
24867 2
24868 2
24869 1
24870 1
24871 3
24872 0
24873 2
24874 1
24875 0
24876 1
24877 2
24878 2
24879 2
24880 1
24881 2
24882 2
24883 0
24884 0
24885 0
24886 0
24887 1
24888 3
24889 2
24890 2
24891 0
24892 0
24893 1
24894 2
24895 3
24896 1
24897 2
24898 3
24899 1
24900 1
24901 1
24902 0
24903 0
24904 3
24905 2
24906 2
24907 0
24908 2
24909 1
24910 1
24911 1
24912 2
24913 0
24914 1
24915 1
24916 1
24917 1
24918 3
24919 0
24920 1
24921 1
24922 4
24923 0
24924 0
24925 2
24926 1
24927 2
24928 3
24929 2
24930 3
24931 2
24932 2
24933 3
24934 0
24935 0
24936 2
24937 1
24938 1
24939 1
24940 2
24941 2
24942 1
24943 0
24944 2
24945 3
24946 1
24947 4
24948 1
24949 1
24950 3
24951 2
24952 2
24953 0
24954 3
24955 1
24956 2
24957 2
24958 2
24959 2
24960 1
24961 2
24962 0
24963 1
24964 2
24965 1
24966 1
24967 1
24968 1
24969 0
24970 1
24971 3
24972 2
24973 3
24974 1
24975 0
24976 1
24977 1
24978 3
24979 3
24980 1
24981 2
24982 1
24983 2
24984 2
24985 1
24986 2
24987 1
24988 1
24989 0
24990 1
24991 3
24992 0
24993 2
24994 3
24995 2
24996 0
24997 2
24998 4
24999 0
25000 0
25001 1
25002 3
25003 3
25004 1
25005 2
25006 2
25007 2
25008 3
25009 4
25010 0
25011 2
25012 0
25013 0
25014 2
25015 1
25016 0
25017 1
25018 0
25019 0
25020 3
25021 1
25022 1
25023 3
25024 2
25025 1
25026 1
25027 0
25028 2
25029 0
25030 3
25031 2
25032 2
25033 1
25034 2
25035 3
25036 2
25037 4
25038 0
25039 2
25040 1
25041 2
25042 2
25043 1
25044 0
25045 1
25046 3
25047 0
25048 0
25049 2
25050 1
25051 2
25052 0
25053 1
25054 0
25055 2
25056 1
25057 0
25058 3
25059 2
25060 2
25061 3
25062 2
25063 3
25064 0
25065 1
25066 2
25067 4
25068 0
25069 1
25070 1
25071 1
25072 4
25073 0
25074 0
25075 2
25076 0
25077 1
25078 3
25079 3
25080 2
25081 1
25082 2
25083 0
25084 2
25085 2
25086 0
25087 2
25088 2
25089 2
25090 4
25091 1
25092 1
25093 0
25094 3
25095 0
25096 3
25097 4
25098 2
25099 1
25100 2
25101 0
25102 3
25103 2
25104 1
25105 0
25106 2
25107 3
25108 3
25109 1
25110 2
25111 1
25112 4
25113 2
25114 1
25115 1
25116 4
25117 0
25118 0
25119 2
25120 2
25121 4
25122 1
25123 3
25124 1
25125 3
25126 3
25127 2
25128 3
25129 2
25130 1
25131 1
25132 3
25133 1
25134 1
25135 0
25136 2
25137 4
25138 1
25139 2
25140 1
25141 1
25142 2
25143 0
25144 0
25145 0
25146 2
25147 1
25148 3
25149 1
25150 1
25151 1
25152 1
25153 3
25154 3
25155 2
25156 0
25157 1
25158 3
25159 0
25160 3
25161 2
25162 1
25163 0
25164 1
25165 1
25166 1
25167 2
25168 2
25169 2
25170 2
25171 1
25172 1
25173 0
25174 3
25175 1
25176 1
25177 1
25178 1
25179 3
25180 3
25181 0
25182 2
25183 2
25184 1
25185 0
25186 2
25187 3
25188 2
25189 3
25190 1
25191 0
25192 3
25193 0
25194 2
25195 2
25196 1
25197 0
25198 2
25199 2
25200 1
25201 2
25202 0
25203 3
25204 2
25205 3
25206 0
25207 0
25208 0
25209 1
25210 1
25211 1
25212 2
25213 2
25214 2
25215 1
25216 2
25217 3
25218 2
25219 3
25220 2
25221 0
25222 2
25223 3
25224 0
25225 1
25226 1
25227 4
25228 0
25229 2
25230 1
25231 3
25232 3
25233 2
25234 2
25235 3
25236 2
25237 0
25238 2
25239 1
25240 0
25241 1
25242 0
25243 3
25244 1
25245 2
25246 1
25247 2
25248 4
25249 3
25250 2
25251 1
25252 1
25253 4
25254 0
25255 3
25256 2
25257 0
25258 1
25259 3
25260 0
25261 2
25262 1
25263 0
25264 1
25265 2
25266 3
25267 2
25268 2
25269 2
25270 3
25271 2
25272 0
25273 3
25274 3
25275 2
25276 2
25277 3
25278 0
25279 1
25280 4
25281 2
25282 0
25283 0
25284 1
25285 2
25286 1
25287 2
25288 2
25289 2
25290 0
25291 1
25292 3
25293 1
25294 0
25295 1
25296 0
25297 1
25298 2
25299 2
25300 0
25301 2
25302 2
25303 0
25304 0
25305 1
25306 0
25307 2
25308 3
25309 3
25310 0
25311 0
25312 1
25313 2
25314 0
25315 4
25316 3
25317 1
25318 2
25319 2
25320 3
25321 2
25322 0
25323 0
25324 2
25325 2
25326 0
25327 1
25328 0
25329 2
25330 1
25331 3
25332 2
25333 1
25334 3
25335 3
25336 2
25337 0
25338 0
25339 3
25340 0
25341 1
25342 2
25343 2
25344 0
25345 2
25346 2
25347 0
25348 0
25349 2
25350 1
25351 2
25352 1
25353 2
25354 1
25355 0
25356 1
25357 0
25358 1
25359 1
25360 0
25361 1
25362 1
25363 2
25364 3
25365 3
25366 2
25367 3
25368 1
25369 1
25370 4
25371 1
25372 1
25373 1
25374 2
25375 2
25376 2
25377 2
25378 0
25379 0
25380 3
25381 3
25382 1
25383 1
25384 2
25385 0
25386 1
25387 2
25388 0
25389 2
25390 0
25391 1
25392 2
25393 2
25394 3
25395 0
25396 2
25397 1
25398 3
25399 1
25400 0
25401 0
25402 1
25403 2
25404 2
25405 3
25406 1
25407 2
25408 3
25409 1
25410 0
25411 1
25412 0
25413 2
25414 0
25415 0
25416 1
25417 1
25418 0
25419 0
25420 3
25421 2
25422 0
25423 3
25424 3
25425 2
25426 2
25427 0
25428 2
25429 0
25430 0
25431 0
25432 1
25433 0
25434 1
25435 2
25436 2
25437 1
25438 0
25439 2
25440 2
25441 2
25442 2
25443 3
25444 1
25445 3
25446 0
25447 2
25448 3
25449 2
25450 4
25451 2
25452 1
25453 4
25454 2
25455 2
25456 3
25457 1
25458 2
25459 1
25460 3
25461 2
25462 0
25463 2
25464 2
25465 1
25466 0
25467 2
25468 0
25469 1
25470 2
25471 1
25472 1
25473 2
25474 1
25475 1
25476 1
25477 2
25478 2
25479 0
25480 4
25481 3
25482 4
25483 2
25484 1
25485 3
25486 1
25487 0
25488 2
25489 2
25490 2
25491 3
25492 3
25493 2
25494 1
25495 3
25496 2
25497 3
25498 2
25499 1
25500 0
25501 1
25502 2
25503 0
25504 1
25505 0
25506 0
25507 0
25508 1
25509 0
25510 2
25511 1
25512 1
25513 0
25514 1
25515 1
25516 2
25517 0
25518 1
25519 3
25520 3
25521 2
25522 1
25523 1
25524 0
25525 3
25526 2
25527 2
25528 1
25529 0
25530 3
25531 2
25532 2
25533 0
25534 3
25535 1
25536 1
25537 0
25538 1
25539 2
25540 0
25541 0
25542 3
25543 1
25544 1
25545 3
25546 0
25547 3
25548 1
25549 1
25550 1
25551 2
25552 0
25553 1
25554 1
25555 2
25556 1
25557 2
25558 1
25559 2
25560 1
25561 3
25562 2
25563 2
25564 2
25565 0
25566 1
25567 0
25568 2
25569 1
25570 2
25571 2
25572 0
25573 0
25574 0
25575 1
25576 1
25577 2
25578 0
25579 0
25580 1
25581 2
25582 2
25583 1
25584 3
25585 0
25586 2
25587 2
25588 2
25589 1
25590 0
25591 1
25592 1
25593 3
25594 1
25595 0
25596 1
25597 1
25598 2
25599 0
25600 0
25601 0
25602 2
25603 1
25604 1
25605 2
25606 0
25607 4
25608 1
25609 0
25610 2
25611 2
25612 1
25613 0
25614 3
25615 3
25616 1
25617 0
25618 2
25619 1
25620 0
25621 1
25622 1
25623 1
25624 3
25625 1
25626 2
25627 1
25628 2
25629 1
25630 2
25631 2
25632 2
25633 0
25634 0
25635 1
25636 1
25637 2
25638 2
25639 2
25640 0
25641 0
25642 1
25643 3
25644 1
25645 2
25646 0
25647 3
25648 1
25649 3
25650 1
25651 2
25652 0
25653 0
25654 0
25655 0
25656 1
25657 2
25658 2
25659 2
25660 1
25661 0
25662 0
25663 0
25664 1
25665 2
25666 0
25667 0
25668 2
25669 1
25670 1
25671 1
25672 2
25673 1
25674 2
25675 0
25676 3
25677 0
25678 0
25679 2
25680 2
25681 0
25682 3
25683 0
25684 0
25685 2
25686 2
25687 2
25688 0
25689 0
25690 0
25691 1
25692 1
25693 2
25694 1
25695 2
25696 0
25697 2
25698 0
25699 1
25700 2
25701 2
25702 2
25703 0
25704 2
25705 1
25706 1
25707 2
25708 1
25709 2
25710 0
25711 3
25712 2
25713 3
25714 1
25715 2
25716 1
25717 1
25718 2
25719 1
25720 1
25721 1
25722 3
25723 0
25724 1
25725 2
25726 0
25727 1
25728 1
25729 2
25730 1
25731 4
25732 0
25733 0
25734 0
25735 2
25736 2
25737 1
25738 1
25739 2
25740 1
25741 0
25742 0
25743 1
25744 3
25745 3
25746 0
25747 1
25748 4
25749 1
25750 1
25751 1
25752 3
25753 0
25754 2
25755 2
25756 2
25757 3
25758 0
25759 1
25760 2
25761 1
25762 2
25763 3
25764 0
25765 4
25766 1
25767 3
25768 2
25769 0
25770 1
25771 3
25772 0
25773 2
25774 1
25775 3
25776 1
25777 2
25778 1
25779 2
25780 1
25781 2
25782 0
25783 1
25784 1
25785 2
25786 0
25787 0
25788 1
25789 0
25790 0
25791 2
25792 2
25793 1
25794 2
25795 3
25796 3
25797 2
25798 3
25799 0
25800 1
25801 2
25802 1
25803 1
25804 0
25805 1
25806 2
25807 3
25808 1
25809 1
25810 0
25811 3
25812 3
25813 2
25814 1
25815 1
25816 1
25817 0
25818 1
25819 0
25820 2
25821 2
25822 1
25823 1
25824 3
25825 2
25826 2
25827 2
25828 1
25829 1
25830 1
25831 2
25832 0
25833 1
25834 2
25835 1
25836 0
25837 1
25838 1
25839 2
25840 0
25841 2
25842 0
25843 0
25844 1
25845 0
25846 1
25847 2
25848 0
25849 1
25850 1
25851 2
25852 1
25853 1
25854 2
25855 3
25856 4
25857 2
25858 3
25859 1
25860 0
25861 2
25862 0
25863 1
25864 2
25865 1
25866 3
25867 2
25868 1
25869 0
25870 3
25871 2
25872 2
25873 3
25874 1
25875 1
25876 0
25877 0
25878 1
25879 1
25880 3
25881 0
25882 4
25883 2
25884 3
25885 2
25886 1
25887 1
25888 3
25889 1
25890 3
25891 1
25892 0
25893 2
25894 3
25895 2
25896 0
25897 2
25898 2
25899 1
25900 3
25901 0
25902 2
25903 0
25904 2
25905 0
25906 2
25907 3
25908 0
25909 1
25910 1
25911 4
25912 0
25913 2
25914 2
25915 1
25916 1
25917 2
25918 1
25919 1
25920 3
25921 2
25922 2
25923 3
25924 2
25925 2
25926 2
25927 1
25928 2
25929 0
25930 1
25931 2
25932 3
25933 2
25934 3
25935 2
25936 3
25937 0
25938 1
25939 3
25940 1
25941 1
25942 1
25943 1
25944 0
25945 2
25946 2
25947 1
25948 3
25949 0
25950 0
25951 1
25952 3
25953 2
25954 1
25955 2
25956 2
25957 3
25958 0
25959 1
25960 3
25961 0
25962 2
25963 3
25964 1
25965 0
25966 1
25967 1
25968 0
25969 0
25970 2
25971 2
25972 3
25973 2
25974 2
25975 4
25976 0
25977 1
25978 2
25979 0
25980 3
25981 1
25982 0
25983 1
25984 1
25985 0
25986 2
25987 1
25988 2
25989 1
25990 1
25991 2
25992 0
25993 2
25994 3
25995 2
25996 3
25997 1
25998 0
25999 3
26000 2
26001 2
26002 1
26003 2
26004 0
26005 0
26006 1
26007 3
26008 4
26009 1
26010 1
26011 2
26012 1
26013 1
26014 1
26015 1
26016 3
26017 2
26018 2
26019 2
26020 2
26021 0
26022 3
26023 1
26024 2
26025 0
26026 3
26027 1
26028 0
26029 2
26030 0
26031 0
26032 2
26033 3
26034 1
26035 2
26036 3
26037 3
26038 1
26039 1
26040 0
26041 1
26042 1
26043 1
26044 1
26045 0
26046 1
26047 2
26048 1
26049 1
26050 3
26051 4
26052 0
26053 3
26054 2
26055 2
26056 3
26057 1
26058 0
26059 1
26060 1
26061 0
26062 0
26063 1
26064 4
26065 1
26066 2
26067 0
26068 0
26069 1
26070 2
26071 1
26072 3
26073 1
26074 3
26075 3
26076 2
26077 3
26078 4
26079 3
26080 2
26081 3
26082 1
26083 2
26084 3
26085 1
26086 4
26087 0
26088 0
26089 1
26090 1
26091 1
26092 3
26093 1
26094 2
26095 0
26096 3
26097 0
26098 1
26099 3
26100 0
26101 1
26102 2
26103 2
26104 2
26105 1
26106 2
26107 3
26108 0
26109 3
26110 1
26111 2
26112 2
26113 1
26114 4
26115 0
26116 1
26117 1
26118 1
26119 0
26120 2
26121 2
26122 2
26123 1
26124 4
26125 0
26126 0
26127 1
26128 2
26129 2
26130 1
26131 3
26132 1
26133 1
26134 2
26135 1
26136 1
26137 2
26138 1
26139 1
26140 2
26141 2
26142 4
26143 2
26144 2
26145 3
26146 1
26147 4
26148 1
26149 1
26150 0
26151 0
26152 0
26153 1
26154 2
26155 1
26156 3
26157 2
26158 1
26159 2
26160 2
26161 2
26162 0
26163 2
26164 3
26165 2
26166 2
26167 3
26168 3
26169 0
26170 0
26171 2
26172 4
26173 0
26174 0
26175 1
26176 2
26177 0
26178 0
26179 0
26180 1
26181 2
26182 2
26183 1
26184 0
26185 0
26186 0
26187 1
26188 1
26189 3
26190 1
26191 2
26192 2
26193 1
26194 3
26195 0
26196 0
26197 1
26198 3
26199 1
26200 1
26201 1
26202 2
26203 2
26204 0
26205 2
26206 0
26207 0
26208 1
26209 1
26210 4
26211 1
26212 3
26213 3
26214 2
26215 2
26216 0
26217 4
26218 2
26219 1
26220 1
26221 2
26222 1
26223 1
26224 2
26225 0
26226 1
26227 3
26228 3
26229 2
26230 3
26231 2
26232 2
26233 1
26234 0
26235 1
26236 3
26237 1
26238 0
26239 2
26240 0
26241 1
26242 0
26243 0
26244 2
26245 1
26246 1
26247 0
26248 1
26249 2
26250 2
26251 1
26252 2
26253 2
26254 2
26255 2
26256 4
26257 3
26258 3
26259 1
26260 4
26261 0
26262 1
26263 1
26264 0
26265 2
26266 0
26267 1
26268 2
26269 3
26270 2
26271 3
26272 1
26273 1
26274 1
26275 4
26276 1
26277 2
26278 1
26279 1
26280 1
26281 2
26282 2
26283 0
26284 3
26285 2
26286 0
26287 1
26288 2
26289 4
26290 1
26291 3
26292 1
26293 0
26294 1
26295 1
26296 0
26297 2
26298 3
26299 2
26300 3
26301 1
26302 0
26303 0
26304 2
26305 1
26306 1
26307 0
26308 3
26309 3
26310 3
26311 1
26312 2
26313 1
26314 2
26315 2
26316 1
26317 1
26318 1
26319 0
26320 3
26321 1
26322 2
26323 1
26324 1
26325 0
26326 0
26327 0
26328 1
26329 2
26330 0
26331 3
26332 1
26333 4
26334 1
26335 2
26336 1
26337 0
26338 1
26339 2
26340 1
26341 0
26342 3
26343 0
26344 0
26345 3
26346 2
26347 3
26348 0
26349 3
26350 3
26351 0
26352 3
26353 0
26354 1
26355 2
26356 0
26357 1
26358 3
26359 2
26360 0
26361 1
26362 3
26363 1
26364 2
26365 2
26366 1
26367 1
26368 3
26369 2
26370 1
26371 2
26372 4
26373 2
26374 2
26375 1
26376 2
26377 2
26378 0
26379 1
26380 3
26381 1
26382 2
26383 1
26384 0
26385 3
26386 1
26387 2
26388 2
26389 1
26390 4
26391 0
26392 0
26393 2
26394 3
26395 1
26396 2
26397 3
26398 3
26399 2
26400 0
26401 0
26402 1
26403 2
26404 1
26405 0
26406 2
26407 3
26408 0
26409 4
26410 0
26411 2
26412 1
26413 1
26414 0
26415 1
26416 3
26417 0
26418 3
26419 2
26420 2
26421 0
26422 2
26423 1
26424 2
26425 1
26426 2
26427 1
26428 2
26429 3
26430 2
26431 1
26432 1
26433 2
26434 2
26435 1
26436 3
26437 3
26438 1
26439 3
26440 2
26441 1
26442 1
26443 0
26444 2
26445 2
26446 0
26447 0
26448 3
26449 3
26450 4
26451 1
26452 0
26453 2
26454 2
26455 1
26456 2
26457 2
26458 2
26459 1
26460 0
26461 3
26462 1
26463 2
26464 1
26465 1
26466 1
26467 1
26468 0
26469 2
26470 2
26471 0
26472 3
26473 2
26474 1
26475 1
26476 2
26477 1
26478 2
26479 0
26480 3
26481 2
26482 2
26483 0
26484 1
26485 0
26486 1
26487 1
26488 3
26489 2
26490 2
26491 0
26492 1
26493 1
26494 0
26495 1
26496 1
26497 1
26498 1
26499 3
26500 0
26501 2
26502 0
26503 0
26504 0
26505 0
26506 2
26507 2
26508 4
26509 3
26510 1
26511 2
26512 2
26513 3
26514 2
26515 0
26516 0
26517 2
26518 3
26519 2
26520 1
26521 2
26522 3
26523 0
26524 2
26525 0
26526 0
26527 1
26528 2
26529 0
26530 2
26531 0
26532 2
26533 4
26534 2
26535 0
26536 1
26537 2
26538 0
26539 1
26540 1
26541 2
26542 1
26543 2
26544 3
26545 1
26546 2
26547 2
26548 2
26549 1
26550 2
26551 0
26552 3
26553 3
26554 3
26555 3
26556 3
26557 2
26558 3
26559 1
26560 3
26561 2
26562 1
26563 2
26564 2
26565 0
26566 1
26567 2
26568 0
26569 1
26570 1
26571 2
26572 2
26573 2
26574 1
26575 4
26576 3
26577 2
26578 2
26579 0
26580 1
26581 3
26582 2
26583 3
26584 1
26585 1
26586 3
26587 3
26588 0
26589 2
26590 0
26591 2
26592 1
26593 2
26594 3
26595 2
26596 0
26597 3
26598 0
26599 0
26600 3
26601 1
26602 2
26603 3
26604 2
26605 3
26606 2
26607 3
26608 1
26609 3
26610 2
26611 2
26612 3
26613 2
26614 1
26615 1
26616 3
26617 1
26618 1
26619 1
26620 2
26621 3
26622 1
26623 3
26624 0
26625 3
26626 4
26627 0
26628 1
26629 3
26630 0
26631 4
26632 1
26633 3
26634 3
26635 4
26636 3
26637 2
26638 0
26639 0
26640 2
26641 0
26642 0
26643 1
26644 0
26645 4
26646 1
26647 0
26648 0
26649 2
26650 2
26651 3
26652 3
26653 0
26654 1
26655 3
26656 2
26657 1
26658 1
26659 4
26660 1
26661 0
26662 0
26663 1
26664 3
26665 2
26666 1
26667 2
26668 0
26669 0
26670 4
26671 0
26672 3
26673 2
26674 2
26675 3
26676 0
26677 2
26678 3
26679 3
26680 0
26681 3
26682 1
26683 0
26684 1
26685 3
26686 0
26687 2
26688 1
26689 2
26690 0
26691 3
26692 0
26693 0
26694 0
26695 3
26696 2
26697 0
26698 2
26699 3
26700 1
26701 1
26702 0
26703 2
26704 2
26705 1
26706 4
26707 0
26708 0
26709 3
26710 2
26711 0
26712 0
26713 3
26714 3
26715 3
26716 0
26717 2
26718 2
26719 2
26720 2
26721 2
26722 0
26723 1
26724 0
26725 1
26726 1
26727 1
26728 2
26729 2
26730 0
26731 2
26732 1
26733 1
26734 2
26735 0
26736 1
26737 0
26738 1
26739 0
26740 3
26741 0
26742 0
26743 3
26744 2
26745 2
26746 2
26747 2
26748 0
26749 0
26750 4
26751 0
26752 2
26753 2
26754 2
26755 1
26756 0
26757 2
26758 0
26759 2
26760 2
26761 0
26762 0
26763 2
26764 1
26765 2
26766 3
26767 0
26768 3
26769 3
26770 2
26771 1
26772 3
26773 2
26774 1
26775 2
26776 2
26777 2
26778 3
26779 1
26780 1
26781 2
26782 0
26783 0
26784 0
26785 0
26786 1
26787 3
26788 3
26789 1
26790 2
26791 3
26792 1
26793 0
26794 4
26795 1
26796 1
26797 3
26798 0
26799 2
26800 1
26801 0
26802 1
26803 2
26804 2
26805 1
26806 3
26807 0
26808 1
26809 1
26810 2
26811 0
26812 0
26813 3
26814 0
26815 2
26816 1
26817 0
26818 3
26819 4
26820 2
26821 0
26822 1
26823 2
26824 2
26825 1
26826 1
26827 2
26828 0
26829 1
26830 4
26831 2
26832 3
26833 0
26834 3
26835 1
26836 2
26837 2
26838 1
26839 0
26840 0
26841 0
26842 0
26843 2
26844 2
26845 3
26846 2
26847 1
26848 0
26849 2
26850 2
26851 2
26852 3
26853 2
26854 2
26855 0
26856 2
26857 1
26858 3
26859 1
26860 2
26861 3
26862 1
26863 1
26864 0
26865 4
26866 0
26867 1
26868 0
26869 4
26870 1
26871 0
26872 3
26873 1
26874 3
26875 3
26876 1
26877 1
26878 1
26879 1
26880 3
26881 0
26882 2
26883 2
26884 1
26885 0
26886 1
26887 1
26888 1
26889 1
26890 2
26891 0
26892 1
26893 0
26894 2
26895 2
26896 1
26897 3
26898 2
26899 2
26900 3
26901 1
26902 0
26903 3
26904 2
26905 3
26906 0
26907 1
26908 1
26909 2
26910 1
26911 2
26912 2
26913 2
26914 1
26915 0
26916 3
26917 2
26918 2
26919 0
26920 0
26921 1
26922 1
26923 0
26924 2
26925 2
26926 1
26927 2
26928 1
26929 3
26930 2
26931 2
26932 1
26933 0
26934 2
26935 1
26936 2
26937 0
26938 0
26939 1
26940 2
26941 2
26942 2
26943 0
26944 2
26945 1
26946 1
26947 3
26948 0
26949 2
26950 2
26951 1
26952 1
26953 1
26954 1
26955 0
26956 1
26957 0
26958 2
26959 2
26960 2
26961 1
26962 0
26963 1
26964 0
26965 1
26966 0
26967 3
26968 1
26969 0
26970 2
26971 2
26972 0
26973 0
26974 2
26975 0
26976 1
26977 0
26978 0
26979 0
26980 2
26981 3
26982 4
26983 1
26984 1
26985 3
26986 2
26987 3
26988 0
26989 2
26990 1
26991 1
26992 1
26993 2
26994 1
26995 2
26996 3
26997 1
26998 0
26999 1
27000 1
27001 3
27002 1
27003 3
27004 2
27005 0
27006 0
27007 3
27008 1
27009 4
27010 1
27011 2
27012 2
27013 1
27014 2
27015 0
27016 2
27017 2
27018 2
27019 0
27020 1
27021 2
27022 3
27023 1
27024 2
27025 2
27026 1
27027 1
27028 3
27029 2
27030 3
27031 1
27032 0
27033 2
27034 3
27035 4
27036 3
27037 1
27038 1
27039 2
27040 0
27041 3
27042 0
27043 1
27044 0
27045 2
27046 2
27047 0
27048 1
27049 4
27050 2
27051 2
27052 0
27053 0
27054 2
27055 0
27056 1
27057 1
27058 3
27059 3
27060 2
27061 1
27062 1
27063 0
27064 0
27065 3
27066 0
27067 1
27068 1
27069 1
27070 2
27071 3
27072 1
27073 1
27074 1
27075 0
27076 3
27077 0
27078 1
27079 0
27080 2
27081 1
27082 1
27083 1
27084 2
27085 3
27086 2
27087 3
27088 1
27089 3
27090 3
27091 0
27092 3
27093 3
27094 0
27095 0
27096 0
27097 0
27098 3
27099 0
27100 1
27101 0
27102 1
27103 2
27104 3
27105 3
27106 0
27107 1
27108 3
27109 1
27110 2
27111 0
27112 2
27113 0
27114 2
27115 2
27116 2
27117 3
27118 2
27119 2
27120 3
27121 1
27122 1
27123 3
27124 0
27125 1
27126 3
27127 2
27128 2
27129 2
27130 1
27131 2
27132 0
27133 2
27134 2
27135 3
27136 2
27137 2
27138 2
27139 1
27140 0
27141 1
27142 3
27143 1
27144 2
27145 0
27146 3
27147 0
27148 3
27149 0
27150 0
27151 0
27152 1
27153 2
27154 3
27155 0
27156 1
27157 1
27158 2
27159 1
27160 0
27161 1
27162 2
27163 1
27164 3
27165 3
27166 2
27167 4
27168 1
27169 2
27170 2
27171 3
27172 3
27173 2
27174 1
27175 1
27176 0
27177 2
27178 4
27179 4
27180 2
27181 2
27182 2
27183 1
27184 2
27185 1
27186 3
27187 1
27188 1
27189 2
27190 2
27191 0
27192 3
27193 3
27194 0
27195 1
27196 0
27197 0
27198 1
27199 2
27200 3
27201 3
27202 3
27203 0
27204 3
27205 0
27206 1
27207 1
27208 2
27209 0
27210 3
27211 0
27212 0
27213 0
27214 2
27215 1
27216 0
27217 3
27218 4
27219 1
27220 3
27221 0
27222 1
27223 0
27224 2
27225 0
27226 2
27227 2
27228 0
27229 0
27230 1
27231 0
27232 0
27233 1
27234 1
27235 0
27236 3
27237 1
27238 0
27239 3
27240 1
27241 2
27242 1
27243 0
27244 3
27245 0
27246 2
27247 1
27248 1
27249 3
27250 2
27251 1
27252 0
27253 0
27254 0
27255 4
27256 1
27257 0
27258 1
27259 3
27260 1
27261 2
27262 0
27263 1
27264 0
27265 3
27266 0
27267 2
27268 1
27269 3
27270 0
27271 0
27272 1
27273 1
27274 1
27275 1
27276 1
27277 3
27278 0
27279 2
27280 0
27281 3
27282 2
27283 2
27284 1
27285 3
27286 0
27287 0
27288 1
27289 1
27290 3
27291 0
27292 2
27293 3
27294 1
27295 0
27296 3
27297 1
27298 2
27299 0
27300 1
27301 2
27302 1
27303 0
27304 1
27305 1
27306 3
27307 2
27308 3
27309 1
27310 2
27311 2
27312 2
27313 3
27314 1
27315 2
27316 1
27317 0
27318 1
27319 2
27320 1
27321 2
27322 1
27323 3
27324 2
27325 0
27326 2
27327 3
27328 2
27329 0
27330 3
27331 2
27332 2
27333 1
27334 2
27335 0
27336 0
27337 0
27338 1
27339 1
27340 1
27341 3
27342 2
27343 3
27344 1
27345 3
27346 1
27347 1
27348 1
27349 2
27350 3
27351 1
27352 1
27353 0
27354 2
27355 1
27356 2
27357 1
27358 1
27359 1
27360 2
27361 3
27362 1
27363 1
27364 0
27365 1
27366 2
27367 3
27368 2
27369 1
27370 2
27371 1
27372 2
27373 1
27374 1
27375 2
27376 2
27377 1
27378 1
27379 2
27380 2
27381 1
27382 3
27383 0
27384 2
27385 1
27386 3
27387 1
27388 1
27389 2
27390 2
27391 1
27392 0
27393 1
27394 0
27395 3
27396 2
27397 4
27398 3
27399 1
27400 4
27401 2
27402 1
27403 3
27404 0
27405 2
27406 2
27407 3
27408 2
27409 1
27410 0
27411 1
27412 0
27413 1
27414 2
27415 3
27416 1
27417 2
27418 0
27419 1
27420 3
27421 1
27422 2
27423 2
27424 2
27425 2
27426 0
27427 2
27428 1
27429 3
27430 0
27431 2
27432 1
27433 3
27434 1
27435 0
27436 2
27437 2
27438 2
27439 0
27440 0
27441 1
27442 2
27443 3
27444 0
27445 4
27446 1
27447 3
27448 3
27449 1
27450 1
27451 1
27452 2
27453 3
27454 3
27455 3
27456 1
27457 2
27458 1
27459 0
27460 1
27461 3
27462 2
27463 2
27464 1
27465 3
27466 1
27467 1
27468 4
27469 1
27470 3
27471 0
27472 0
27473 1
27474 2
27475 0
27476 0
27477 0
27478 2
27479 4
27480 2
27481 1
27482 2
27483 2
27484 0
27485 3
27486 2
27487 1
27488 2
27489 1
27490 0
27491 2
27492 2
27493 2
27494 1
27495 2
27496 0
27497 2
27498 2
27499 1
27500 3
27501 0
27502 2
27503 2
27504 2
27505 2
27506 3
27507 2
27508 1
27509 2
27510 0
27511 3
27512 0
27513 2
27514 0
27515 0
27516 2
27517 4
27518 1
27519 4
27520 1
27521 1
27522 0
27523 3
27524 2
27525 2
27526 0
27527 3
27528 2
27529 1
27530 1
27531 0
27532 2
27533 2
27534 1
27535 0
27536 4
27537 2
27538 1
27539 0
27540 3
27541 1
27542 1
27543 2
27544 2
27545 1
27546 0
27547 0
27548 0
27549 1
27550 1
27551 3
27552 1
27553 0
27554 2
27555 3
27556 0
27557 4
27558 2
27559 4
27560 3
27561 0
27562 2
27563 1
27564 2
27565 4
27566 3
27567 2
27568 3
27569 0
27570 2
27571 1
27572 2
27573 0
27574 1
27575 3
27576 0
27577 0
27578 3
27579 0
27580 1
27581 1
27582 0
27583 2
27584 0
27585 3
27586 4
27587 2
27588 3
27589 0
27590 3
27591 1
27592 1
27593 1
27594 2
27595 1
27596 1
27597 2
27598 1
27599 4
27600 4
27601 2
27602 0
27603 2
27604 3
27605 0
27606 1
27607 2
27608 3
27609 3
27610 1
27611 0
27612 2
27613 3
27614 3
27615 2
27616 2
27617 2
27618 2
27619 1
27620 2
27621 2
27622 1
27623 0
27624 0
27625 2
27626 0
27627 0
27628 3
27629 1
27630 3
27631 1
27632 4
27633 1
27634 1
27635 1
27636 1
27637 3
27638 1
27639 2
27640 3
27641 2
27642 0
27643 0
27644 3
27645 1
27646 1
27647 0
27648 1
27649 2
27650 2
27651 3
27652 1
27653 2
27654 2
27655 4
27656 0
27657 1
27658 1
27659 1
27660 1
27661 2
27662 1
27663 2
27664 2
27665 1
27666 4
27667 0
27668 2
27669 0
27670 3
27671 2
27672 2
27673 3
27674 3
27675 1
27676 2
27677 1
27678 1
27679 1
27680 2
27681 1
27682 1
27683 2
27684 2
27685 1
27686 4
27687 1
27688 2
27689 0
27690 1
27691 0
27692 0
27693 1
27694 0
27695 0
27696 1
27697 3
27698 3
27699 1
27700 1
27701 2
27702 0
27703 1
27704 3
27705 2
27706 3
27707 0
27708 0
27709 2
27710 1
27711 0
27712 3
27713 2
27714 0
27715 1
27716 1
27717 2
27718 0
27719 0
27720 2
27721 0
27722 3
27723 1
27724 1
27725 2
27726 1
27727 3
27728 0
27729 0
27730 3
27731 1
27732 1
27733 0
27734 1
27735 0
27736 1
27737 2
27738 0
27739 1
27740 2
27741 3
27742 1
27743 1
27744 2
27745 1
27746 3
27747 3
27748 1
27749 2
27750 2
27751 3
27752 1
27753 3
27754 1
27755 2
27756 1
27757 3
27758 1
27759 1
27760 2
27761 0
27762 3
27763 3
27764 1
27765 2
27766 0
27767 1
27768 0
27769 2
27770 2
27771 1
27772 1
27773 3
27774 2
27775 3
27776 1
27777 0
27778 0
27779 1
27780 3
27781 3
27782 2
27783 3
27784 2
27785 1
27786 3
27787 1
27788 1
27789 0
27790 1
27791 3
27792 2
27793 0
27794 3
27795 2
27796 1
27797 2
27798 2
27799 1
27800 2
27801 4
27802 1
27803 1
27804 3
27805 3
27806 3
27807 2
27808 0
27809 2
27810 4
27811 1
27812 2
27813 1
27814 3
27815 1
27816 1
27817 1
27818 1
27819 2
27820 3
27821 0
27822 1
27823 2
27824 0
27825 2
27826 3
27827 2
27828 0
27829 1
27830 2
27831 3
27832 2
27833 2
27834 1
27835 1
27836 1
27837 0
27838 0
27839 0
27840 3
27841 1
27842 0
27843 0
27844 0
27845 1
27846 1
27847 3
27848 0
27849 0
27850 1
27851 3
27852 4
27853 0
27854 2
27855 1
27856 1
27857 2
27858 1
27859 0
27860 0
27861 2
27862 3
27863 2
27864 1
27865 2
27866 1
27867 2
27868 3
27869 2
27870 0
27871 2
27872 2
27873 1
27874 1
27875 0
27876 1
27877 1
27878 0
27879 1
27880 3
27881 2
27882 2
27883 2
27884 2
27885 0
27886 0
27887 0
27888 0
27889 3
27890 2
27891 0
27892 2
27893 2
27894 3
27895 0
27896 4
27897 4
27898 2
27899 2
27900 2
27901 3
27902 2
27903 4
27904 1
27905 2
27906 0
27907 0
27908 3
27909 2
27910 3
27911 2
27912 0
27913 3
27914 3
27915 2
27916 2
27917 1
27918 2
27919 3
27920 2
27921 0
27922 3
27923 3
27924 2
27925 1
27926 1
27927 1
27928 2
27929 0
27930 2
27931 1
27932 2
27933 1
27934 2
27935 2
27936 2
27937 0
27938 2
27939 2
27940 3
27941 2
27942 2
27943 1
27944 1
27945 0
27946 2
27947 2
27948 4
27949 2
27950 2
27951 0
27952 2
27953 0
27954 0
27955 2
27956 2
27957 2
27958 2
27959 3
27960 1
27961 2
27962 0
27963 2
27964 0
27965 3
27966 1
27967 2
27968 4
27969 2
27970 2
27971 2
27972 2
27973 0
27974 2
27975 1
27976 0
27977 2
27978 2
27979 3
27980 0
27981 2
27982 1
27983 3
27984 0
27985 2
27986 2
27987 1
27988 3
27989 2
27990 2
27991 1
27992 0
27993 4
27994 2
27995 1
27996 2
27997 1
27998 0
27999 3
28000 0
28001 1
28002 1
28003 0
28004 2
28005 2
28006 1
28007 0
28008 3
28009 2
28010 4
28011 2
28012 0
28013 0
28014 2
28015 1
28016 2
28017 0
28018 2
28019 0
28020 3
28021 2
28022 1
28023 2
28024 1
28025 0
28026 2
28027 1
28028 1
28029 0
28030 1
28031 1
28032 3
28033 3
28034 2
28035 3
28036 3
28037 3
28038 0
28039 1
28040 2
28041 3
28042 3
28043 1
28044 0
28045 2
28046 0
28047 1
28048 2
28049 3
28050 2
28051 3
28052 1
28053 2
28054 1
28055 1
28056 4
28057 2
28058 0
28059 1
28060 0
28061 0
28062 3
28063 3
28064 0
28065 1
28066 2
28067 1
28068 1
28069 2
28070 0
28071 3
28072 2
28073 0
28074 1
28075 4
28076 2
28077 0
28078 3
28079 2
28080 0
28081 2
28082 3
28083 2
28084 2
28085 2
28086 1
28087 1
28088 1
28089 1
28090 4
28091 1
28092 1
28093 0
28094 1
28095 3
28096 3
28097 1
28098 3
28099 0
28100 0
28101 3
28102 1
28103 4
28104 0
28105 0
28106 4
28107 1
28108 3
28109 3
28110 2
28111 1
28112 3
28113 0
28114 0
28115 2
28116 1
28117 2
28118 0
28119 0
28120 2
28121 2
28122 1
28123 2
28124 0
28125 0
28126 3
28127 2
28128 3
28129 0
28130 0
28131 2
28132 2
28133 2
28134 1
28135 3
28136 2
28137 1
28138 0
28139 2
28140 3
28141 4
28142 2
28143 2
28144 2
28145 0
28146 2
28147 1
28148 0
28149 0
28150 0
28151 1
28152 2
28153 3
28154 1
28155 3
28156 0
28157 2
28158 1
28159 1
28160 3
28161 0
28162 0
28163 2
28164 1
28165 2
28166 1
28167 1
28168 3
28169 3
28170 1
28171 1
28172 4
28173 3
28174 1
28175 0
28176 1
28177 1
28178 2
28179 0
28180 0
28181 2
28182 3
28183 0
28184 2
28185 2
28186 3
28187 4
28188 3
28189 4
28190 1
28191 1
28192 0
28193 3
28194 3
28195 3
28196 2
28197 0
28198 1
28199 1
28200 1
28201 2
28202 0
28203 1
28204 0
28205 0
28206 1
28207 3
28208 3
28209 0
28210 2
28211 0
28212 0
28213 0
28214 1
28215 1
28216 1
28217 0
28218 3
28219 4
28220 2
28221 3
28222 1
28223 0
28224 0
28225 3
28226 0
28227 1
28228 3
28229 1
28230 1
28231 0
28232 1
28233 2
28234 0
28235 4
28236 2
28237 1
28238 3
28239 4
28240 0
28241 1
28242 2
28243 1
28244 0
28245 2
28246 2
28247 0
28248 0
28249 0
28250 4
28251 3
28252 1
28253 2
28254 2
28255 0
28256 1
28257 0
28258 1
28259 2
28260 2
28261 2
28262 3
28263 0
28264 0
28265 2
28266 2
28267 1
28268 2
28269 3
28270 2
28271 2
28272 0
28273 4
28274 2
28275 2
28276 2
28277 3
28278 1
28279 0
28280 4
28281 2
28282 1
28283 3
28284 3
28285 1
28286 2
28287 1
28288 3
28289 1
28290 0
28291 0
28292 0
28293 0
28294 1
28295 0
28296 1
28297 3
28298 2
28299 3
28300 2
28301 3
28302 0
28303 1
28304 0
28305 2
28306 3
28307 3
28308 2
28309 1
28310 1
28311 0
28312 1
28313 0
28314 3
28315 2
28316 1
28317 1
28318 2
28319 2
28320 0
28321 1
28322 4
28323 2
28324 4
28325 1
28326 2
28327 2
28328 3
28329 1
28330 3
28331 0
28332 1
28333 4
28334 3
28335 0
28336 1
28337 3
28338 1
28339 3
28340 2
28341 1
28342 0
28343 0
28344 1
28345 2
28346 1
28347 1
28348 2
28349 3
28350 0
28351 0
28352 0
28353 4
28354 0
28355 1
28356 3
28357 2
28358 2
28359 1
28360 3
28361 0
28362 0
28363 1
28364 0
28365 0
28366 1
28367 1
28368 3
28369 3
28370 3
28371 0
28372 2
28373 1
28374 2
28375 1
28376 3
28377 3
28378 3
28379 1
28380 0
28381 2
28382 3
28383 0
28384 2
28385 1
28386 3
28387 2
28388 2
28389 2
28390 2
28391 1
28392 2
28393 2
28394 3
28395 0
28396 3
28397 2
28398 0
28399 1
28400 2
28401 1
28402 3
28403 3
28404 0
28405 2
28406 0
28407 3
28408 2
28409 0
28410 1
28411 1
28412 1
28413 4
28414 2
28415 2
28416 0
28417 1
28418 2
28419 1
28420 3
28421 1
28422 0
28423 0
28424 1
28425 2
28426 2
28427 1
28428 0
28429 2
28430 2
28431 3
28432 0
28433 3
28434 3
28435 3
28436 1
28437 2
28438 1
28439 2
28440 2
28441 0
28442 2
28443 3
28444 0
28445 3
28446 3
28447 2
28448 3
28449 3
28450 1
28451 3
28452 0
28453 2
28454 1
28455 2
28456 4
28457 2
28458 1
28459 1
28460 1
28461 1
28462 0
28463 3
28464 1
28465 0
28466 2
28467 2
28468 1
28469 1
28470 0
28471 0
28472 2
28473 0
28474 2
28475 1
28476 3
28477 0
28478 3
28479 1
28480 1
28481 3
28482 3
28483 3
28484 0
28485 0
28486 2
28487 3
28488 2
28489 1
28490 2
28491 2
28492 3
28493 1
28494 2
28495 0
28496 3
28497 0
28498 0
28499 2
28500 1
28501 2
28502 4
28503 1
28504 2
28505 0
28506 0
28507 0
28508 0
28509 1
28510 1
28511 1
28512 2
28513 1
28514 1
28515 3
28516 3
28517 3
28518 2
28519 3
28520 1
28521 2
28522 2
28523 0
28524 4
28525 1
28526 3
28527 3
28528 1
28529 0
28530 1
28531 2
28532 3
28533 3
28534 4
28535 0
28536 0
28537 0
28538 2
28539 0
28540 4
28541 0
28542 2
28543 2
28544 2
28545 0
28546 3
28547 3
28548 1
28549 1
28550 2
28551 1
28552 0
28553 2
28554 2
28555 2
28556 1
28557 3
28558 2
28559 2
28560 2
28561 3
28562 0
28563 2
28564 1
28565 2
28566 2
28567 2
28568 5
28569 2
28570 1
28571 3
28572 1
28573 2
28574 1
28575 1
28576 2
28577 1
28578 1
28579 1
28580 1
28581 2
28582 2
28583 2
28584 2
28585 0
28586 1
28587 0
28588 1
28589 2
28590 3
28591 2
28592 2
28593 3
28594 2
28595 2
28596 1
28597 1
28598 1
28599 3
28600 2
28601 1
28602 1
28603 1
28604 3
28605 0
28606 3
28607 0
28608 1
28609 3
28610 2
28611 1
28612 3
28613 2
28614 2
28615 2
28616 1
28617 1
28618 2
28619 2
28620 1
28621 3
28622 2
28623 3
28624 2
28625 1
28626 3
28627 0
28628 1
28629 3
28630 3
28631 1
28632 2
28633 3
28634 1
28635 3
28636 3
28637 3
28638 3
28639 1
28640 3
28641 2
28642 0
28643 3
28644 2
28645 1
28646 1
28647 0
28648 2
28649 0
28650 3
28651 1
28652 1
28653 2
28654 3
28655 1
28656 2
28657 1
28658 1
28659 2
28660 0
28661 2
28662 1
28663 1
28664 2
28665 3
28666 3
28667 1
28668 3
28669 0
28670 2
28671 2
28672 1
28673 0
28674 0
28675 3
28676 2
28677 2
28678 2
28679 2
28680 2
28681 0
28682 3
28683 4
28684 2
28685 1
28686 0
28687 2
28688 0
28689 3
28690 3
28691 1
28692 4
28693 1
28694 3
28695 3
28696 2
28697 0
28698 1
28699 2
28700 2
28701 3
28702 2
28703 3
28704 0
28705 1
28706 1
28707 0
28708 1
28709 0
28710 0
28711 3
28712 1
28713 1
28714 0
28715 1
28716 0
28717 0
28718 2
28719 2
28720 2
28721 1
28722 0
28723 2
28724 1
28725 1
28726 0
28727 2
28728 2
28729 2
28730 2
28731 0
28732 1
28733 2
28734 4
28735 0
28736 1
28737 0
28738 2
28739 2
28740 2
28741 3
28742 1
28743 4
28744 1
28745 0
28746 2
28747 2
28748 2
28749 1
28750 2
28751 2
28752 3
28753 0
28754 1
28755 1
28756 1
28757 1
28758 2
28759 1
28760 2
28761 2
28762 4
28763 0
28764 2
28765 0
28766 3
28767 1
28768 2
28769 1
28770 0
28771 1
28772 3
28773 1
28774 2
28775 4
28776 1
28777 3
28778 3
28779 3
28780 2
28781 0
28782 2
28783 3
28784 3
28785 3
28786 2
28787 0
28788 3
28789 3
28790 1
28791 2
28792 0
28793 2
28794 3
28795 3
28796 0
28797 2
28798 2
28799 2
28800 0
28801 4
28802 1
28803 3
28804 1
28805 2
28806 0
28807 2
28808 3
28809 2
28810 0
28811 2
28812 2
28813 3
28814 1
28815 1
28816 0
28817 0
28818 0
28819 2
28820 1
28821 0
28822 0
28823 1
28824 3
28825 1
28826 3
28827 3
28828 2
28829 3
28830 1
28831 3
28832 0
28833 2
28834 0
28835 1
28836 0
28837 1
28838 3
28839 1
28840 2
28841 1
28842 3
28843 0
28844 1
28845 0
28846 2
28847 0
28848 0
28849 3
28850 3
28851 1
28852 2
28853 1
28854 1
28855 0
28856 2
28857 1
28858 1
28859 0
28860 1
28861 2
28862 1
28863 2
28864 2
28865 4
28866 1
28867 2
28868 3
28869 1
28870 3
28871 0
28872 2
28873 3
28874 4
28875 1
28876 2
28877 1
28878 4
28879 2
28880 0
28881 0
28882 3
28883 0
28884 1
28885 0
28886 1
28887 1
28888 1
28889 0
28890 4
28891 2
28892 1
28893 2
28894 0
28895 3
28896 2
28897 3
28898 2
28899 4
28900 3
28901 0
28902 1
28903 0
28904 3
28905 2
28906 0
28907 2
28908 1
28909 2
28910 1
28911 3
28912 0
28913 4
28914 1
28915 0
28916 2
28917 1
28918 0
28919 0
28920 3
28921 3
28922 2
28923 1
28924 2
28925 0
28926 1
28927 0
28928 1
28929 2
28930 1
28931 1
28932 3
28933 1
28934 2
28935 2
28936 3
28937 2
28938 3
28939 0
28940 1
28941 2
28942 2
28943 0
28944 0
28945 0
28946 3
28947 1
28948 0
28949 0
28950 0
28951 0
28952 0
28953 2
28954 1
28955 1
28956 2
28957 0
28958 0
28959 1
28960 1
28961 0
28962 2
28963 4
28964 2
28965 2
28966 3
28967 4
28968 4
28969 4
28970 2
28971 2
28972 3
28973 2
28974 1
28975 3
28976 1
28977 2
28978 3
28979 2
28980 0
28981 2
28982 1
28983 3
28984 2
28985 0
28986 1
28987 2
28988 1
28989 3
28990 4
28991 3
28992 2
28993 3
28994 2
28995 2
28996 1
28997 0
28998 1
28999 0
29000 1
29001 4
29002 2
29003 0
29004 2
29005 2
29006 2
29007 0
29008 1
29009 0
29010 0
29011 1
29012 2
29013 5
29014 0
29015 1
29016 1
29017 4
29018 3
29019 1
29020 3
29021 0
29022 2
29023 2
29024 0
29025 4
29026 2
29027 1
29028 0
29029 2
29030 1
29031 2
29032 4
29033 3
29034 1
29035 0
29036 1
29037 3
29038 3
29039 3
29040 2
29041 3
29042 3
29043 0
29044 0
29045 1
29046 1
29047 1
29048 2
29049 1
29050 2
29051 3
29052 4
29053 0
29054 0
29055 0
29056 1
29057 1
29058 3
29059 3
29060 2
29061 1
29062 0
29063 3
29064 0
29065 0
29066 3
29067 4
29068 0
29069 3
29070 3
29071 3
29072 2
29073 2
29074 2
29075 1
29076 2
29077 1
29078 2
29079 3
29080 2
29081 2
29082 0
29083 2
29084 3
29085 2
29086 2
29087 1
29088 1
29089 2
29090 0
29091 0
29092 3
29093 0
29094 3
29095 1
29096 1
29097 2
29098 1
29099 0
29100 0
29101 1
29102 3
29103 3
29104 3
29105 1
29106 2
29107 1
29108 2
29109 1
29110 3
29111 3
29112 1
29113 1
29114 2
29115 0
29116 2
29117 1
29118 2
29119 3
29120 0
29121 2
29122 4
29123 2
29124 3
29125 2
29126 3
29127 2
29128 1
29129 2
29130 1
29131 0
29132 2
29133 1
29134 1
29135 3
29136 3
29137 2
29138 2
29139 3
29140 1
29141 0
29142 2
29143 3
29144 2
29145 1
29146 2
29147 0
29148 2
29149 2
29150 2
29151 2
29152 0
29153 0
29154 2
29155 2
29156 3
29157 3
29158 3
29159 4
29160 2
29161 2
29162 1
29163 2
29164 0
29165 1
29166 1
29167 1
29168 1
29169 0
29170 2
29171 2
29172 4
29173 0
29174 3
29175 1
29176 1
29177 1
29178 3
29179 2
29180 0
29181 0
29182 1
29183 4
29184 1
29185 3
29186 2
29187 1
29188 1
29189 3
29190 2
29191 1
29192 1
29193 1
29194 0
29195 1
29196 0
29197 3
29198 4
29199 2
29200 1
29201 0
29202 2
29203 2
29204 2
29205 0
29206 1
29207 2
29208 1
29209 2
29210 2
29211 2
29212 2
29213 3
29214 2
29215 0
29216 1
29217 0
29218 1
29219 3
29220 3
29221 2
29222 4
29223 3
29224 3
29225 3
29226 0
29227 3
29228 2
29229 3
29230 1
29231 0
29232 2
29233 1
29234 3
29235 1
29236 2
29237 0
29238 1
29239 2
29240 0
29241 1
29242 3
29243 1
29244 1
29245 1
29246 2
29247 5
29248 0
29249 1
29250 1
29251 2
29252 3
29253 2
29254 2
29255 0
29256 1
29257 0
29258 3
29259 4
29260 2
29261 0
29262 0
29263 0
29264 0
29265 1
29266 1
29267 2
29268 3
29269 2
29270 3
29271 4
29272 0
29273 3
29274 3
29275 1
29276 1
29277 0
29278 2
29279 1
29280 1
29281 0
29282 3
29283 2
29284 1
29285 4
29286 0
29287 3
29288 0
29289 2
29290 2
29291 1
29292 2
29293 3
29294 3
29295 1
29296 1
29297 0
29298 2
29299 2
29300 2
29301 0
29302 2
29303 4
29304 1
29305 0
29306 0
29307 3
29308 1
29309 3
29310 1
29311 0
29312 0
29313 0
29314 4
29315 2
29316 2
29317 4
29318 1
29319 3
29320 2
29321 2
29322 2
29323 4
29324 1
29325 1
29326 1
29327 3
29328 0
29329 0
29330 1
29331 3
29332 2
29333 1
29334 2
29335 1
29336 2
29337 1
29338 1
29339 3
29340 0
29341 0
29342 3
29343 4
29344 3
29345 2
29346 4
29347 3
29348 3
29349 1
29350 1
29351 2
29352 1
29353 0
29354 1
29355 2
29356 0
29357 2
29358 3
29359 1
29360 1
29361 0
29362 3
29363 2
29364 3
29365 2
29366 0
29367 0
29368 0
29369 1
29370 0
29371 0
29372 2
29373 0
29374 4
29375 0
29376 3
29377 0
29378 2
29379 3
29380 1
29381 0
29382 1
29383 2
29384 1
29385 0
29386 0
29387 1
29388 4
29389 2
29390 0
29391 3
29392 1
29393 3
29394 1
29395 3
29396 2
29397 3
29398 2
29399 1
29400 0
29401 2
29402 1
29403 1
29404 3
29405 2
29406 1
29407 0
29408 4
29409 0
29410 3
29411 1
29412 1
29413 4
29414 2
29415 1
29416 3
29417 0
29418 2
29419 3
29420 0
29421 3
29422 1
29423 2
29424 0
29425 2
29426 2
29427 0
29428 1
29429 2
29430 2
29431 3
29432 0
29433 1
29434 1
29435 1
29436 3
29437 1
29438 2
29439 1
29440 3
29441 4
29442 3
29443 1
29444 1
29445 1
29446 2
29447 3
29448 1
29449 0
29450 2
29451 1
29452 0
29453 2
29454 4
29455 2
29456 1
29457 2
29458 2
29459 2
29460 2
29461 0
29462 0
29463 3
29464 3
29465 2
29466 2
29467 2
29468 0
29469 3
29470 3
29471 0
29472 1
29473 3
29474 0
29475 2
29476 1
29477 3
29478 1
29479 0
29480 0
29481 1
29482 0
29483 2
29484 4
29485 0
29486 0
29487 3
29488 3
29489 3
29490 0
29491 0
29492 1
29493 0
29494 0
29495 1
29496 1
29497 3
29498 2
29499 2
29500 3
29501 1
29502 4
29503 2
29504 1
29505 1
29506 2
29507 0
29508 3
29509 1
29510 1
29511 3
29512 1
29513 0
29514 0
29515 2
29516 0
29517 3
29518 2
29519 1
29520 3
29521 4
29522 2
29523 3
29524 1
29525 2
29526 0
29527 2
29528 1
29529 2
29530 0
29531 0
29532 1
29533 1
29534 2
29535 4
29536 2
29537 1
29538 0
29539 1
29540 3
29541 0
29542 3
29543 0
29544 0
29545 2
29546 0
29547 0
29548 3
29549 4
29550 1
29551 1
29552 2
29553 1
29554 1
29555 1
29556 2
29557 3
29558 2
29559 1
29560 2
29561 1
29562 0
29563 0
29564 2
29565 1
29566 2
29567 1
29568 0
29569 1
29570 0
29571 1
29572 0
29573 0
29574 1
29575 3
29576 1
29577 2
29578 0
29579 3
29580 3
29581 2
29582 3
29583 4
29584 1
29585 2
29586 3
29587 2
29588 3
29589 0
29590 1
29591 0
29592 3
29593 0
29594 2
29595 0
29596 3
29597 2
29598 0
29599 4
29600 1
29601 1
29602 3
29603 2
29604 0
29605 3
29606 1
29607 0
29608 3
29609 4
29610 1
29611 3
29612 3
29613 3
29614 2
29615 2
29616 4
29617 1
29618 2
29619 0
29620 0
29621 1
29622 2
29623 0
29624 2
29625 3
29626 2
29627 3
29628 0
29629 2
29630 2
29631 0
29632 3
29633 4
29634 1
29635 3
29636 3
29637 1
29638 2
29639 2
29640 0
29641 2
29642 0
29643 4
29644 1
29645 2
29646 1
29647 0
29648 1
29649 1
29650 0
29651 3
29652 3
29653 2
29654 1
29655 3
29656 2
29657 2
29658 4
29659 3
29660 1
29661 3
29662 3
29663 2
29664 3
29665 0
29666 0
29667 0
29668 4
29669 0
29670 2
29671 3
29672 0
29673 2
29674 2
29675 3
29676 1
29677 0
29678 1
29679 1
29680 1
29681 0
29682 0
29683 2
29684 0
29685 1
29686 0
29687 2
29688 3
29689 1
29690 3
29691 1
29692 2
29693 4
29694 1
29695 3
29696 2
29697 1
29698 3
29699 2
29700 0
29701 1
29702 0
29703 3
29704 3
29705 1
29706 0
29707 2
29708 0
29709 1
29710 3
29711 2
29712 3
29713 0
29714 2
29715 1
29716 4
29717 2
29718 1
29719 1
29720 0
29721 3
29722 3
29723 3
29724 1
29725 4
29726 2
29727 3
29728 3
29729 0
29730 2
29731 3
29732 2
29733 3
29734 3
29735 2
29736 0
29737 2
29738 3
29739 2
29740 0
29741 1
29742 0
29743 2
29744 2
29745 2
29746 2
29747 0
29748 1
29749 2
29750 2
29751 1
29752 0
29753 1
29754 2
29755 2
29756 2
29757 2
29758 2
29759 2
29760 2
29761 0
29762 0
29763 0
29764 1
29765 2
29766 0
29767 2
29768 2
29769 1
29770 3
29771 3
29772 1
29773 3
29774 2
29775 4
29776 3
29777 2
29778 0
29779 2
29780 1
29781 1
29782 0
29783 3
29784 2
29785 3
29786 0
29787 2
29788 3
29789 0
29790 2
29791 3
29792 3
29793 2
29794 2
29795 2
29796 3
29797 3
29798 3
29799 2
29800 0
29801 1
29802 0
29803 0
29804 4
29805 2
29806 0
29807 2
29808 2
29809 1
29810 2
29811 1
29812 2
29813 3
29814 2
29815 3
29816 3
29817 2
29818 3
29819 2
29820 0
29821 3
29822 0
29823 2
29824 2
29825 1
29826 2
29827 1
29828 4
29829 3
29830 3
29831 1
29832 2
29833 1
29834 3
29835 2
29836 2
29837 0
29838 1
29839 0
29840 2
29841 4
29842 0
29843 0
29844 2
29845 0
29846 2
29847 1
29848 3
29849 2
29850 0
29851 3
29852 0
29853 1
29854 0
29855 1
29856 3
29857 2
29858 3
29859 3
29860 1
29861 2
29862 1
29863 3
29864 3
29865 2
29866 2
29867 2
29868 2
29869 2
29870 4
29871 1
29872 0
29873 1
29874 1
29875 2
29876 0
29877 2
29878 1
29879 3
29880 3
29881 2
29882 1
29883 2
29884 1
29885 1
29886 2
29887 3
29888 0
29889 2
29890 2
29891 2
29892 0
29893 3
29894 0
29895 2
29896 3
29897 2
29898 0
29899 1
29900 0
29901 1
29902 0
29903 3
29904 1
29905 1
29906 2
29907 2
29908 4
29909 3
29910 3
29911 0
29912 0
29913 1
29914 2
29915 0
29916 2
29917 1
29918 4
29919 4
29920 4
29921 3
29922 2
29923 1
29924 3
29925 0
29926 1
29927 0
29928 1
29929 2
29930 0
29931 0
29932 1
29933 1
29934 3
29935 1
29936 1
29937 0
29938 2
29939 0
29940 0
29941 0
29942 3
29943 4
29944 2
29945 3
29946 3
29947 1
29948 3
29949 0
29950 4
29951 2
29952 3
29953 3
29954 0
29955 2
29956 2
29957 0
29958 2
29959 1
29960 0
29961 0
29962 1
29963 2
29964 0
29965 3
29966 1
29967 3
29968 2
29969 1
29970 1
29971 1
29972 2
29973 2
29974 1
29975 2
29976 1
29977 2
29978 4
29979 2
29980 2
29981 2
29982 1
29983 3
29984 0
29985 1
29986 3
29987 2
29988 2
29989 3
29990 1
29991 1
29992 2
29993 1
29994 1
29995 2
29996 3
29997 1
29998 0
29999 3
30000 0
30001 2
30002 0
30003 3
30004 2
30005 2
30006 1
30007 3
30008 1
30009 1
30010 2
30011 3
30012 0
30013 0
30014 0
30015 3
30016 0
30017 1
30018 2
30019 2
30020 0
30021 3
30022 1
30023 1
30024 0
30025 3
30026 3
30027 1
30028 3
30029 4
30030 1
30031 1
30032 1
30033 0
30034 0
30035 2
30036 1
30037 4
30038 3
30039 0
30040 3
30041 1
30042 1
30043 3
30044 0
30045 3
30046 0
30047 1
30048 3
30049 2
30050 3
30051 3
30052 4
30053 3
30054 3
30055 0
30056 1
30057 2
30058 3
30059 2
30060 4
30061 3
30062 3
30063 2
30064 1
30065 2
30066 3
30067 2
30068 0
30069 1
30070 2
30071 1
30072 3
30073 3
30074 3
30075 0
30076 4
30077 2
30078 3
30079 1
30080 1
30081 3
30082 1
30083 1
30084 3
30085 1
30086 1
30087 1
30088 2
30089 3
30090 2
30091 0
30092 1
30093 1
30094 0
30095 1
30096 1
30097 0
30098 2
30099 0
30100 3
30101 0
30102 2
30103 2
30104 1
30105 4
30106 1
30107 0
30108 3
30109 2
30110 2
30111 2
30112 1
30113 0
30114 2
30115 1
30116 3
30117 2
30118 3
30119 0
30120 0
30121 3
30122 1
30123 2
30124 1
30125 2
30126 2
30127 0
30128 2
30129 2
30130 1
30131 2
30132 3
30133 2
30134 1
30135 3
30136 0
30137 3
30138 2
30139 3
30140 1
30141 2
30142 3
30143 1
30144 1
30145 3
30146 2
30147 3
30148 2
30149 3
30150 0
30151 1
30152 1
30153 1
30154 3
30155 0
30156 2
30157 0
30158 3
30159 2
30160 2
30161 4
30162 2
30163 1
30164 1
30165 1
30166 1
30167 1
30168 2
30169 4
30170 0
30171 4
30172 2
30173 2
30174 0
30175 0
30176 1
30177 1
30178 0
30179 1
30180 1
30181 2
30182 2
30183 1
30184 1
30185 3
30186 1
30187 0
30188 2
30189 0
30190 0
30191 0
30192 0
30193 1
30194 0
30195 3
30196 1
30197 0
30198 1
30199 1
30200 0
30201 2
30202 4
30203 0
30204 3
30205 1
30206 2
30207 1
30208 4
30209 1
30210 0
30211 0
30212 2
30213 1
30214 2
30215 1
30216 2
30217 1
30218 1
30219 3
30220 2
30221 1
30222 1
30223 3
30224 2
30225 0
30226 3
30227 2
30228 2
30229 3
30230 4
30231 3
30232 0
30233 1
30234 1
30235 3
30236 3
30237 1
30238 0
30239 2
30240 0
30241 1
30242 2
30243 3
30244 2
30245 3
30246 2
30247 0
30248 3
30249 1
30250 3
30251 2
30252 0
30253 1
30254 2
30255 4
30256 2
30257 2
30258 1
30259 0
30260 4
30261 0
30262 2
30263 2
30264 0
30265 2
30266 3
30267 4
30268 3
30269 1
30270 0
30271 3
30272 1
30273 3
30274 1
30275 1
30276 3
30277 1
30278 1
30279 3
30280 3
30281 4
30282 2
30283 1
30284 2
30285 3
30286 1
30287 2
30288 2
30289 0
30290 2
30291 1
30292 1
30293 3
30294 0
30295 0
30296 2
30297 2
30298 0
30299 3
30300 2
30301 0
30302 2
30303 0
30304 2
30305 3
30306 2
30307 0
30308 3
30309 1
30310 4
30311 2
30312 0
30313 4
30314 2
30315 3
30316 4
30317 3
30318 2
30319 0
30320 3
30321 2
30322 0
30323 3
30324 1
30325 0
30326 0
30327 1
30328 3
30329 3
30330 2
30331 2
30332 2
30333 3
30334 0
30335 2
30336 2
30337 2
30338 4
30339 1
30340 1
30341 2
30342 1
30343 3
30344 4
30345 1
30346 0
30347 0
30348 1
30349 1
30350 0
30351 1
30352 3
30353 1
30354 4
30355 0
30356 1
30357 3
30358 0
30359 2
30360 0
30361 0
30362 0
30363 2
30364 0
30365 3
30366 3
30367 4
30368 2
30369 1
30370 1
30371 3
30372 1
30373 2
30374 1
30375 1
30376 2
30377 0
30378 3
30379 1
30380 3
30381 2
30382 1
30383 2
30384 1
30385 1
30386 1
30387 4
30388 3
30389 3
30390 1
30391 1
30392 3
30393 3
30394 0
30395 3
30396 3
30397 3
30398 0
30399 1
30400 2
30401 2
30402 0
30403 3
30404 1
30405 2
30406 4
30407 2
30408 3
30409 0
30410 3
30411 2
30412 3
30413 2
30414 1
30415 1
30416 1
30417 0
30418 3
30419 0
30420 1
30421 2
30422 3
30423 1
30424 3
30425 2
30426 3
30427 3
30428 2
30429 0
30430 3
30431 1
30432 0
30433 0
30434 0
30435 3
30436 0
30437 2
30438 0
30439 1
30440 2
30441 1
30442 1
30443 3
30444 3
30445 1
30446 1
30447 0
30448 1
30449 2
30450 2
30451 1
30452 1
30453 1
30454 2
30455 4
30456 0
30457 3
30458 1
30459 2
30460 3
30461 2
30462 4
30463 2
30464 3
30465 2
30466 3
30467 0
30468 1
30469 2
30470 3
30471 1
30472 2
30473 3
30474 2
30475 1
30476 2
30477 4
30478 3
30479 1
30480 1
30481 2
30482 3
30483 0
30484 2
30485 1
30486 1
30487 0
30488 2
30489 0
30490 0
30491 0
30492 1
30493 1
30494 1
30495 0
30496 2
30497 3
30498 3
30499 2
30500 1
30501 3
30502 2
30503 1
30504 2
30505 3
30506 0
30507 1
30508 1
30509 0
30510 4
30511 1
30512 3
30513 3
30514 1
30515 2
30516 2
30517 4
30518 0
30519 2
30520 3
30521 2
30522 3
30523 0
30524 0
30525 3
30526 3
30527 2
30528 0
30529 1
30530 1
30531 1
30532 0
30533 1
30534 1
30535 1
30536 1
30537 1
30538 2
30539 0
30540 1
30541 4
30542 2
30543 3
30544 2
30545 3
30546 2
30547 0
30548 0
30549 0
30550 2
30551 1
30552 2
30553 1
30554 0
30555 2
30556 0
30557 2
30558 2
30559 1
30560 1
30561 3
30562 4
30563 1
30564 0
30565 1
30566 2
30567 1
30568 3
30569 0
30570 2
30571 0
30572 0
30573 2
30574 2
30575 2
30576 1
30577 1
30578 1
30579 3
30580 2
30581 1
30582 1
30583 2
30584 2
30585 2
30586 0
30587 1
30588 2
30589 2
30590 1
30591 2
30592 2
30593 2
30594 1
30595 0
30596 0
30597 1
30598 1
30599 3
30600 0
30601 2
30602 5
30603 0
30604 2
30605 2
30606 1
30607 2
30608 0
30609 2
30610 3
30611 3
30612 2
30613 2
30614 2
30615 1
30616 1
30617 1
30618 1
30619 1
30620 3
30621 2
30622 4
30623 2
30624 3
30625 3
30626 2
30627 3
30628 2
30629 2
30630 2
30631 2
30632 2
30633 0
30634 3
30635 3
30636 3
30637 2
30638 2
30639 5
30640 1
30641 0
30642 3
30643 1
30644 3
30645 0
30646 3
30647 3
30648 3
30649 0
30650 2
30651 4
30652 2
30653 2
30654 3
30655 1
30656 1
30657 0
30658 3
30659 1
30660 0
30661 1
30662 1
30663 1
30664 0
30665 3
30666 2
30667 2
30668 2
30669 1
30670 0
30671 3
30672 0
30673 1
30674 1
30675 2
30676 2
30677 4
30678 3
30679 2
30680 1
30681 0
30682 2
30683 0
30684 0
30685 3
30686 1
30687 0
30688 2
30689 0
30690 4
30691 2
30692 2
30693 2
30694 1
30695 2
30696 1
30697 2
30698 3
30699 0
30700 3
30701 1
30702 2
30703 1
30704 3
30705 3
30706 3
30707 1
30708 1
30709 2
30710 2
30711 0
30712 1
30713 2
30714 2
30715 1
30716 3
30717 1
30718 0
30719 1
30720 3
30721 3
30722 2
30723 0
30724 2
30725 3
30726 0
30727 1
30728 3
30729 0
30730 1
30731 1
30732 0
30733 4
30734 2
30735 3
30736 2
30737 2
30738 2
30739 4
30740 1
30741 4
30742 1
30743 1
30744 0
30745 2
30746 0
30747 2
30748 1
30749 2
30750 1
30751 0
30752 2
30753 0
30754 0
30755 3
30756 1
30757 2
30758 1
30759 1
30760 1
30761 2
30762 2
30763 3
30764 1
30765 0
30766 1
30767 3
30768 2
30769 1
30770 1
30771 3
30772 0
30773 2
30774 2
30775 2
30776 3
30777 2
30778 1
30779 4
30780 2
30781 0
30782 0
30783 3
30784 3
30785 3
30786 2
30787 1
30788 2
30789 0
30790 2
30791 3
30792 0
30793 0
30794 3
30795 2
30796 2
30797 2
30798 0
30799 2
30800 1
30801 0
30802 3
30803 0
30804 1
30805 3
30806 1
30807 1
30808 4
30809 4
30810 3
30811 3
30812 3
30813 1
30814 4
30815 3
30816 2
30817 2
30818 3
30819 1
30820 3
30821 3
30822 3
30823 3
30824 0
30825 0
30826 1
30827 1
30828 1
30829 0
30830 2
30831 0
30832 2
30833 4
30834 3
30835 2
30836 2
30837 3
30838 0
30839 3
30840 1
30841 1
30842 2
30843 1
30844 1
30845 2
30846 2
30847 0
30848 3
30849 3
30850 3
30851 1
30852 2
30853 2
30854 1
30855 3
30856 3
30857 1
30858 0
30859 1
30860 3
30861 2
30862 2
30863 3
30864 2
30865 3
30866 2
30867 2
30868 3
30869 2
30870 3
30871 1
30872 4
30873 0
30874 1
30875 3
30876 1
30877 3
30878 1
30879 3
30880 0
30881 3
30882 1
30883 3
30884 4
30885 2
30886 3
30887 2
30888 2
30889 2
30890 0
30891 2
30892 3
30893 1
30894 1
30895 1
30896 3
30897 3
30898 3
30899 2
30900 0
30901 2
30902 1
30903 1
30904 0
30905 1
30906 3
30907 3
30908 3
30909 2
30910 3
30911 3
30912 2
30913 3
30914 2
30915 0
30916 2
30917 3
30918 2
30919 2
30920 3
30921 0
30922 1
30923 2
30924 0
30925 0
30926 3
30927 0
30928 2
30929 3
30930 3
30931 1
30932 0
30933 0
30934 2
30935 1
30936 0
30937 1
30938 3
30939 4
30940 4
30941 1
30942 3
30943 3
30944 3
30945 0
30946 2
30947 3
30948 0
30949 2
30950 3
30951 2
30952 2
30953 0
30954 2
30955 3
30956 3
30957 1
30958 2
30959 4
30960 1
30961 2
30962 0
30963 1
30964 3
30965 1
30966 2
30967 2
30968 1
30969 2
30970 0
30971 0
30972 0
30973 2
30974 1
30975 3
30976 2
30977 3
30978 1
30979 1
30980 3
30981 0
30982 0
30983 3
30984 0
30985 1
30986 2
30987 2
30988 1
30989 2
30990 3
30991 0
30992 0
30993 4
30994 1
30995 0
30996 0
30997 3
30998 1
30999 0
31000 3
31001 2
31002 1
31003 3
31004 3
31005 1
31006 1
31007 3
31008 2
31009 2
31010 3
31011 2
31012 3
31013 1
31014 3
31015 1
31016 3
31017 3
31018 1
31019 2
31020 1
31021 0
31022 3
31023 2
31024 3
31025 4
31026 2
31027 3
31028 2
31029 0
31030 2
31031 2
31032 2
31033 0
31034 2
31035 1
31036 2
31037 2
31038 0
31039 0
31040 3
31041 2
31042 3
31043 1
31044 2
31045 2
31046 2
31047 3
31048 3
31049 0
31050 0
31051 3
31052 1
31053 3
31054 2
31055 1
31056 2
31057 2
31058 3
31059 2
31060 1
31061 3
31062 2
31063 4
31064 2
31065 2
31066 0
31067 0
31068 0
31069 1
31070 2
31071 1
31072 2
31073 3
31074 1
31075 0
31076 2
31077 0
31078 3
31079 1
31080 0
31081 3
31082 0
31083 0
31084 4
31085 2
31086 1
31087 3
31088 0
31089 0
31090 4
31091 0
31092 2
31093 2
31094 1
31095 1
31096 0
31097 2
31098 2
31099 0
31100 1
31101 3
31102 4
31103 2
31104 3
31105 0
31106 1
31107 1
31108 3
31109 0
31110 1
31111 0
31112 3
31113 4
31114 2
31115 2
31116 3
31117 1
31118 3
31119 2
31120 3
31121 3
31122 3
31123 1
31124 0
31125 1
31126 2
31127 1
31128 1
31129 2
31130 2
31131 2
31132 1
31133 1
31134 0
31135 0
31136 2
31137 3
31138 2
31139 0
31140 1
31141 0
31142 3
31143 3
31144 1
31145 1
31146 4
31147 3
31148 0
31149 3
31150 2
31151 1
31152 2
31153 3
31154 0
31155 0
31156 1
31157 1
31158 1
31159 3
31160 4
31161 2
31162 0
31163 3
31164 1
31165 3
31166 0
31167 3
31168 3
31169 0
31170 3
31171 2
31172 3
31173 2
31174 0
31175 0
31176 2
31177 1
31178 3
31179 3
31180 3
31181 1
31182 2
31183 3
31184 1
31185 1
31186 2
31187 4
31188 1
31189 0
31190 2
31191 1
31192 4
31193 1
31194 1
31195 1
31196 0
31197 2
31198 2
31199 1
31200 0
31201 2
31202 2
31203 2
31204 3
31205 2
31206 1
31207 0
31208 1
31209 0
31210 2
31211 3
31212 1
31213 2
31214 0
31215 1
31216 2
31217 1
31218 1
31219 1
31220 0
31221 0
31222 3
31223 3
31224 1
31225 0
31226 0
31227 1
31228 2
31229 1
31230 0
31231 1
31232 3
31233 1
31234 2
31235 2
31236 4
31237 0
31238 3
31239 3
31240 1
31241 2
31242 0
31243 0
31244 5
31245 2
31246 3
31247 0
31248 3
31249 3
31250 0
31251 0
31252 1
31253 3
31254 0
31255 2
31256 1
31257 3
31258 1
31259 2
31260 0
31261 1
31262 2
31263 0
31264 3
31265 1
31266 1
31267 0
31268 2
31269 4
31270 3
31271 2
31272 3
31273 0
31274 1
31275 3
31276 1
31277 0
31278 1
31279 1
31280 1
31281 3
31282 5
31283 4
31284 2
31285 2
31286 3
31287 1
31288 0
31289 3
31290 3
31291 1
31292 2
31293 2
31294 2
31295 3
31296 1
31297 3
31298 3
31299 4
31300 0
31301 1
31302 0
31303 1
31304 1
31305 4
31306 2
31307 1
31308 3
31309 3
31310 3
31311 0
31312 2
31313 0
31314 2
31315 2
31316 4
31317 0
31318 2
31319 1
31320 0
31321 3
31322 0
31323 1
31324 3
31325 1
31326 2
31327 1
31328 3
31329 1
31330 0
31331 1
31332 0
31333 3
31334 3
31335 2
31336 2
31337 3
31338 3
31339 4
31340 0
31341 3
31342 2
31343 3
31344 3
31345 2
31346 3
31347 2
31348 1
31349 0
31350 1
31351 3
31352 1
31353 1
31354 2
31355 0
31356 4
31357 1
31358 2
31359 2
31360 2
31361 4
31362 0
31363 3
31364 0
31365 2
31366 0
31367 3
31368 1
31369 0
31370 1
31371 0
31372 0
31373 0
31374 0
31375 4
31376 2
31377 0
31378 0
31379 0
31380 2
31381 3
31382 3
31383 0
31384 2
31385 1
31386 0
31387 2
31388 3
31389 0
31390 0
31391 2
31392 2
31393 2
31394 0
31395 3
31396 0
31397 2
31398 2
31399 1
31400 1
31401 2
31402 2
31403 1
31404 2
31405 4
31406 2
31407 2
31408 1
31409 2
31410 2
31411 1
31412 3
31413 0
31414 2
31415 2
31416 2
31417 0
31418 3
31419 0
31420 1
31421 3
31422 0
31423 3
31424 2
31425 4
31426 2
31427 1
31428 3
31429 2
31430 0
31431 3
31432 3
31433 2
31434 3
31435 1
31436 0
31437 1
31438 4
31439 2
31440 2
31441 3
31442 1
31443 2
31444 2
31445 3
31446 2
31447 2
31448 0
31449 0
31450 0
31451 3
31452 0
31453 2
31454 4
31455 4
31456 1
31457 3
31458 3
31459 3
31460 2
31461 0
31462 0
31463 0
31464 3
31465 2
31466 1
31467 2
31468 1
31469 2
31470 2
31471 3
31472 2
31473 1
31474 1
31475 1
31476 4
31477 2
31478 3
31479 3
31480 1
31481 1
31482 1
31483 2
31484 3
31485 3
31486 1
31487 2
31488 2
31489 2
31490 1
31491 1
31492 3
31493 2
31494 1
31495 3
31496 1
31497 2
31498 1
31499 2
31500 0
31501 0
31502 3
31503 1
31504 3
31505 2
31506 2
31507 2
31508 3
31509 1
31510 3
31511 2
31512 1
31513 0
31514 2
31515 3
31516 2
31517 2
31518 1
31519 0
31520 0
31521 1
31522 2
31523 0
31524 2
31525 2
31526 4
31527 2
31528 3
31529 0
31530 3
31531 2
31532 2
31533 2
31534 2
31535 0
31536 1
31537 2
31538 3
31539 1
31540 3
31541 3
31542 0
31543 0
31544 1
31545 2
31546 2
31547 1
31548 4
31549 2
31550 4
31551 0
31552 4
31553 4
31554 2
31555 2
31556 2
31557 1
31558 2
31559 2
31560 2
31561 3
31562 2
31563 2
31564 1
31565 0
31566 3
31567 1
31568 1
31569 3
31570 1
31571 2
31572 2
31573 1
31574 2
31575 3
31576 2
31577 2
31578 3
31579 1
31580 2
31581 2
31582 2
31583 4
31584 1
31585 0
31586 0
31587 0
31588 2
31589 3
31590 2
31591 1
31592 2
31593 3
31594 1
31595 0
31596 4
31597 3
31598 1
31599 1
31600 3
31601 2
31602 2
31603 0
31604 3
31605 1
31606 2
31607 5
31608 1
31609 0
31610 3
31611 1
31612 2
31613 3
31614 3
31615 0
31616 0
31617 3
31618 2
31619 3
31620 3
31621 2
31622 2
31623 4
31624 1
31625 2
31626 2
31627 4
31628 0
31629 3
31630 2
31631 0
31632 4
31633 3
31634 2
31635 3
31636 2
31637 0
31638 1
31639 0
31640 2
31641 0
31642 2
31643 2
31644 1
31645 0
31646 0
31647 3
31648 2
31649 5
31650 2
31651 2
31652 4
31653 1
31654 3
31655 1
31656 1
31657 3
31658 0
31659 2
31660 1
31661 1
31662 2
31663 0
31664 0
31665 2
31666 0
31667 3
31668 3
31669 2
31670 0
31671 3
31672 2
31673 3
31674 0
31675 2
31676 1
31677 1
31678 1
31679 2
31680 2
31681 1
31682 4
31683 3
31684 3
31685 0
31686 3
31687 1
31688 2
31689 3
31690 0
31691 1
31692 2
31693 3
31694 1
31695 2
31696 1
31697 2
31698 2
31699 0
31700 2
31701 1
31702 4
31703 3
31704 2
31705 4
31706 2
31707 1
31708 1
31709 4
31710 1
31711 1
31712 2
31713 4
31714 2
31715 2
31716 1
31717 1
31718 0
31719 1
31720 4
31721 3
31722 2
31723 0
31724 0
31725 1
31726 3
31727 2
31728 1
31729 0
31730 3
31731 1
31732 1
31733 2
31734 3
31735 4
31736 3
31737 0
31738 0
31739 1
31740 3
31741 1
31742 1
31743 2
31744 3
31745 0
31746 1
31747 3
31748 0
31749 1
31750 3
31751 2
31752 0
31753 2
31754 2
31755 2
31756 2
31757 2
31758 3
31759 1
31760 3
31761 1
31762 2
31763 4
31764 1
31765 3
31766 2
31767 0
31768 1
31769 1
31770 1
31771 1
31772 3
31773 4
31774 1
31775 2
31776 2
31777 3
31778 2
31779 1
31780 1
31781 3
31782 3
31783 3
31784 1
31785 1
31786 1
31787 1
31788 3
31789 1
31790 2
31791 1
31792 0
31793 0
31794 2
31795 1
31796 1
31797 0
31798 2
31799 4
31800 4
31801 0
31802 3
31803 2
31804 2
31805 0
31806 2
31807 4
31808 1
31809 3
31810 3
31811 0
31812 3
31813 2
31814 1
31815 4
31816 0
31817 0
31818 4
31819 2
31820 2
31821 4
31822 2
31823 2
31824 2
31825 0
31826 3
31827 2
31828 2
31829 0
31830 4
31831 0
31832 0
31833 2
31834 2
31835 0
31836 3
31837 0
31838 0
31839 3
31840 3
31841 0
31842 2
31843 0
31844 0
31845 3
31846 1
31847 0
31848 3
31849 2
31850 0
31851 2
31852 1
31853 3
31854 1
31855 2
31856 0
31857 2
31858 3
31859 3
31860 2
31861 2
31862 2
31863 1
31864 1
31865 5
31866 0
31867 3
31868 4
31869 1
31870 2
31871 0
31872 2
31873 4
31874 0
31875 3
31876 4
31877 0
31878 0
31879 0
31880 0
31881 2
31882 1
31883 1
31884 2
31885 1
31886 1
31887 4
31888 2
31889 2
31890 1
31891 3
31892 3
31893 3
31894 3
31895 1
31896 1
31897 2
31898 4
31899 0
31900 1
31901 2
31902 2
31903 2
31904 2
31905 3
31906 3
31907 0
31908 1
31909 2
31910 1
31911 1
31912 3
31913 3
31914 0
31915 2
31916 2
31917 1
31918 1
31919 1
31920 3
31921 3
31922 0
31923 2
31924 1
31925 4
31926 3
31927 3
31928 0
31929 3
31930 0
31931 1
31932 0
31933 0
31934 3
31935 1
31936 2
31937 2
31938 3
31939 0
31940 1
31941 3
31942 1
31943 4
31944 2
31945 3
31946 3
31947 2
31948 3
31949 4
31950 0
31951 1
31952 1
31953 0
31954 3
31955 3
31956 2
31957 3
31958 1
31959 1
31960 0
31961 1
31962 1
31963 0
31964 2
31965 0
31966 0
31967 3
31968 2
31969 0
31970 2
31971 3
31972 3
31973 1
31974 0
31975 0
31976 0
31977 3
31978 0
31979 1
31980 3
31981 2
31982 4
31983 0
31984 4
31985 0
31986 2
31987 0
31988 3
31989 3
31990 2
31991 2
31992 0
31993 0
31994 2
31995 4
31996 3
31997 0
31998 3
31999 2
32000 3
32001 3
32002 3
32003 3
32004 2
32005 3
32006 0
32007 0
32008 2
32009 3
32010 1
32011 3
32012 1
32013 3
32014 0
32015 2
32016 4
32017 1
32018 2
32019 3
32020 4
32021 3
32022 3
32023 0
32024 2
32025 3
32026 0
32027 2
32028 0
32029 0
32030 2
32031 2
32032 0
32033 2
32034 2
32035 2
32036 0
32037 1
32038 1
32039 3
32040 4
32041 3
32042 0
32043 3
32044 2
32045 1
32046 3
32047 2
32048 1
32049 3
32050 1
32051 2
32052 1
32053 4
32054 2
32055 0
32056 3
32057 2
32058 0
32059 2
32060 1
32061 2
32062 1
32063 3
32064 3
32065 3
32066 1
32067 0
32068 3
32069 0
32070 2
32071 2
32072 0
32073 0
32074 0
32075 0
32076 2
32077 2
32078 2
32079 2
32080 0
32081 3
32082 2
32083 3
32084 2
32085 3
32086 3
32087 3
32088 4
32089 1
32090 0
32091 3
32092 3
32093 3
32094 2
32095 1
32096 0
32097 0
32098 3
32099 1
32100 1
32101 0
32102 3
32103 0
32104 0
32105 2
32106 1
32107 3
32108 2
32109 4
32110 0
32111 2
32112 2
32113 5
32114 4
32115 0
32116 2
32117 3
32118 4
32119 1
32120 1
32121 3
32122 2
32123 2
32124 2
32125 2
32126 1
32127 0
32128 2
32129 1
32130 3
32131 1
32132 1
32133 1
32134 2
32135 0
32136 3
32137 1
32138 2
32139 0
32140 0
32141 4
32142 1
32143 4
32144 3
32145 1
32146 1
32147 2
32148 4
32149 1
32150 2
32151 1
32152 1
32153 3
32154 3
32155 3
32156 2
32157 3
32158 1
32159 1
32160 3
32161 3
32162 0
32163 3
32164 1
32165 1
32166 2
32167 1
32168 4
32169 0
32170 3
32171 0
32172 2
32173 2
32174 0
32175 1
32176 4
32177 2
32178 2
32179 2
32180 2
32181 1
32182 3
32183 0
32184 0
32185 3
32186 0
32187 2
32188 1
32189 3
32190 2
32191 2
32192 2
32193 2
32194 1
32195 2
32196 3
32197 2
32198 2
32199 2
32200 3
32201 3
32202 3
32203 3
32204 2
32205 1
32206 1
32207 4
32208 3
32209 2
32210 0
32211 2
32212 2
32213 0
32214 1
32215 2
32216 3
32217 3
32218 0
32219 4
32220 0
32221 2
32222 1
32223 0
32224 0
32225 2
32226 0
32227 0
32228 3
32229 0
32230 0
32231 4
32232 5
32233 1
32234 0
32235 3
32236 0
32237 3
32238 0
32239 3
32240 2
32241 0
32242 2
32243 3
32244 3
32245 0
32246 3
32247 1
32248 3
32249 1
32250 2
32251 0
32252 3
32253 1
32254 2
32255 1
32256 5
32257 2
32258 2
32259 1
32260 2
32261 2
32262 1
32263 2
32264 1
32265 2
32266 2
32267 0
32268 3
32269 1
32270 1
32271 3
32272 1
32273 3
32274 3
32275 0
32276 2
32277 3
32278 2
32279 2
32280 3
32281 1
32282 0
32283 1
32284 3
32285 2
32286 4
32287 0
32288 0
32289 4
32290 2
32291 1
32292 0
32293 0
32294 0
32295 0
32296 1
32297 1
32298 4
32299 2
32300 1
32301 2
32302 0
32303 3
32304 2
32305 1
32306 2
32307 1
32308 2
32309 3
32310 2
32311 2
32312 4
32313 4
32314 1
32315 2
32316 1
32317 1
32318 2
32319 4
32320 2
32321 2
32322 0
32323 0
32324 0
32325 4
32326 3
32327 1
32328 0
32329 0
32330 0
32331 4
32332 3
32333 3
32334 2
32335 4
32336 2
32337 1
32338 2
32339 3
32340 0
32341 2
32342 0
32343 2
32344 2
32345 1
32346 1
32347 2
32348 3
32349 1
32350 3
32351 2
32352 2
32353 0
32354 3
32355 3
32356 0
32357 5
32358 4
32359 1
32360 1
32361 1
32362 4
32363 2
32364 4
32365 2
32366 3
32367 0
32368 1
32369 1
32370 4
32371 3
32372 2
32373 2
32374 3
32375 1
32376 3
32377 1
32378 0
32379 4
32380 4
32381 0
32382 1
32383 0
32384 1
32385 4
32386 0
32387 1
32388 2
32389 1
32390 1
32391 2
32392 2
32393 3
32394 0
32395 3
32396 1
32397 0
32398 3
32399 4
32400 3
32401 0
32402 2
32403 2
32404 2
32405 0
32406 3
32407 0
32408 4
32409 1
32410 2
32411 4
32412 4
32413 1
32414 2
32415 2
32416 0
32417 2
32418 1
32419 1
32420 1
32421 1
32422 2
32423 3
32424 3
32425 3
32426 3
32427 1
32428 3
32429 2
32430 2
32431 3
32432 3
32433 2
32434 4
32435 1
32436 2
32437 1
32438 1
32439 2
32440 0
32441 3
32442 0
32443 3
32444 1
32445 0
32446 4
32447 0
32448 0
32449 0
32450 2
32451 3
32452 2
32453 3
32454 0
32455 0
32456 3
32457 3
32458 0
32459 0
32460 3
32461 2
32462 4
32463 1
32464 3
32465 1
32466 1
32467 1
32468 4
32469 0
32470 4
32471 3
32472 2
32473 4
32474 1
32475 1
32476 2
32477 3
32478 0
32479 2
32480 1
32481 3
32482 3
32483 3
32484 0
32485 1
32486 2
32487 0
32488 3
32489 1
32490 3
32491 2
32492 0
32493 1
32494 0
32495 0
32496 1
32497 2
32498 1
32499 2
32500 0
32501 3
32502 1
32503 3
32504 3
32505 1
32506 2
32507 4
32508 1
32509 4
32510 1
32511 1
32512 0
32513 1
32514 3
32515 2
32516 2
32517 3
32518 4
32519 3
32520 3
32521 2
32522 1
32523 2
32524 1
32525 2
32526 0
32527 4
32528 4
32529 1
32530 2
32531 1
32532 3
32533 3
32534 3
32535 2
32536 1
32537 4
32538 1
32539 1
32540 0
32541 2
32542 3
32543 0
32544 3
32545 2
32546 4
32547 3
32548 3
32549 3
32550 1
32551 3
32552 3
32553 2
32554 2
32555 0
32556 2
32557 3
32558 2
32559 3
32560 3
32561 1
32562 0
32563 3
32564 2
32565 2
32566 3
32567 4
32568 0
32569 2
32570 1
32571 3
32572 1
32573 2
32574 2
32575 2
32576 1
32577 4
32578 1
32579 1
32580 2
32581 0
32582 3
32583 0
32584 3
32585 3
32586 0
32587 3
32588 2
32589 3
32590 0
32591 2
32592 2
32593 0
32594 1
32595 1
32596 1
32597 0
32598 1
32599 3
32600 4
32601 2
32602 1
32603 0
32604 3
32605 2
32606 2
32607 2
32608 1
32609 0
32610 3
32611 2
32612 0
32613 0
32614 3
32615 2
32616 0
32617 4
32618 4
32619 3
32620 2
32621 1
32622 2
32623 2
32624 2
32625 3
32626 2
32627 0
32628 4
32629 1
32630 1
32631 2
32632 1
32633 2
32634 0
32635 1
32636 1
32637 2
32638 3
32639 1
32640 2
32641 0
32642 0
32643 2
32644 3
32645 2
32646 2
32647 3
32648 2
32649 2
32650 0
32651 3
32652 0
32653 2
32654 2
32655 3
32656 1
32657 0
32658 2
32659 0
32660 1
32661 1
32662 0
32663 1
32664 1
32665 0
32666 3
32667 2
32668 1
32669 2
32670 1
32671 0
32672 1
32673 1
32674 1
32675 1
32676 0
32677 0
32678 2
32679 1
32680 3
32681 1
32682 0
32683 2
32684 3
32685 3
32686 1
32687 4
32688 1
32689 1
32690 1
32691 2
32692 1
32693 1
32694 2
32695 2
32696 3
32697 2
32698 2
32699 0
32700 0
32701 2
32702 2
32703 3
32704 2
32705 2
32706 2
32707 0
32708 1
32709 1
32710 2
32711 1
32712 3
32713 0
32714 0
32715 1
32716 2
32717 0
32718 3
32719 1
32720 2
32721 0
32722 2
32723 1
32724 2
32725 3
32726 1
32727 4
32728 0
32729 1
32730 1
32731 1
32732 2
32733 2
32734 0
32735 4
32736 3
32737 4
32738 3
32739 4
32740 4
32741 2
32742 1
32743 1
32744 0
32745 1
32746 1
32747 0
32748 3
32749 0
32750 3
32751 1
32752 3
32753 3
32754 3
32755 0
32756 4
32757 4
32758 4
32759 2
32760 2
32761 1
32762 2
32763 0
32764 2
32765 2
32766 4
32767 2
32768 0
32769 3
32770 2
32771 2
32772 0
32773 1
32774 0
32775 2
32776 2
32777 2
32778 1
32779 1
32780 0
32781 2
32782 4
32783 0
32784 2
32785 1
32786 2
32787 3
32788 0
32789 1
32790 0
32791 2
32792 2
32793 0
32794 3
32795 4
32796 1
32797 2
32798 3
32799 4
32800 2
32801 0
32802 0
32803 0
32804 3
32805 0
32806 3
32807 3
32808 3
32809 2
32810 4
32811 3
32812 2
32813 2
32814 0
32815 1
32816 1
32817 1
32818 2
32819 0
32820 1
32821 2
32822 2
32823 4
32824 1
32825 4
32826 2
32827 3
32828 1
32829 1
32830 3
32831 3
32832 3
32833 2
32834 1
32835 2
32836 2
32837 3
32838 3
32839 3
32840 3
32841 1
32842 4
32843 0
32844 2
32845 1
32846 2
32847 0
32848 3
32849 1
32850 3
32851 2
32852 4
32853 0
32854 0
32855 1
32856 2
32857 2
32858 0
32859 1
32860 4
32861 1
32862 0
32863 3
32864 0
32865 0
32866 1
32867 2
32868 3
32869 1
32870 0
32871 2
32872 2
32873 0
32874 2
32875 0
32876 2
32877 2
32878 1
32879 3
32880 2
32881 2
32882 1
32883 1
32884 2
32885 3
32886 0
32887 0
32888 1
32889 3
32890 3
32891 2
32892 2
32893 3
32894 2
32895 2
32896 3
32897 1
32898 3
32899 1
32900 0
32901 3
32902 2
32903 2
32904 3
32905 2
32906 3
32907 0
32908 4
32909 2
32910 2
32911 1
32912 3
32913 4
32914 3
32915 0
32916 3
32917 1
32918 4
32919 3
32920 3
32921 1
32922 3
32923 4
32924 3
32925 1
32926 4
32927 2
32928 0
32929 1
32930 2
32931 2
32932 3
32933 2
32934 1
32935 1
32936 0
32937 0
32938 0
32939 3
32940 3
32941 1
32942 3
32943 1
32944 3
32945 1
32946 2
32947 0
32948 1
32949 3
32950 2
32951 5
32952 3
32953 3
32954 0
32955 3
32956 2
32957 0
32958 2
32959 2
32960 0
32961 2
32962 2
32963 0
32964 2
32965 0
32966 2
32967 2
32968 4
32969 3
32970 1
32971 2
32972 2
32973 3
32974 3
32975 3
32976 3
32977 1
32978 0
32979 2
32980 0
32981 0
32982 1
32983 2
32984 3
32985 0
32986 1
32987 2
32988 0
32989 4
32990 0
32991 1
32992 2
32993 2
32994 2
32995 4
32996 3
32997 3
32998 0
32999 2
33000 2
33001 3
33002 3
33003 1
33004 1
33005 2
33006 2
33007 2
33008 0
33009 3
33010 2
33011 2
33012 2
33013 4
33014 0
33015 4
33016 1
33017 3
33018 2
33019 3
33020 1
33021 2
33022 1
33023 4
33024 1
33025 1
33026 1
33027 2
33028 0
33029 1
33030 3
33031 2
33032 0
33033 1
33034 0
33035 2
33036 2
33037 2
33038 0
33039 0
33040 2
33041 3
33042 3
33043 2
33044 3
33045 0
33046 0
33047 2
33048 2
33049 1
33050 3
33051 0
33052 2
33053 2
33054 3
33055 0
33056 2
33057 2
33058 0
33059 1
33060 4
33061 1
33062 1
33063 2
33064 0
33065 3
33066 2
33067 4
33068 1
33069 4
33070 4
33071 1
33072 4
33073 4
33074 2
33075 1
33076 1
33077 0
33078 3
33079 2
33080 2
33081 2
33082 3
33083 0
33084 2
33085 0
33086 1
33087 1
33088 2
33089 1
33090 2
33091 0
33092 2
33093 0
33094 0
33095 2
33096 2
33097 5
33098 3
33099 2
33100 3
33101 3
33102 1
33103 2
33104 2
33105 2
33106 0
33107 3
33108 1
33109 2
33110 1
33111 3
33112 2
33113 1
33114 0
33115 3
33116 2
33117 3
33118 3
33119 0
33120 1
33121 2
33122 1
33123 3
33124 0
33125 1
33126 1
33127 2
33128 1
33129 1
33130 1
33131 1
33132 4
33133 0
33134 3
33135 0
33136 1
33137 2
33138 3
33139 3
33140 2
33141 2
33142 0
33143 4
33144 3
33145 2
33146 4
33147 3
33148 1
33149 0
33150 2
33151 3
33152 0
33153 3
33154 1
33155 2
33156 3
33157 2
33158 4
33159 1
33160 2
33161 1
33162 1
33163 3
33164 1
33165 2
33166 1
33167 3
33168 1
33169 2
33170 3
33171 0
33172 3
33173 4
33174 0
33175 2
33176 4
33177 2
33178 4
33179 3
33180 4
33181 2
33182 1
33183 2
33184 0
33185 0
33186 1
33187 1
33188 3
33189 2
33190 3
33191 0
33192 2
33193 0
33194 0
33195 1
33196 2
33197 3
33198 3
33199 0
33200 1
33201 3
33202 0
33203 2
33204 0
33205 3
33206 4
33207 0
33208 3
33209 0
33210 4
33211 0
33212 3
33213 3
33214 2
33215 2
33216 4
33217 1
33218 1
33219 3
33220 2
33221 3
33222 3
33223 3
33224 2
33225 1
33226 1
33227 0
33228 1
33229 3
33230 3
33231 1
33232 1
33233 0
33234 2
33235 0
33236 1
33237 0
33238 3
33239 3
33240 2
33241 2
33242 0
33243 2
33244 2
33245 2
33246 2
33247 2
33248 3
33249 0
33250 1
33251 4
33252 1
33253 3
33254 3
33255 3
33256 2
33257 0
33258 0
33259 2
33260 1
33261 0
33262 2
33263 0
33264 3
33265 2
33266 2
33267 2
33268 0
33269 1
33270 1
33271 0
33272 0
33273 1
33274 3
33275 3
33276 3
33277 2
33278 0
33279 2
33280 3
33281 0
33282 0
33283 0
33284 2
33285 0
33286 4
33287 4
33288 2
33289 2
33290 1
33291 1
33292 3
33293 1
33294 0
33295 1
33296 1
33297 1
33298 1
33299 4
33300 1
33301 2
33302 3
33303 2
33304 3
33305 2
33306 1
33307 0
33308 0
33309 4
33310 2
33311 2
33312 3
33313 1
33314 4
33315 2
33316 2
33317 2
33318 2
33319 0
33320 0
33321 1
33322 3
33323 2
33324 2
33325 2
33326 3
33327 0
33328 1
33329 3
33330 2
33331 2
33332 0
33333 2
33334 2
33335 1
33336 1
33337 2
33338 0
33339 2
33340 2
33341 2
33342 1
33343 3
33344 0
33345 3
33346 2
33347 1
33348 0
33349 1
33350 3
33351 0
33352 3
33353 1
33354 0
33355 2
33356 1
33357 3
33358 1
33359 3
33360 2
33361 2
33362 2
33363 0
33364 2
33365 2
33366 1
33367 2
33368 0
33369 2
33370 2
33371 0
33372 1
33373 3
33374 0
33375 2
33376 1
33377 0
33378 1
33379 2
33380 1
33381 1
33382 3
33383 1
33384 2
33385 3
33386 4
33387 0
33388 1
33389 4
33390 3
33391 1
33392 0
33393 1
33394 2
33395 0
33396 4
33397 1
33398 2
33399 1
33400 2
33401 1
33402 1
33403 3
33404 1
33405 2
33406 0
33407 2
33408 2
33409 0
33410 2
33411 0
33412 1
33413 2
33414 1
33415 0
33416 3
33417 2
33418 3
33419 2
33420 3
33421 0
33422 0
33423 4
33424 2
33425 0
33426 1
33427 2
33428 0
33429 4
33430 1
33431 2
33432 1
33433 1
33434 1
33435 2
33436 3
33437 3
33438 5
33439 3
33440 2
33441 2
33442 2
33443 2
33444 3
33445 2
33446 1
33447 0
33448 4
33449 1
33450 3
33451 3
33452 2
33453 1
33454 2
33455 0
33456 0
33457 3
33458 0
33459 0
33460 0
33461 3
33462 2
33463 0
33464 2
33465 2
33466 2
33467 3
33468 0
33469 2
33470 1
33471 1
33472 2
33473 3
33474 4
33475 0
33476 2
33477 0
33478 1
33479 1
33480 3
33481 3
33482 4
33483 1
33484 1
33485 3
33486 1
33487 0
33488 2
33489 0
33490 0
33491 1
33492 3
33493 3
33494 3
33495 2
33496 4
33497 3
33498 0
33499 2
33500 3
33501 0
33502 3
33503 3
33504 4
33505 2
33506 1
33507 2
33508 1
33509 0
33510 3
33511 4
33512 0
33513 1
33514 4
33515 3
33516 3
33517 1
33518 3
33519 2
33520 0
33521 4
33522 2
33523 1
33524 2
33525 2
33526 0
33527 1
33528 1
33529 1
33530 2
33531 2
33532 0
33533 0
33534 5
33535 2
33536 4
33537 2
33538 0
33539 1
33540 1
33541 0
33542 2
33543 1
33544 1
33545 1
33546 3
33547 2
33548 2
33549 4
33550 1
33551 0
33552 2
33553 2
33554 1
33555 0
33556 4
33557 1
33558 1
33559 0
33560 2
33561 1
33562 4
33563 2
33564 0
33565 0
33566 1
33567 2
33568 4
33569 2
33570 2
33571 1
33572 0
33573 3
33574 1
33575 0
33576 1
33577 2
33578 2
33579 2
33580 2
33581 3
33582 2
33583 2
33584 1
33585 0
33586 3
33587 4
33588 1
33589 2
33590 2
33591 1
33592 0
33593 1
33594 3
33595 2
33596 2
33597 3
33598 4
33599 2
33600 2
33601 2
33602 0
33603 2
33604 0
33605 2
33606 3
33607 4
33608 3
33609 4
33610 0
33611 1
33612 2
33613 3
33614 4
33615 2
33616 0
33617 2
33618 1
33619 1
33620 1
33621 2
33622 2
33623 0
33624 1
33625 2
33626 3
33627 2
33628 1
33629 1
33630 0
33631 3
33632 1
33633 2
33634 2
33635 1
33636 4
33637 3
33638 2
33639 2
33640 2
33641 4
33642 3
33643 2
33644 3
33645 3
33646 2
33647 2
33648 1
33649 3
33650 3
33651 3
33652 3
33653 4
33654 4
33655 3
33656 0
33657 0
33658 3
33659 2
33660 3
33661 0
33662 3
33663 2
33664 2
33665 1
33666 0
33667 1
33668 3
33669 3
33670 2
33671 1
33672 1
33673 4
33674 3
33675 1
33676 0
33677 3
33678 3
33679 2
33680 4
33681 0
33682 3
33683 2
33684 0
33685 3
33686 2
33687 0
33688 3
33689 0
33690 2
33691 3
33692 3
33693 2
33694 2
33695 3
33696 2
33697 2
33698 3
33699 4
33700 4
33701 0
33702 1
33703 0
33704 1
33705 1
33706 2
33707 4
33708 0
33709 1
33710 0
33711 1
33712 1
33713 2
33714 0
33715 3
33716 2
33717 0
33718 0
33719 3
33720 3
33721 1
33722 1
33723 2
33724 2
33725 0
33726 3
33727 2
33728 0
33729 3
33730 3
33731 4
33732 0
33733 0
33734 3
33735 0
33736 1
33737 2
33738 0
33739 2
33740 1
33741 0
33742 3
33743 1
33744 4
33745 2
33746 1
33747 1
33748 4
33749 3
33750 2
33751 3
33752 0
33753 4
33754 2
33755 1
33756 3
33757 0
33758 3
33759 2
33760 2
33761 0
33762 3
33763 1
33764 2
33765 2
33766 2
33767 4
33768 1
33769 2
33770 2
33771 2
33772 2
33773 3
33774 1
33775 2
33776 4
33777 2
33778 3
33779 1
33780 1
33781 1
33782 1
33783 3
33784 2
33785 1
33786 1
33787 0
33788 4
33789 1
33790 2
33791 1
33792 1
33793 2
33794 2
33795 1
33796 0
33797 0
33798 2
33799 2
33800 3
33801 3
33802 2
33803 1
33804 3
33805 3
33806 0
33807 2
33808 0
33809 2
33810 3
33811 3
33812 3
33813 3
33814 1
33815 2
33816 3
33817 2
33818 0
33819 3
33820 1
33821 2
33822 1
33823 1
33824 4
33825 1
33826 3
33827 0
33828 1
33829 3
33830 3
33831 1
33832 2
33833 3
33834 4
33835 2
33836 3
33837 2
33838 2
33839 2
33840 1
33841 0
33842 1
33843 4
33844 1
33845 3
33846 2
33847 4
33848 3
33849 3
33850 3
33851 4
33852 2
33853 0
33854 1
33855 2
33856 0
33857 3
33858 0
33859 2
33860 2
33861 2
33862 1
33863 0
33864 4
33865 1
33866 4
33867 0
33868 1
33869 2
33870 3
33871 3
33872 2
33873 3
33874 3
33875 4
33876 2
33877 0
33878 1
33879 1
33880 1
33881 1
33882 1
33883 0
33884 3
33885 1
33886 3
33887 4
33888 1
33889 1
33890 2
33891 2
33892 1
33893 1
33894 2
33895 0
33896 2
33897 2
33898 3
33899 2
33900 3
33901 4
33902 2
33903 0
33904 0
33905 3
33906 1
33907 1
33908 2
33909 1
33910 2
33911 0
33912 3
33913 0
33914 0
33915 2
33916 1
33917 3
33918 3
33919 2
33920 0
33921 2
33922 3
33923 3
33924 1
33925 2
33926 2
33927 3
33928 1
33929 3
33930 2
33931 2
33932 0
33933 3
33934 0
33935 3
33936 2
33937 2
33938 2
33939 2
33940 3
33941 0
33942 1
33943 0
33944 4
33945 0
33946 2
33947 3
33948 3
33949 4
33950 2
33951 1
33952 1
33953 0
33954 3
33955 2
33956 2
33957 1
33958 3
33959 1
33960 3
33961 3
33962 3
33963 0
33964 1
33965 0
33966 1
33967 0
33968 0
33969 2
33970 2
33971 3
33972 1
33973 5
33974 2
33975 0
33976 1
33977 3
33978 0
33979 0
33980 1
33981 3
33982 1
33983 1
33984 2
33985 4
33986 3
33987 0
33988 0
33989 0
33990 3
33991 0
33992 1
33993 4
33994 1
33995 0
33996 0
33997 2
33998 2
33999 2
34000 3
34001 2
34002 2
34003 2
34004 1
34005 2
34006 4
34007 0
34008 1
34009 0
34010 0
34011 1
34012 1
34013 0
34014 1
34015 0
34016 0
34017 0
34018 0
34019 2
34020 1
34021 2
34022 0
34023 0
34024 4
34025 0
34026 1
34027 0
34028 0
34029 3
34030 2
34031 2
34032 1
34033 3
34034 3
34035 2
34036 1
34037 3
34038 4
34039 2
34040 2
34041 1
34042 0
34043 3
34044 1
34045 4
34046 4
34047 0
34048 3
34049 3
34050 3
34051 3
34052 3
34053 2
34054 1
34055 3
34056 2
34057 3
34058 2
34059 0
34060 0
34061 0
34062 1
34063 3
34064 2
34065 2
34066 0
34067 3
34068 3
34069 0
34070 2
34071 0
34072 3
34073 1
34074 0
34075 0
34076 1
34077 0
34078 0
34079 2
34080 3
34081 1
34082 1
34083 0
34084 0
34085 2
34086 2
34087 2
34088 2
34089 2
34090 0
34091 1
34092 1
34093 1
34094 0
34095 3
34096 3
34097 2
34098 2
34099 1
34100 2
34101 3
34102 3
34103 1
34104 2
34105 3
34106 1
34107 3
34108 1
34109 3
34110 4
34111 0
34112 0
34113 0
34114 0
34115 0
34116 0
34117 4
34118 1
34119 2
34120 4
34121 2
34122 1
34123 3
34124 0
34125 2
34126 5
34127 2
34128 1
34129 1
34130 3
34131 0
34132 2
34133 1
34134 1
34135 1
34136 2
34137 2
34138 4
34139 2
34140 1
34141 0
34142 1
34143 2
34144 1
34145 0
34146 4
34147 3
34148 3
34149 2
34150 0
34151 3
34152 1
34153 1
34154 3
34155 1
34156 1
34157 1
34158 1
34159 0
34160 1
34161 0
34162 3
34163 4
34164 1
34165 1
34166 1
34167 3
34168 3
34169 1
34170 3
34171 3
34172 1
34173 2
34174 1
34175 2
34176 0
34177 3
34178 3
34179 3
34180 0
34181 1
34182 0
34183 0
34184 1
34185 0
34186 0
34187 3
34188 3
34189 2
34190 3
34191 3
34192 0
34193 0
34194 3
34195 3
34196 2
34197 2
34198 0
34199 1
34200 2
34201 4
34202 3
34203 3
34204 2
34205 2
34206 2
34207 0
34208 2
34209 2
34210 3
34211 1
34212 2
34213 0
34214 1
34215 1
34216 2
34217 2
34218 2
34219 3
34220 4
34221 3
34222 2
34223 2
34224 4
34225 2
34226 2
34227 3
34228 0
34229 2
34230 0
34231 1
34232 0
34233 2
34234 1
34235 2
34236 1
34237 1
34238 3
34239 0
34240 1
34241 0
34242 2
34243 1
34244 2
34245 2
34246 1
34247 1
34248 4
34249 2
34250 1
34251 2
34252 0
34253 3
34254 1
34255 0
34256 3
34257 1
34258 3
34259 0
34260 3
34261 3
34262 1
34263 2
34264 0
34265 4
34266 0
34267 2
34268 1
34269 1
34270 2
34271 0
34272 2
34273 0
34274 4
34275 0
34276 1
34277 3
34278 2
34279 0
34280 3
34281 3
34282 1
34283 2
34284 4
34285 1
34286 0
34287 2
34288 3
34289 0
34290 1
34291 3
34292 4
34293 0
34294 3
34295 1
34296 3
34297 0
34298 3
34299 2
34300 3
34301 3
34302 1
34303 0
34304 0
34305 0
34306 3
34307 2
34308 2
34309 1
34310 0
34311 4
34312 0
34313 1
34314 5
34315 2
34316 4
34317 3
34318 1
34319 1
34320 4
34321 1
34322 2
34323 1
34324 0
34325 2
34326 3
34327 2
34328 1
34329 3
34330 0
34331 2
34332 1
34333 2
34334 2
34335 0
34336 1
34337 1
34338 2
34339 4
34340 2
34341 1
34342 3
34343 0
34344 1
34345 0
34346 1
34347 1
34348 2
34349 5
34350 2
34351 4
34352 0
34353 1
34354 2
34355 1
34356 0
34357 3
34358 3
34359 0
34360 3
34361 4
34362 3
34363 3
34364 1
34365 1
34366 1
34367 0
34368 0
34369 3
34370 0
34371 4
34372 1
34373 3
34374 3
34375 2
34376 2
34377 1
34378 4
34379 1
34380 2
34381 2
34382 2
34383 1
34384 3
34385 1
34386 3
34387 4
34388 1
34389 0
34390 4
34391 2
34392 3
34393 1
34394 2
34395 0
34396 4
34397 2
34398 1
34399 2
34400 4
34401 2
34402 1
34403 2
34404 2
34405 0
34406 1
34407 2
34408 0
34409 0
34410 1
34411 3
34412 2
34413 0
34414 3
34415 0
34416 5
34417 1
34418 3
34419 2
34420 1
34421 3
34422 1
34423 3
34424 1
34425 1
34426 3
34427 2
34428 2
34429 3
34430 3
34431 1
34432 1
34433 1
34434 3
34435 0
34436 1
34437 0
34438 4
34439 0
34440 3
34441 2
34442 0
34443 1
34444 1
34445 3
34446 0
34447 2
34448 1
34449 4
34450 0
34451 2
34452 3
34453 1
34454 3
34455 2
34456 2
34457 0
34458 0
34459 1
34460 2
34461 3
34462 0
34463 0
34464 3
34465 0
34466 0
34467 3
34468 3
34469 1
34470 0
34471 2
34472 2
34473 1
34474 0
34475 3
34476 3
34477 2
34478 2
34479 2
34480 4
34481 0
34482 3
34483 1
34484 3
34485 1
34486 2
34487 3
34488 0
34489 3
34490 0
34491 4
34492 0
34493 2
34494 0
34495 0
34496 2
34497 2
34498 1
34499 1
34500 0
34501 3
34502 2
34503 3
34504 3
34505 2
34506 1
34507 2
34508 4
34509 4
34510 0
34511 3
34512 1
34513 2
34514 1
34515 2
34516 3
34517 1
34518 3
34519 0
34520 1
34521 1
34522 0
34523 3
34524 3
34525 2
34526 1
34527 3
34528 3
34529 2
34530 2
34531 3
34532 3
34533 4
34534 0
34535 2
34536 1
34537 0
34538 2
34539 2
34540 0
34541 3
34542 0
34543 3
34544 3
34545 1
34546 2
34547 0
34548 2
34549 1
34550 4
34551 4
34552 0
34553 0
34554 1
34555 2
34556 4
34557 2
34558 1
34559 2
34560 2
34561 3
34562 2
34563 3
34564 2
34565 2
34566 2
34567 3
34568 0
34569 2
34570 4
34571 0
34572 1
34573 3
34574 3
34575 0
34576 1
34577 2
34578 2
34579 2
34580 0
34581 4
34582 4
34583 0
34584 3
34585 1
34586 3
34587 2
34588 2
34589 0
34590 3
34591 0
34592 2
34593 4
34594 4
34595 0
34596 1
34597 3
34598 2
34599 3
34600 3
34601 0
34602 3
34603 2
34604 2
34605 2
34606 3
34607 1
34608 4
34609 3
34610 0
34611 2
34612 3
34613 4
34614 4
34615 1
34616 4
34617 1
34618 4
34619 1
34620 0
34621 2
34622 1
34623 1
34624 0
34625 3
34626 3
34627 1
34628 1
34629 1
34630 4
34631 0
34632 3
34633 2
34634 1
34635 0
34636 4
34637 1
34638 3
34639 4
34640 1
34641 3
34642 2
34643 0
34644 1
34645 0
34646 0
34647 3
34648 1
34649 0
34650 2
34651 0
34652 4
34653 0
34654 1
34655 3
34656 1
34657 1
34658 4
34659 3
34660 4
34661 5
34662 4
34663 0
34664 2
34665 0
34666 0
34667 2
34668 0
34669 4
34670 3
34671 2
34672 1
34673 2
34674 3
34675 2
34676 2
34677 4
34678 1
34679 3
34680 3
34681 2
34682 3
34683 4
34684 1
34685 3
34686 1
34687 2
34688 3
34689 2
34690 2
34691 2
34692 2
34693 2
34694 3
34695 3
34696 0
34697 0
34698 3
34699 1
34700 3
34701 1
34702 2
34703 2
34704 0
34705 0
34706 1
34707 2
34708 3
34709 3
34710 2
34711 0
34712 0
34713 1
34714 1
34715 2
34716 4
34717 3
34718 0
34719 0
34720 2
34721 0
34722 4
34723 3
34724 1
34725 3
34726 1
34727 2
34728 2
34729 2
34730 2
34731 1
34732 2
34733 0
34734 0
34735 1
34736 1
34737 2
34738 2
34739 1
34740 1
34741 0
34742 0
34743 2
34744 2
34745 0
34746 3
34747 1
34748 0
34749 2
34750 0
34751 0
34752 3
34753 2
34754 3
34755 1
34756 3
34757 2
34758 3
34759 1
34760 3
34761 3
34762 0
34763 4
34764 1
34765 1
34766 2
34767 3
34768 2
34769 0
34770 2
34771 1
34772 4
34773 2
34774 0
34775 0
34776 4
34777 0
34778 3
34779 3
34780 1
34781 0
34782 2
34783 4
34784 0
34785 1
34786 3
34787 1
34788 3
34789 4
34790 3
34791 3
34792 2
34793 3
34794 3
34795 1
34796 2
34797 3
34798 2
34799 1
34800 2
34801 2
34802 0
34803 2
34804 1
34805 1
34806 1
34807 3
34808 3
34809 2
34810 4
34811 3
34812 1
34813 2
34814 2
34815 1
34816 4
34817 3
34818 1
34819 3
34820 1
34821 2
34822 0
34823 0
34824 3
34825 3
34826 1
34827 4
34828 3
34829 4
34830 3
34831 0
34832 2
34833 0
34834 3
34835 1
34836 2
34837 2
34838 0
34839 4
34840 1
34841 2
34842 1
34843 1
34844 3
34845 2
34846 4
34847 3
34848 4
34849 1
34850 4
34851 3
34852 0
34853 1
34854 1
34855 1
34856 1
34857 3
34858 3
34859 0
34860 0
34861 0
34862 0
34863 2
34864 2
34865 1
34866 2
34867 2
34868 1
34869 0
34870 1
34871 1
34872 3
34873 2
34874 3
34875 3
34876 1
34877 1
34878 1
34879 4
34880 1
34881 2
34882 0
34883 2
34884 2
34885 0
34886 3
34887 0
34888 2
34889 0
34890 2
34891 2
34892 2
34893 1
34894 4
34895 1
34896 1
34897 2
34898 1
34899 1
34900 1
34901 3
34902 0
34903 3
34904 0
34905 2
34906 3
34907 1
34908 2
34909 0
34910 3
34911 2
34912 2
34913 5
34914 4
34915 1
34916 3
34917 0
34918 1
34919 3
34920 1
34921 2
34922 3
34923 1
34924 0
34925 2
34926 1
34927 3
34928 3
34929 1
34930 3
34931 4
34932 3
34933 4
34934 4
34935 3
34936 1
34937 0
34938 0
34939 2
34940 2
34941 0
34942 0
34943 0
34944 4
34945 2
34946 1
34947 0
34948 3
34949 1
34950 1
34951 1
34952 3
34953 1
34954 3
34955 1
34956 1
34957 4
34958 0
34959 4
34960 1
34961 2
34962 2
34963 2
34964 3
34965 1
34966 2
34967 3
34968 3
34969 1
34970 3
34971 0
34972 0
34973 4
34974 0
34975 3
34976 3
34977 4
34978 1
34979 5
34980 3
34981 3
34982 3
34983 1
34984 1
34985 1
34986 3
34987 0
34988 3
34989 2
34990 2
34991 2
34992 3
34993 2
34994 0
34995 0
34996 3
34997 1
34998 0
34999 1
35000 3
35001 4
35002 0
35003 1
35004 1
35005 4
35006 3
35007 3
35008 4
35009 1
35010 0
35011 0
35012 2
35013 4
35014 3
35015 3
35016 1
35017 0
35018 0
35019 0
35020 4
35021 4
35022 0
35023 3
35024 3
35025 3
35026 0
35027 4
35028 2
35029 2
35030 0
35031 3
35032 4
35033 3
35034 0
35035 3
35036 4
35037 4
35038 1
35039 1
35040 2
35041 1
35042 1
35043 0
35044 2
35045 0
35046 3
35047 3
35048 2
35049 4
35050 3
35051 1
35052 2
35053 2
35054 2
35055 2
35056 2
35057 4
35058 3
35059 3
35060 3
35061 0
35062 4
35063 2
35064 4
35065 1
35066 3
35067 0
35068 3
35069 0
35070 3
35071 1
35072 0
35073 3
35074 1
35075 3
35076 4
35077 2
35078 2
35079 1
35080 0
35081 0
35082 3
35083 2
35084 2
35085 2
35086 4
35087 2
35088 0
35089 4
35090 2
35091 1
35092 2
35093 2
35094 2
35095 0
35096 1
35097 1
35098 3
35099 1
35100 3
35101 3
35102 0
35103 3
35104 2
35105 1
35106 3
35107 1
35108 3
35109 0
35110 4
35111 3
35112 2
35113 3
35114 0
35115 3
35116 2
35117 4
35118 3
35119 3
35120 0
35121 1
35122 1
35123 3
35124 4
35125 2
35126 1
35127 2
35128 3
35129 1
35130 0
35131 4
35132 0
35133 3
35134 0
35135 1
35136 1
35137 3
35138 0
35139 0
35140 0
35141 2
35142 2
35143 4
35144 2
35145 0
35146 2
35147 3
35148 2
35149 2
35150 1
35151 0
35152 2
35153 1
35154 3
35155 1
35156 3
35157 0
35158 2
35159 0
35160 1
35161 3
35162 1
35163 4
35164 3
35165 0
35166 1
35167 0
35168 1
35169 2
35170 0
35171 1
35172 1
35173 3
35174 4
35175 1
35176 0
35177 1
35178 2
35179 4
35180 0
35181 0
35182 2
35183 2
35184 1
35185 2
35186 1
35187 0
35188 1
35189 0
35190 2
35191 1
35192 0
35193 4
35194 3
35195 2
35196 0
35197 2
35198 3
35199 2
35200 2
35201 0
35202 1
35203 4
35204 0
35205 4
35206 0
35207 2
35208 3
35209 0
35210 0
35211 1
35212 2
35213 2
35214 1
35215 2
35216 4
35217 1
35218 0
35219 2
35220 4
35221 3
35222 1
35223 1
35224 3
35225 0
35226 2
35227 2
35228 3
35229 3
35230 0
35231 2
35232 0
35233 0
35234 2
35235 4
35236 1
35237 1
35238 2
35239 0
35240 2
35241 1
35242 2
35243 2
35244 2
35245 2
35246 0
35247 4
35248 0
35249 3
35250 0
35251 3
35252 2
35253 3
35254 1
35255 0
35256 1
35257 0
35258 5
35259 2
35260 2
35261 3
35262 1
35263 3
35264 1
35265 0
35266 1
35267 0
35268 0
35269 2
35270 0
35271 0
35272 4
35273 0
35274 2
35275 3
35276 2
35277 3
35278 0
35279 2
35280 2
35281 0
35282 1
35283 2
35284 0
35285 1
35286 1
35287 2
35288 3
35289 2
35290 2
35291 2
35292 3
35293 3
35294 2
35295 2
35296 3
35297 1
35298 0
35299 1
35300 2
35301 0
35302 0
35303 3
35304 0
35305 0
35306 0
35307 0
35308 3
35309 3
35310 2
35311 4
35312 4
35313 3
35314 2
35315 3
35316 3
35317 2
35318 3
35319 1
35320 1
35321 4
35322 2
35323 1
35324 0
35325 3
35326 2
35327 2
35328 4
35329 1
35330 3
35331 2
35332 0
35333 3
35334 4
35335 0
35336 3
35337 2
35338 3
35339 4
35340 1
35341 0
35342 1
35343 1
35344 1
35345 0
35346 0
35347 0
35348 3
35349 3
35350 2
35351 4
35352 4
35353 1
35354 3
35355 1
35356 5
35357 1
35358 0
35359 2
35360 1
35361 1
35362 0
35363 0
35364 2
35365 4
35366 1
35367 3
35368 3
35369 3
35370 0
35371 3
35372 2
35373 4
35374 2
35375 0
35376 2
35377 2
35378 5
35379 3
35380 4
35381 3
35382 2
35383 0
35384 1
35385 1
35386 3
35387 1
35388 0
35389 3
35390 1
35391 1
35392 1
35393 4
35394 0
35395 1
35396 1
35397 2
35398 1
35399 2
35400 0
35401 0
35402 1
35403 2
35404 0
35405 4
35406 2
35407 3
35408 3
35409 4
35410 3
35411 4
35412 2
35413 3
35414 1
35415 0
35416 1
35417 4
35418 3
35419 3
35420 3
35421 3
35422 1
35423 2
35424 0
35425 2
35426 0
35427 3
35428 1
35429 3
35430 5
35431 2
35432 0
35433 1
35434 4
35435 0
35436 1
35437 0
35438 0
35439 3
35440 0
35441 1
35442 2
35443 2
35444 2
35445 3
35446 3
35447 3
35448 2
35449 0
35450 3
35451 1
35452 4
35453 3
35454 1
35455 1
35456 2
35457 0
35458 2
35459 3
35460 1
35461 2
35462 2
35463 1
35464 1
35465 2
35466 2
35467 4
35468 2
35469 1
35470 0
35471 2
35472 4
35473 2
35474 2
35475 0
35476 1
35477 3
35478 1
35479 2
35480 0
35481 2
35482 3
35483 2
35484 4
35485 0
35486 2
35487 3
35488 3
35489 0
35490 2
35491 1
35492 4
35493 2
35494 1
35495 2
35496 1
35497 2
35498 2
35499 3
35500 2
35501 2
35502 2
35503 3
35504 0
35505 2
35506 0
35507 2
35508 4
35509 2
35510 3
35511 3
35512 0
35513 2
35514 0
35515 3
35516 2
35517 3
35518 4
35519 1
35520 0
35521 0
35522 1
35523 2
35524 3
35525 3
35526 3
35527 1
35528 4
35529 2
35530 3
35531 3
35532 0
35533 1
35534 1
35535 4
35536 1
35537 5
35538 2
35539 1
35540 1
35541 2
35542 4
35543 3
35544 2
35545 1
35546 3
35547 2
35548 1
35549 0
35550 1
35551 1
35552 1
35553 0
35554 1
35555 3
35556 0
35557 2
35558 1
35559 2
35560 2
35561 2
35562 0
35563 0
35564 3
35565 3
35566 3
35567 4
35568 4
35569 4
35570 1
35571 2
35572 0
35573 1
35574 1
35575 3
35576 1
35577 0
35578 2
35579 3
35580 0
35581 1
35582 2
35583 1
35584 0
35585 3
35586 2
35587 0
35588 3
35589 1
35590 1
35591 3
35592 0
35593 1
35594 0
35595 3
35596 0
35597 2
35598 2
35599 2
35600 2
35601 1
35602 2
35603 2
35604 2
35605 0
35606 1
35607 3
35608 3
35609 0
35610 1
35611 2
35612 3
35613 4
35614 2
35615 0
35616 1
35617 1
35618 2
35619 1
35620 4
35621 4
35622 1
35623 4
35624 2
35625 1
35626 4
35627 1
35628 3
35629 1
35630 3
35631 0
35632 2
35633 1
35634 2
35635 1
35636 0
35637 0
35638 3
35639 3
35640 1
35641 0
35642 1
35643 2
35644 1
35645 4
35646 1
35647 4
35648 2
35649 3
35650 3
35651 1
35652 3
35653 1
35654 2
35655 1
35656 1
35657 2
35658 2
35659 0
35660 2
35661 0
35662 1
35663 2
35664 0
35665 0
35666 1
35667 3
35668 0
35669 2
35670 3
35671 0
35672 2
35673 1
35674 1
35675 3
35676 1
35677 1
35678 2
35679 4
35680 4
35681 2
35682 3
35683 3
35684 1
35685 1
35686 2
35687 4
35688 4
35689 2
35690 3
35691 2
35692 1
35693 3
35694 3
35695 4
35696 2
35697 1
35698 2
35699 2
35700 0
35701 4
35702 3
35703 1
35704 1
35705 3
35706 3
35707 0
35708 1
35709 2
35710 0
35711 0
35712 0
35713 4
35714 5
35715 1
35716 4
35717 1
35718 0
35719 0
35720 0
35721 2
35722 4
35723 3
35724 3
35725 4
35726 1
35727 0
35728 2
35729 0
35730 1
35731 0
35732 2
35733 0
35734 4
35735 4
35736 0
35737 2
35738 4
35739 2
35740 2
35741 1
35742 0
35743 1
35744 4
35745 1
35746 3
35747 3
35748 0
35749 2
35750 3
35751 1
35752 2
35753 1
35754 2
35755 1
35756 3
35757 2
35758 2
35759 2
35760 0
35761 2
35762 2
35763 2
35764 1
35765 2
35766 0
35767 1
35768 2
35769 3
35770 2
35771 2
35772 0
35773 3
35774 4
35775 2
35776 1
35777 4
35778 4
35779 2
35780 1
35781 3
35782 0
35783 1
35784 4
35785 2
35786 4
35787 2
35788 0
35789 3
35790 3
35791 4
35792 5
35793 4
35794 1
35795 4
35796 1
35797 0
35798 0
35799 2
35800 0
35801 1
35802 4
35803 2
35804 4
35805 1
35806 3
35807 4
35808 3
35809 2
35810 2
35811 0
35812 3
35813 1
35814 1
35815 0
35816 0
35817 1
35818 0
35819 3
35820 1
35821 1
35822 1
35823 2
35824 1
35825 0
35826 3
35827 4
35828 2
35829 2
35830 1
35831 3
35832 2
35833 3
35834 4
35835 2
35836 1
35837 3
35838 2
35839 3
35840 3
35841 3
35842 2
35843 0
35844 2
35845 2
35846 1
35847 1
35848 1
35849 3
35850 1
35851 3
35852 0
35853 1
35854 1
35855 3
35856 0
35857 0
35858 3
35859 2
35860 2
35861 1
35862 0
35863 2
35864 1
35865 0
35866 0
35867 1
35868 3
35869 3
35870 1
35871 3
35872 2
35873 1
35874 0
35875 2
35876 0
35877 2
35878 0
35879 0
35880 2
35881 4
35882 4
35883 2
35884 1
35885 3
35886 0
35887 4
35888 2
35889 1
35890 0
35891 2
35892 1
35893 0
35894 1
35895 1
35896 3
35897 0
35898 0
35899 0
35900 2
35901 2
35902 1
35903 3
35904 1
35905 2
35906 1
35907 0
35908 0
35909 3
35910 1
35911 3
35912 4
35913 3
35914 5
35915 1
35916 3
35917 5
35918 4
35919 3
35920 1
35921 2
35922 0
35923 1
35924 0
35925 2
35926 0
35927 1
35928 0
35929 1
35930 0
35931 4
35932 0
35933 3
35934 2
35935 5
35936 2
35937 0
35938 4
35939 3
35940 2
35941 4
35942 0
35943 2
35944 1
35945 3
35946 3
35947 1
35948 1
35949 3
35950 4
35951 1
35952 3
35953 0
35954 1
35955 1
35956 3
35957 1
35958 0
35959 3
35960 0
35961 1
35962 0
35963 1
35964 0
35965 4
35966 2
35967 1
35968 1
35969 1
35970 4
35971 2
35972 3
35973 5
35974 4
35975 3
35976 3
35977 3
35978 0
35979 2
35980 2
35981 0
35982 2
35983 1
35984 1
35985 0
35986 3
35987 0
35988 1
35989 1
35990 1
35991 2
35992 0
35993 1
35994 4
35995 3
35996 3
35997 4
35998 1
35999 3
36000 3
36001 1
36002 2
36003 2
36004 0
36005 2
36006 1
36007 4
36008 2
36009 3
36010 0
36011 1
36012 2
36013 1
36014 0
36015 2
36016 2
36017 2
36018 2
36019 3
36020 2
36021 2
36022 1
36023 2
36024 3
36025 0
36026 2
36027 3
36028 3
36029 0
36030 3
36031 1
36032 3
36033 3
36034 1
36035 3
36036 0
36037 0
36038 0
36039 2
36040 3
36041 2
36042 2
36043 2
36044 2
36045 1
36046 2
36047 0
36048 0
36049 0
36050 2
36051 4
36052 4
36053 3
36054 3
36055 1
36056 1
36057 1
36058 3
36059 3
36060 0
36061 3
36062 2
36063 1
36064 2
36065 1
36066 1
36067 3
36068 1
36069 3
36070 3
36071 4
36072 3
36073 4
36074 4
36075 0
36076 3
36077 4
36078 1
36079 3
36080 1
36081 1
36082 1
36083 0
36084 3
36085 4
36086 0
36087 0
36088 4
36089 0
36090 2
36091 0
36092 4
36093 2
36094 3
36095 3
36096 3
36097 3
36098 1
36099 1
36100 3
36101 1
36102 0
36103 0
36104 3
36105 2
36106 3
36107 0
36108 2
36109 1
36110 2
36111 0
36112 0
36113 4
36114 2
36115 1
36116 0
36117 1
36118 3
36119 1
36120 1
36121 1
36122 4
36123 1
36124 3
36125 4
36126 2
36127 3
36128 2
36129 3
36130 1
36131 3
36132 2
36133 0
36134 3
36135 1
36136 1
36137 2
36138 3
36139 1
36140 1
36141 1
36142 0
36143 3
36144 5
36145 2
36146 3
36147 2
36148 0
36149 2
36150 3
36151 1
36152 4
36153 3
36154 4
36155 2
36156 1
36157 3
36158 2
36159 0
36160 2
36161 4
36162 1
36163 3
36164 5
36165 0
36166 0
36167 3
36168 1
36169 1
36170 0
36171 3
36172 1
36173 1
36174 4
36175 3
36176 1
36177 0
36178 4
36179 2
36180 3
36181 2
36182 4
36183 0
36184 2
36185 3
36186 1
36187 2
36188 0
36189 3
36190 1
36191 3
36192 1
36193 3
36194 1
36195 2
36196 3
36197 3
36198 0
36199 4
36200 3
36201 2
36202 2
36203 0
36204 3
36205 1
36206 3
36207 3
36208 2
36209 1
36210 3
36211 4
36212 1
36213 1
36214 1
36215 3
36216 3
36217 0
36218 2
36219 1
36220 4
36221 3
36222 0
36223 2
36224 2
36225 3
36226 3
36227 1
36228 2
36229 3
36230 1
36231 1
36232 3
36233 2
36234 2
36235 1
36236 2
36237 1
36238 3
36239 3
36240 1
36241 3
36242 2
36243 0
36244 4
36245 3
36246 0
36247 3
36248 1
36249 4
36250 2
36251 4
36252 3
36253 2
36254 0
36255 2
36256 3
36257 2
36258 3
36259 0
36260 3
36261 0
36262 1
36263 1
36264 1
36265 1
36266 4
36267 1
36268 1
36269 3
36270 2
36271 2
36272 0
36273 4
36274 1
36275 2
36276 3
36277 3
36278 0
36279 2
36280 2
36281 4
36282 2
36283 1
36284 1
36285 2
36286 2
36287 2
36288 1
36289 3
36290 0
36291 2
36292 4
36293 2
36294 2
36295 2
36296 3
36297 3
36298 0
36299 2
36300 2
36301 0
36302 1
36303 2
36304 2
36305 2
36306 0
36307 1
36308 2
36309 2
36310 2
36311 4
36312 3
36313 3
36314 3
36315 3
36316 1
36317 1
36318 0
36319 1
36320 4
36321 3
36322 2
36323 0
36324 1
36325 1
36326 3
36327 2
36328 1
36329 5
36330 0
36331 3
36332 2
36333 1
36334 2
36335 3
36336 2
36337 4
36338 1
36339 2
36340 4
36341 4
36342 0
36343 4
36344 0
36345 4
36346 3
36347 2
36348 3
36349 2
36350 0
36351 4
36352 4
36353 0
36354 2
36355 1
36356 3
36357 1
36358 2
36359 3
36360 3
36361 2
36362 1
36363 3
36364 4
36365 2
36366 1
36367 3
36368 3
36369 3
36370 0
36371 1
36372 1
36373 3
36374 0
36375 4
36376 0
36377 3
36378 3
36379 2
36380 4
36381 1
36382 3
36383 1
36384 2
36385 1
36386 2
36387 3
36388 2
36389 3
36390 2
36391 0
36392 0
36393 2
36394 0
36395 0
36396 0
36397 1
36398 4
36399 1
36400 4
36401 5
36402 1
36403 0
36404 3
36405 1
36406 2
36407 4
36408 2
36409 2
36410 2
36411 1
36412 3
36413 1
36414 3
36415 0
36416 2
36417 4
36418 0
36419 1
36420 1
36421 4
36422 1
36423 2
36424 3
36425 3
36426 0
36427 1
36428 4
36429 4
36430 2
36431 0
36432 2
36433 1
36434 2
36435 1
36436 3
36437 2
36438 1
36439 1
36440 0
36441 1
36442 2
36443 0
36444 3
36445 3
36446 4
36447 2
36448 4
36449 2
36450 4
36451 1
36452 2
36453 1
36454 0
36455 4
36456 1
36457 0
36458 4
36459 0
36460 0
36461 2
36462 1
36463 3
36464 0
36465 0
36466 1
36467 0
36468 3
36469 5
36470 4
36471 1
36472 3
36473 2
36474 2
36475 1
36476 4
36477 5
36478 3
36479 1
36480 3
36481 3
36482 4
36483 2
36484 3
36485 4
36486 0
36487 3
36488 1
36489 2
36490 0
36491 1
36492 2
36493 2
36494 0
36495 0
36496 1
36497 2
36498 2
36499 3
36500 4
36501 0
36502 3
36503 2
36504 5
36505 2
36506 4
36507 0
36508 1
36509 2
36510 4
36511 4
36512 3
36513 0
36514 0
36515 4
36516 0
36517 3
36518 0
36519 1
36520 1
36521 1
36522 1
36523 1
36524 3
36525 4
36526 2
36527 1
36528 1
36529 2
36530 3
36531 3
36532 3
36533 1
36534 2
36535 1
36536 3
36537 0
36538 2
36539 2
36540 4
36541 0
36542 3
36543 2
36544 2
36545 0
36546 2
36547 1
36548 3
36549 2
36550 2
36551 2
36552 3
36553 3
36554 1
36555 1
36556 0
36557 1
36558 3
36559 0
36560 1
36561 1
36562 2
36563 2
36564 2
36565 1
36566 3
36567 0
36568 2
36569 1
36570 2
36571 0
36572 0
36573 3
36574 4
36575 2
36576 2
36577 2
36578 0
36579 0
36580 0
36581 0
36582 1
36583 0
36584 0
36585 4
36586 3
36587 1
36588 2
36589 2
36590 2
36591 1
36592 1
36593 2
36594 1
36595 3
36596 2
36597 2
36598 1
36599 4
36600 3
36601 0
36602 3
36603 1
36604 3
36605 0
36606 0
36607 3
36608 1
36609 1
36610 1
36611 3
36612 2
36613 4
36614 4
36615 0
36616 0
36617 0
36618 2
36619 2
36620 1
36621 3
36622 0
36623 3
36624 2
36625 1
36626 0
36627 0
36628 2
36629 0
36630 4
36631 2
36632 1
36633 2
36634 4
36635 3
36636 2
36637 1
36638 0
36639 0
36640 3
36641 1
36642 2
36643 1
36644 3
36645 2
36646 0
36647 2
36648 3
36649 1
36650 0
36651 2
36652 0
36653 3
36654 0
36655 2
36656 1
36657 1
36658 0
36659 4
36660 1
36661 2
36662 2
36663 3
36664 2
36665 2
36666 3
36667 4
36668 2
36669 1
36670 0
36671 4
36672 2
36673 3
36674 2
36675 3
36676 2
36677 1
36678 4
36679 3
36680 3
36681 3
36682 0
36683 3
36684 1
36685 2
36686 2
36687 3
36688 1
36689 4
36690 1
36691 0
36692 2
36693 2
36694 2
36695 3
36696 3
36697 2
36698 2
36699 1
36700 3
36701 2
36702 2
36703 2
36704 1
36705 3
36706 2
36707 3
36708 2
36709 1
36710 3
36711 0
36712 4
36713 2
36714 4
36715 1
36716 1
36717 3
36718 3
36719 1
36720 4
36721 2
36722 4
36723 3
36724 2
36725 1
36726 3
36727 2
36728 2
36729 3
36730 4
36731 2
36732 2
36733 2
36734 0
36735 4
36736 3
36737 0
36738 3
36739 3
36740 1
36741 2
36742 1
36743 2
36744 4
36745 1
36746 1
36747 2
36748 1
36749 2
36750 0
36751 1
36752 4
36753 0
36754 3
36755 1
36756 3
36757 1
36758 2
36759 1
36760 0
36761 0
36762 3
36763 4
36764 0
36765 3
36766 1
36767 2
36768 4
36769 0
36770 2
36771 0
36772 0
36773 4
36774 0
36775 2
36776 3
36777 3
36778 4
36779 1
36780 0
36781 2
36782 0
36783 1
36784 0
36785 3
36786 2
36787 2
36788 1
36789 3
36790 2
36791 1
36792 3
36793 2
36794 3
36795 3
36796 1
36797 2
36798 3
36799 2
36800 4
36801 0
36802 1
36803 2
36804 1
36805 0
36806 0
36807 5
36808 3
36809 4
36810 0
36811 0
36812 4
36813 1
36814 1
36815 1
36816 3
36817 1
36818 2
36819 4
36820 4
36821 2
36822 0
36823 1
36824 4
36825 1
36826 3
36827 1
36828 2
36829 1
36830 2
36831 1
36832 2
36833 3
36834 0
36835 2
36836 3
36837 0
36838 0
36839 0
36840 2
36841 2
36842 3
36843 2
36844 1
36845 3
36846 1
36847 4
36848 4
36849 3
36850 4
36851 1
36852 0
36853 2
36854 4
36855 0
36856 2
36857 2
36858 0
36859 2
36860 1
36861 3
36862 0
36863 2
36864 2
36865 2
36866 2
36867 3
36868 3
36869 2
36870 3
36871 2
36872 0
36873 0
36874 2
36875 0
36876 4
36877 3
36878 3
36879 2
36880 0
36881 1
36882 4
36883 1
36884 1
36885 4
36886 0
36887 3
36888 3
36889 2
36890 0
36891 3
36892 5
36893 1
36894 2
36895 3
36896 2
36897 1
36898 1
36899 1
36900 1
36901 0
36902 1
36903 3
36904 2
36905 0
36906 1
36907 3
36908 0
36909 3
36910 3
36911 1
36912 3
36913 3
36914 3
36915 4
36916 0
36917 2
36918 0
36919 3
36920 4
36921 2
36922 1
36923 1
36924 2
36925 3
36926 1
36927 1
36928 1
36929 2
36930 4
36931 2
36932 3
36933 0
36934 2
36935 3
36936 2
36937 1
36938 3
36939 4
36940 4
36941 1
36942 4
36943 4
36944 0
36945 3
36946 2
36947 3
36948 1
36949 0
36950 0
36951 2
36952 1
36953 1
36954 4
36955 0
36956 4
36957 4
36958 2
36959 2
36960 3
36961 2
36962 4
36963 3
36964 2
36965 0
36966 2
36967 3
36968 1
36969 1
36970 1
36971 0
36972 3
36973 3
36974 3
36975 0
36976 0
36977 3
36978 1
36979 0
36980 0
36981 3
36982 1
36983 3
36984 2
36985 0
36986 3
36987 0
36988 1
36989 3
36990 1
36991 0
36992 4
36993 1
36994 2
36995 0
36996 1
36997 4
36998 2
36999 0
37000 1
37001 4
37002 0
37003 3
37004 0
37005 2
37006 1
37007 1
37008 3
37009 1
37010 3
37011 2
37012 2
37013 3
37014 2
37015 0
37016 1
37017 1
37018 1
37019 2
37020 0
37021 4
37022 2
37023 3
37024 0
37025 3
37026 2
37027 4
37028 3
37029 2
37030 2
37031 0
37032 2
37033 2
37034 4
37035 0
37036 2
37037 1
37038 0
37039 0
37040 2
37041 1
37042 4
37043 3
37044 3
37045 2
37046 1
37047 3
37048 1
37049 3
37050 4
37051 1
37052 0
37053 3
37054 1
37055 2
37056 1
37057 1
37058 1
37059 2
37060 4
37061 0
37062 2
37063 3
37064 3
37065 4
37066 0
37067 4
37068 3
37069 0
37070 4
37071 1
37072 3
37073 1
37074 4
37075 1
37076 1
37077 1
37078 2
37079 1
37080 0
37081 2
37082 2
37083 3
37084 4
37085 0
37086 0
37087 2
37088 2
37089 2
37090 1
37091 2
37092 5
37093 2
37094 3
37095 4
37096 1
37097 3
37098 3
37099 2
37100 1
37101 0
37102 2
37103 2
37104 2
37105 0
37106 2
37107 1
37108 1
37109 0
37110 4
37111 1
37112 1
37113 4
37114 0
37115 3
37116 4
37117 1
37118 2
37119 3
37120 2
37121 4
37122 2
37123 0
37124 0
37125 0
37126 2
37127 3
37128 1
37129 4
37130 5
37131 4
37132 1
37133 0
37134 0
37135 3
37136 3
37137 3
37138 3
37139 3
37140 2
37141 2
37142 3
37143 0
37144 1
37145 1
37146 2
37147 4
37148 0
37149 1
37150 0
37151 2
37152 1
37153 4
37154 1
37155 2
37156 3
37157 0
37158 1
37159 0
37160 0
37161 1
37162 2
37163 1
37164 3
37165 1
37166 2
37167 1
37168 2
37169 2
37170 2
37171 0
37172 2
37173 4
37174 4
37175 3
37176 1
37177 3
37178 1
37179 0
37180 1
37181 1
37182 3
37183 4
37184 3
37185 3
37186 4
37187 4
37188 2
37189 4
37190 2
37191 2
37192 3
37193 0
37194 0
37195 1
37196 4
37197 0
37198 4
37199 2
37200 4
37201 3
37202 3
37203 3
37204 4
37205 1
37206 4
37207 0
37208 0
37209 0
37210 1
37211 3
37212 1
37213 1
37214 4
37215 1
37216 0
37217 2
37218 2
37219 2
37220 3
37221 3
37222 0
37223 3
37224 1
37225 1
37226 1
37227 1
37228 1
37229 4
37230 2
37231 0
37232 3
37233 0
37234 2
37235 2
37236 2
37237 2
37238 2
37239 3
37240 3
37241 1
37242 2
37243 4
37244 5
37245 4
37246 0
37247 2
37248 1
37249 2
37250 2
37251 3
37252 1
37253 0
37254 2
37255 3
37256 4
37257 2
37258 1
37259 2
37260 0
37261 1
37262 2
37263 1
37264 3
37265 1
37266 3
37267 2
37268 1
37269 3
37270 3
37271 2
37272 4
37273 1
37274 3
37275 1
37276 2
37277 3
37278 0
37279 3
37280 0
37281 0
37282 2
37283 4
37284 3
37285 3
37286 3
37287 4
37288 1
37289 0
37290 1
37291 1
37292 2
37293 3
37294 3
37295 4
37296 2
37297 2
37298 0
37299 2
37300 2
37301 2
37302 2
37303 2
37304 4
37305 1
37306 2
37307 4
37308 0
37309 1
37310 0
37311 2
37312 3
37313 0
37314 3
37315 1
37316 4
37317 2
37318 3
37319 0
37320 0
37321 3
37322 1
37323 3
37324 2
37325 3
37326 2
37327 4
37328 1
37329 0
37330 3
37331 3
37332 2
37333 2
37334 4
37335 3
37336 3
37337 3
37338 1
37339 3
37340 0
37341 4
37342 4
37343 1
37344 0
37345 1
37346 3
37347 2
37348 1
37349 1
37350 2
37351 0
37352 0
37353 0
37354 4
37355 1
37356 2
37357 1
37358 2
37359 2
37360 1
37361 1
37362 3
37363 1
37364 1
37365 0
37366 3
37367 1
37368 2
37369 0
37370 2
37371 3
37372 4
37373 2
37374 2
37375 3
37376 4
37377 1
37378 3
37379 4
37380 0
37381 2
37382 1
37383 1
37384 3
37385 2
37386 1
37387 3
37388 2
37389 2
37390 1
37391 0
37392 1
37393 4
37394 1
37395 0
37396 3
37397 2
37398 3
37399 3
37400 2
37401 3
37402 3
37403 3
37404 1
37405 1
37406 0
37407 3
37408 1
37409 1
37410 2
37411 0
37412 3
37413 3
37414 3
37415 1
37416 2
37417 3
37418 2
37419 2
37420 0
37421 1
37422 0
37423 1
37424 3
37425 2
37426 3
37427 4
37428 3
37429 2
37430 3
37431 0
37432 3
37433 3
37434 2
37435 5
37436 2
37437 1
37438 1
37439 2
37440 3
37441 3
37442 3
37443 2
37444 1
37445 2
37446 3
37447 2
37448 0
37449 2
37450 3
37451 1
37452 3
37453 1
37454 0
37455 2
37456 1
37457 1
37458 1
37459 2
37460 0
37461 2
37462 2
37463 3
37464 2
37465 4
37466 2
37467 1
37468 0
37469 2
37470 2
37471 0
37472 4
37473 3
37474 2
37475 1
37476 1
37477 0
37478 4
37479 4
37480 3
37481 2
37482 2
37483 0
37484 0
37485 2
37486 3
37487 0
37488 0
37489 2
37490 2
37491 0
37492 3
37493 1
37494 1
37495 2
37496 3
37497 5
37498 4
37499 0
37500 1
37501 2
37502 4
37503 1
37504 4
37505 4
37506 4
37507 3
37508 3
37509 1
37510 3
37511 1
37512 2
37513 1
37514 4
37515 2
37516 0
37517 2
37518 1
37519 3
37520 2
37521 1
37522 0
37523 3
37524 3
37525 2
37526 0
37527 3
37528 3
37529 2
37530 4
37531 3
37532 5
37533 5
37534 3
37535 2
37536 2
37537 2
37538 2
37539 1
37540 0
37541 0
37542 4
37543 0
37544 1
37545 4
37546 4
37547 3
37548 0
37549 0
37550 4
37551 0
37552 1
37553 1
37554 1
37555 1
37556 1
37557 2
37558 0
37559 3
37560 0
37561 3
37562 0
37563 1
37564 0
37565 2
37566 1
37567 3
37568 3
37569 1
37570 2
37571 2
37572 0
37573 2
37574 3
37575 4
37576 3
37577 1
37578 3
37579 0
37580 0
37581 3
37582 1
37583 4
37584 3
37585 4
37586 2
37587 1
37588 3
37589 3
37590 0
37591 0
37592 2
37593 3
37594 2
37595 3
37596 2
37597 3
37598 2
37599 3
37600 2
37601 0
37602 4
37603 1
37604 1
37605 1
37606 0
37607 3
37608 2
37609 2
37610 1
37611 0
37612 0
37613 3
37614 4
37615 1
37616 1
37617 4
37618 1
37619 1
37620 0
37621 2
37622 0
37623 3
37624 2
37625 1
37626 2
37627 3
37628 3
37629 1
37630 3
37631 0
37632 0
37633 1
37634 3
37635 1
37636 3
37637 4
37638 1
37639 1
37640 0
37641 0
37642 2
37643 2
37644 1
37645 0
37646 2
37647 2
37648 3
37649 3
37650 0
37651 3
37652 3
37653 0
37654 1
37655 3
37656 0
37657 3
37658 3
37659 3
37660 3
37661 3
37662 1
37663 4
37664 1
37665 2
37666 1
37667 1
37668 2
37669 0
37670 1
37671 1
37672 3
37673 0
37674 4
37675 2
37676 0
37677 3
37678 1
37679 2
37680 5
37681 0
37682 4
37683 3
37684 3
37685 3
37686 2
37687 2
37688 1
37689 2
37690 2
37691 3
37692 3
37693 2
37694 1
37695 2
37696 3
37697 4
37698 3
37699 3
37700 1
37701 1
37702 3
37703 3
37704 4
37705 2
37706 1
37707 2
37708 4
37709 3
37710 3
37711 2
37712 3
37713 0
37714 4
37715 2
37716 4
37717 2
37718 2
37719 3
37720 3
37721 2
37722 2
37723 4
37724 4
37725 2
37726 2
37727 4
37728 4
37729 3
37730 4
37731 1
37732 3
37733 1
37734 0
37735 3
37736 2
37737 3
37738 1
37739 4
37740 2
37741 2
37742 2
37743 3
37744 0
37745 1
37746 0
37747 3
37748 2
37749 2
37750 2
37751 0
37752 0
37753 3
37754 2
37755 3
37756 2
37757 4
37758 0
37759 4
37760 2
37761 0
37762 4
37763 3
37764 2
37765 3
37766 4
37767 2
37768 0
37769 0
37770 3
37771 4
37772 2
37773 4
37774 1
37775 2
37776 4
37777 3
37778 2
37779 2
37780 0
37781 1
37782 3
37783 2
37784 1
37785 3
37786 4
37787 3
37788 3
37789 4
37790 1
37791 2
37792 1
37793 1
37794 4
37795 3
37796 1
37797 3
37798 2
37799 2
37800 0
37801 3
37802 3
37803 2
37804 4
37805 0
37806 3
37807 1
37808 2
37809 4
37810 1
37811 0
37812 3
37813 1
37814 1
37815 2
37816 1
37817 2
37818 3
37819 1
37820 3
37821 2
37822 3
37823 0
37824 3
37825 2
37826 2
37827 2
37828 2
37829 4
37830 3
37831 0
37832 3
37833 0
37834 1
37835 1
37836 2
37837 4
37838 2
37839 0
37840 2
37841 4
37842 2
37843 1
37844 0
37845 3
37846 2
37847 2
37848 1
37849 2
37850 4
37851 3
37852 0
37853 3
37854 4
37855 2
37856 2
37857 1
37858 1
37859 2
37860 1
37861 0
37862 1
37863 2
37864 1
37865 1
37866 3
37867 3
37868 4
37869 4
37870 1
37871 1
37872 1
37873 1
37874 1
37875 2
37876 3
37877 2
37878 2
37879 4
37880 1
37881 1
37882 0
37883 4
37884 1
37885 0
37886 2
37887 3
37888 4
37889 4
37890 4
37891 3
37892 3
37893 2
37894 2
37895 1
37896 2
37897 4
37898 3
37899 3
37900 3
37901 1
37902 1
37903 2
37904 1
37905 1
37906 0
37907 0
37908 1
37909 4
37910 3
37911 2
37912 3
37913 0
37914 3
37915 1
37916 3
37917 2
37918 3
37919 1
37920 3
37921 4
37922 3
37923 4
37924 2
37925 3
37926 3
37927 2
37928 1
37929 2
37930 0
37931 3
37932 1
37933 4
37934 2
37935 1
37936 4
37937 2
37938 1
37939 0
37940 1
37941 2
37942 1
37943 1
37944 0
37945 3
37946 2
37947 4
37948 2
37949 2
37950 0
37951 2
37952 2
37953 0
37954 2
37955 0
37956 3
37957 2
37958 0
37959 3
37960 0
37961 2
37962 0
37963 3
37964 1
37965 4
37966 2
37967 3
37968 2
37969 1
37970 4
37971 1
37972 2
37973 0
37974 4
37975 2
37976 2
37977 1
37978 2
37979 3
37980 0
37981 0
37982 2
37983 3
37984 4
37985 2
37986 2
37987 2
37988 1
37989 0
37990 0
37991 2
37992 0
37993 3
37994 3
37995 0
37996 4
37997 3
37998 2
37999 4
38000 2
38001 4
38002 1
38003 3
38004 2
38005 2
38006 3
38007 2
38008 4
38009 3
38010 1
38011 1
38012 0
38013 3
38014 2
38015 0
38016 1
38017 4
38018 2
38019 0
38020 3
38021 2
38022 2
38023 0
38024 3
38025 2
38026 0
38027 1
38028 3
38029 2
38030 3
38031 4
38032 3
38033 3
38034 3
38035 3
38036 4
38037 0
38038 1
38039 2
38040 4
38041 1
38042 4
38043 1
38044 4
38045 5
38046 1
38047 1
38048 4
38049 2
38050 0
38051 2
38052 4
38053 2
38054 1
38055 0
38056 0
38057 1
38058 1
38059 3
38060 0
38061 3
38062 3
38063 1
38064 0
38065 0
38066 3
38067 2
38068 1
38069 3
38070 3
38071 4
38072 2
38073 1
38074 3
38075 1
38076 0
38077 1
38078 3
38079 2
38080 3
38081 0
38082 1
38083 2
38084 2
38085 3
38086 2
38087 1
38088 2
38089 2
38090 1
38091 1
38092 4
38093 2
38094 2
38095 2
38096 3
38097 3
38098 1
38099 0
38100 0
38101 2
38102 2
38103 3
38104 3
38105 4
38106 0
38107 1
38108 1
38109 4
38110 3
38111 2
38112 1
38113 3
38114 3
38115 2
38116 4
38117 2
38118 0
38119 2
38120 0
38121 3
38122 4
38123 3
38124 1
38125 2
38126 2
38127 0
38128 0
38129 0
38130 1
38131 2
38132 0
38133 0
38134 2
38135 4
38136 0
38137 0
38138 1
38139 2
38140 1
38141 2
38142 3
38143 0
38144 4
38145 3
38146 4
38147 1
38148 1
38149 3
38150 3
38151 0
38152 3
38153 3
38154 1
38155 0
38156 4
38157 0
38158 0
38159 2
38160 2
38161 1
38162 4
38163 0
38164 0
38165 1
38166 3
38167 0
38168 1
38169 4
38170 3
38171 1
38172 2
38173 0
38174 3
38175 2
38176 3
38177 3
38178 1
38179 0
38180 3
38181 2
38182 4
38183 0
38184 3
38185 0
38186 5
38187 3
38188 2
38189 0
38190 0
38191 3
38192 3
38193 0
38194 3
38195 2
38196 2
38197 3
38198 4
38199 3
38200 3
38201 2
38202 0
38203 4
38204 2
38205 2
38206 3
38207 4
38208 2
38209 0
38210 2
38211 3
38212 2
38213 1
38214 1
38215 0
38216 0
38217 3
38218 3
38219 3
38220 2
38221 3
38222 2
38223 1
38224 3
38225 1
38226 5
38227 2
38228 1
38229 2
38230 2
38231 3
38232 3
38233 1
38234 1
38235 2
38236 2
38237 2
38238 0
38239 1
38240 1
38241 2
38242 2
38243 2
38244 3
38245 3
38246 2
38247 1
38248 2
38249 2
38250 4
38251 2
38252 1
38253 3
38254 2
38255 1
38256 2
38257 0
38258 0
38259 1
38260 2
38261 3
38262 0
38263 1
38264 0
38265 0
38266 3
38267 3
38268 1
38269 2
38270 1
38271 2
38272 3
38273 4
38274 1
38275 3
38276 0
38277 4
38278 1
38279 2
38280 4
38281 0
38282 3
38283 4
38284 2
38285 1
38286 0
38287 0
38288 0
38289 0
38290 3
38291 4
38292 4
38293 3
38294 3
38295 2
38296 0
38297 2
38298 2
38299 3
38300 3
38301 0
38302 5
38303 2
38304 3
38305 3
38306 2
38307 5
38308 3
38309 5
38310 1
38311 2
38312 1
38313 1
38314 0
38315 3
38316 2
38317 3
38318 3
38319 1
38320 0
38321 2
38322 3
38323 1
38324 4
38325 0
38326 0
38327 3
38328 4
38329 4
38330 3
38331 0
38332 1
38333 2
38334 3
38335 2
38336 3
38337 1
38338 0
38339 1
38340 2
38341 4
38342 2
38343 4
38344 0
38345 0
38346 3
38347 3
38348 2
38349 3
38350 1
38351 3
38352 3
38353 4
38354 2
38355 0
38356 4
38357 3
38358 4
38359 3
38360 1
38361 0
38362 2
38363 5
38364 2
38365 3
38366 1
38367 3
38368 0
38369 4
38370 3
38371 2
38372 0
38373 0
38374 2
38375 4
38376 3
38377 0
38378 4
38379 2
38380 1
38381 0
38382 3
38383 0
38384 0
38385 3
38386 1
38387 4
38388 0
38389 3
38390 2
38391 1
38392 0
38393 2
38394 4
38395 1
38396 0
38397 3
38398 1
38399 0
38400 2
38401 0
38402 0
38403 2
38404 0
38405 2
38406 0
38407 0
38408 1
38409 4
38410 1
38411 3
38412 2
38413 4
38414 2
38415 3
38416 3
38417 1
38418 2
38419 3
38420 0
38421 2
38422 1
38423 1
38424 0
38425 1
38426 3
38427 4
38428 1
38429 2
38430 3
38431 5
38432 3
38433 0
38434 4
38435 3
38436 1
38437 0
38438 2
38439 0
38440 4
38441 2
38442 2
38443 1
38444 1
38445 4
38446 2
38447 1
38448 0
38449 3
38450 2
38451 0
38452 0
38453 0
38454 0
38455 0
38456 3
38457 3
38458 4
38459 3
38460 0
38461 3
38462 1
38463 2
38464 2
38465 1
38466 1
38467 3
38468 1
38469 4
38470 3
38471 1
38472 1
38473 2
38474 2
38475 2
38476 0
38477 3
38478 0
38479 2
38480 2
38481 3
38482 2
38483 2
38484 3
38485 1
38486 0
38487 3
38488 0
38489 1
38490 0
38491 2
38492 3
38493 2
38494 4
38495 2
38496 1
38497 1
38498 2
38499 1
38500 4
38501 4
38502 2
38503 3
38504 1
38505 1
38506 4
38507 0
38508 2
38509 4
38510 3
38511 4
38512 2
38513 2
38514 5
38515 2
38516 1
38517 1
38518 1
38519 3
38520 1
38521 2
38522 1
38523 2
38524 3
38525 3
38526 2
38527 1
38528 4
38529 0
38530 4
38531 3
38532 3
38533 2
38534 1
38535 2
38536 1
38537 1
38538 5
38539 2
38540 3
38541 3
38542 2
38543 3
38544 4
38545 3
38546 1
38547 1
38548 2
38549 1
38550 2
38551 1
38552 1
38553 3
38554 0
38555 1
38556 1
38557 1
38558 3
38559 0
38560 3
38561 1
38562 0
38563 0
38564 0
38565 0
38566 4
38567 1
38568 3
38569 4
38570 0
38571 2
38572 1
38573 2
38574 2
38575 4
38576 1
38577 0
38578 1
38579 3
38580 3
38581 4
38582 1
38583 0
38584 1
38585 0
38586 0
38587 0
38588 3
38589 2
38590 3
38591 3
38592 2
38593 3
38594 4
38595 1
38596 1
38597 2
38598 3
38599 3
38600 3
38601 3
38602 3
38603 0
38604 2
38605 2
38606 3
38607 3
38608 2
38609 3
38610 2
38611 2
38612 2
38613 1
38614 0
38615 2
38616 4
38617 0
38618 2
38619 0
38620 3
38621 1
38622 1
38623 1
38624 2
38625 4
38626 0
38627 0
38628 0
38629 4
38630 4
38631 3
38632 3
38633 2
38634 4
38635 0
38636 1
38637 2
38638 2
38639 1
38640 3
38641 0
38642 0
38643 3
38644 3
38645 3
38646 3
38647 1
38648 0
38649 0
38650 1
38651 3
38652 2
38653 1
38654 0
38655 4
38656 5
38657 0
38658 4
38659 4
38660 2
38661 3
38662 0
38663 2
38664 3
38665 4
38666 4
38667 0
38668 4
38669 3
38670 5
38671 1
38672 2
38673 1
38674 1
38675 4
38676 4
38677 2
38678 3
38679 3
38680 2
38681 3
38682 0
38683 3
38684 2
38685 1
38686 3
38687 0
38688 3
38689 4
38690 2
38691 0
38692 3
38693 2
38694 1
38695 2
38696 4
38697 3
38698 4
38699 3
38700 3
38701 2
38702 3
38703 3
38704 1
38705 3
38706 0
38707 2
38708 3
38709 1
38710 2
38711 2
38712 2
38713 0
38714 2
38715 3
38716 2
38717 4
38718 2
38719 2
38720 0
38721 1
38722 4
38723 2
38724 3
38725 0
38726 0
38727 4
38728 0
38729 0
38730 3
38731 1
38732 2
38733 0
38734 3
38735 1
38736 2
38737 4
38738 0
38739 1
38740 0
38741 2
38742 4
38743 2
38744 2
38745 1
38746 1
38747 0
38748 0
38749 1
38750 1
38751 4
38752 3
38753 4
38754 3
38755 1
38756 1
38757 2
38758 3
38759 5
38760 0
38761 2
38762 4
38763 3
38764 0
38765 1
38766 2
38767 1
38768 0
38769 3
38770 1
38771 3
38772 2
38773 0
38774 1
38775 2
38776 4
38777 2
38778 3
38779 2
38780 1
38781 0
38782 2
38783 1
38784 3
38785 3
38786 0
38787 0
38788 2
38789 2
38790 4
38791 3
38792 2
38793 0
38794 1
38795 1
38796 1
38797 0
38798 1
38799 0
38800 1
38801 2
38802 0
38803 1
38804 2
38805 2
38806 0
38807 4
38808 3
38809 1
38810 3
38811 3
38812 0
38813 1
38814 1
38815 2
38816 1
38817 5
38818 0
38819 0
38820 4
38821 0
38822 1
38823 3
38824 2
38825 3
38826 0
38827 3
38828 4
38829 3
38830 2
38831 4
38832 3
38833 3
38834 2
38835 1
38836 3
38837 2
38838 1
38839 5
38840 1
38841 3
38842 0
38843 3
38844 5
38845 1
38846 3
38847 1
38848 0
38849 0
38850 4
38851 3
38852 3
38853 0
38854 0
38855 3
38856 4
38857 2
38858 1
38859 3
38860 1
38861 2
38862 3
38863 0
38864 3
38865 1
38866 3
38867 4
38868 4
38869 2
38870 3
38871 5
38872 3
38873 4
38874 4
38875 0
38876 2
38877 1
38878 1
38879 4
38880 2
38881 4
38882 3
38883 1
38884 3
38885 2
38886 3
38887 2
38888 1
38889 0
38890 2
38891 0
38892 3
38893 0
38894 1
38895 3
38896 0
38897 4
38898 2
38899 5
38900 3
38901 0
38902 2
38903 3
38904 3
38905 1
38906 2
38907 3
38908 3
38909 2
38910 4
38911 0
38912 0
38913 1
38914 4
38915 1
38916 0
38917 4
38918 2
38919 3
38920 1
38921 3
38922 2
38923 2
38924 2
38925 4
38926 3
38927 0
38928 2
38929 2
38930 1
38931 3
38932 3
38933 4
38934 2
38935 0
38936 1
38937 0
38938 2
38939 0
38940 3
38941 1
38942 2
38943 2
38944 2
38945 2
38946 2
38947 3
38948 2
38949 4
38950 3
38951 4
38952 3
38953 2
38954 4
38955 3
38956 1
38957 0
38958 1
38959 0
38960 3
38961 0
38962 3
38963 0
38964 0
38965 1
38966 3
38967 2
38968 0
38969 4
38970 4
38971 3
38972 0
38973 2
38974 1
38975 0
38976 2
38977 0
38978 1
38979 0
38980 3
38981 3
38982 3
38983 3
38984 4
38985 0
38986 3
38987 3
38988 1
38989 2
38990 2
38991 2
38992 3
38993 4
38994 3
38995 1
38996 2
38997 4
38998 3
38999 2
39000 2
39001 5
39002 2
39003 2
39004 2
39005 4
39006 1
39007 0
39008 2
39009 3
39010 4
39011 2
39012 0
39013 4
39014 2
39015 1
39016 2
39017 4
39018 3
39019 4
39020 2
39021 2
39022 4
39023 4
39024 3
39025 1
39026 3
39027 3
39028 0
39029 4
39030 2
39031 2
39032 0
39033 3
39034 3
39035 1
39036 2
39037 2
39038 2
39039 2
39040 0
39041 0
39042 0
39043 1
39044 1
39045 4
39046 0
39047 3
39048 1
39049 2
39050 1
39051 5
39052 0
39053 1
39054 2
39055 3
39056 1
39057 3
39058 3
39059 3
39060 0
39061 2
39062 1
39063 3
39064 4
39065 1
39066 2
39067 2
39068 4
39069 4
39070 0
39071 3
39072 2
39073 1
39074 4
39075 2
39076 1
39077 0
39078 1
39079 1
39080 1
39081 3
39082 1
39083 3
39084 2
39085 1
39086 3
39087 0
39088 4
39089 4
39090 2
39091 2
39092 2
39093 2
39094 4
39095 0
39096 2
39097 0
39098 1
39099 2
39100 2
39101 2
39102 1
39103 1
39104 3
39105 2
39106 2
39107 3
39108 3
39109 2
39110 1
39111 5
39112 0
39113 2
39114 1
39115 0
39116 3
39117 2
39118 2
39119 0
39120 2
39121 2
39122 2
39123 2
39124 4
39125 3
39126 1
39127 3
39128 1
39129 4
39130 3
39131 4
39132 4
39133 1
39134 1
39135 1
39136 3
39137 3
39138 1
39139 2
39140 4
39141 2
39142 3
39143 3
39144 3
39145 1
39146 2
39147 0
39148 1
39149 1
39150 2
39151 0
39152 1
39153 2
39154 3
39155 2
39156 1
39157 1
39158 1
39159 2
39160 2
39161 2
39162 1
39163 3
39164 0
39165 2
39166 2
39167 3
39168 4
39169 0
39170 3
39171 4
39172 2
39173 2
39174 3
39175 0
39176 1
39177 1
39178 4
39179 0
39180 4
39181 0
39182 3
39183 1
39184 1
39185 1
39186 3
39187 0
39188 2
39189 0
39190 1
39191 3
39192 2
39193 3
39194 2
39195 3
39196 4
39197 0
39198 3
39199 1
39200 3
39201 2
39202 3
39203 3
39204 1
39205 1
39206 2
39207 1
39208 1
39209 0
39210 3
39211 1
39212 1
39213 2
39214 1
39215 0
39216 1
39217 5
39218 0
39219 2
39220 1
39221 3
39222 2
39223 1
39224 3
39225 1
39226 3
39227 2
39228 0
39229 0
39230 0
39231 2
39232 2
39233 1
39234 1
39235 1
39236 4
39237 3
39238 3
39239 2
39240 1
39241 0
39242 2
39243 2
39244 2
39245 3
39246 2
39247 2
39248 3
39249 0
39250 2
39251 0
39252 1
39253 3
39254 1
39255 0
39256 3
39257 2
39258 3
39259 4
39260 1
39261 3
39262 4
39263 4
39264 4
39265 2
39266 3
39267 4
39268 0
39269 1
39270 4
39271 0
39272 4
39273 0
39274 3
39275 2
39276 1
39277 1
39278 1
39279 1
39280 2
39281 3
39282 3
39283 3
39284 2
39285 4
39286 1
39287 3
39288 2
39289 3
39290 2
39291 0
39292 3
39293 3
39294 1
39295 4
39296 4
39297 2
39298 4
39299 2
39300 2
39301 3
39302 3
39303 3
39304 2
39305 5
39306 4
39307 1
39308 1
39309 2
39310 3
39311 2
39312 3
39313 0
39314 3
39315 3
39316 3
39317 5
39318 4
39319 2
39320 1
39321 0
39322 0
39323 2
39324 3
39325 4
39326 1
39327 0
39328 2
39329 2
39330 3
39331 0
39332 0
39333 3
39334 2
39335 1
39336 0
39337 0
39338 1
39339 2
39340 3
39341 4
39342 3
39343 3
39344 3
39345 1
39346 2
39347 2
39348 4
39349 2
39350 1
39351 4
39352 3
39353 1
39354 0
39355 0
39356 0
39357 3
39358 2
39359 2
39360 2
39361 3
39362 0
39363 1
39364 4
39365 2
39366 3
39367 0
39368 2
39369 3
39370 2
39371 3
39372 0
39373 0
39374 1
39375 1
39376 1
39377 3
39378 3
39379 2
39380 2
39381 0
39382 3
39383 4
39384 3
39385 2
39386 1
39387 2
39388 3
39389 2
39390 4
39391 2
39392 4
39393 3
39394 3
39395 3
39396 1
39397 0
39398 0
39399 2
39400 3
39401 2
39402 2
39403 0
39404 3
39405 1
39406 3
39407 2
39408 0
39409 4
39410 2
39411 1
39412 3
39413 4
39414 2
39415 0
39416 0
39417 1
39418 2
39419 1
39420 3
39421 2
39422 2
39423 4
39424 2
39425 0
39426 3
39427 2
39428 0
39429 3
39430 3
39431 1
39432 1
39433 2
39434 0
39435 1
39436 4
39437 1
39438 0
39439 3
39440 1
39441 1
39442 1
39443 3
39444 2
39445 2
39446 3
39447 2
39448 4
39449 1
39450 4
39451 2
39452 0
39453 2
39454 5
39455 1
39456 4
39457 4
39458 2
39459 3
39460 2
39461 2
39462 3
39463 3
39464 2
39465 1
39466 2
39467 2
39468 1
39469 1
39470 3
39471 4
39472 0
39473 1
39474 2
39475 2
39476 2
39477 1
39478 4
39479 1
39480 2
39481 4
39482 2
39483 3
39484 5
39485 2
39486 4
39487 0
39488 3
39489 2
39490 4
39491 1
39492 3
39493 3
39494 2
39495 0
39496 3
39497 1
39498 0
39499 1
39500 3
39501 3
39502 3
39503 2
39504 2
39505 2
39506 0
39507 0
39508 1
39509 3
39510 3
39511 4
39512 4
39513 3
39514 1
39515 0
39516 1
39517 3
39518 0
39519 3
39520 2
39521 2
39522 3
39523 3
39524 3
39525 3
39526 2
39527 3
39528 3
39529 2
39530 3
39531 3
39532 2
39533 1
39534 2
39535 1
39536 3
39537 2
39538 0
39539 3
39540 1
39541 0
39542 2
39543 1
39544 2
39545 3
39546 3
39547 1
39548 3
39549 0
39550 3
39551 1
39552 3
39553 2
39554 1
39555 0
39556 1
39557 4
39558 3
39559 5
39560 2
39561 2
39562 3
39563 3
39564 1
39565 4
39566 2
39567 4
39568 1
39569 1
39570 1
39571 0
39572 2
39573 1
39574 2
39575 2
39576 0
39577 3
39578 3
39579 1
39580 1
39581 3
39582 2
39583 3
39584 3
39585 2
39586 1
39587 1
39588 1
39589 3
39590 3
39591 1
39592 3
39593 0
39594 2
39595 2
39596 2
39597 3
39598 1
39599 3
39600 4
39601 4
39602 3
39603 1
39604 3
39605 1
39606 3
39607 3
39608 0
39609 3
39610 3
39611 2
39612 0
39613 1
39614 3
39615 2
39616 3
39617 3
39618 2
39619 3
39620 1
39621 1
39622 3
39623 1
39624 4
39625 0
39626 3
39627 3
39628 5
39629 3
39630 1
39631 4
39632 1
39633 0
39634 5
39635 2
39636 3
39637 2
39638 4
39639 2
39640 3
39641 4
39642 0
39643 2
39644 2
39645 5
39646 1
39647 4
39648 3
39649 4
39650 2
39651 1
39652 4
39653 0
39654 4
39655 3
39656 0
39657 3
39658 1
39659 0
39660 4
39661 4
39662 3
39663 1
39664 0
39665 1
39666 3
39667 1
39668 4
39669 1
39670 1
39671 2
39672 2
39673 3
39674 3
39675 2
39676 1
39677 4
39678 0
39679 3
39680 2
39681 3
39682 0
39683 4
39684 1
39685 3
39686 0
39687 0
39688 3
39689 0
39690 2
39691 1
39692 2
39693 3
39694 0
39695 1
39696 3
39697 4
39698 3
39699 3
39700 0
39701 0
39702 2
39703 3
39704 1
39705 1
39706 2
39707 3
39708 2
39709 1
39710 2
39711 1
39712 0
39713 3
39714 4
39715 1
39716 4
39717 3
39718 1
39719 2
39720 0
39721 0
39722 2
39723 1
39724 3
39725 4
39726 2
39727 1
39728 2
39729 3
39730 4
39731 2
39732 2
39733 2
39734 1
39735 1
39736 3
39737 2
39738 4
39739 2
39740 4
39741 4
39742 1
39743 4
39744 2
39745 3
39746 5
39747 5
39748 1
39749 1
39750 1
39751 0
39752 1
39753 2
39754 1
39755 4
39756 3
39757 4
39758 4
39759 4
39760 4
39761 0
39762 2
39763 3
39764 0
39765 2
39766 2
39767 2
39768 0
39769 2
39770 0
39771 2
39772 3
39773 1
39774 4
39775 3
39776 0
39777 1
39778 1
39779 2
39780 4
39781 4
39782 3
39783 1
39784 1
39785 4
39786 0
39787 3
39788 4
39789 0
39790 4
39791 3
39792 3
39793 4
39794 4
39795 0
39796 1
39797 3
39798 0
39799 2
39800 0
39801 2
39802 0
39803 1
39804 2
39805 2
39806 1
39807 1
39808 5
39809 3
39810 4
39811 2
39812 1
39813 0
39814 4
39815 2
39816 0
39817 2
39818 3
39819 2
39820 3
39821 3
39822 3
39823 2
39824 1
39825 3
39826 0
39827 1
39828 0
39829 2
39830 2
39831 1
39832 4
39833 0
39834 2
39835 3
39836 3
39837 2
39838 1
39839 2
39840 4
39841 4
39842 2
39843 3
39844 2
39845 1
39846 3
39847 4
39848 1
39849 0
39850 2
39851 3
39852 2
39853 3
39854 2
39855 3
39856 1
39857 3
39858 2
39859 4
39860 0
39861 2
39862 2
39863 2
39864 3
39865 0
39866 2
39867 3
39868 2
39869 3
39870 1
39871 3
39872 2
39873 4
39874 2
39875 3
39876 0
39877 1
39878 4
39879 1
39880 4
39881 1
39882 1
39883 0
39884 3
39885 1
39886 1
39887 1
39888 2
39889 1
39890 3
39891 2
39892 2
39893 1
39894 3
39895 0
39896 2
39897 2
39898 2
39899 1
39900 3
39901 4
39902 3
39903 3
39904 4
39905 4
39906 2
39907 1
39908 3
39909 2
39910 4
39911 3
39912 0
39913 2
39914 3
39915 1
39916 4
39917 3
39918 0
39919 2
39920 3
39921 0
39922 5
39923 0
39924 1
39925 2
39926 3
39927 2
39928 1
39929 2
39930 3
39931 3
39932 0
39933 0
39934 0
39935 2
39936 2
39937 5
39938 4
39939 4
39940 2
39941 2
39942 2
39943 2
39944 4
39945 3
39946 2
39947 4
39948 2
39949 1
39950 2
39951 3
39952 3
39953 0
39954 1
39955 1
39956 3
39957 3
39958 0
39959 3
39960 1
39961 0
39962 2
39963 4
39964 3
39965 3
39966 2
39967 0
39968 3
39969 4
39970 4
39971 1
39972 2
39973 4
39974 2
39975 1
39976 3
39977 2
39978 1
39979 4
39980 3
39981 1
39982 4
39983 3
39984 1
39985 0
39986 3
39987 1
39988 0
39989 3
39990 2
39991 3
39992 4
39993 2
39994 3
39995 1
39996 1
39997 3
39998 3
39999 2
40000 1
40001 1
40002 3
40003 0
40004 3
40005 4
40006 3
40007 2
40008 2
40009 4
40010 0
40011 3
40012 4
40013 0
40014 5
40015 3
40016 5
40017 4
40018 0
40019 0
40020 4
40021 2
40022 1
40023 2
40024 1
40025 1
40026 2
40027 2
40028 2
40029 2
40030 5
40031 3
40032 1
40033 3
40034 0
40035 0
40036 0
40037 3
40038 1
40039 0
40040 0
40041 4
40042 4
40043 1
40044 2
40045 4
40046 2
40047 3
40048 2
40049 1
40050 2
40051 1
40052 4
40053 1
40054 2
40055 2
40056 3
40057 4
40058 3
40059 0
40060 0
40061 0
40062 4
40063 2
40064 2
40065 0
40066 2
40067 3
40068 0
40069 2
40070 1
40071 0
40072 1
40073 4
40074 2
40075 4
40076 4
40077 1
40078 3
40079 3
40080 0
40081 2
40082 4
40083 4
40084 3
40085 0
40086 2
40087 0
40088 1
40089 2
40090 3
40091 3
40092 3
40093 4
40094 2
40095 4
40096 3
40097 2
40098 1
40099 3
40100 1
40101 0
40102 3
40103 3
40104 2
40105 4
40106 0
40107 2
40108 1
40109 3
40110 2
40111 2
40112 5
40113 1
40114 2
40115 1
40116 0
40117 0
40118 1
40119 0
40120 1
40121 3
40122 1
40123 3
40124 4
40125 2
40126 1
40127 2
40128 0
40129 3
40130 4
40131 2
40132 3
40133 3
40134 2
40135 1
40136 2
40137 1
40138 3
40139 3
40140 2
40141 3
40142 0
40143 4
40144 2
40145 4
40146 1
40147 4
40148 0
40149 0
40150 3
40151 0
40152 3
40153 4
40154 1
40155 3
40156 0
40157 3
40158 3
40159 3
40160 0
40161 3
40162 1
40163 3
40164 2
40165 2
40166 5
40167 3
40168 0
40169 3
40170 3
40171 2
40172 1
40173 0
40174 1
40175 3
40176 3
40177 0
40178 1
40179 2
40180 4
40181 1
40182 1
40183 3
40184 3
40185 0
40186 4
40187 2
40188 2
40189 1
40190 4
40191 3
40192 2
40193 1
40194 1
40195 3
40196 1
40197 3
40198 3
40199 3
40200 0
40201 3
40202 4
40203 1
40204 3
40205 2
40206 1
40207 0
40208 3
40209 2
40210 3
40211 3
40212 2
40213 4
40214 0
40215 3
40216 0
40217 4
40218 1
40219 2
40220 3
40221 2
40222 1
40223 3
40224 2
40225 0
40226 0
40227 1
40228 3
40229 2
40230 4
40231 2
40232 1
40233 4
40234 3
40235 2
40236 3
40237 2
40238 1
40239 3
40240 2
40241 4
40242 2
40243 0
40244 2
40245 0
40246 4
40247 3
40248 0
40249 0
40250 0
40251 4
40252 5
40253 0
40254 0
40255 5
40256 2
40257 2
40258 2
40259 3
40260 2
40261 2
40262 3
40263 4
40264 3
40265 0
40266 0
40267 1
40268 4
40269 2
40270 3
40271 3
40272 0
40273 3
40274 2
40275 4
40276 1
40277 0
40278 0
40279 2
40280 3
40281 0
40282 2
40283 3
40284 1
40285 1
40286 3
40287 1
40288 1
40289 4
40290 5
40291 2
40292 1
40293 1
40294 3
40295 0
40296 3
40297 4
40298 1
40299 2
40300 3
40301 2
40302 1
40303 0
40304 0
40305 3
40306 2
40307 5
40308 1
40309 1
40310 3
40311 3
40312 2
40313 3
40314 2
40315 1
40316 2
40317 4
40318 1
40319 3
40320 2
40321 3
40322 1
40323 2
40324 3
40325 2
40326 2
40327 3
40328 3
40329 0
40330 2
40331 0
40332 3
40333 4
40334 2
40335 1
40336 3
40337 0
40338 1
40339 2
40340 0
40341 2
40342 3
40343 4
40344 4
40345 3
40346 1
40347 3
40348 1
40349 2
40350 4
40351 3
40352 3
40353 2
40354 3
40355 1
40356 0
40357 3
40358 4
40359 1
40360 3
40361 1
40362 4
40363 0
40364 0
40365 0
40366 1
40367 2
40368 2
40369 4
40370 0
40371 0
40372 3
40373 1
40374 2
40375 4
40376 2
40377 0
40378 4
40379 3
40380 0
40381 3
40382 3
40383 2
40384 2
40385 0
40386 4
40387 2
40388 4
40389 0
40390 2
40391 4
40392 0
40393 0
40394 4
40395 4
40396 1
40397 1
40398 1
40399 1
40400 0
40401 3
40402 0
40403 2
40404 2
40405 2
40406 1
40407 1
40408 0
40409 0
40410 1
40411 1
40412 2
40413 3
40414 2
40415 1
40416 2
40417 0
40418 3
40419 1
40420 3
40421 4
40422 3
40423 1
40424 2
40425 2
40426 0
40427 4
40428 2
40429 2
40430 0
40431 3
40432 4
40433 1
40434 3
40435 5
40436 3
40437 4
40438 0
40439 3
40440 3
40441 2
40442 3
40443 3
40444 2
40445 0
40446 2
40447 3
40448 4
40449 0
40450 2
40451 1
40452 3
40453 4
40454 2
40455 1
40456 0
40457 4
40458 1
40459 3
40460 1
40461 0
40462 2
40463 0
40464 2
40465 3
40466 0
40467 3
40468 0
40469 3
40470 3
40471 0
40472 4
40473 3
40474 2
40475 2
40476 1
40477 0
40478 2
40479 3
40480 3
40481 3
40482 0
40483 6
40484 3
40485 2
40486 0
40487 2
40488 3
40489 1
40490 1
40491 2
40492 0
40493 0
40494 2
40495 1
40496 3
40497 3
40498 2
40499 4
40500 4
40501 4
40502 2
40503 1
40504 1
40505 5
40506 3
40507 1
40508 3
40509 3
40510 4
40511 1
40512 0
40513 0
40514 0
40515 4
40516 3
40517 3
40518 0
40519 0
40520 1
40521 3
40522 3
40523 2
40524 0
40525 4
40526 3
40527 1
40528 4
40529 3
40530 1
40531 5
40532 4
40533 0
40534 1
40535 1
40536 2
40537 1
40538 0
40539 3
40540 2
40541 3
40542 0
40543 1
40544 2
40545 2
40546 3
40547 0
40548 2
40549 2
40550 1
40551 2
40552 1
40553 2
40554 0
40555 2
40556 0
40557 1
40558 3
40559 1
40560 2
40561 2
40562 1
40563 1
40564 3
40565 0
40566 0
40567 3
40568 1
40569 2
40570 2
40571 0
40572 4
40573 4
40574 4
40575 3
40576 2
40577 3
40578 2
40579 3
40580 0
40581 0
40582 1
40583 0
40584 0
40585 0
40586 1
40587 0
40588 2
40589 3
40590 1
40591 3
40592 3
40593 3
40594 4
40595 0
40596 3
40597 0
40598 2
40599 1
40600 1
40601 2
40602 4
40603 4
40604 1
40605 1
40606 3
40607 3
40608 3
40609 3
40610 0
40611 0
40612 2
40613 1
40614 2
40615 1
40616 2
40617 4
40618 0
40619 0
40620 1
40621 2
40622 1
40623 1
40624 2
40625 0
40626 4
40627 2
40628 1
40629 2
40630 1
40631 4
40632 1
40633 1
40634 0
40635 5
40636 3
40637 0
40638 0
40639 1
40640 1
40641 4
40642 4
40643 1
40644 3
40645 1
40646 2
40647 5
40648 3
40649 0
40650 4
40651 1
40652 4
40653 2
40654 2
40655 1
40656 0
40657 2
40658 1
40659 3
40660 2
40661 1
40662 0
40663 1
40664 1
40665 4
40666 2
40667 2
40668 2
40669 1
40670 1
40671 3
40672 0
40673 3
40674 3
40675 2
40676 3
40677 2
40678 3
40679 2
40680 1
40681 4
40682 4
40683 0
40684 4
40685 1
40686 2
40687 3
40688 3
40689 3
40690 1
40691 4
40692 3
40693 0
40694 3
40695 2
40696 4
40697 1
40698 0
40699 4
40700 3
40701 2
40702 3
40703 3
40704 0
40705 0
40706 3
40707 4
40708 3
40709 1
40710 3
40711 2
40712 1
40713 1
40714 1
40715 1
40716 2
40717 3
40718 2
40719 3
40720 0
40721 0
40722 3
40723 1
40724 0
40725 2
40726 3
40727 3
40728 1
40729 0
40730 4
40731 3
40732 0
40733 0
40734 0
40735 4
40736 2
40737 1
40738 1
40739 0
40740 3
40741 3
40742 4
40743 4
40744 3
40745 5
40746 2
40747 3
40748 0
40749 1
40750 1
40751 3
40752 0
40753 1
40754 3
40755 3
40756 3
40757 3
40758 3
40759 3
40760 0
40761 4
40762 1
40763 6
40764 2
40765 3
40766 2
40767 2
40768 3
40769 3
40770 3
40771 2
40772 2
40773 0
40774 4
40775 3
40776 2
40777 4
40778 1
40779 1
40780 2
40781 2
40782 2
40783 0
40784 3
40785 2
40786 0
40787 3
40788 0
40789 1
40790 0
40791 3
40792 1
40793 1
40794 4
40795 3
40796 0
40797 3
40798 2
40799 4
40800 4
40801 1
40802 1
40803 4
40804 4
40805 2
40806 2
40807 2
40808 2
40809 4
40810 2
40811 4
40812 2
40813 3
40814 0
40815 3
40816 3
40817 2
40818 1
40819 4
40820 3
40821 2
40822 2
40823 1
40824 1
40825 1
40826 0
40827 0
40828 2
40829 1
40830 1
40831 4
40832 2
40833 2
40834 2
40835 1
40836 0
40837 1
40838 4
40839 4
40840 1
40841 2
40842 0
40843 0
40844 1
40845 3
40846 2
40847 1
40848 0
40849 1
40850 4
40851 3
40852 1
40853 4
40854 2
40855 3
40856 0
40857 4
40858 0
40859 4
40860 2
40861 4
40862 0
40863 3
40864 0
40865 4
40866 3
40867 4
40868 2
40869 3
40870 1
40871 1
40872 1
40873 3
40874 3
40875 3
40876 1
40877 0
40878 2
40879 1
40880 1
40881 0
40882 2
40883 0
40884 3
40885 0
40886 1
40887 2
40888 3
40889 1
40890 1
40891 5
40892 0
40893 1
40894 1
40895 2
40896 1
40897 3
40898 3
40899 4
40900 3
40901 2
40902 0
40903 4
40904 0
40905 2
40906 0
40907 2
40908 0
40909 1
40910 2
40911 3
40912 4
40913 3
40914 2
40915 4
40916 1
40917 2
40918 4
40919 4
40920 3
40921 2
40922 1
40923 1
40924 1
40925 1
40926 3
40927 2
40928 4
40929 2
40930 3
40931 0
40932 1
40933 4
40934 3
40935 1
40936 3
40937 2
40938 3
40939 1
40940 1
40941 2
40942 1
40943 1
40944 4
40945 3
40946 1
40947 0
40948 0
40949 5
40950 4
40951 1
40952 4
40953 2
40954 2
40955 2
40956 1
40957 3
40958 3
40959 2
40960 3
40961 4
40962 1
40963 2
40964 2
40965 0
40966 4
40967 2
40968 4
40969 3
40970 2
40971 2
40972 2
40973 0
40974 3
40975 2
40976 1
40977 4
40978 1
40979 0
40980 1
40981 4
40982 3
40983 4
40984 2
40985 3
40986 0
40987 2
40988 0
40989 4
40990 2
40991 1
40992 3
40993 3
40994 0
40995 3
40996 2
40997 1
40998 2
40999 4
41000 1
41001 3
41002 3
41003 3
41004 1
41005 1
41006 2
41007 3
41008 4
41009 1
41010 2
41011 4
41012 0
41013 4
41014 2
41015 2
41016 2
41017 3
41018 0
41019 2
41020 0
41021 2
41022 3
41023 1
41024 1
41025 4
41026 2
41027 3
41028 1
41029 4
41030 2
41031 2
41032 0
41033 4
41034 1
41035 1
41036 2
41037 1
41038 2
41039 4
41040 1
41041 0
41042 1
41043 2
41044 1
41045 3
41046 2
41047 4
41048 2
41049 2
41050 2
41051 2
41052 2
41053 1
41054 0
41055 4
41056 4
41057 2
41058 3
41059 3
41060 3
41061 3
41062 1
41063 0
41064 4
41065 3
41066 3
41067 4
41068 5
41069 1
41070 0
41071 1
41072 1
41073 0
41074 1
41075 1
41076 2
41077 1
41078 3
41079 2
41080 3
41081 3
41082 0
41083 1
41084 4
41085 3
41086 2
41087 3
41088 0
41089 2
41090 3
41091 4
41092 4
41093 0
41094 1
41095 4
41096 1
41097 3
41098 4
41099 0
41100 4
41101 0
41102 4
41103 4
41104 5
41105 3
41106 1
41107 0
41108 3
41109 1
41110 1
41111 2
41112 2
41113 4
41114 2
41115 2
41116 1
41117 3
41118 1
41119 1
41120 4
41121 2
41122 4
41123 4
41124 2
41125 1
41126 2
41127 1
41128 3
41129 1
41130 2
41131 3
41132 1
41133 0
41134 4
41135 2
41136 2
41137 2
41138 2
41139 2
41140 2
41141 2
41142 3
41143 0
41144 4
41145 1
41146 3
41147 2
41148 4
41149 4
41150 2
41151 2
41152 2
41153 1
41154 1
41155 3
41156 2
41157 1
41158 4
41159 0
41160 1
41161 4
41162 4
41163 0
41164 2
41165 1
41166 0
41167 2
41168 1
41169 0
41170 5
41171 5
41172 3
41173 3
41174 4
41175 4
41176 0
41177 2
41178 2
41179 3
41180 2
41181 4
41182 3
41183 1
41184 0
41185 2
41186 0
41187 1
41188 3
41189 4
41190 1
41191 4
41192 2
41193 3
41194 1
41195 3
41196 3
41197 3
41198 3
41199 3
41200 2
41201 1
41202 0
41203 3
41204 3
41205 0
41206 2
41207 1
41208 0
41209 4
41210 0
41211 4
41212 2
41213 0
41214 3
41215 2
41216 0
41217 1
41218 3
41219 2
41220 3
41221 2
41222 2
41223 4
41224 3
41225 0
41226 4
41227 2
41228 5
41229 4
41230 2
41231 0
41232 4
41233 0
41234 2
41235 4
41236 4
41237 2
41238 3
41239 2
41240 3
41241 1
41242 2
41243 4
41244 0
41245 1
41246 1
41247 0
41248 3
41249 1
41250 5
41251 2
41252 4
41253 2
41254 2
41255 3
41256 3
41257 2
41258 4
41259 1
41260 2
41261 2
41262 2
41263 4
41264 1
41265 2
41266 0
41267 2
41268 1
41269 2
41270 3
41271 2
41272 2
41273 1
41274 4
41275 2
41276 5
41277 1
41278 2
41279 2
41280 1
41281 1
41282 2
41283 2
41284 1
41285 3
41286 3
41287 4
41288 1
41289 1
41290 3
41291 2
41292 2
41293 3
41294 4
41295 0
41296 1
41297 0
41298 5
41299 0
41300 3
41301 2
41302 4
41303 0
41304 4
41305 0
41306 1
41307 1
41308 1
41309 1
41310 5
41311 1
41312 0
41313 2
41314 2
41315 1
41316 1
41317 4
41318 0
41319 3
41320 1
41321 1
41322 0
41323 2
41324 2
41325 1
41326 1
41327 0
41328 3
41329 2
41330 1
41331 1
41332 1
41333 1
41334 2
41335 0
41336 2
41337 0
41338 1
41339 1
41340 3
41341 3
41342 3
41343 1
41344 3
41345 2
41346 2
41347 3
41348 0
41349 0
41350 0
41351 2
41352 1
41353 4
41354 0
41355 0
41356 2
41357 4
41358 0
41359 0
41360 2
41361 1
41362 0
41363 3
41364 0
41365 3
41366 3
41367 3
41368 3
41369 2
41370 1
41371 1
41372 2
41373 4
41374 2
41375 2
41376 4
41377 3
41378 4
41379 1
41380 0
41381 2
41382 1
41383 1
41384 1
41385 1
41386 3
41387 0
41388 4
41389 2
41390 4
41391 3
41392 4
41393 3
41394 4
41395 4
41396 2
41397 1
41398 1
41399 3
41400 3
41401 1
41402 1
41403 3
41404 2
41405 3
41406 3
41407 0
41408 3
41409 1
41410 4
41411 3
41412 3
41413 1
41414 0
41415 3
41416 3
41417 0
41418 4
41419 4
41420 2
41421 5
41422 1
41423 5
41424 0
41425 2
41426 3
41427 2
41428 1
41429 0
41430 4
41431 5
41432 2
41433 1
41434 3
41435 3
41436 2
41437 1
41438 2
41439 2
41440 4
41441 3
41442 0
41443 1
41444 1
41445 3
41446 0
41447 3
41448 1
41449 0
41450 0
41451 1
41452 0
41453 1
41454 1
41455 1
41456 3
41457 2
41458 0
41459 2
41460 4
41461 3
41462 0
41463 3
41464 1
41465 2
41466 0
41467 2
41468 1
41469 1
41470 3
41471 1
41472 3
41473 2
41474 1
41475 4
41476 3
41477 5
41478 1
41479 0
41480 1
41481 1
41482 1
41483 5
41484 2
41485 1
41486 2
41487 1
41488 2
41489 0
41490 3
41491 3
41492 3
41493 2
41494 1
41495 3
41496 1
41497 0
41498 2
41499 4
41500 2
41501 3
41502 2
41503 5
41504 0
41505 2
41506 0
41507 3
41508 0
41509 2
41510 3
41511 3
41512 4
41513 0
41514 0
41515 0
41516 1
41517 2
41518 3
41519 1
41520 2
41521 5
41522 0
41523 5
41524 3
41525 3
41526 3
41527 2
41528 5
41529 4
41530 2
41531 2
41532 2
41533 0
41534 4
41535 2
41536 1
41537 4
41538 3
41539 3
41540 2
41541 1
41542 2
41543 4
41544 3
41545 2
41546 3
41547 0
41548 0
41549 3
41550 4
41551 3
41552 3
41553 1
41554 2
41555 0
41556 0
41557 3
41558 4
41559 0
41560 4
41561 0
41562 3
41563 1
41564 4
41565 3
41566 2
41567 2
41568 1
41569 4
41570 2
41571 1
41572 2
41573 3
41574 4
41575 1
41576 0
41577 0
41578 0
41579 2
41580 5
41581 4
41582 2
41583 3
41584 0
41585 2
41586 2
41587 0
41588 0
41589 5
41590 4
41591 1
41592 3
41593 0
41594 0
41595 0
41596 1
41597 2
41598 4
41599 2
41600 1
41601 0
41602 3
41603 3
41604 3
41605 1
41606 2
41607 1
41608 2
41609 4
41610 4
41611 3
41612 0
41613 2
41614 4
41615 3
41616 1
41617 1
41618 2
41619 2
41620 0
41621 3
41622 3
41623 1
41624 4
41625 0
41626 2
41627 1
41628 2
41629 5
41630 2
41631 3
41632 0
41633 4
41634 5
41635 3
41636 2
41637 0
41638 0
41639 2
41640 3
41641 1
41642 3
41643 4
41644 2
41645 2
41646 1
41647 4
41648 3
41649 3
41650 0
41651 0
41652 1
41653 1
41654 1
41655 3
41656 1
41657 1
41658 1
41659 2
41660 5
41661 3
41662 0
41663 4
41664 3
41665 1
41666 0
41667 2
41668 3
41669 3
41670 1
41671 3
41672 1
41673 3
41674 0
41675 3
41676 3
41677 0
41678 2
41679 2
41680 3
41681 4
41682 1
41683 2
41684 0
41685 3
41686 1
41687 1
41688 1
41689 3
41690 1
41691 1
41692 3
41693 2
41694 2
41695 3
41696 4
41697 2
41698 2
41699 0
41700 1
41701 2
41702 4
41703 4
41704 1
41705 0
41706 0
41707 1
41708 1
41709 3
41710 4
41711 3
41712 0
41713 3
41714 4
41715 3
41716 1
41717 0
41718 3
41719 1
41720 2
41721 1
41722 5
41723 3
41724 3
41725 3
41726 1
41727 2
41728 5
41729 2
41730 2
41731 1
41732 2
41733 3
41734 2
41735 0
41736 0
41737 0
41738 4
41739 2
41740 2
41741 3
41742 1
41743 3
41744 1
41745 2
41746 1
41747 3
41748 0
41749 4
41750 2
41751 2
41752 4
41753 3
41754 3
41755 3
41756 3
41757 4
41758 0
41759 4
41760 0
41761 1
41762 0
41763 1
41764 2
41765 2
41766 1
41767 4
41768 0
41769 2
41770 1
41771 1
41772 0
41773 2
41774 2
41775 2
41776 0
41777 0
41778 2
41779 3
41780 1
41781 4
41782 4
41783 1
41784 3
41785 2
41786 2
41787 3
41788 3
41789 3
41790 1
41791 4
41792 3
41793 4
41794 4
41795 4
41796 1
41797 3
41798 0
41799 1
41800 1
41801 1
41802 0
41803 2
41804 4
41805 0
41806 2
41807 3
41808 3
41809 3
41810 5
41811 3
41812 4
41813 2
41814 4
41815 3
41816 4
41817 5
41818 4
41819 4
41820 2
41821 0
41822 2
41823 2
41824 3
41825 3
41826 0
41827 1
41828 1
41829 3
41830 4
41831 0
41832 3
41833 1
41834 0
41835 1
41836 0
41837 4
41838 4
41839 2
41840 5
41841 0
41842 3
41843 4
41844 3
41845 3
41846 4
41847 0
41848 2
41849 0
41850 2
41851 3
41852 3
41853 3
41854 4
41855 1
41856 3
41857 3
41858 3
41859 2
41860 3
41861 1
41862 1
41863 3
41864 4
41865 5
41866 4
41867 1
41868 4
41869 2
41870 1
41871 0
41872 2
41873 5
41874 0
41875 3
41876 2
41877 1
41878 3
41879 2
41880 3
41881 0
41882 2
41883 3
41884 2
41885 4
41886 1
41887 1
41888 4
41889 3
41890 3
41891 4
41892 2
41893 3
41894 2
41895 1
41896 1
41897 0
41898 2
41899 1
41900 2
41901 3
41902 3
41903 1
41904 2
41905 3
41906 4
41907 4
41908 3
41909 2
41910 2
41911 2
41912 0
41913 2
41914 1
41915 1
41916 1
41917 1
41918 1
41919 1
41920 1
41921 0
41922 0
41923 0
41924 1
41925 5
41926 2
41927 2
41928 3
41929 4
41930 2
41931 4
41932 4
41933 4
41934 4
41935 0
41936 5
41937 1
41938 4
41939 0
41940 4
41941 2
41942 2
41943 3
41944 4
41945 0
41946 0
41947 2
41948 3
41949 2
41950 3
41951 3
41952 0
41953 3
41954 1
41955 3
41956 1
41957 3
41958 1
41959 0
41960 2
41961 5
41962 2
41963 1
41964 4
41965 3
41966 3
41967 1
41968 2
41969 5
41970 0
41971 2
41972 3
41973 3
41974 3
41975 3
41976 1
41977 2
41978 1
41979 5
41980 2
41981 2
41982 3
41983 2
41984 0
41985 3
41986 2
41987 3
41988 2
41989 4
41990 0
41991 4
41992 2
41993 0
41994 2
41995 3
41996 2
41997 0
41998 0
41999 2
42000 4
42001 4
42002 3
42003 2
42004 3
42005 3
42006 3
42007 0
42008 4
42009 2
42010 0
42011 2
42012 2
42013 2
42014 3
42015 4
42016 2
42017 1
42018 3
42019 1
42020 4
42021 0
42022 4
42023 2
42024 5
42025 1
42026 1
42027 1
42028 1
42029 3
42030 3
42031 3
42032 2
42033 2
42034 4
42035 4
42036 3
42037 0
42038 1
42039 4
42040 3
42041 2
42042 3
42043 0
42044 2
42045 3
42046 2
42047 1
42048 1
42049 1
42050 1
42051 2
42052 3
42053 4
42054 1
42055 1
42056 1
42057 2
42058 1
42059 2
42060 0
42061 1
42062 0
42063 2
42064 2
42065 1
42066 4
42067 2
42068 1
42069 3
42070 5
42071 4
42072 3
42073 2
42074 3
42075 2
42076 3
42077 0
42078 4
42079 1
42080 2
42081 1
42082 0
42083 0
42084 4
42085 3
42086 3
42087 0
42088 3
42089 5
42090 5
42091 5
42092 2
42093 2
42094 4
42095 2
42096 4
42097 3
42098 2
42099 4
42100 2
42101 3
42102 1
42103 3
42104 1
42105 3
42106 1
42107 1
42108 2
42109 3
42110 4
42111 3
42112 2
42113 2
42114 1
42115 3
42116 2
42117 5
42118 4
42119 2
42120 5
42121 3
42122 0
42123 1
42124 4
42125 1
42126 4
42127 5
42128 0
42129 0
42130 3
42131 1
42132 5
42133 3
42134 3
42135 0
42136 5
42137 2
42138 5
42139 4
42140 0
42141 2
42142 3
42143 0
42144 0
42145 3
42146 2
42147 3
42148 1
42149 1
42150 0
42151 2
42152 2
42153 5
42154 1
42155 0
42156 3
42157 0
42158 2
42159 1
42160 3
42161 4
42162 1
42163 2
42164 0
42165 1
42166 2
42167 1
42168 2
42169 1
42170 0
42171 2
42172 3
42173 4
42174 0
42175 3
42176 1
42177 2
42178 0
42179 3
42180 4
42181 1
42182 2
42183 0
42184 1
42185 1
42186 4
42187 2
42188 2
42189 1
42190 2
42191 1
42192 0
42193 1
42194 0
42195 2
42196 1
42197 2
42198 3
42199 2
42200 4
42201 3
42202 3
42203 3
42204 1
42205 1
42206 4
42207 1
42208 2
42209 2
42210 3
42211 0
42212 2
42213 3
42214 3
42215 1
42216 3
42217 3
42218 1
42219 2
42220 2
42221 4
42222 3
42223 2
42224 4
42225 2
42226 1
42227 3
42228 2
42229 1
42230 3
42231 3
42232 0
42233 0
42234 2
42235 0
42236 4
42237 0
42238 0
42239 4
42240 0
42241 0
42242 4
42243 1
42244 0
42245 4
42246 4
42247 2
42248 0
42249 3
42250 4
42251 0
42252 1
42253 3
42254 2
42255 3
42256 4
42257 0
42258 3
42259 1
42260 0
42261 3
42262 5
42263 1
42264 3
42265 2
42266 2
42267 2
42268 3
42269 4
42270 0
42271 0
42272 2
42273 1
42274 4
42275 3
42276 2
42277 4
42278 2
42279 4
42280 1
42281 3
42282 2
42283 5
42284 5
42285 1
42286 4
42287 1
42288 2
42289 0
42290 4
42291 1
42292 1
42293 4
42294 2
42295 2
42296 2
42297 2
42298 4
42299 4
42300 2
42301 0
42302 3
42303 1
42304 3
42305 3
42306 3
42307 2
42308 2
42309 1
42310 4
42311 2
42312 1
42313 3
42314 2
42315 2
42316 3
42317 4
42318 2
42319 1
42320 3
42321 0
42322 1
42323 2
42324 1
42325 1
42326 0
42327 2
42328 1
42329 2
42330 4
42331 3
42332 4
42333 4
42334 0
42335 3
42336 2
42337 5
42338 3
42339 2
42340 0
42341 2
42342 1
42343 3
42344 1
42345 3
42346 2
42347 3
42348 0
42349 4
42350 0
42351 4
42352 0
42353 3
42354 4
42355 0
42356 4
42357 3
42358 2
42359 4
42360 0
42361 3
42362 1
42363 2
42364 3
42365 3
42366 0
42367 4
42368 2
42369 0
42370 0
42371 0
42372 3
42373 2
42374 4
42375 1
42376 1
42377 3
42378 0
42379 5
42380 3
42381 4
42382 4
42383 2
42384 2
42385 2
42386 3
42387 0
42388 1
42389 0
42390 4
42391 1
42392 1
42393 0
42394 2
42395 3
42396 2
42397 2
42398 0
42399 1
42400 2
42401 2
42402 2
42403 3
42404 4
42405 1
42406 3
42407 4
42408 0
42409 4
42410 2
42411 1
42412 3
42413 2
42414 1
42415 0
42416 4
42417 0
42418 3
42419 2
42420 0
42421 3
42422 2
42423 3
42424 4
42425 4
42426 2
42427 4
42428 3
42429 0
42430 1
42431 2
42432 2
42433 0
42434 3
42435 0
42436 4
42437 1
42438 1
42439 1
42440 0
42441 2
42442 0
42443 3
42444 2
42445 2
42446 1
42447 2
42448 4
42449 3
42450 4
42451 1
42452 4
42453 1
42454 1
42455 0
42456 3
42457 4
42458 3
42459 2
42460 3
42461 3
42462 0
42463 2
42464 3
42465 3
42466 1
42467 2
42468 0
42469 4
42470 3
42471 2
42472 4
42473 5
42474 4
42475 4
42476 2
42477 2
42478 2
42479 2
42480 2
42481 0
42482 2
42483 1
42484 3
42485 1
42486 2
42487 2
42488 1
42489 2
42490 1
42491 3
42492 4
42493 1
42494 0
42495 3
42496 3
42497 2
42498 1
42499 2
42500 4
42501 4
42502 2
42503 1
42504 4
42505 2
42506 1
42507 0
42508 1
42509 3
42510 3
42511 5
42512 4
42513 2
42514 1
42515 1
42516 2
42517 2
42518 2
42519 1
42520 5
42521 1
42522 3
42523 4
42524 3
42525 0
42526 3
42527 3
42528 0
42529 1
42530 0
42531 3
42532 3
42533 2
42534 1
42535 3
42536 2
42537 4
42538 1
42539 1
42540 2
42541 3
42542 1
42543 1
42544 4
42545 2
42546 1
42547 3
42548 4
42549 1
42550 0
42551 3
42552 3
42553 2
42554 3
42555 0
42556 1
42557 3
42558 3
42559 2
42560 0
42561 3
42562 2
42563 1
42564 3
42565 1
42566 3
42567 3
42568 4
42569 0
42570 0
42571 4
42572 2
42573 4
42574 3
42575 2
42576 3
42577 0
42578 1
42579 2
42580 3
42581 3
42582 1
42583 3
42584 4
42585 4
42586 3
42587 3
42588 4
42589 4
42590 3
42591 0
42592 0
42593 0
42594 2
42595 4
42596 3
42597 3
42598 3
42599 5
42600 3
42601 1
42602 4
42603 3
42604 2
42605 5
42606 2
42607 2
42608 4
42609 4
42610 1
42611 0
42612 2
42613 1
42614 2
42615 3
42616 2
42617 1
42618 5
42619 2
42620 2
42621 4
42622 2
42623 2
42624 2
42625 3
42626 3
42627 3
42628 3
42629 2
42630 3
42631 2
42632 2
42633 4
42634 2
42635 3
42636 0
42637 3
42638 5
42639 2
42640 3
42641 4
42642 2
42643 3
42644 0
42645 3
42646 3
42647 0
42648 0
42649 1
42650 2
42651 4
42652 2
42653 0
42654 1
42655 1
42656 4
42657 0
42658 1
42659 1
42660 1
42661 3
42662 2
42663 2
42664 0
42665 3
42666 0
42667 0
42668 4
42669 4
42670 2
42671 3
42672 2
42673 0
42674 2
42675 0
42676 1
42677 4
42678 3
42679 1
42680 1
42681 2
42682 1
42683 3
42684 0
42685 4
42686 1
42687 2
42688 4
42689 0
42690 1
42691 3
42692 0
42693 3
42694 1
42695 1
42696 2
42697 1
42698 3
42699 3
42700 3
42701 4
42702 3
42703 1
42704 3
42705 3
42706 0
42707 3
42708 1
42709 2
42710 4
42711 3
42712 1
42713 1
42714 1
42715 1
42716 3
42717 2
42718 0
42719 0
42720 3
42721 0
42722 2
42723 1
42724 3
42725 0
42726 3
42727 2
42728 1
42729 3
42730 3
42731 5
42732 3
42733 4
42734 1
42735 2
42736 1
42737 0
42738 4
42739 2
42740 3
42741 2
42742 2
42743 4
42744 2
42745 2
42746 3
42747 0
42748 0
42749 1
42750 1
42751 0
42752 4
42753 3
42754 1
42755 3
42756 2
42757 0
42758 0
42759 3
42760 3
42761 4
42762 5
42763 4
42764 4
42765 3
42766 0
42767 2
42768 0
42769 4
42770 3
42771 2
42772 0
42773 4
42774 1
42775 0
42776 1
42777 1
42778 3
42779 2
42780 1
42781 2
42782 1
42783 2
42784 1
42785 1
42786 0
42787 3
42788 1
42789 3
42790 0
42791 3
42792 2
42793 0
42794 3
42795 2
42796 3
42797 3
42798 1
42799 2
42800 1
42801 3
42802 2
42803 0
42804 4
42805 2
42806 3
42807 0
42808 2
42809 2
42810 3
42811 2
42812 0
42813 5
42814 0
42815 3
42816 3
42817 1
42818 2
42819 1
42820 2
42821 1
42822 0
42823 3
42824 1
42825 3
42826 0
42827 3
42828 3
42829 2
42830 3
42831 0
42832 2
42833 1
42834 3
42835 1
42836 3
42837 1
42838 3
42839 0
42840 4
42841 3
42842 0
42843 4
42844 2
42845 4
42846 3
42847 2
42848 4
42849 3
42850 1
42851 0
42852 0
42853 4
42854 0
42855 3
42856 1
42857 1
42858 3
42859 3
42860 0
42861 2
42862 4
42863 1
42864 0
42865 0
42866 1
42867 0
42868 1
42869 3
42870 0
42871 3
42872 3
42873 1
42874 2
42875 1
42876 1
42877 4
42878 0
42879 3
42880 0
42881 2
42882 1
42883 4
42884 2
42885 1
42886 2
42887 4
42888 1
42889 1
42890 2
42891 0
42892 2
42893 3
42894 3
42895 3
42896 3
42897 5
42898 3
42899 4
42900 2
42901 3
42902 5
42903 0
42904 0
42905 2
42906 4
42907 2
42908 0
42909 4
42910 3
42911 4
42912 4
42913 2
42914 4
42915 3
42916 4
42917 3
42918 4
42919 4
42920 1
42921 3
42922 1
42923 3
42924 3
42925 2
42926 0
42927 4
42928 3
42929 3
42930 0
42931 2
42932 4
42933 1
42934 3
42935 2
42936 3
42937 0
42938 2
42939 2
42940 2
42941 2
42942 3
42943 1
42944 0
42945 4
42946 3
42947 1
42948 0
42949 3
42950 0
42951 3
42952 4
42953 1
42954 2
42955 4
42956 2
42957 4
42958 4
42959 3
42960 5
42961 3
42962 2
42963 0
42964 3
42965 1
42966 1
42967 2
42968 0
42969 1
42970 1
42971 0
42972 2
42973 1
42974 2
42975 1
42976 0
42977 0
42978 4
42979 2
42980 1
42981 1
42982 1
42983 5
42984 1
42985 2
42986 2
42987 4
42988 3
42989 2
42990 0
42991 3
42992 1
42993 1
42994 2
42995 5
42996 2
42997 3
42998 2
42999 3
43000 5
43001 4
43002 4
43003 3
43004 0
43005 3
43006 1
43007 1
43008 0
43009 3
43010 3
43011 4
43012 0
43013 3
43014 1
43015 3
43016 1
43017 1
43018 1
43019 2
43020 3
43021 0
43022 2
43023 0
43024 3
43025 2
43026 1
43027 1
43028 2
43029 4
43030 5
43031 3
43032 0
43033 4
43034 3
43035 0
43036 3
43037 1
43038 0
43039 4
43040 3
43041 0
43042 0
43043 1
43044 4
43045 1
43046 1
43047 1
43048 3
43049 3
43050 2
43051 0
43052 4
43053 5
43054 3
43055 0
43056 3
43057 0
43058 3
43059 0
43060 4
43061 2
43062 1
43063 3
43064 2
43065 3
43066 1
43067 3
43068 3
43069 3
43070 2
43071 2
43072 0
43073 0
43074 3
43075 5
43076 4
43077 2
43078 4
43079 2
43080 2
43081 1
43082 1
43083 4
43084 2
43085 0
43086 2
43087 3
43088 2
43089 1
43090 2
43091 4
43092 2
43093 2
43094 3
43095 4
43096 0
43097 3
43098 3
43099 1
43100 4
43101 4
43102 3
43103 1
43104 3
43105 1
43106 0
43107 4
43108 3
43109 0
43110 0
43111 3
43112 4
43113 4
43114 2
43115 4
43116 2
43117 4
43118 2
43119 2
43120 0
43121 2
43122 5
43123 3
43124 3
43125 1
43126 1
43127 1
43128 3
43129 2
43130 3
43131 3
43132 1
43133 4
43134 2
43135 4
43136 4
43137 4
43138 1
43139 3
43140 2
43141 6
43142 4
43143 2
43144 1
43145 4
43146 3
43147 2
43148 0
43149 3
43150 3
43151 0
43152 3
43153 0
43154 1
43155 0
43156 4
43157 0
43158 0
43159 3
43160 3
43161 0
43162 4
43163 2
43164 1
43165 3
43166 3
43167 3
43168 3
43169 3
43170 3
43171 1
43172 2
43173 2
43174 3
43175 2
43176 1
43177 4
43178 2
43179 0
43180 4
43181 4
43182 3
43183 2
43184 1
43185 2
43186 1
43187 5
43188 1
43189 2
43190 4
43191 2
43192 1
43193 1
43194 1
43195 5
43196 1
43197 1
43198 1
43199 3
43200 2
43201 2
43202 4
43203 4
43204 4
43205 4
43206 1
43207 0
43208 4
43209 2
43210 2
43211 4
43212 2
43213 2
43214 0
43215 5
43216 1
43217 3
43218 3
43219 4
43220 5
43221 4
43222 2
43223 3
43224 1
43225 3
43226 3
43227 4
43228 0
43229 1
43230 5
43231 2
43232 4
43233 0
43234 3
43235 2
43236 0
43237 3
43238 3
43239 2
43240 1
43241 3
43242 2
43243 2
43244 2
43245 0
43246 3
43247 3
43248 0
43249 4
43250 3
43251 4
43252 0
43253 1
43254 2
43255 3
43256 3
43257 3
43258 1
43259 2
43260 1
43261 0
43262 0
43263 2
43264 1
43265 5
43266 1
43267 0
43268 0
43269 4
43270 4
43271 2
43272 3
43273 3
43274 3
43275 2
43276 3
43277 4
43278 4
43279 3
43280 2
43281 3
43282 0
43283 2
43284 0
43285 1
43286 2
43287 3
43288 3
43289 4
43290 3
43291 4
43292 2
43293 3
43294 3
43295 1
43296 2
43297 2
43298 2
43299 5
43300 1
43301 2
43302 2
43303 1
43304 3
43305 1
43306 2
43307 4
43308 2
43309 2
43310 3
43311 3
43312 4
43313 5
43314 4
43315 4
43316 3
43317 2
43318 1
43319 3
43320 3
43321 0
43322 1
43323 1
43324 2
43325 3
43326 5
43327 3
43328 2
43329 2
43330 4
43331 3
43332 0
43333 0
43334 3
43335 5
43336 3
43337 2
43338 5
43339 1
43340 2
43341 3
43342 4
43343 1
43344 2
43345 4
43346 3
43347 0
43348 3
43349 3
43350 3
43351 0
43352 4
43353 3
43354 4
43355 1
43356 5
43357 1
43358 3
43359 2
43360 0
43361 1
43362 3
43363 4
43364 4
43365 0
43366 4
43367 2
43368 0
43369 4
43370 0
43371 2
43372 0
43373 3
43374 0
43375 5
43376 3
43377 3
43378 2
43379 0
43380 0
43381 0
43382 3
43383 3
43384 2
43385 3
43386 4
43387 2
43388 1
43389 3
43390 4
43391 0
43392 1
43393 0
43394 3
43395 0
43396 0
43397 4
43398 2
43399 0
43400 0
43401 4
43402 2
43403 3
43404 2
43405 0
43406 3
43407 4
43408 4
43409 1
43410 1
43411 2
43412 1
43413 2
43414 4
43415 1
43416 3
43417 5
43418 2
43419 3
43420 1
43421 2
43422 2
43423 1
43424 2
43425 5
43426 3
43427 0
43428 4
43429 2
43430 3
43431 4
43432 0
43433 2
43434 2
43435 2
43436 1
43437 3
43438 6
43439 3
43440 3
43441 1
43442 3
43443 3
43444 4
43445 1
43446 1
43447 2
43448 0
43449 3
43450 2
43451 2
43452 4
43453 1
43454 3
43455 2
43456 0
43457 1
43458 4
43459 0
43460 2
43461 2
43462 0
43463 1
43464 3
43465 2
43466 4
43467 0
43468 0
43469 3
43470 3
43471 3
43472 3
43473 3
43474 2
43475 0
43476 1
43477 5
43478 2
43479 3
43480 2
43481 1
43482 4
43483 3
43484 1
43485 4
43486 4
43487 5
43488 0
43489 5
43490 3
43491 3
43492 3
43493 0
43494 2
43495 5
43496 1
43497 1
43498 0
43499 4
43500 3
43501 2
43502 0
43503 5
43504 3
43505 2
43506 0
43507 2
43508 2
43509 0
43510 4
43511 3
43512 1
43513 0
43514 3
43515 5
43516 3
43517 3
43518 3
43519 3
43520 0
43521 3
43522 1
43523 1
43524 0
43525 3
43526 0
43527 1
43528 2
43529 1
43530 2
43531 1
43532 1
43533 2
43534 1
43535 3
43536 2
43537 2
43538 0
43539 2
43540 3
43541 5
43542 2
43543 4
43544 1
43545 0
43546 4
43547 0
43548 3
43549 5
43550 3
43551 3
43552 2
43553 4
43554 3
43555 2
43556 1
43557 5
43558 2
43559 3
43560 2
43561 4
43562 1
43563 2
43564 4
43565 3
43566 4
43567 4
43568 2
43569 3
43570 1
43571 3
43572 2
43573 1
43574 2
43575 0
43576 3
43577 3
43578 4
43579 0
43580 2
43581 4
43582 2
43583 0
43584 1
43585 1
43586 0
43587 0
43588 1
43589 0
43590 3
43591 1
43592 4
43593 0
43594 4
43595 4
43596 3
43597 0
43598 4
43599 2
43600 3
43601 1
43602 5
43603 4
43604 2
43605 0
43606 0
43607 0
43608 3
43609 1
43610 2
43611 0
43612 2
43613 2
43614 4
43615 4
43616 1
43617 2
43618 3
43619 0
43620 4
43621 2
43622 3
43623 0
43624 4
43625 0
43626 3
43627 0
43628 3
43629 4
43630 2
43631 4
43632 2
43633 3
43634 3
43635 3
43636 2
43637 3
43638 1
43639 1
43640 4
43641 3
43642 2
43643 2
43644 1
43645 3
43646 0
43647 4
43648 0
43649 3
43650 4
43651 3
43652 1
43653 1
43654 2
43655 0
43656 4
43657 1
43658 0
43659 4
43660 3
43661 4
43662 1
43663 4
43664 1
43665 4
43666 2
43667 0
43668 4
43669 2
43670 0
43671 4
43672 0
43673 3
43674 4
43675 3
43676 0
43677 3
43678 3
43679 1
43680 1
43681 0
43682 0
43683 2
43684 2
43685 0
43686 1
43687 3
43688 1
43689 3
43690 2
43691 1
43692 3
43693 0
43694 2
43695 2
43696 4
43697 1
43698 2
43699 0
43700 3
43701 3
43702 1
43703 3
43704 1
43705 3
43706 1
43707 4
43708 4
43709 1
43710 1
43711 3
43712 2
43713 3
43714 5
43715 3
43716 5
43717 4
43718 2
43719 3
43720 2
43721 4
43722 3
43723 2
43724 1
43725 0
43726 4
43727 2
43728 1
43729 1
43730 2
43731 2
43732 2
43733 3
43734 1
43735 4
43736 4
43737 3
43738 1
43739 1
43740 3
43741 5
43742 1
43743 4
43744 0
43745 2
43746 3
43747 3
43748 1
43749 4
43750 0
43751 4
43752 3
43753 4
43754 5
43755 1
43756 3
43757 2
43758 4
43759 1
43760 3
43761 4
43762 2
43763 4
43764 3
43765 4
43766 0
43767 4
43768 4
43769 4
43770 4
43771 3
43772 4
43773 2
43774 0
43775 1
43776 1
43777 5
43778 2
43779 1
43780 3
43781 4
43782 3
43783 2
43784 3
43785 2
43786 0
43787 2
43788 2
43789 3
43790 1
43791 2
43792 3
43793 2
43794 0
43795 1
43796 2
43797 4
43798 2
43799 2
43800 1
43801 2
43802 3
43803 0
43804 2
43805 1
43806 1
43807 2
43808 3
43809 4
43810 2
43811 4
43812 2
43813 1
43814 0
43815 2
43816 0
43817 3
43818 3
43819 1
43820 0
43821 2
43822 3
43823 4
43824 0
43825 3
43826 1
43827 1
43828 1
43829 2
43830 0
43831 0
43832 3
43833 0
43834 0
43835 2
43836 1
43837 0
43838 3
43839 2
43840 2
43841 0
43842 1
43843 1
43844 3
43845 1
43846 4
43847 1
43848 1
43849 2
43850 0
43851 4
43852 1
43853 3
43854 2
43855 3
43856 0
43857 1
43858 4
43859 3
43860 2
43861 3
43862 1
43863 0
43864 0
43865 0
43866 2
43867 3
43868 1
43869 4
43870 2
43871 4
43872 5
43873 1
43874 0
43875 4
43876 3
43877 4
43878 2
43879 2
43880 2
43881 0
43882 0
43883 4
43884 4
43885 3
43886 0
43887 4
43888 1
43889 3
43890 0
43891 3
43892 2
43893 2
43894 2
43895 0
43896 0
43897 2
43898 4
43899 3
43900 0
43901 5
43902 0
43903 3
43904 4
43905 1
43906 1
43907 0
43908 3
43909 0
43910 0
43911 2
43912 1
43913 0
43914 3
43915 2
43916 4
43917 3
43918 2
43919 3
43920 2
43921 2
43922 4
43923 0
43924 2
43925 0
43926 2
43927 1
43928 3
43929 2
43930 4
43931 0
43932 0
43933 1
43934 3
43935 1
43936 4
43937 1
43938 4
43939 3
43940 0
43941 3
43942 2
43943 3
43944 4
43945 1
43946 1
43947 1
43948 3
43949 2
43950 4
43951 0
43952 3
43953 2
43954 3
43955 1
43956 4
43957 5
43958 4
43959 1
43960 3
43961 1
43962 3
43963 2
43964 2
43965 3
43966 0
43967 5
43968 4
43969 3
43970 2
43971 2
43972 3
43973 2
43974 2
43975 4
43976 4
43977 0
43978 1
43979 0
43980 1
43981 3
43982 2
43983 3
43984 3
43985 4
43986 2
43987 3
43988 1
43989 0
43990 3
43991 3
43992 4
43993 0
43994 2
43995 1
43996 1
43997 5
43998 3
43999 0
44000 2
44001 0
44002 2
44003 3
44004 3
44005 3
44006 2
44007 1
44008 2
44009 2
44010 0
44011 4
44012 4
44013 1
44014 0
44015 4
44016 3
44017 0
44018 2
44019 2
44020 1
44021 2
44022 2
44023 5
44024 3
44025 4
44026 1
44027 3
44028 0
44029 5
44030 4
44031 1
44032 3
44033 4
44034 1
44035 0
44036 3
44037 0
44038 1
44039 4
44040 2
44041 2
44042 1
44043 0
44044 1
44045 4
44046 2
44047 1
44048 3
44049 3
44050 2
44051 3
44052 1
44053 3
44054 2
44055 1
44056 4
44057 1
44058 1
44059 3
44060 2
44061 3
44062 4
44063 1
44064 4
44065 2
44066 1
44067 3
44068 4
44069 3
44070 2
44071 3
44072 1
44073 5
44074 1
44075 2
44076 2
44077 0
44078 2
44079 1
44080 1
44081 1
44082 4
44083 4
44084 2
44085 3
44086 2
44087 1
44088 3
44089 3
44090 0
44091 1
44092 4
44093 1
44094 2
44095 1
44096 0
44097 2
44098 2
44099 3
44100 3
44101 2
44102 0
44103 5
44104 2
44105 2
44106 4
44107 2
44108 3
44109 0
44110 0
44111 0
44112 2
44113 2
44114 3
44115 2
44116 0
44117 2
44118 4
44119 3
44120 2
44121 3
44122 3
44123 4
44124 3
44125 5
44126 5
44127 2
44128 2
44129 3
44130 0
44131 1
44132 4
44133 2
44134 3
44135 4
44136 3
44137 0
44138 2
44139 2
44140 2
44141 4
44142 0
44143 5
44144 4
44145 2
44146 4
44147 3
44148 3
44149 2
44150 0
44151 1
44152 1
44153 1
44154 2
44155 1
44156 4
44157 0
44158 3
44159 2
44160 1
44161 2
44162 2
44163 1
44164 3
44165 3
44166 0
44167 2
44168 1
44169 4
44170 0
44171 1
44172 2
44173 2
44174 2
44175 0
44176 4
44177 4
44178 0
44179 3
44180 2
44181 1
44182 2
44183 0
44184 3
44185 1
44186 3
44187 3
44188 0
44189 4
44190 4
44191 3
44192 4
44193 2
44194 2
44195 1
44196 3
44197 3
44198 3
44199 3
44200 2
44201 4
44202 2
44203 1
44204 4
44205 4
44206 0
44207 3
44208 2
44209 4
44210 0
44211 0
44212 2
44213 0
44214 4
44215 0
44216 3
44217 3
44218 2
44219 4
44220 4
44221 4
44222 0
44223 2
44224 0
44225 1
44226 2
44227 3
44228 1
44229 2
44230 3
44231 2
44232 3
44233 1
44234 4
44235 5
44236 1
44237 1
44238 0
44239 3
44240 0
44241 1
44242 3
44243 3
44244 3
44245 3
44246 5
44247 2
44248 1
44249 3
44250 4
44251 4
44252 2
44253 0
44254 3
44255 2
44256 3
44257 3
44258 3
44259 4
44260 0
44261 0
44262 1
44263 2
44264 3
44265 0
44266 3
44267 2
44268 2
44269 1
44270 2
44271 4
44272 0
44273 1
44274 0
44275 4
44276 3
44277 4
44278 1
44279 2
44280 2
44281 2
44282 4
44283 0
44284 0
44285 2
44286 2
44287 0
44288 2
44289 3
44290 3
44291 2
44292 3
44293 0
44294 0
44295 4
44296 4
44297 0
44298 3
44299 1
44300 3
44301 4
44302 2
44303 2
44304 1
44305 0
44306 3
44307 2
44308 3
44309 0
44310 3
44311 2
44312 4
44313 0
44314 4
44315 2
44316 2
44317 3
44318 3
44319 0
44320 0
44321 4
44322 1
44323 4
44324 2
44325 1
44326 5
44327 0
44328 1
44329 1
44330 4
44331 4
44332 0
44333 3
44334 2
44335 3
44336 4
44337 4
44338 2
44339 0
44340 3
44341 1
44342 3
44343 0
44344 0
44345 5
44346 2
44347 1
44348 2
44349 4
44350 3
44351 1
44352 3
44353 0
44354 4
44355 1
44356 2
44357 0
44358 1
44359 4
44360 4
44361 3
44362 3
44363 2
44364 2
44365 1
44366 5
44367 4
44368 4
44369 3
44370 4
44371 4
44372 3
44373 0
44374 3
44375 0
44376 0
44377 3
44378 2
44379 4
44380 2
44381 0
44382 0
44383 4
44384 1
44385 3
44386 4
44387 2
44388 3
44389 3
44390 2
44391 5
44392 1
44393 0
44394 4
44395 2
44396 1
44397 1
44398 0
44399 0
44400 0
44401 1
44402 0
44403 3
44404 3
44405 1
44406 2
44407 4
44408 2
44409 2
44410 1
44411 3
44412 0
44413 2
44414 2
44415 2
44416 2
44417 2
44418 5
44419 0
44420 3
44421 4
44422 2
44423 3
44424 2
44425 2
44426 3
44427 1
44428 0
44429 1
44430 4
44431 2
44432 2
44433 3
44434 0
44435 0
44436 2
44437 2
44438 1
44439 2
44440 3
44441 4
44442 1
44443 3
44444 0
44445 1
44446 3
44447 3
44448 0
44449 0
44450 3
44451 1
44452 2
44453 0
44454 4
44455 4
44456 2
44457 3
44458 3
44459 3
44460 1
44461 1
44462 3
44463 0
44464 0
44465 0
44466 2
44467 4
44468 4
44469 2
44470 1
44471 0
44472 1
44473 3
44474 1
44475 1
44476 3
44477 1
44478 4
44479 3
44480 2
44481 4
44482 3
44483 1
44484 5
44485 1
44486 0
44487 2
44488 0
44489 1
44490 1
44491 4
44492 2
44493 4
44494 1
44495 3
44496 2
44497 3
44498 1
44499 4
44500 2
44501 4
44502 1
44503 3
44504 1
44505 3
44506 4
44507 3
44508 4
44509 3
44510 1
44511 3
44512 3
44513 3
44514 4
44515 3
44516 0
44517 4
44518 2
44519 1
44520 2
44521 0
44522 1
44523 4
44524 3
44525 0
44526 0
44527 1
44528 2
44529 0
44530 0
44531 1
44532 0
44533 2
44534 3
44535 5
44536 2
44537 3
44538 2
44539 1
44540 3
44541 4
44542 4
44543 1
44544 3
44545 6
44546 2
44547 3
44548 3
44549 0
44550 2
44551 1
44552 0
44553 1
44554 1
44555 3
44556 2
44557 1
44558 4
44559 5
44560 2
44561 4
44562 4
44563 3
44564 3
44565 3
44566 1
44567 2
44568 3
44569 0
44570 2
44571 3
44572 4
44573 3
44574 0
44575 3
44576 2
44577 2
44578 3
44579 3
44580 3
44581 2
44582 3
44583 5
44584 2
44585 4
44586 1
44587 4
44588 4
44589 0
44590 2
44591 3
44592 2
44593 3
44594 3
44595 3
44596 3
44597 2
44598 3
44599 2
44600 2
44601 1
44602 1
44603 3
44604 3
44605 3
44606 2
44607 1
44608 1
44609 1
44610 2
44611 0
44612 1
44613 0
44614 1
44615 1
44616 0
44617 1
44618 1
44619 4
44620 4
44621 1
44622 2
44623 2
44624 3
44625 3
44626 1
44627 4
44628 1
44629 3
44630 2
44631 4
44632 2
44633 3
44634 4
44635 3
44636 4
44637 2
44638 1
44639 2
44640 2
44641 1
44642 2
44643 4
44644 2
44645 0
44646 0
44647 4
44648 0
44649 3
44650 5
44651 0
44652 2
44653 1
44654 0
44655 2
44656 2
44657 1
44658 2
44659 0
44660 3
44661 1
44662 1
44663 2
44664 1
44665 2
44666 0
44667 3
44668 5
44669 4
44670 5
44671 3
44672 1
44673 2
44674 2
44675 2
44676 4
44677 3
44678 1
44679 3
44680 2
44681 2
44682 0
44683 3
44684 3
44685 0
44686 4
44687 4
44688 0
44689 2
44690 1
44691 2
44692 2
44693 2
44694 5
44695 3
44696 3
44697 2
44698 0
44699 4
44700 1
44701 3
44702 2
44703 3
44704 0
44705 4
44706 3
44707 2
44708 5
44709 2
44710 0
44711 0
44712 1
44713 0
44714 1
44715 0
44716 0
44717 2
44718 1
44719 2
44720 3
44721 4
44722 1
44723 2
44724 2
44725 0
44726 1
44727 3
44728 0
44729 2
44730 3
44731 2
44732 1
44733 2
44734 4
44735 3
44736 1
44737 2
44738 2
44739 1
44740 3
44741 0
44742 4
44743 4
44744 3
44745 3
44746 3
44747 5
44748 4
44749 2
44750 1
44751 3
44752 3
44753 0
44754 4
44755 2
44756 0
44757 3
44758 0
44759 1
44760 4
44761 4
44762 2
44763 4
44764 0
44765 3
44766 1
44767 2
44768 3
44769 2
44770 2
44771 2
44772 2
44773 4
44774 1
44775 4
44776 3
44777 1
44778 3
44779 1
44780 3
44781 0
44782 2
44783 0
44784 0
44785 4
44786 3
44787 5
44788 0
44789 4
44790 4
44791 3
44792 3
44793 3
44794 2
44795 0
44796 0
44797 2
44798 0
44799 0
44800 3
44801 2
44802 1
44803 4
44804 0
44805 3
44806 1
44807 1
44808 0
44809 0
44810 5
44811 1
44812 2
44813 1
44814 4
44815 0
44816 1
44817 3
44818 4
44819 1
44820 4
44821 3
44822 4
44823 4
44824 1
44825 3
44826 0
44827 2
44828 1
44829 4
44830 3
44831 3
44832 2
44833 5
44834 3
44835 4
44836 2
44837 3
44838 2
44839 1
44840 3
44841 4
44842 0
44843 2
44844 4
44845 3
44846 0
44847 4
44848 2
44849 2
44850 4
44851 5
44852 5
44853 4
44854 3
44855 4
44856 2
44857 3
44858 0
44859 2
44860 1
44861 3
44862 4
44863 3
44864 4
44865 0
44866 4
44867 4
44868 1
44869 1
44870 3
44871 2
44872 3
44873 4
44874 4
44875 5
44876 1
44877 2
44878 3
44879 3
44880 5
44881 4
44882 4
44883 1
44884 1
44885 0
44886 2
44887 2
44888 1
44889 2
44890 4
44891 1
44892 0
44893 5
44894 0
44895 4
44896 3
44897 2
44898 5
44899 1
44900 4
44901 3
44902 3
44903 1
44904 4
44905 1
44906 3
44907 3
44908 2
44909 1
44910 2
44911 3
44912 2
44913 3
44914 2
44915 2
44916 4
44917 2
44918 3
44919 4
44920 3
44921 2
44922 3
44923 3
44924 3
44925 3
44926 1
44927 1
44928 5
44929 1
44930 0
44931 2
44932 3
44933 4
44934 4
44935 5
44936 2
44937 0
44938 3
44939 0
44940 5
44941 1
44942 5
44943 0
44944 1
44945 3
44946 5
44947 2
44948 0
44949 0
44950 1
44951 4
44952 3
44953 3
44954 2
44955 1
44956 3
44957 3
44958 2
44959 0
44960 4
44961 0
44962 2
44963 3
44964 3
44965 5
44966 1
44967 4
44968 0
44969 0
44970 2
44971 4
44972 1
44973 3
44974 3
44975 2
44976 4
44977 2
44978 0
44979 3
44980 2
44981 4
44982 2
44983 3
44984 1
44985 2
44986 2
44987 3
44988 3
44989 1
44990 1
44991 2
44992 1
44993 0
44994 3
44995 3
44996 4
44997 1
44998 1
44999 4
45000 1
45001 0
45002 1
45003 1
45004 1
45005 2
45006 1
45007 4
45008 1
45009 2
45010 3
45011 2
45012 3
45013 4
45014 5
45015 0
45016 1
45017 3
45018 2
45019 2
45020 0
45021 0
45022 5
45023 3
45024 2
45025 2
45026 2
45027 2
45028 2
45029 1
45030 4
45031 2
45032 5
45033 4
45034 4
45035 4
45036 0
45037 0
45038 1
45039 4
45040 4
45041 1
45042 4
45043 3
45044 1
45045 2
45046 2
45047 4
45048 4
45049 1
45050 1
45051 3
45052 4
45053 0
45054 1
45055 0
45056 2
45057 1
45058 2
45059 1
45060 0
45061 3
45062 0
45063 4
45064 2
45065 1
45066 0
45067 4
45068 1
45069 3
45070 0
45071 4
45072 2
45073 1
45074 2
45075 2
45076 0
45077 2
45078 3
45079 3
45080 3
45081 0
45082 0
45083 4
45084 4
45085 4
45086 0
45087 1
45088 3
45089 4
45090 5
45091 1
45092 5
45093 1
45094 4
45095 2
45096 2
45097 0
45098 3
45099 1
45100 2
45101 2
45102 2
45103 1
45104 1
45105 4
45106 3
45107 4
45108 2
45109 0
45110 5
45111 3
45112 4
45113 3
45114 2
45115 3
45116 0
45117 0
45118 3
45119 3
45120 5
45121 2
45122 3
45123 3
45124 1
45125 1
45126 0
45127 1
45128 1
45129 4
45130 1
45131 4
45132 4
45133 3
45134 3
45135 3
45136 0
45137 2
45138 1
45139 1
45140 0
45141 0
45142 3
45143 4
45144 3
45145 4
45146 2
45147 3
45148 4
45149 4
45150 1
45151 2
45152 0
45153 2
45154 3
45155 1
45156 3
45157 1
45158 2
45159 0
45160 3
45161 2
45162 3
45163 3
45164 0
45165 1
45166 1
45167 1
45168 2
45169 3
45170 1
45171 2
45172 2
45173 3
45174 1
45175 2
45176 0
45177 0
45178 4
45179 1
45180 0
45181 2
45182 1
45183 2
45184 4
45185 2
45186 2
45187 2
45188 3
45189 5
45190 2
45191 5
45192 0
45193 3
45194 3
45195 4
45196 4
45197 0
45198 5
45199 1
45200 3
45201 4
45202 1
45203 2
45204 3
45205 1
45206 3
45207 2
45208 3
45209 2
45210 3
45211 2
45212 3
45213 3
45214 4
45215 3
45216 3
45217 1
45218 1
45219 0
45220 2
45221 2
45222 2
45223 1
45224 1
45225 2
45226 4
45227 3
45228 2
45229 2
45230 0
45231 2
45232 4
45233 2
45234 2
45235 2
45236 4
45237 2
45238 4
45239 1
45240 2
45241 2
45242 3
45243 4
45244 2
45245 3
45246 0
45247 2
45248 4
45249 1
45250 1
45251 1
45252 3
45253 4
45254 4
45255 3
45256 4
45257 2
45258 1
45259 1
45260 2
45261 4
45262 1
45263 0
45264 2
45265 3
45266 1
45267 2
45268 0
45269 0
45270 3
45271 2
45272 3
45273 0
45274 1
45275 1
45276 4
45277 3
45278 0
45279 1
45280 4
45281 0
45282 2
45283 3
45284 3
45285 0
45286 1
45287 4
45288 1
45289 0
45290 4
45291 4
45292 1
45293 4
45294 1
45295 0
45296 1
45297 2
45298 5
45299 2
45300 3
45301 2
45302 1
45303 3
45304 3
45305 3
45306 0
45307 3
45308 4
45309 4
45310 2
45311 0
45312 3
45313 1
45314 0
45315 2
45316 5
45317 0
45318 4
45319 0
45320 4
45321 2
45322 0
45323 4
45324 3
45325 1
45326 2
45327 0
45328 3
45329 2
45330 1
45331 2
45332 2
45333 4
45334 3
45335 0
45336 4
45337 1
45338 3
45339 1
45340 1
45341 5
45342 3
45343 2
45344 4
45345 3
45346 4
45347 0
45348 0
45349 4
45350 2
45351 4
45352 2
45353 3
45354 4
45355 5
45356 3
45357 1
45358 1
45359 1
45360 3
45361 1
45362 2
45363 4
45364 2
45365 3
45366 3
45367 1
45368 1
45369 3
45370 2
45371 3
45372 2
45373 4
45374 4
45375 2
45376 0
45377 2
45378 1
45379 1
45380 3
45381 2
45382 2
45383 2
45384 4
45385 4
45386 1
45387 2
45388 2
45389 0
45390 2
45391 0
45392 0
45393 3
45394 1
45395 1
45396 5
45397 2
45398 3
45399 2
45400 1
45401 3
45402 2
45403 4
45404 2
45405 2
45406 2
45407 3
45408 3
45409 3
45410 0
45411 4
45412 3
45413 3
45414 3
45415 3
45416 1
45417 2
45418 1
45419 1
45420 0
45421 3
45422 2
45423 1
45424 5
45425 0
45426 1
45427 5
45428 2
45429 4
45430 4
45431 5
45432 3
45433 1
45434 2
45435 1
45436 3
45437 3
45438 5
45439 4
45440 2
45441 3
45442 3
45443 3
45444 0
45445 0
45446 3
45447 4
45448 2
45449 2
45450 3
45451 5
45452 2
45453 2
45454 3
45455 0
45456 4
45457 2
45458 3
45459 2
45460 2
45461 3
45462 0
45463 1
45464 1
45465 0
45466 4
45467 3
45468 4
45469 4
45470 3
45471 3
45472 3
45473 1
45474 1
45475 3
45476 3
45477 2
45478 3
45479 4
45480 0
45481 2
45482 5
45483 0
45484 4
45485 3
45486 4
45487 1
45488 0
45489 3
45490 3
45491 5
45492 0
45493 4
45494 1
45495 4
45496 0
45497 5
45498 3
45499 2
45500 1
45501 0
45502 5
45503 3
45504 4
45505 5
45506 1
45507 4
45508 4
45509 4
45510 0
45511 4
45512 2
45513 5
45514 1
45515 2
45516 4
45517 3
45518 1
45519 3
45520 3
45521 1
45522 5
45523 3
45524 2
45525 3
45526 3
45527 1
45528 1
45529 2
45530 0
45531 2
45532 2
45533 2
45534 1
45535 1
45536 1
45537 0
45538 0
45539 0
45540 2
45541 3
45542 2
45543 2
45544 0
45545 4
45546 3
45547 0
45548 2
45549 4
45550 3
45551 1
45552 3
45553 5
45554 3
45555 1
45556 4
45557 2
45558 3
45559 3
45560 3
45561 5
45562 1
45563 1
45564 3
45565 5
45566 5
45567 1
45568 4
45569 1
45570 0
45571 4
45572 4
45573 5
45574 3
45575 0
45576 1
45577 4
45578 0
45579 3
45580 2
45581 3
45582 3
45583 0
45584 3
45585 3
45586 4
45587 2
45588 0
45589 1
45590 1
45591 3
45592 0
45593 2
45594 1
45595 4
45596 0
45597 5
45598 2
45599 3
45600 3
45601 3
45602 5
45603 0
45604 3
45605 4
45606 2
45607 1
45608 4
45609 3
45610 1
45611 3
45612 4
45613 2
45614 5
45615 2
45616 2
45617 2
45618 1
45619 3
45620 3
45621 5
45622 0
45623 1
45624 4
45625 3
45626 1
45627 4
45628 3
45629 2
45630 2
45631 1
45632 3
45633 5
45634 3
45635 3
45636 0
45637 4
45638 2
45639 2
45640 3
45641 2
45642 1
45643 0
45644 4
45645 2
45646 4
45647 5
45648 1
45649 3
45650 1
45651 4
45652 0
45653 3
45654 4
45655 3
45656 2
45657 3
45658 3
45659 1
45660 4
45661 3
45662 3
45663 1
45664 2
45665 4
45666 3
45667 3
45668 4
45669 5
45670 3
45671 0
45672 1
45673 1
45674 2
45675 2
45676 1
45677 0
45678 0
45679 2
45680 3
45681 2
45682 0
45683 3
45684 2
45685 3
45686 1
45687 2
45688 0
45689 0
45690 0
45691 4
45692 3
45693 3
45694 2
45695 4
45696 1
45697 1
45698 2
45699 3
45700 3
45701 3
45702 4
45703 2
45704 0
45705 5
45706 3
45707 2
45708 3
45709 4
45710 0
45711 2
45712 0
45713 1
45714 3
45715 1
45716 3
45717 2
45718 3
45719 3
45720 3
45721 4
45722 2
45723 2
45724 2
45725 3
45726 2
45727 0
45728 2
45729 1
45730 0
45731 4
45732 0
45733 2
45734 3
45735 5
45736 1
45737 3
45738 2
45739 0
45740 5
45741 3
45742 3
45743 1
45744 0
45745 0
45746 0
45747 4
45748 1
45749 4
45750 0
45751 1
45752 3
45753 0
45754 4
45755 1
45756 0
45757 0
45758 1
45759 1
45760 0
45761 3
45762 4
45763 3
45764 4
45765 0
45766 2
45767 2
45768 2
45769 2
45770 0
45771 3
45772 1
45773 3
45774 1
45775 1
45776 1
45777 1
45778 2
45779 5
45780 0
45781 2
45782 1
45783 3
45784 3
45785 3
45786 3
45787 2
45788 3
45789 0
45790 4
45791 0
45792 2
45793 5
45794 3
45795 3
45796 0
45797 3
45798 3
45799 3
45800 0
45801 4
45802 3
45803 1
45804 2
45805 3
45806 3
45807 1
45808 1
45809 4
45810 4
45811 2
45812 2
45813 1
45814 2
45815 3
45816 1
45817 1
45818 0
45819 2
45820 2
45821 0
45822 4
45823 3
45824 1
45825 1
45826 3
45827 4
45828 4
45829 5
45830 2
45831 2
45832 4
45833 5
45834 0
45835 4
45836 3
45837 0
45838 1
45839 2
45840 1
45841 2
45842 3
45843 0
45844 2
45845 0
45846 0
45847 2
45848 1
45849 4
45850 2
45851 2
45852 3
45853 1
45854 3
45855 0
45856 0
45857 3
45858 2
45859 1
45860 2
45861 3
45862 2
45863 2
45864 3
45865 1
45866 1
45867 4
45868 1
45869 1
45870 3
45871 3
45872 1
45873 3
45874 1
45875 5
45876 3
45877 0
45878 1
45879 3
45880 2
45881 0
45882 0
45883 1
45884 1
45885 1
45886 2
45887 1
45888 3
45889 0
45890 5
45891 3
45892 0
45893 2
45894 0
45895 3
45896 4
45897 1
45898 2
45899 1
45900 3
45901 3
45902 4
45903 2
45904 3
45905 2
45906 3
45907 0
45908 1
45909 3
45910 3
45911 4
45912 2
45913 2
45914 4
45915 1
45916 4
45917 4
45918 3
45919 2
45920 2
45921 5
45922 4
45923 4
45924 3
45925 1
45926 5
45927 4
45928 2
45929 2
45930 3
45931 2
45932 3
45933 5
45934 3
45935 0
45936 0
45937 2
45938 1
45939 0
45940 1
45941 3
45942 0
45943 3
45944 2
45945 2
45946 2
45947 4
45948 2
45949 5
45950 2
45951 2
45952 1
45953 3
45954 2
45955 2
45956 1
45957 4
45958 2
45959 3
45960 3
45961 1
45962 2
45963 1
45964 1
45965 2
45966 1
45967 4
45968 1
45969 2
45970 2
45971 0
45972 0
45973 3
45974 2
45975 1
45976 3
45977 4
45978 2
45979 2
45980 2
45981 2
45982 3
45983 3
45984 1
45985 4
45986 3
45987 3
45988 0
45989 3
45990 3
45991 3
45992 2
45993 0
45994 0
45995 5
45996 0
45997 3
45998 3
45999 1
46000 0
46001 2
46002 3
46003 1
46004 2
46005 2
46006 2
46007 2
46008 3
46009 2
46010 2
46011 1
46012 3
46013 0
46014 0
46015 1
46016 4
46017 2
46018 3
46019 3
46020 1
46021 1
46022 2
46023 4
46024 3
46025 2
46026 1
46027 4
46028 2
46029 0
46030 3
46031 5
46032 4
46033 2
46034 0
46035 1
46036 2
46037 2
46038 1
46039 1
46040 2
46041 0
46042 3
46043 2
46044 4
46045 1
46046 4
46047 4
46048 3
46049 2
46050 3
46051 0
46052 2
46053 3
46054 2
46055 3
46056 2
46057 3
46058 0
46059 1
46060 2
46061 4
46062 3
46063 5
46064 1
46065 1
46066 3
46067 2
46068 3
46069 4
46070 0
46071 2
46072 3
46073 4
46074 2
46075 0
46076 3
46077 3
46078 1
46079 2
46080 2
46081 4
46082 1
46083 3
46084 0
46085 1
46086 3
46087 4
46088 2
46089 4
46090 3
46091 5
46092 2
46093 2
46094 0
46095 4
46096 1
46097 0
46098 3
46099 1
46100 4
46101 2
46102 3
46103 0
46104 4
46105 4
46106 2
46107 1
46108 0
46109 5
46110 1
46111 3
46112 1
46113 1
46114 3
46115 5
46116 2
46117 2
46118 2
46119 3
46120 4
46121 4
46122 5
46123 1
46124 3
46125 2
46126 2
46127 4
46128 2
46129 4
46130 4
46131 0
46132 2
46133 0
46134 0
46135 2
46136 2
46137 4
46138 0
46139 5
46140 3
46141 5
46142 1
46143 2
46144 1
46145 5
46146 3
46147 2
46148 0
46149 3
46150 2
46151 3
46152 0
46153 4
46154 4
46155 1
46156 1
46157 6
46158 4
46159 1
46160 1
46161 2
46162 3
46163 0
46164 2
46165 1
46166 4
46167 1
46168 1
46169 4
46170 2
46171 2
46172 3
46173 4
46174 1
46175 4
46176 3
46177 1
46178 3
46179 2
46180 4
46181 4
46182 2
46183 0
46184 3
46185 4
46186 1
46187 0
46188 4
46189 3
46190 5
46191 0
46192 1
46193 3
46194 0
46195 0
46196 2
46197 2
46198 3
46199 3
46200 1
46201 3
46202 1
46203 2
46204 2
46205 1
46206 0
46207 3
46208 3
46209 2
46210 0
46211 3
46212 2
46213 3
46214 2
46215 1
46216 1
46217 4
46218 0
46219 3
46220 3
46221 2
46222 1
46223 4
46224 0
46225 2
46226 1
46227 3
46228 4
46229 4
46230 1
46231 0
46232 4
46233 4
46234 0
46235 3
46236 2
46237 2
46238 3
46239 2
46240 5
46241 1
46242 1
46243 2
46244 4
46245 2
46246 3
46247 4
46248 3
46249 3
46250 3
46251 0
46252 3
46253 4
46254 0
46255 2
46256 2
46257 1
46258 2
46259 1
46260 0
46261 2
46262 2
46263 2
46264 5
46265 0
46266 0
46267 3
46268 0
46269 3
46270 4
46271 1
46272 1
46273 1
46274 3
46275 3
46276 1
46277 3
46278 2
46279 3
46280 3
46281 1
46282 4
46283 4
46284 1
46285 1
46286 2
46287 3
46288 1
46289 0
46290 2
46291 1
46292 5
46293 1
46294 2
46295 4
46296 1
46297 3
46298 3
46299 4
46300 3
46301 1
46302 3
46303 0
46304 1
46305 1
46306 2
46307 0
46308 0
46309 3
46310 4
46311 2
46312 3
46313 1
46314 4
46315 2
46316 4
46317 5
46318 0
46319 2
46320 0
46321 3
46322 2
46323 5
46324 4
46325 2
46326 3
46327 3
46328 1
46329 1
46330 1
46331 0
46332 2
46333 1
46334 1
46335 2
46336 1
46337 3
46338 2
46339 2
46340 3
46341 3
46342 1
46343 3
46344 1
46345 0
46346 3
46347 3
46348 3
46349 2
46350 4
46351 3
46352 4
46353 3
46354 0
46355 3
46356 4
46357 4
46358 2
46359 3
46360 2
46361 1
46362 1
46363 5
46364 3
46365 0
46366 2
46367 1
46368 2
46369 4
46370 0
46371 4
46372 3
46373 4
46374 4
46375 1
46376 5
46377 1
46378 3
46379 0
46380 2
46381 3
46382 1
46383 1
46384 4
46385 3
46386 2
46387 2
46388 0
46389 2
46390 1
46391 3
46392 2
46393 1
46394 3
46395 0
46396 3
46397 2
46398 3
46399 2
46400 4
46401 2
46402 4
46403 4
46404 3
46405 1
46406 4
46407 0
46408 0
46409 4
46410 5
46411 2
46412 3
46413 0
46414 4
46415 5
46416 3
46417 0
46418 3
46419 3
46420 1
46421 3
46422 0
46423 3
46424 0
46425 4
46426 4
46427 4
46428 1
46429 0
46430 3
46431 0
46432 2
46433 3
46434 4
46435 1
46436 1
46437 3
46438 0
46439 3
46440 4
46441 0
46442 0
46443 3
46444 3
46445 3
46446 4
46447 1
46448 4
46449 4
46450 1
46451 2
46452 3
46453 5
46454 3
46455 2
46456 2
46457 3
46458 4
46459 2
46460 3
46461 1
46462 2
46463 0
46464 0
46465 1
46466 0
46467 0
46468 1
46469 0
46470 0
46471 4
46472 3
46473 0
46474 5
46475 2
46476 2
46477 4
46478 2
46479 2
46480 0
46481 4
46482 5
46483 0
46484 1
46485 3
46486 1
46487 3
46488 3
46489 5
46490 3
46491 1
46492 2
46493 3
46494 0
46495 4
46496 3
46497 2
46498 1
46499 1
46500 1
46501 1
46502 0
46503 3
46504 4
46505 3
46506 3
46507 3
46508 4
46509 3
46510 3
46511 2
46512 3
46513 3
46514 4
46515 3
46516 3
46517 0
46518 2
46519 4
46520 1
46521 1
46522 3
46523 4
46524 4
46525 1
46526 0
46527 2
46528 3
46529 2
46530 3
46531 2
46532 2
46533 3
46534 3
46535 2
46536 4
46537 3
46538 5
46539 2
46540 4
46541 3
46542 2
46543 2
46544 4
46545 0
46546 0
46547 0
46548 2
46549 0
46550 1
46551 5
46552 4
46553 4
46554 1
46555 4
46556 3
46557 2
46558 4
46559 1
46560 1
46561 1
46562 3
46563 2
46564 2
46565 3
46566 2
46567 2
46568 4
46569 5
46570 3
46571 3
46572 0
46573 1
46574 3
46575 4
46576 2
46577 0
46578 1
46579 3
46580 0
46581 3
46582 2
46583 2
46584 4
46585 1
46586 4
46587 2
46588 2
46589 0
46590 3
46591 2
46592 0
46593 2
46594 1
46595 3
46596 0
46597 0
46598 1
46599 1
46600 4
46601 2
46602 4
46603 3
46604 0
46605 2
46606 5
46607 1
46608 2
46609 1
46610 2
46611 2
46612 2
46613 3
46614 1
46615 1
46616 4
46617 3
46618 2
46619 4
46620 5
46621 2
46622 2
46623 3
46624 3
46625 4
46626 5
46627 4
46628 3
46629 3
46630 4
46631 3
46632 0
46633 5
46634 1
46635 0
46636 2
46637 2
46638 4
46639 2
46640 4
46641 4
46642 0
46643 1
46644 2
46645 4
46646 1
46647 2
46648 3
46649 4
46650 4
46651 4
46652 0
46653 3
46654 5
46655 4
46656 2
46657 1
46658 1
46659 2
46660 0
46661 5
46662 4
46663 0
46664 0
46665 1
46666 1
46667 0
46668 5
46669 3
46670 4
46671 3
46672 0
46673 1
46674 4
46675 3
46676 1
46677 0
46678 4
46679 3
46680 4
46681 1
46682 0
46683 0
46684 4
46685 3
46686 3
46687 4
46688 1
46689 5
46690 1
46691 2
46692 2
46693 4
46694 4
46695 1
46696 3
46697 4
46698 1
46699 5
46700 3
46701 0
46702 3
46703 0
46704 2
46705 1
46706 1
46707 1
46708 1
46709 0
46710 0
46711 1
46712 1
46713 2
46714 2
46715 3
46716 4
46717 0
46718 0
46719 5
46720 3
46721 3
46722 1
46723 3
46724 2
46725 0
46726 2
46727 1
46728 3
46729 0
46730 4
46731 2
46732 4
46733 0
46734 4
46735 4
46736 2
46737 3
46738 3
46739 3
46740 0
46741 3
46742 4
46743 1
46744 1
46745 2
46746 3
46747 3
46748 1
46749 4
46750 2
46751 4
46752 4
46753 1
46754 4
46755 2
46756 2
46757 1
46758 4
46759 1
46760 2
46761 3
46762 2
46763 1
46764 0
46765 4
46766 4
46767 1
46768 2
46769 1
46770 3
46771 1
46772 2
46773 4
46774 2
46775 2
46776 3
46777 0
46778 1
46779 3
46780 2
46781 3
46782 1
46783 3
46784 3
46785 5
46786 2
46787 0
46788 2
46789 4
46790 1
46791 2
46792 1
46793 1
46794 5
46795 2
46796 0
46797 3
46798 0
46799 0
46800 1
46801 6
46802 2
46803 1
46804 1
46805 2
46806 3
46807 2
46808 4
46809 0
46810 4
46811 3
46812 1
46813 2
46814 2
46815 3
46816 3
46817 5
46818 3
46819 2
46820 3
46821 4
46822 3
46823 1
46824 3
46825 2
46826 0
46827 3
46828 2
46829 3
46830 1
46831 3
46832 2
46833 3
46834 0
46835 4
46836 0
46837 3
46838 3
46839 2
46840 2
46841 5
46842 2
46843 1
46844 3
46845 0
46846 2
46847 4
46848 0
46849 4
46850 3
46851 2
46852 4
46853 4
46854 1
46855 3
46856 0
46857 3
46858 2
46859 3
46860 4
46861 2
46862 3
46863 3
46864 1
46865 0
46866 5
46867 2
46868 0
46869 0
46870 2
46871 5
46872 4
46873 0
46874 1
46875 3
46876 1
46877 3
46878 4
46879 3
46880 0
46881 4
46882 0
46883 0
46884 4
46885 0
46886 2
46887 2
46888 0
46889 3
46890 5
46891 2
46892 1
46893 0
46894 0
46895 0
46896 3
46897 0
46898 3
46899 1
46900 4
46901 1
46902 4
46903 4
46904 2
46905 4
46906 2
46907 3
46908 3
46909 4
46910 0
46911 0
46912 2
46913 3
46914 4
46915 4
46916 2
46917 2
46918 4
46919 0
46920 0
46921 2
46922 1
46923 2
46924 3
46925 0
46926 3
46927 1
46928 2
46929 3
46930 1
46931 1
46932 3
46933 3
46934 0
46935 3
46936 1
46937 2
46938 2
46939 0
46940 2
46941 3
46942 2
46943 3
46944 2
46945 0
46946 0
46947 2
46948 1
46949 0
46950 0
46951 1
46952 0
46953 0
46954 0
46955 2
46956 3
46957 5
46958 1
46959 1
46960 2
46961 4
46962 3
46963 2
46964 4
46965 2
46966 1
46967 0
46968 1
46969 3
46970 4
46971 1
46972 5
46973 3
46974 3
46975 3
46976 1
46977 3
46978 3
46979 2
46980 1
46981 3
46982 3
46983 0
46984 4
46985 2
46986 1
46987 2
46988 1
46989 4
46990 0
46991 4
46992 4
46993 3
46994 4
46995 4
46996 4
46997 0
46998 3
46999 4
47000 3
47001 3
47002 3
47003 1
47004 3
47005 2
47006 1
47007 4
47008 0
47009 1
47010 3
47011 4
47012 5
47013 0
47014 6
47015 1
47016 3
47017 1
47018 0
47019 3
47020 1
47021 2
47022 1
47023 2
47024 4
47025 5
47026 4
47027 4
47028 3
47029 5
47030 3
47031 1
47032 4
47033 2
47034 0
47035 2
47036 2
47037 4
47038 2
47039 2
47040 0
47041 1
47042 6
47043 1
47044 4
47045 2
47046 0
47047 1
47048 2
47049 0
47050 1
47051 3
47052 2
47053 4
47054 2
47055 2
47056 3
47057 2
47058 0
47059 0
47060 0
47061 2
47062 3
47063 3
47064 1
47065 0
47066 4
47067 2
47068 2
47069 1
47070 3
47071 4
47072 2
47073 4
47074 1
47075 4
47076 5
47077 1
47078 4
47079 5
47080 2
47081 4
47082 2
47083 4
47084 0
47085 2
47086 3
47087 5
47088 3
47089 5
47090 3
47091 4
47092 0
47093 3
47094 4
47095 1
47096 3
47097 5
47098 0
47099 0
47100 4
47101 2
47102 2
47103 0
47104 0
47105 3
47106 1
47107 2
47108 2
47109 2
47110 2
47111 3
47112 0
47113 3
47114 0
47115 3
47116 1
47117 1
47118 0
47119 2
47120 3
47121 2
47122 0
47123 1
47124 2
47125 3
47126 5
47127 2
47128 1
47129 3
47130 2
47131 4
47132 4
47133 2
47134 1
47135 0
47136 3
47137 2
47138 2
47139 2
47140 3
47141 1
47142 3
47143 2
47144 2
47145 1
47146 2
47147 5
47148 0
47149 2
47150 3
47151 2
47152 2
47153 4
47154 2
47155 0
47156 4
47157 1
47158 1
47159 3
47160 0
47161 0
47162 2
47163 2
47164 3
47165 4
47166 1
47167 0
47168 2
47169 1
47170 2
47171 1
47172 0
47173 4
47174 3
47175 1
47176 3
47177 2
47178 1
47179 2
47180 2
47181 2
47182 0
47183 0
47184 4
47185 4
47186 0
47187 5
47188 5
47189 2
47190 3
47191 3
47192 0
47193 2
47194 5
47195 3
47196 0
47197 2
47198 3
47199 4
47200 2
47201 4
47202 1
47203 2
47204 5
47205 2
47206 2
47207 0
47208 0
47209 3
47210 3
47211 0
47212 1
47213 3
47214 5
47215 1
47216 1
47217 3
47218 4
47219 4
47220 0
47221 5
47222 3
47223 4
47224 0
47225 0
47226 0
47227 2
47228 1
47229 1
47230 3
47231 1
47232 0
47233 2
47234 0
47235 1
47236 4
47237 1
47238 2
47239 4
47240 3
47241 4
47242 4
47243 2
47244 4
47245 3
47246 4
47247 1
47248 1
47249 5
47250 4
47251 5
47252 4
47253 1
47254 0
47255 2
47256 0
47257 1
47258 3
47259 4
47260 1
47261 4
47262 0
47263 4
47264 0
47265 4
47266 0
47267 4
47268 3
47269 0
47270 3
47271 4
47272 0
47273 0
47274 2
47275 4
47276 3
47277 3
47278 1
47279 0
47280 0
47281 3
47282 1
47283 2
47284 4
47285 3
47286 2
47287 3
47288 0
47289 0
47290 4
47291 1
47292 3
47293 3
47294 2
47295 1
47296 0
47297 5
47298 2
47299 2
47300 1
47301 1
47302 2
47303 0
47304 3
47305 0
47306 0
47307 1
47308 3
47309 1
47310 4
47311 0
47312 2
47313 1
47314 2
47315 2
47316 0
47317 2
47318 0
47319 4
47320 3
47321 0
47322 5
47323 1
47324 1
47325 3
47326 1
47327 2
47328 3
47329 1
47330 4
47331 2
47332 3
47333 4
47334 2
47335 3
47336 2
47337 3
47338 2
47339 1
47340 0
47341 5
47342 2
47343 3
47344 2
47345 3
47346 3
47347 3
47348 5
47349 0
47350 3
47351 0
47352 3
47353 1
47354 2
47355 1
47356 3
47357 3
47358 2
47359 3
47360 2
47361 3
47362 5
47363 1
47364 4
47365 2
47366 2
47367 3
47368 2
47369 0
47370 2
47371 1
47372 1
47373 0
47374 3
47375 0
47376 2
47377 0
47378 2
47379 5
47380 3
47381 3
47382 1
47383 4
47384 4
47385 1
47386 4
47387 2
47388 5
47389 3
47390 3
47391 0
47392 3
47393 2
47394 3
47395 4
47396 0
47397 4
47398 0
47399 1
47400 1
47401 1
47402 1
47403 2
47404 3
47405 3
47406 5
47407 2
47408 4
47409 0
47410 0
47411 0
47412 3
47413 1
47414 3
47415 1
47416 0
47417 0
47418 2
47419 2
47420 3
47421 2
47422 0
47423 4
47424 0
47425 3
47426 3
47427 0
47428 1
47429 2
47430 3
47431 2
47432 3
47433 3
47434 2
47435 4
47436 4
47437 2
47438 3
47439 3
47440 2
47441 4
47442 1
47443 1
47444 3
47445 4
47446 4
47447 2
47448 2
47449 4
47450 3
47451 0
47452 5
47453 0
47454 5
47455 5
47456 3
47457 2
47458 1
47459 2
47460 3
47461 0
47462 3
47463 2
47464 2
47465 1
47466 4
47467 3
47468 3
47469 3
47470 1
47471 5
47472 4
47473 3
47474 3
47475 1
47476 0
47477 3
47478 0
47479 0
47480 2
47481 3
47482 1
47483 1
47484 3
47485 3
47486 2
47487 0
47488 4
47489 4
47490 2
47491 3
47492 2
47493 3
47494 4
47495 3
47496 0
47497 4
47498 3
47499 2
47500 4
47501 2
47502 3
47503 3
47504 5
47505 4
47506 3
47507 3
47508 0
47509 4
47510 3
47511 1
47512 0
47513 0
47514 2
47515 0
47516 4
47517 3
47518 0
47519 2
47520 2
47521 4
47522 2
47523 4
47524 4
47525 4
47526 1
47527 1
47528 4
47529 3
47530 0
47531 0
47532 0
47533 2
47534 0
47535 0
47536 4
47537 0
47538 3
47539 4
47540 3
47541 3
47542 2
47543 2
47544 1
47545 4
47546 0
47547 2
47548 1
47549 1
47550 1
47551 1
47552 0
47553 2
47554 4
47555 3
47556 2
47557 2
47558 4
47559 2
47560 3
47561 1
47562 2
47563 3
47564 0
47565 1
47566 0
47567 0
47568 1
47569 1
47570 3
47571 0
47572 0
47573 0
47574 5
47575 2
47576 1
47577 5
47578 4
47579 4
47580 3
47581 5
47582 2
47583 1
47584 4
47585 4
47586 4
47587 5
47588 1
47589 2
47590 2
47591 4
47592 2
47593 0
47594 1
47595 1
47596 2
47597 2
47598 3
47599 3
47600 4
47601 4
47602 3
47603 0
47604 3
47605 3
47606 3
47607 2
47608 5
47609 2
47610 2
47611 3
47612 5
47613 2
47614 0
47615 2
47616 2
47617 2
47618 3
47619 3
47620 0
47621 5
47622 1
47623 3
47624 1
47625 4
47626 4
47627 1
47628 4
47629 0
47630 4
47631 0
47632 1
47633 0
47634 3
47635 1
47636 1
47637 0
47638 4
47639 5
47640 1
47641 4
47642 4
47643 3
47644 3
47645 0
47646 4
47647 3
47648 4
47649 4
47650 4
47651 3
47652 1
47653 3
47654 4
47655 2
47656 0
47657 3
47658 1
47659 4
47660 5
47661 1
47662 2
47663 0
47664 4
47665 1
47666 4
47667 3
47668 3
47669 5
47670 1
47671 3
47672 3
47673 0
47674 3
47675 2
47676 3
47677 4
47678 1
47679 3
47680 1
47681 1
47682 4
47683 1
47684 4
47685 1
47686 1
47687 4
47688 3
47689 3
47690 0
47691 2
47692 0
47693 5
47694 3
47695 3
47696 1
47697 1
47698 3
47699 4
47700 3
47701 3
47702 5
47703 3
47704 4
47705 2
47706 3
47707 3
47708 2
47709 3
47710 3
47711 0
47712 2
47713 2
47714 4
47715 1
47716 3
47717 1
47718 3
47719 3
47720 4
47721 2
47722 0
47723 6
47724 0
47725 4
47726 1
47727 0
47728 0
47729 2
47730 3
47731 4
47732 0
47733 4
47734 3
47735 3
47736 2
47737 0
47738 3
47739 4
47740 4
47741 2
47742 1
47743 0
47744 0
47745 4
47746 4
47747 1
47748 1
47749 3
47750 1
47751 4
47752 2
47753 4
47754 4
47755 4
47756 5
47757 0
47758 1
47759 3
47760 1
47761 2
47762 2
47763 4
47764 5
47765 3
47766 0
47767 1
47768 5
47769 4
47770 3
47771 3
47772 4
47773 4
47774 1
47775 2
47776 2
47777 1
47778 0
47779 3
47780 5
47781 2
47782 1
47783 0
47784 1
47785 3
47786 3
47787 3
47788 2
47789 1
47790 4
47791 1
47792 3
47793 0
47794 3
47795 3
47796 4
47797 3
47798 4
47799 5
47800 5
47801 2
47802 3
47803 0
47804 4
47805 2
47806 0
47807 1
47808 2
47809 0
47810 3
47811 3
47812 4
47813 2
47814 3
47815 0
47816 0
47817 3
47818 4
47819 0
47820 3
47821 0
47822 2
47823 1
47824 1
47825 3
47826 2
47827 4
47828 2
47829 2
47830 1
47831 4
47832 3
47833 0
47834 4
47835 1
47836 3
47837 2
47838 0
47839 3
47840 5
47841 3
47842 0
47843 0
47844 2
47845 0
47846 1
47847 2
47848 5
47849 0
47850 0
47851 3
47852 5
47853 5
47854 0
47855 1
47856 4
47857 3
47858 4
47859 4
47860 3
47861 2
47862 4
47863 5
47864 2
47865 6
47866 5
47867 2
47868 1
47869 1
47870 0
47871 0
47872 2
47873 0
47874 3
47875 1
47876 1
47877 1
47878 0
47879 2
47880 3
47881 2
47882 2
47883 4
47884 4
47885 3
47886 1
47887 2
47888 4
47889 2
47890 0
47891 3
47892 2
47893 5
47894 3
47895 4
47896 3
47897 3
47898 2
47899 3
47900 0
47901 0
47902 3
47903 2
47904 4
47905 2
47906 4
47907 4
47908 2
47909 2
47910 3
47911 4
47912 0
47913 2
47914 4
47915 2
47916 3
47917 1
47918 1
47919 3
47920 1
47921 0
47922 2
47923 2
47924 0
47925 4
47926 3
47927 3
47928 0
47929 3
47930 0
47931 1
47932 1
47933 3
47934 0
47935 2
47936 0
47937 4
47938 0
47939 2
47940 3
47941 1
47942 2
47943 3
47944 4
47945 1
47946 1
47947 3
47948 2
47949 3
47950 1
47951 4
47952 2
47953 1
47954 4
47955 4
47956 3
47957 3
47958 1
47959 4
47960 0
47961 3
47962 2
47963 2
47964 4
47965 1
47966 4
47967 0
47968 2
47969 1
47970 4
47971 3
47972 3
47973 3
47974 3
47975 3
47976 2
47977 1
47978 2
47979 3
47980 4
47981 2
47982 1
47983 4
47984 3
47985 2
47986 2
47987 0
47988 1
47989 4
47990 3
47991 2
47992 2
47993 0
47994 3
47995 2
47996 1
47997 2
47998 4
47999 0
48000 3
48001 5
48002 2
48003 1
48004 5
48005 3
48006 0
48007 1
48008 3
48009 1
48010 4
48011 3
48012 1
48013 1
48014 5
48015 3
48016 1
48017 4
48018 1
48019 3
48020 0
48021 4
48022 4
48023 0
48024 1
48025 3
48026 2
48027 4
48028 2
48029 2
48030 3
48031 2
48032 0
48033 2
48034 1
48035 3
48036 3
48037 1
48038 2
48039 1
48040 1
48041 3
48042 0
48043 2
48044 1
48045 3
48046 1
48047 3
48048 4
48049 0
48050 4
48051 1
48052 4
48053 3
48054 4
48055 1
48056 1
48057 3
48058 3
48059 4
48060 4
48061 3
48062 1
48063 2
48064 2
48065 2
48066 5
48067 1
48068 2
48069 4
48070 3
48071 2
48072 0
48073 0
48074 4
48075 1
48076 1
48077 5
48078 4
48079 1
48080 2
48081 2
48082 3
48083 3
48084 3
48085 4
48086 2
48087 2
48088 1
48089 1
48090 4
48091 0
48092 3
48093 0
48094 3
48095 4
48096 1
48097 2
48098 4
48099 4
48100 1
48101 6
48102 1
48103 1
48104 2
48105 0
48106 1
48107 4
48108 1
48109 0
48110 3
48111 4
48112 4
48113 2
48114 3
48115 2
48116 4
48117 2
48118 2
48119 4
48120 4
48121 1
48122 0
48123 3
48124 3
48125 3
48126 1
48127 3
48128 1
48129 5
48130 1
48131 3
48132 2
48133 2
48134 0
48135 2
48136 1
48137 4
48138 1
48139 3
48140 2
48141 1
48142 5
48143 3
48144 1
48145 4
48146 0
48147 4
48148 0
48149 1
48150 4
48151 1
48152 3
48153 1
48154 0
48155 1
48156 2
48157 3
48158 1
48159 0
48160 2
48161 0
48162 2
48163 4
48164 2
48165 3
48166 1
48167 4
48168 0
48169 2
48170 3
48171 0
48172 1
48173 2
48174 2
48175 0
48176 1
48177 1
48178 4
48179 0
48180 3
48181 1
48182 0
48183 5
48184 1
48185 3
48186 1
48187 5
48188 2
48189 2
48190 4
48191 5
48192 1
48193 4
48194 5
48195 4
48196 2
48197 0
48198 5
48199 1
48200 1
48201 3
48202 4
48203 5
48204 0
48205 5
48206 0
48207 1
48208 0
48209 2
48210 3
48211 0
48212 1
48213 5
48214 1
48215 1
48216 3
48217 3
48218 2
48219 0
48220 5
48221 2
48222 4
48223 2
48224 1
48225 0
48226 3
48227 0
48228 2
48229 5
48230 2
48231 2
48232 1
48233 3
48234 1
48235 2
48236 4
48237 1
48238 4
48239 3
48240 2
48241 4
48242 3
48243 3
48244 3
48245 4
48246 1
48247 3
48248 4
48249 2
48250 3
48251 0
48252 3
48253 1
48254 0
48255 2
48256 2
48257 1
48258 0
48259 2
48260 1
48261 1
48262 2
48263 4
48264 4
48265 3
48266 1
48267 4
48268 1
48269 2
48270 1
48271 2
48272 4
48273 4
48274 0
48275 3
48276 4
48277 4
48278 0
48279 4
48280 3
48281 0
48282 1
48283 4
48284 1
48285 4
48286 0
48287 2
48288 5
48289 0
48290 1
48291 4
48292 2
48293 0
48294 1
48295 0
48296 3
48297 1
48298 1
48299 2
48300 1
48301 2
48302 3
48303 4
48304 3
48305 5
48306 3
48307 5
48308 4
48309 1
48310 1
48311 3
48312 2
48313 5
48314 1
48315 2
48316 1
48317 1
48318 3
48319 3
48320 2
48321 0
48322 2
48323 0
48324 0
48325 1
48326 0
48327 3
48328 3
48329 4
48330 3
48331 3
48332 1
48333 0
48334 0
48335 2
48336 4
48337 4
48338 3
48339 1
48340 3
48341 0
48342 2
48343 0
48344 1
48345 4
48346 2
48347 4
48348 3
48349 5
48350 1
48351 3
48352 2
48353 4
48354 1
48355 1
48356 5
48357 2
48358 0
48359 3
48360 2
48361 0
48362 5
48363 1
48364 3
48365 2
48366 1
48367 3
48368 2
48369 2
48370 4
48371 4
48372 4
48373 3
48374 2
48375 1
48376 2
48377 2
48378 4
48379 1
48380 4
48381 4
48382 3
48383 0
48384 3
48385 2
48386 0
48387 1
48388 1
48389 1
48390 0
48391 4
48392 2
48393 4
48394 5
48395 2
48396 3
48397 0
48398 3
48399 3
48400 4
48401 1
48402 0
48403 4
48404 0
48405 2
48406 1
48407 0
48408 2
48409 3
48410 0
48411 4
48412 2
48413 2
48414 4
48415 2
48416 3
48417 1
48418 0
48419 3
48420 3
48421 2
48422 0
48423 1
48424 1
48425 0
48426 5
48427 4
48428 0
48429 0
48430 1
48431 1
48432 2
48433 3
48434 3
48435 1
48436 3
48437 0
48438 4
48439 1
48440 3
48441 5
48442 2
48443 1
48444 3
48445 2
48446 1
48447 1
48448 0
48449 0
48450 3
48451 0
48452 1
48453 1
48454 2
48455 1
48456 2
48457 2
48458 3
48459 4
48460 3
48461 1
48462 0
48463 4
48464 2
48465 4
48466 3
48467 2
48468 4
48469 3
48470 2
48471 1
48472 1
48473 0
48474 4
48475 2
48476 2
48477 2
48478 2
48479 0
48480 3
48481 4
48482 2
48483 4
48484 1
48485 2
48486 0
48487 5
48488 0
48489 5
48490 2
48491 1
48492 1
48493 2
48494 3
48495 1
48496 1
48497 2
48498 4
48499 3
48500 2
48501 3
48502 1
48503 2
48504 2
48505 3
48506 4
48507 0
48508 0
48509 4
48510 1
48511 1
48512 0
48513 2
48514 2
48515 4
48516 0
48517 0
48518 0
48519 1
48520 5
48521 5
48522 2
48523 5
48524 2
48525 2
48526 3
48527 2
48528 4
48529 3
48530 3
48531 3
48532 4
48533 4
48534 3
48535 1
48536 0
48537 0
48538 3
48539 2
48540 3
48541 4
48542 1
48543 2
48544 3
48545 1
48546 1
48547 2
48548 2
48549 4
48550 0
48551 2
48552 4
48553 1
48554 2
48555 1
48556 4
48557 0
48558 3
48559 4
48560 4
48561 5
48562 3
48563 4
48564 1
48565 3
48566 2
48567 5
48568 1
48569 0
48570 3
48571 0
48572 4
48573 4
48574 5
48575 1
48576 2
48577 2
48578 1
48579 5
48580 3
48581 2
48582 3
48583 0
48584 3
48585 2
48586 3
48587 0
48588 3
48589 5
48590 5
48591 4
48592 0
48593 4
48594 2
48595 2
48596 2
48597 1
48598 1
48599 3
48600 2
48601 3
48602 0
48603 4
48604 1
48605 1
48606 4
48607 4
48608 2
48609 3
48610 0
48611 0
48612 1
48613 1
48614 0
48615 0
48616 1
48617 0
48618 0
48619 3
48620 4
48621 1
48622 2
48623 3
48624 4
48625 4
48626 3
48627 3
48628 0
48629 1
48630 2
48631 2
48632 1
48633 0
48634 3
48635 4
48636 0
48637 2
48638 2
48639 2
48640 5
48641 6
48642 2
48643 1
48644 1
48645 2
48646 0
48647 3
48648 4
48649 1
48650 4
48651 2
48652 4
48653 1
48654 4
48655 4
48656 4
48657 0
48658 1
48659 3
48660 3
48661 0
48662 5
48663 1
48664 2
48665 3
48666 5
48667 2
48668 4
48669 0
48670 3
48671 0
48672 0
48673 6
48674 4
48675 1
48676 0
48677 4
48678 0
48679 1
48680 0
48681 4
48682 0
48683 1
48684 0
48685 2
48686 4
48687 5
48688 5
48689 0
48690 4
48691 0
48692 4
48693 3
48694 3
48695 2
48696 0
48697 1
48698 0
48699 1
48700 3
48701 2
48702 3
48703 3
48704 2
48705 3
48706 2
48707 3
48708 2
48709 4
48710 1
48711 3
48712 4
48713 3
48714 2
48715 0
48716 2
48717 0
48718 3
48719 1
48720 0
48721 3
48722 3
48723 1
48724 4
48725 2
48726 4
48727 3
48728 4
48729 2
48730 0
48731 3
48732 4
48733 2
48734 4
48735 1
48736 0
48737 4
48738 2
48739 2
48740 3
48741 3
48742 3
48743 5
48744 1
48745 4
48746 5
48747 2
48748 4
48749 1
48750 4
48751 0
48752 2
48753 3
48754 1
48755 5
48756 3
48757 2
48758 2
48759 1
48760 1
48761 3
48762 4
48763 1
48764 3
48765 4
48766 2
48767 4
48768 0
48769 3
48770 3
48771 2
48772 4
48773 5
48774 0
48775 2
48776 2
48777 3
48778 2
48779 1
48780 1
48781 3
48782 0
48783 4
48784 0
48785 4
48786 2
48787 2
48788 2
48789 2
48790 4
48791 2
48792 3
48793 0
48794 2
48795 1
48796 5
48797 5
48798 2
48799 4
48800 1
48801 3
48802 3
48803 4
48804 2
48805 4
48806 1
48807 2
48808 4
48809 3
48810 3
48811 0
48812 3
48813 0
48814 4
48815 0
48816 2
48817 1
48818 5
48819 1
48820 4
48821 5
48822 3
48823 2
48824 2
48825 4
48826 5
48827 2
48828 2
48829 4
48830 2
48831 5
48832 3
48833 3
48834 5
48835 4
48836 2
48837 3
48838 4
48839 2
48840 1
48841 1
48842 4
48843 4
48844 3
48845 3
48846 2
48847 0
48848 0
48849 0
48850 2
48851 2
48852 2
48853 0
48854 2
48855 0
48856 0
48857 4
48858 0
48859 2
48860 0
48861 3
48862 3
48863 1
48864 4
48865 1
48866 4
48867 1
48868 2
48869 2
48870 0
48871 3
48872 0
48873 1
48874 4
48875 1
48876 3
48877 3
48878 2
48879 3
48880 2
48881 6
48882 4
48883 4
48884 2
48885 2
48886 3
48887 3
48888 3
48889 4
48890 1
48891 4
48892 5
48893 3
48894 3
48895 1
48896 5
48897 5
48898 3
48899 3
48900 3
48901 0
48902 4
48903 3
48904 5
48905 1
48906 3
48907 3
48908 3
48909 5
48910 3
48911 4
48912 2
48913 4
48914 4
48915 3
48916 0
48917 2
48918 3
48919 2
48920 3
48921 3
48922 3
48923 1
48924 1
48925 3
48926 3
48927 2
48928 0
48929 3
48930 1
48931 2
48932 1
48933 3
48934 5
48935 2
48936 2
48937 2
48938 3
48939 3
48940 4
48941 4
48942 5
48943 1
48944 4
48945 3
48946 2
48947 3
48948 4
48949 3
48950 1
48951 1
48952 1
48953 4
48954 3
48955 1
48956 3
48957 2
48958 1
48959 4
48960 3
48961 3
48962 2
48963 1
48964 3
48965 2
48966 4
48967 2
48968 1
48969 3
48970 4
48971 2
48972 1
48973 0
48974 4
48975 2
48976 1
48977 2
48978 5
48979 4
48980 2
48981 0
48982 5
48983 0
48984 4
48985 4
48986 4
48987 2
48988 4
48989 0
48990 3
48991 5
48992 2
48993 3
48994 1
48995 3
48996 1
48997 0
48998 3
48999 3
49000 0
49001 4
49002 2
49003 3
49004 3
49005 3
49006 4
49007 4
49008 3
49009 0
49010 2
49011 0
49012 0
49013 1
49014 3
49015 3
49016 4
49017 1
49018 1
49019 1
49020 3
49021 0
49022 4
49023 2
49024 2
49025 2
49026 0
49027 0
49028 3
49029 4
49030 4
49031 1
49032 1
49033 4
49034 1
49035 4
49036 3
49037 0
49038 3
49039 1
49040 1
49041 0
49042 3
49043 4
49044 2
49045 3
49046 3
49047 1
49048 2
49049 5
49050 2
49051 4
49052 1
49053 1
49054 5
49055 4
49056 4
49057 5
49058 2
49059 3
49060 2
49061 1
49062 0
49063 1
49064 3
49065 4
49066 1
49067 1
49068 1
49069 4
49070 1
49071 2
49072 0
49073 1
49074 2
49075 2
49076 2
49077 3
49078 3
49079 0
49080 2
49081 2
49082 2
49083 4
49084 0
49085 0
49086 3
49087 4
49088 4
49089 2
49090 2
49091 5
49092 3
49093 1
49094 1
49095 5
49096 2
49097 2
49098 3
49099 4
49100 2
49101 0
49102 1
49103 3
49104 4
49105 2
49106 5
49107 1
49108 4
49109 4
49110 0
49111 2
49112 2
49113 1
49114 1
49115 1
49116 5
49117 2
49118 3
49119 2
49120 4
49121 4
49122 1
49123 2
49124 3
49125 3
49126 0
49127 2
49128 2
49129 0
49130 3
49131 2
49132 4
49133 0
49134 4
49135 0
49136 0
49137 5
49138 4
49139 0
49140 4
49141 1
49142 1
49143 0
49144 1
49145 1
49146 4
49147 4
49148 2
49149 3
49150 2
49151 3
49152 1
49153 2
49154 1
49155 1
49156 0
49157 0
49158 1
49159 4
49160 2
49161 3
49162 1
49163 1
49164 4
49165 1
49166 2
49167 1
49168 1
49169 1
49170 5
49171 2
49172 0
49173 0
49174 2
49175 0
49176 0
49177 2
49178 0
49179 2
49180 4
49181 2
49182 4
49183 2
49184 0
49185 2
49186 3
49187 3
49188 5
49189 5
49190 0
49191 4
49192 4
49193 3
49194 5
49195 3
49196 1
49197 4
49198 2
49199 2
49200 4
49201 0
49202 1
49203 4
49204 2
49205 2
49206 2
49207 3
49208 0
49209 0
49210 1
49211 4
49212 3
49213 2
49214 4
49215 3
49216 2
49217 0
49218 5
49219 3
49220 4
49221 3
49222 5
49223 4
49224 3
49225 0
49226 4
49227 5
49228 4
49229 0
49230 3
49231 3
49232 3
49233 1
49234 4
49235 1
49236 4
49237 0
49238 1
49239 3
49240 4
49241 5
49242 3
49243 1
49244 2
49245 4
49246 3
49247 5
49248 3
49249 2
49250 3
49251 4
49252 3
49253 3
49254 5
49255 2
49256 4
49257 4
49258 1
49259 0
49260 3
49261 4
49262 2
49263 4
49264 2
49265 3
49266 0
49267 2
49268 0
49269 1
49270 0
49271 3
49272 1
49273 2
49274 2
49275 2
49276 3
49277 3
49278 3
49279 3
49280 3
49281 2
49282 4
49283 5
49284 4
49285 1
49286 2
49287 2
49288 3
49289 3
49290 3
49291 0
49292 4
49293 4
49294 0
49295 2
49296 0
49297 2
49298 3
49299 2
49300 3
49301 0
49302 2
49303 2
49304 2
49305 2
49306 1
49307 5
49308 3
49309 5
49310 0
49311 0
49312 2
49313 4
49314 2
49315 2
49316 4
49317 1
49318 1
49319 4
49320 5
49321 4
49322 3
49323 5
49324 4
49325 2
49326 3
49327 4
49328 2
49329 2
49330 1
49331 4
49332 0
49333 4
49334 0
49335 1
49336 1
49337 3
49338 3
49339 3
49340 3
49341 3
49342 4
49343 5
49344 2
49345 0
49346 1
49347 1
49348 0
49349 3
49350 3
49351 4
49352 0
49353 3
49354 4
49355 3
49356 4
49357 0
49358 3
49359 1
49360 5
49361 2
49362 3
49363 0
49364 3
49365 1
49366 2
49367 2
49368 4
49369 2
49370 0
49371 1
49372 0
49373 0
49374 2
49375 4
49376 1
49377 0
49378 4
49379 2
49380 2
49381 2
49382 2
49383 3
49384 4
49385 3
49386 4
49387 5
49388 5
49389 3
49390 1
49391 3
49392 1
49393 4
49394 4
49395 0
49396 2
49397 2
49398 5
49399 2
49400 2
49401 4
49402 3
49403 1
49404 3
49405 5
49406 1
49407 1
49408 2
49409 0
49410 3
49411 1
49412 0
49413 0
49414 1
49415 4
49416 2
49417 1
49418 4
49419 3
49420 3
49421 4
49422 2
49423 4
49424 2
49425 1
49426 5
49427 0
49428 4
49429 4
49430 3
49431 3
49432 1
49433 0
49434 3
49435 1
49436 3
49437 1
49438 2
49439 5
49440 4
49441 3
49442 2
49443 4
49444 2
49445 5
49446 3
49447 3
49448 3
49449 2
49450 3
49451 2
49452 3
49453 4
49454 5
49455 2
49456 0
49457 2
49458 3
49459 2
49460 2
49461 2
49462 3
49463 2
49464 5
49465 1
49466 1
49467 5
49468 4
49469 3
49470 1
49471 2
49472 0
49473 5
49474 4
49475 5
49476 0
49477 5
49478 5
49479 0
49480 4
49481 4
49482 3
49483 5
49484 0
49485 3
49486 3
49487 0
49488 1
49489 1
49490 4
49491 3
49492 3
49493 1
49494 2
49495 3
49496 4
49497 2
49498 1
49499 1
49500 1
49501 2
49502 0
49503 0
49504 2
49505 4
49506 4
49507 3
49508 4
49509 3
49510 1
49511 5
49512 3
49513 5
49514 1
49515 1
49516 3
49517 0
49518 2
49519 4
49520 3
49521 2
49522 4
49523 3
49524 4
49525 2
49526 4
49527 3
49528 6
49529 6
49530 3
49531 1
49532 4
49533 3
49534 1
49535 4
49536 4
49537 3
49538 2
49539 3
49540 5
49541 5
49542 1
49543 2
49544 2
49545 2
49546 4
49547 1
49548 2
49549 4
49550 1
49551 4
49552 3
49553 2
49554 0
49555 0
49556 4
49557 3
49558 3
49559 2
49560 1
49561 2
49562 0
49563 3
49564 2
49565 3
49566 2
49567 5
49568 1
49569 0
49570 3
49571 1
49572 3
49573 1
49574 0
49575 3
49576 4
49577 4
49578 2
49579 2
49580 2
49581 4
49582 1
49583 3
49584 4
49585 3
49586 3
49587 4
49588 3
49589 0
49590 4
49591 0
49592 0
49593 3
49594 3
49595 5
49596 4
49597 3
49598 2
49599 2
49600 3
49601 3
49602 3
49603 1
49604 3
49605 0
49606 1
49607 1
49608 1
49609 0
49610 0
49611 4
49612 0
49613 4
49614 3
49615 4
49616 2
49617 1
49618 1
49619 5
49620 4
49621 2
49622 3
49623 4
49624 3
49625 0
49626 0
49627 3
49628 1
49629 5
49630 2
49631 2
49632 5
49633 4
49634 3
49635 1
49636 3
49637 2
49638 4
49639 4
49640 4
49641 1
49642 3
49643 0
49644 3
49645 0
49646 2
49647 3
49648 2
49649 2
49650 1
49651 2
49652 0
49653 0
49654 1
49655 4
49656 5
49657 3
49658 2
49659 1
49660 4
49661 3
49662 1
49663 3
49664 2
49665 1
49666 0
49667 0
49668 2
49669 0
49670 1
49671 3
49672 3
49673 2
49674 5
49675 4
49676 2
49677 1
49678 0
49679 0
49680 1
49681 0
49682 1
49683 2
49684 3
49685 0
49686 4
49687 1
49688 0
49689 2
49690 2
49691 1
49692 0
49693 0
49694 4
49695 5
49696 3
49697 4
49698 4
49699 3
49700 2
49701 3
49702 2
49703 3
49704 2
49705 5
49706 3
49707 3
49708 5
49709 2
49710 3
49711 0
49712 0
49713 2
49714 2
49715 4
49716 4
49717 1
49718 5
49719 3
49720 4
49721 3
49722 1
49723 2
49724 0
49725 3
49726 2
49727 3
49728 3
49729 2
49730 3
49731 1
49732 2
49733 2
49734 1
49735 1
49736 1
49737 5
49738 4
49739 2
49740 1
49741 1
49742 5
49743 3
49744 4
49745 4
49746 0
49747 3
49748 1
49749 2
49750 2
49751 3
49752 4
49753 4
49754 3
49755 1
49756 2
49757 5
49758 5
49759 3
49760 2
49761 4
49762 4
49763 0
49764 1
49765 3
49766 3
49767 4
49768 1
49769 4
49770 3
49771 0
49772 1
49773 1
49774 1
49775 5
49776 0
49777 0
49778 3
49779 3
49780 2
49781 2
49782 1
49783 1
49784 1
49785 5
49786 3
49787 0
49788 1
49789 4
49790 3
49791 3
49792 4
49793 4
49794 2
49795 4
49796 4
49797 6
49798 1
49799 0
49800 2
49801 2
49802 1
49803 0
49804 4
49805 2
49806 3
49807 4
49808 1
49809 4
49810 2
49811 2
49812 1
49813 4
49814 0
49815 3
49816 3
49817 0
49818 4
49819 1
49820 5
49821 2
49822 3
49823 0
49824 2
49825 4
49826 1
49827 3
49828 1
49829 4
49830 4
49831 2
49832 0
49833 2
49834 4
49835 4
49836 0
49837 3
49838 5
49839 3
49840 0
49841 3
49842 3
49843 1
49844 2
49845 3
49846 4
49847 3
49848 1
49849 3
49850 0
49851 2
49852 0
49853 1
49854 0
49855 3
49856 0
49857 2
49858 3
49859 3
49860 6
49861 2
49862 4
49863 3
49864 1
49865 3
49866 3
49867 3
49868 1
49869 4
49870 1
49871 3
49872 1
49873 3
49874 4
49875 2
49876 2
49877 4
49878 5
49879 4
49880 0
49881 5
49882 5
49883 3
49884 3
49885 0
49886 2
49887 3
49888 5
49889 3
49890 4
49891 1
49892 1
49893 1
49894 4
49895 2
49896 5
49897 1
49898 2
49899 4
49900 2
49901 0
49902 0
49903 0
49904 1
49905 0
49906 0
49907 3
49908 5
49909 4
49910 4
49911 3
49912 1
49913 1
49914 4
49915 1
49916 3
49917 2
49918 5
49919 1
49920 5
49921 0
49922 4
49923 2
49924 4
49925 0
49926 1
49927 2
49928 3
49929 5
49930 4
49931 4
49932 3
49933 5
49934 1
49935 3
49936 3
49937 2
49938 0
49939 0
49940 2
49941 2
49942 4
49943 0
49944 4
49945 5
49946 1
49947 1
49948 3
49949 3
49950 0
49951 3
49952 0
49953 4
49954 5
49955 0
49956 2
49957 5
49958 0
49959 3
49960 3
49961 4
49962 1
49963 1
49964 0
49965 4
49966 1
49967 4
49968 1
49969 4
49970 2
49971 0
49972 0
49973 2
49974 3
49975 4
49976 1
49977 0
49978 2
49979 4
49980 0
49981 2
49982 1
49983 1
49984 4
49985 2
49986 5
49987 1
49988 4
49989 2
49990 4
49991 1
49992 0
49993 4
49994 4
49995 3
49996 0
49997 3
49998 2
49999 5
Colors used: 7
Execution time: 68.741 ms
