Algorithm: Greedy Vertex Coloring
Vertex colors:
0 0
1 0
2 0
3 0
4 0
5 0
6 0
7 0
8 0
9 0
10 0
11 0
12 0
13 0
14 0
15 0
16 0
17 0
18 0
19 0
20 0
21 0
22 0
23 0
24 0
25 0
26 0
27 0
28 0
29 0
30 0
31 0
32 0
33 0
34 0
35 0
36 0
37 0
38 0
39 0
40 0
41 0
42 0
43 0
44 0
45 0
46 0
47 0
48 0
49 0
50 0
51 0
52 0
53 0
54 0
55 0
56 0
57 0
58 0
59 0
60 1
61 0
62 0
63 0
64 0
65 0
66 0
67 0
68 0
69 0
70 0
71 0
72 0
73 0
74 0
75 0
76 0
77 0
78 0
79 0
80 0
81 0
82 0
83 0
84 0
85 0
86 0
87 0
88 0
89 0
90 0
91 0
92 0
93 0
94 0
95 0
96 0
97 0
98 0
99 0
100 0
101 0
102 0
103 0
104 0
105 0
106 0
107 0
108 0
109 0
110 0
111 0
112 0
113 0
114 0
115 0
116 0
117 0
118 0
119 0
120 0
121 0
122 0
123 0
124 0
125 0
126 0
127 0
128 0
129 0
130 0
131 0
132 0
133 0
134 0
135 0
136 0
137 0
138 0
139 0
140 0
141 0
142 0
143 0
144 0
145 0
146 0
147 0
148 0
149 0
150 0
151 0
152 0
153 0
154 0
155 0
156 0
157 0
158 0
159 0
160 0
161 0
162 0
163 0
164 0
165 0
166 0
167 0
168 0
169 0
170 0
171 0
172 0
173 0
174 0
175 0
176 0
177 0
178 0
179 0
180 0
181 0
182 0
183 0
184 0
185 0
186 0
187 0
188 0
189 0
190 0
191 0
192 0
193 0
194 0
195 0
196 0
197 0
198 0
199 0
200 0
201 0
202 0
203 0
204 0
205 0
206 0
207 0
208 0
209 0
210 0
211 0
212 0
213 0
214 0
215 0
216 0
217 0
218 0
219 0
220 0
221 0
222 0
223 0
224 0
225 0
226 0
227 0
228 0
229 1
230 0
231 0
232 0
233 0
234 0
235 0
236 0
237 0
238 0
239 0
240 0
241 0
242 0
243 0
244 0
245 0
246 0
247 1
248 0
249 0
250 0
251 0
252 0
253 0
254 0
255 0
256 0
257 0
258 0
259 0
260 0
261 0
262 0
263 0
264 0
265 0
266 0
267 0
268 0
269 0
270 0
271 0
272 0
273 0
274 0
275 0
276 0
277 0
278 0
279 0
280 0
281 0
282 0
283 0
284 0
285 0
286 0
287 0
288 0
289 0
290 0
291 0
292 0
293 0
294 0
295 0
296 0
297 0
298 0
299 0
300 0
301 0
302 0
303 0
304 0
305 0
306 1
307 0
308 1
309 0
310 0
311 0
312 0
313 0
314 0
315 0
316 0
317 0
318 0
319 0
320 0
321 0
322 0
323 0
324 0
325 0
326 1
327 0
328 0
329 0
330 0
331 0
332 0
333 0
334 0
335 0
336 0
337 0
338 0
339 0
340 0
341 0
342 0
343 0
344 0
345 0
346 0
347 0
348 0
349 0
350 0
351 0
352 0
353 0
354 0
355 0
356 0
357 0
358 0
359 0
360 0
361 0
362 0
363 0
364 0
365 0
366 0
367 0
368 0
369 0
370 0
371 0
372 0
373 0
374 0
375 0
376 0
377 0
378 0
379 0
380 0
381 0
382 0
383 0
384 0
385 0
386 0
387 0
388 0
389 0
390 0
391 0
392 0
393 0
394 0
395 0
396 0
397 0
398 0
399 0
400 0
401 0
402 0
403 0
404 0
405 0
406 0
407 0
408 0
409 0
410 0
411 0
412 0
413 0
414 0
415 0
416 0
417 0
418 1
419 0
420 0
421 0
422 0
423 0
424 0
425 0
426 0
427 0
428 0
429 0
430 0
431 0
432 0
433 0
434 0
435 0
436 0
437 0
438 0
439 0
440 0
441 0
442 0
443 0
444 0
445 0
446 0
447 1
448 0
449 0
450 0
451 0
452 0
453 0
454 0
455 0
456 0
457 0
458 0
459 0
460 0
461 0
462 0
463 0
464 0
465 0
466 0
467 0
468 0
469 0
470 0
471 0
472 0
473 0
474 0
475 0
476 0
477 0
478 0
479 0
480 0
481 1
482 0
483 0
484 0
485 0
486 0
487 0
488 0
489 0
490 0
491 0
492 0
493 0
494 0
495 0
496 0
497 0
498 0
499 0
500 0
501 0
502 0
503 0
504 0
505 0
506 0
507 0
508 0
509 0
510 0
511 0
512 0
513 0
514 0
515 0
516 0
517 0
518 0
519 0
520 0
521 0
522 0
523 0
524 0
525 0
526 0
527 0
528 0
529 0
530 0
531 0
532 0
533 0
534 0
535 1
536 0
537 0
538 0
539 0
540 0
541 0
542 0
543 0
544 0
545 0
546 0
547 1
548 0
549 0
550 0
551 0
552 0
553 0
554 0
555 0
556 0
557 0
558 0
559 0
560 0
561 0
562 0
563 0
564 0
565 0
566 0
567 0
568 0
569 0
570 0
571 0
572 0
573 0
574 0
575 0
576 0
577 0
578 0
579 0
580 0
581 0
582 0
583 0
584 0
585 1
586 0
587 0
588 0
589 0
590 0
591 0
592 0
593 1
594 0
595 0
596 0
597 0
598 0
599 0
600 0
601 0
602 0
603 0
604 0
605 0
606 0
607 0
608 0
609 0
610 0
611 0
612 0
613 0
614 0
615 0
616 0
617 0
618 0
619 0
620 0
621 0
622 0
623 0
624 0
625 0
626 1
627 0
628 0
629 0
630 0
631 0
632 0
633 0
634 0
635 0
636 0
637 0
638 0
639 0
640 0
641 0
642 0
643 0
644 0
645 0
646 0
647 0
648 0
649 0
650 0
651 0
652 0
653 0
654 0
655 0
656 0
657 0
658 0
659 0
660 0
661 0
662 0
663 0
664 0
665 0
666 0
667 0
668 0
669 0
670 0
671 0
672 0
673 0
674 1
675 0
676 0
677 0
678 0
679 0
680 0
681 0
682 1
683 0
684 0
685 0
686 0
687 0
688 0
689 0
690 0
691 0
692 0
693 0
694 0
695 0
696 0
697 0
698 0
699 0
700 0
701 0
702 0
703 0
704 0
705 0
706 1
707 0
708 0
709 0
710 0
711 0
712 0
713 0
714 0
715 0
716 0
717 0
718 0
719 0
720 0
721 0
722 0
723 0
724 0
725 0
726 0
727 0
728 0
729 0
730 0
731 0
732 0
733 0
734 0
735 0
736 0
737 0
738 1
739 0
740 0
741 0
742 0
743 0
744 0
745 0
746 0
747 0
748 0
749 0
750 0
751 0
752 0
753 1
754 0
755 0
756 1
757 0
758 0
759 0
760 0
761 0
762 0
763 0
764 0
765 0
766 0
767 0
768 0
769 0
770 0
771 0
772 0
773 0
774 0
775 0
776 0
777 1
778 0
779 0
780 0
781 0
782 0
783 0
784 0
785 0
786 0
787 0
788 0
789 0
790 0
791 0
792 0
793 0
794 0
795 0
796 0
797 0
798 0
799 0
800 0
801 0
802 1
803 0
804 0
805 0
806 0
807 0
808 0
809 0
810 0
811 0
812 1
813 0
814 0
815 0
816 0
817 0
818 0
819 0
820 0
821 0
822 0
823 0
824 0
825 0
826 0
827 0
828 0
829 0
830 0
831 0
832 0
833 0
834 0
835 0
836 0
837 0
838 0
839 0
840 0
841 0
842 0
843 0
844 0
845 0
846 0
847 0
848 0
849 0
850 0
851 0
852 0
853 0
854 0
855 0
856 0
857 0
858 0
859 0
860 0
861 0
862 0
863 0
864 0
865 0
866 0
867 0
868 0
869 0
870 0
871 0
872 0
873 0
874 0
875 0
876 0
877 0
878 0
879 0
880 0
881 0
882 0
883 1
884 0
885 0
886 0
887 0
888 0
889 0
890 0
891 0
892 0
893 0
894 0
895 0
896 0
897 0
898 0
899 0
900 0
901 1
902 0
903 1
904 0
905 0
906 0
907 0
908 0
909 0
910 0
911 0
912 0
913 0
914 0
915 0
916 0
917 0
918 0
919 0
920 0
921 0
922 0
923 0
924 0
925 0
926 0
927 0
928 0
929 0
930 0
931 0
932 0
933 1
934 0
935 0
936 0
937 0
938 0
939 1
940 0
941 0
942 0
943 0
944 0
945 0
946 0
947 0
948 0
949 0
950 0
951 0
952 0
953 1
954 0
955 0
956 0
957 0
958 0
959 0
960 1
961 0
962 0
963 0
964 0
965 0
966 0
967 0
968 0
969 0
970 0
971 0
972 0
973 0
974 0
975 0
976 0
977 0
978 0
979 0
980 0
981 0
982 0
983 0
984 0
985 0
986 0
987 0
988 0
989 0
990 0
991 0
992 0
993 0
994 1
995 0
996 0
997 1
998 0
999 0
1000 0
1001 0
1002 0
1003 0
1004 0
1005 0
1006 0
1007 0
1008 0
1009 0
1010 0
1011 1
1012 0
1013 0
1014 0
1015 0
1016 0
1017 0
1018 0
1019 0
1020 0
1021 0
1022 0
1023 0
1024 0
1025 1
1026 0
1027 0
1028 0
1029 1
1030 0
1031 0
1032 0
1033 0
1034 0
1035 0
1036 0
1037 0
1038 0
1039 0
1040 1
1041 0
1042 0
1043 0
1044 0
1045 0
1046 0
1047 0
1048 0
1049 0
1050 0
1051 0
1052 0
1053 0
1054 0
1055 0
1056 0
1057 1
1058 1
1059 0
1060 0
1061 0
1062 0
1063 0
1064 0
1065 0
1066 0
1067 0
1068 0
1069 0
1070 0
1071 0
1072 0
1073 0
1074 0
1075 0
1076 0
1077 0
1078 0
1079 0
1080 0
1081 0
1082 0
1083 0
1084 0
1085 0
1086 1
1087 0
1088 0
1089 0
1090 1
1091 0
1092 0
1093 0
1094 0
1095 0
1096 0
1097 0
1098 0
1099 0
1100 0
1101 0
1102 0
1103 0
1104 0
1105 1
1106 0
1107 0
1108 0
1109 0
1110 0
1111 0
1112 0
1113 0
1114 0
1115 0
1116 0
1117 0
1118 0
1119 0
1120 0
1121 0
1122 0
1123 0
1124 1
1125 0
1126 0
1127 0
1128 0
1129 0
1130 0
1131 0
1132 0
1133 0
1134 0
1135 0
1136 0
1137 0
1138 0
1139 0
1140 0
1141 1
1142 0
1143 0
1144 0
1145 0
1146 0
1147 1
1148 0
1149 0
1150 0
1151 0
1152 0
1153 0
1154 0
1155 0
1156 0
1157 0
1158 0
1159 0
1160 0
1161 0
1162 0
1163 0
1164 0
1165 0
1166 0
1167 0
1168 0
1169 0
1170 0
1171 0
1172 0
1173 0
1174 0
1175 0
1176 0
1177 0
1178 0
1179 0
1180 0
1181 0
1182 0
1183 0
1184 0
1185 0
1186 0
1187 0
1188 0
1189 0
1190 0
1191 0
1192 0
1193 0
1194 0
1195 0
1196 0
1197 1
1198 0
1199 0
1200 0
1201 0
1202 0
1203 0
1204 0
1205 1
1206 0
1207 0
1208 0
1209 0
1210 0
1211 0
1212 0
1213 0
1214 0
1215 0
1216 0
1217 0
1218 0
1219 0
1220 0
1221 0
1222 0
1223 0
1224 0
1225 0
1226 1
1227 0
1228 0
1229 0
1230 0
1231 0
1232 0
1233 0
1234 0
1235 0
1236 0
1237 0
1238 0
1239 0
1240 0
1241 0
1242 0
1243 0
1244 0
1245 0
1246 0
1247 0
1248 0
1249 0
1250 0
1251 0
1252 0
1253 0
1254 0
1255 0
1256 0
1257 0
1258 0
1259 0
1260 0
1261 0
1262 1
1263 0
1264 0
1265 1
1266 0
1267 0
1268 0
1269 1
1270 0
1271 0
1272 0
1273 0
1274 0
1275 0
1276 0
1277 0
1278 0
1279 0
1280 0
1281 0
1282 1
1283 0
1284 0
1285 0
1286 0
1287 0
1288 0
1289 0
1290 0
1291 1
1292 0
1293 0
1294 0
1295 0
1296 0
1297 1
1298 0
1299 0
1300 0
1301 0
1302 0
1303 0
1304 0
1305 0
1306 0
1307 0
1308 0
1309 0
1310 0
1311 0
1312 0
1313 0
1314 0
1315 0
1316 1
1317 0
1318 0
1319 0
1320 0
1321 0
1322 0
1323 0
1324 0
1325 0
1326 0
1327 0
1328 0
1329 0
1330 0
1331 0
1332 0
1333 0
1334 0
1335 1
1336 0
1337 0
1338 0
1339 0
1340 0
1341 0
1342 0
1343 1
1344 0
1345 0
1346 0
1347 0
1348 0
1349 1
1350 0
1351 0
1352 0
1353 0
1354 0
1355 0
1356 0
1357 0
1358 0
1359 1
1360 0
1361 0
1362 0
1363 1
1364 0
1365 0
1366 0
1367 0
1368 0
1369 0
1370 0
1371 0
1372 0
1373 0
1374 0
1375 0
1376 0
1377 0
1378 0
1379 0
1380 0
1381 0
1382 0
1383 0
1384 1
1385 0
1386 0
1387 0
1388 0
1389 1
1390 0
1391 0
1392 0
1393 0
1394 0
1395 0
1396 0
1397 1
1398 0
1399 0
1400 0
1401 1
1402 0
1403 0
1404 0
1405 0
1406 0
1407 0
1408 0
1409 0
1410 0
1411 0
1412 0
1413 1
1414 0
1415 0
1416 0
1417 0
1418 0
1419 0
1420 0
1421 0
1422 0
1423 0
1424 0
1425 1
1426 0
1427 0
1428 0
1429 0
1430 0
1431 0
1432 0
1433 1
1434 1
1435 0
1436 0
1437 0
1438 0
1439 0
1440 0
1441 0
1442 0
1443 0
1444 0
1445 0
1446 0
1447 0
1448 1
1449 0
1450 0
1451 0
1452 1
1453 0
1454 0
1455 0
1456 0
1457 0
1458 0
1459 0
1460 0
1461 0
1462 0
1463 0
1464 0
1465 0
1466 0
1467 0
1468 0
1469 0
1470 0
1471 0
1472 0
1473 0
1474 0
1475 0
1476 0
1477 0
1478 1
1479 0
1480 0
1481 0
1482 0
1483 0
1484 0
1485 0
1486 0
1487 1
1488 0
1489 0
1490 0
1491 0
1492 0
1493 0
1494 0
1495 0
1496 0
1497 0
1498 0
1499 0
1500 0
1501 0
1502 0
1503 0
1504 0
1505 0
1506 0
1507 1
1508 0
1509 0
1510 0
1511 0
1512 0
1513 0
1514 0
1515 0
1516 0
1517 0
1518 0
1519 0
1520 0
1521 0
1522 1
1523 0
1524 0
1525 0
1526 0
1527 0
1528 0
1529 0
1530 0
1531 0
1532 0
1533 0
1534 0
1535 0
1536 0
1537 0
1538 0
1539 0
1540 0
1541 1
1542 0
1543 0
1544 0
1545 0
1546 0
1547 0
1548 0
1549 1
1550 0
1551 0
1552 0
1553 1
1554 0
1555 1
1556 0
1557 0
1558 0
1559 0
1560 0
1561 0
1562 0
1563 0
1564 0
1565 0
1566 0
1567 0
1568 0
1569 0
1570 1
1571 0
1572 0
1573 0
1574 0
1575 0
1576 0
1577 0
1578 1
1579 0
1580 0
1581 1
1582 0
1583 0
1584 0
1585 0
1586 0
1587 0
1588 0
1589 0
1590 0
1591 0
1592 0
1593 1
1594 0
1595 0
1596 0
1597 0
1598 1
1599 0
1600 0
1601 1
1602 0
1603 0
1604 0
1605 0
1606 0
1607 1
1608 0
1609 1
1610 0
1611 0
1612 0
1613 0
1614 0
1615 0
1616 0
1617 0
1618 0
1619 0
1620 0
1621 0
1622 0
1623 0
1624 0
1625 0
1626 0
1627 0
1628 0
1629 0
1630 0
1631 0
1632 0
1633 0
1634 0
1635 0
1636 0
1637 0
1638 0
1639 0
1640 0
1641 1
1642 0
1643 0
1644 0
1645 0
1646 0
1647 0
1648 0
1649 0
1650 0
1651 0
1652 0
1653 0
1654 0
1655 0
1656 0
1657 0
1658 0
1659 0
1660 0
1661 0
1662 0
1663 0
1664 1
1665 0
1666 0
1667 0
1668 1
1669 1
1670 1
1671 0
1672 0
1673 0
1674 1
1675 0
1676 0
1677 0
1678 0
1679 0
1680 0
1681 0
1682 0
1683 0
1684 0
1685 0
1686 0
1687 1
1688 1
1689 0
1690 0
1691 0
1692 0
1693 0
1694 0
1695 0
1696 0
1697 0
1698 0
1699 0
1700 0
1701 0
1702 0
1703 0
1704 0
1705 0
1706 0
1707 0
1708 0
1709 1
1710 0
1711 0
1712 0
1713 0
1714 0
1715 0
1716 0
1717 0
1718 0
1719 0
1720 0
1721 0
1722 1
1723 0
1724 0
1725 0
1726 1
1727 0
1728 0
1729 0
1730 0
1731 1
1732 0
1733 0
1734 2
1735 0
1736 0
1737 0
1738 0
1739 0
1740 0
1741 0
1742 0
1743 0
1744 0
1745 0
1746 0
1747 0
1748 0
1749 0
1750 1
1751 0
1752 0
1753 0
1754 0
1755 1
1756 0
1757 0
1758 0
1759 0
1760 0
1761 0
1762 0
1763 0
1764 0
1765 0
1766 0
1767 0
1768 0
1769 0
1770 1
1771 1
1772 0
1773 0
1774 0
1775 1
1776 0
1777 0
1778 0
1779 0
1780 0
1781 0
1782 0
1783 0
1784 0
1785 0
1786 0
1787 0
1788 0
1789 0
1790 0
1791 1
1792 0
1793 0
1794 0
1795 0
1796 0
1797 0
1798 0
1799 0
1800 0
1801 1
1802 0
1803 0
1804 0
1805 1
1806 0
1807 1
1808 0
1809 0
1810 0
1811 1
1812 0
1813 0
1814 0
1815 0
1816 0
1817 0
1818 0
1819 0
1820 0
1821 0
1822 0
1823 0
1824 0
1825 0
1826 0
1827 0
1828 0
1829 0
1830 0
1831 0
1832 0
1833 0
1834 0
1835 0
1836 1
1837 0
1838 0
1839 0
1840 0
1841 0
1842 0
1843 0
1844 0
1845 0
1846 0
1847 1
1848 0
1849 0
1850 0
1851 0
1852 0
1853 0
1854 0
1855 0
1856 0
1857 0
1858 0
1859 0
1860 0
1861 0
1862 0
1863 0
1864 0
1865 0
1866 0
1867 0
1868 0
1869 1
1870 0
1871 0
1872 0
1873 0
1874 0
1875 1
1876 0
1877 0
1878 0
1879 1
1880 0
1881 0
1882 0
1883 0
1884 1
1885 0
1886 0
1887 0
1888 0
1889 0
1890 1
1891 0
1892 0
1893 0
1894 0
1895 0
1896 0
1897 0
1898 0
1899 1
1900 0
1901 0
1902 0
1903 0
1904 0
1905 0
1906 0
1907 0
1908 0
1909 0
1910 0
1911 0
1912 0
1913 0
1914 0
1915 0
1916 0
1917 0
1918 0
1919 0
1920 0
1921 0
1922 0
1923 0
1924 1
1925 1
1926 0
1927 0
1928 0
1929 0
1930 0
1931 0
1932 0
1933 0
1934 0
1935 0
1936 0
1937 1
1938 0
1939 0
1940 0
1941 0
1942 0
1943 0
1944 0
1945 0
1946 0
1947 0
1948 0
1949 1
1950 0
1951 0
1952 1
1953 0
1954 0
1955 0
1956 0
1957 0
1958 0
1959 0
1960 1
1961 0
1962 0
1963 0
1964 0
1965 0
1966 1
1967 0
1968 0
1969 0
1970 0
1971 1
1972 0
1973 1
1974 0
1975 0
1976 0
1977 0
1978 0
1979 0
1980 0
1981 0
1982 0
1983 0
1984 0
1985 1
1986 1
1987 1
1988 0
1989 0
1990 0
1991 0
1992 1
1993 0
1994 0
1995 0
1996 1
1997 0
1998 0
1999 0
2000 0
2001 0
2002 0
2003 0
2004 0
2005 0
2006 0
2007 0
2008 0
2009 0
2010 0
2011 0
2012 0
2013 0
2014 0
2015 1
2016 0
2017 1
2018 0
2019 0
2020 0
2021 1
2022 0
2023 1
2024 0
2025 0
2026 0
2027 0
2028 0
2029 0
2030 0
2031 0
2032 0
2033 0
2034 0
2035 0
2036 0
2037 0
2038 0
2039 0
2040 0
2041 1
2042 0
2043 0
2044 0
2045 0
2046 0
2047 0
2048 0
2049 0
2050 0
2051 0
2052 1
2053 0
2054 1
2055 0
2056 1
2057 0
2058 1
2059 0
2060 0
2061 0
2062 0
2063 0
2064 0
2065 0
2066 1
2067 1
2068 0
2069 0
2070 0
2071 0
2072 0
2073 0
2074 0
2075 1
2076 1
2077 0
2078 0
2079 0
2080 0
2081 0
2082 0
2083 0
2084 1
2085 0
2086 0
2087 0
2088 0
2089 0
2090 0
2091 0
2092 0
2093 0
2094 0
2095 0
2096 0
2097 0
2098 0
2099 0
2100 0
2101 0
2102 0
2103 0
2104 0
2105 0
2106 0
2107 0
2108 0
2109 0
2110 0
2111 0
2112 0
2113 1
2114 0
2115 0
2116 1
2117 0
2118 0
2119 0
2120 0
2121 0
2122 0
2123 0
2124 0
2125 0
2126 0
2127 0
2128 0
2129 0
2130 1
2131 0
2132 0
2133 0
2134 0
2135 0
2136 0
2137 0
2138 0
2139 0
2140 0
2141 0
2142 0
2143 0
2144 0
2145 0
2146 1
2147 0
2148 0
2149 0
2150 0
2151 0
2152 0
2153 0
2154 0
2155 1
2156 0
2157 0
2158 0
2159 0
2160 0
2161 0
2162 1
2163 0
2164 1
2165 0
2166 0
2167 0
2168 1
2169 0
2170 0
2171 0
2172 0
2173 0
2174 0
2175 0
2176 0
2177 0
2178 0
2179 0
2180 0
2181 0
2182 0
2183 0
2184 1
2185 0
2186 0
2187 1
2188 0
2189 0
2190 0
2191 0
2192 0
2193 0
2194 1
2195 0
2196 0
2197 0
2198 0
2199 0
2200 0
2201 0
2202 0
2203 0
2204 0
2205 0
2206 0
2207 0
2208 1
2209 0
2210 0
2211 0
2212 0
2213 0
2214 0
2215 0
2216 0
2217 0
2218 0
2219 0
2220 1
2221 0
2222 0
2223 0
2224 0
2225 0
2226 0
2227 0
2228 1
2229 0
2230 0
2231 0
2232 0
2233 0
2234 0
2235 1
2236 0
2237 0
2238 0
2239 0
2240 0
2241 0
2242 0
2243 1
2244 0
2245 0
2246 0
2247 0
2248 0
2249 0
2250 0
2251 0
2252 0
2253 0
2254 0
2255 0
2256 0
2257 0
2258 0
2259 0
2260 0
2261 0
2262 0
2263 0
2264 0
2265 0
2266 0
2267 0
2268 0
2269 0
2270 0
2271 0
2272 1
2273 1
2274 0
2275 0
2276 1
2277 0
2278 1
2279 0
2280 0
2281 0
2282 0
2283 0
2284 1
2285 0
2286 0
2287 0
2288 0
2289 1
2290 0
2291 0
2292 0
2293 0
2294 0
2295 0
2296 0
2297 0
2298 0
2299 1
2300 0
2301 0
2302 0
2303 1
2304 1
2305 0
2306 0
2307 0
2308 0
2309 0
2310 1
2311 0
2312 0
2313 0
2314 1
2315 0
2316 0
2317 0
2318 0
2319 0
2320 0
2321 1
2322 0
2323 0
2324 0
2325 0
2326 0
2327 0
2328 0
2329 0
2330 0
2331 1
2332 0
2333 0
2334 1
2335 0
2336 0
2337 0
2338 1
2339 0
2340 0
2341 0
2342 0
2343 0
2344 0
2345 0
2346 1
2347 0
2348 1
2349 0
2350 0
2351 0
2352 0
2353 0
2354 0
2355 1
2356 0
2357 0
2358 0
2359 0
2360 0
2361 0
2362 0
2363 0
2364 0
2365 0
2366 0
2367 0
2368 0
2369 0
2370 0
2371 0
2372 0
2373 0
2374 0
2375 1
2376 0
2377 1
2378 0
2379 0
2380 0
2381 0
2382 0
2383 0
2384 0
2385 0
2386 0
2387 0
2388 0
2389 0
2390 0
2391 0
2392 0
2393 0
2394 0
2395 0
2396 1
2397 0
2398 0
2399 0
2400 0
2401 0
2402 0
2403 0
2404 0
2405 0
2406 0
2407 0
2408 0
2409 0
2410 0
2411 0
2412 0
2413 0
2414 0
2415 0
2416 0
2417 0
2418 0
2419 0
2420 1
2421 0
2422 0
2423 0
2424 0
2425 0
2426 0
2427 0
2428 0
2429 1
2430 0
2431 0
2432 0
2433 0
2434 0
2435 1
2436 0
2437 0
2438 0
2439 0
2440 0
2441 0
2442 0
2443 0
2444 0
2445 0
2446 0
2447 0
2448 0
2449 0
2450 0
2451 0
2452 0
2453 0
2454 0
2455 0
2456 0
2457 0
2458 0
2459 1
2460 0
2461 0
2462 0
2463 0
2464 0
2465 0
2466 1
2467 0
2468 1
2469 0
2470 0
2471 0
2472 0
2473 1
2474 0
2475 0
2476 0
2477 0
2478 0
2479 0
2480 0
2481 0
2482 0
2483 0
2484 1
2485 0
2486 0
2487 0
2488 1
2489 0
2490 0
2491 0
2492 0
2493 1
2494 0
2495 0
2496 0
2497 0
2498 0
2499 0
2500 0
2501 0
2502 0
2503 0
2504 0
2505 1
2506 0
2507 0
2508 0
2509 0
2510 1
2511 0
2512 0
2513 1
2514 0
2515 0
2516 0
2517 0
2518 0
2519 0
2520 0
2521 0
2522 0
2523 0
2524 0
2525 0
2526 0
2527 0
2528 1
2529 1
2530 0
2531 0
2532 0
2533 0
2534 0
2535 0
2536 0
2537 0
2538 0
2539 0
2540 0
2541 0
2542 0
2543 0
2544 0
2545 0
2546 0
2547 1
2548 0
2549 0
2550 0
2551 0
2552 0
2553 0
2554 0
2555 0
2556 0
2557 0
2558 0
2559 0
2560 1
2561 0
2562 0
2563 0
2564 0
2565 0
2566 0
2567 0
2568 1
2569 0
2570 0
2571 1
2572 0
2573 0
2574 0
2575 0
2576 1
2577 0
2578 0
2579 0
2580 0
2581 0
2582 0
2583 0
2584 1
2585 0
2586 0
2587 1
2588 0
2589 0
2590 0
2591 0
2592 0
2593 0
2594 0
2595 0
2596 0
2597 0
2598 0
2599 0
2600 0
2601 0
2602 0
2603 0
2604 1
2605 1
2606 1
2607 0
2608 0
2609 0
2610 0
2611 1
2612 0
2613 0
2614 0
2615 0
2616 1
2617 0
2618 0
2619 0
2620 0
2621 0
2622 0
2623 0
2624 1
2625 0
2626 0
2627 0
2628 0
2629 0
2630 0
2631 0
2632 0
2633 0
2634 0
2635 0
2636 0
2637 0
2638 0
2639 0
2640 0
2641 1
2642 0
2643 0
2644 0
2645 0
2646 0
2647 0
2648 0
2649 0
2650 0
2651 0
2652 0
2653 0
2654 0
2655 0
2656 0
2657 1
2658 1
2659 0
2660 1
2661 0
2662 0
2663 0
2664 0
2665 0
2666 0
2667 0
2668 0
2669 0
2670 0
2671 0
2672 0
2673 0
2674 0
2675 0
2676 0
2677 0
2678 1
2679 0
2680 0
2681 0
2682 0
2683 0
2684 0
2685 0
2686 0
2687 0
2688 1
2689 0
2690 0
2691 0
2692 0
2693 0
2694 0
2695 0
2696 0
2697 0
2698 0
2699 0
2700 0
2701 1
2702 1
2703 0
2704 0
2705 0
2706 0
2707 0
2708 0
2709 0
2710 0
2711 0
2712 0
2713 0
2714 0
2715 0
2716 0
2717 0
2718 0
2719 0
2720 0
2721 0
2722 1
2723 1
2724 0
2725 0
2726 0
2727 0
2728 0
2729 0
2730 0
2731 0
2732 0
2733 1
2734 0
2735 0
2736 0
2737 0
2738 0
2739 0
2740 0
2741 0
2742 0
2743 0
2744 0
2745 0
2746 0
2747 0
2748 0
2749 0
2750 0
2751 0
2752 0
2753 0
2754 0
2755 0
2756 0
2757 0
2758 0
2759 0
2760 0
2761 1
2762 0
2763 0
2764 0
2765 0
2766 0
2767 0
2768 0
2769 0
2770 0
2771 0
2772 1
2773 1
2774 0
2775 0
2776 0
2777 0
2778 0
2779 1
2780 1
2781 0
2782 0
2783 0
2784 0
2785 0
2786 0
2787 0
2788 0
2789 0
2790 0
2791 0
2792 0
2793 0
2794 0
2795 1
2796 1
2797 0
2798 0
2799 0
2800 0
2801 0
2802 0
2803 0
2804 1
2805 0
2806 0
2807 0
2808 1
2809 0
2810 0
2811 0
2812 0
2813 0
2814 1
2815 0
2816 0
2817 0
2818 0
2819 1
2820 0
2821 0
2822 0
2823 0
2824 0
2825 0
2826 0
2827 0
2828 0
2829 0
2830 0
2831 0
2832 0
2833 0
2834 0
2835 0
2836 0
2837 0
2838 0
2839 0
2840 0
2841 0
2842 0
2843 0
2844 0
2845 0
2846 0
2847 0
2848 1
2849 0
2850 1
2851 0
2852 0
2853 0
2854 0
2855 0
2856 0
2857 0
2858 0
2859 0
2860 1
2861 0
2862 0
2863 0
2864 0
2865 0
2866 0
2867 0
2868 0
2869 1
2870 0
2871 0
2872 0
2873 0
2874 0
2875 0
2876 0
2877 0
2878 0
2879 0
2880 1
2881 0
2882 1
2883 0
2884 0
2885 0
2886 0
2887 0
2888 0
2889 0
2890 0
2891 0
2892 0
2893 0
2894 0
2895 0
2896 0
2897 0
2898 0
2899 0
2900 0
2901 0
2902 0
2903 0
2904 1
2905 0
2906 0
2907 0
2908 0
2909 0
2910 1
2911 0
2912 0
2913 1
2914 1
2915 0
2916 0
2917 0
2918 0
2919 0
2920 0
2921 0
2922 0
2923 0
2924 0
2925 1
2926 0
2927 1
2928 0
2929 0
2930 0
2931 0
2932 0
2933 0
2934 1
2935 0
2936 1
2937 0
2938 0
2939 0
2940 0
2941 0
2942 0
2943 0
2944 0
2945 0
2946 0
2947 1
2948 0
2949 0
2950 0
2951 0
2952 1
2953 0
2954 0
2955 0
2956 0
2957 0
2958 0
2959 0
2960 0
2961 1
2962 0
2963 0
2964 0
2965 0
2966 0
2967 0
2968 0
2969 1
2970 1
2971 1
2972 0
2973 0
2974 1
2975 0
2976 0
2977 0
2978 0
2979 0
2980 0
2981 1
2982 0
2983 0
2984 0
2985 0
2986 0
2987 0
2988 0
2989 0
2990 0
2991 0
2992 0
2993 0
2994 0
2995 0
2996 0
2997 0
2998 0
2999 0
3000 0
3001 0
3002 0
3003 0
3004 0
3005 0
3006 0
3007 0
3008 1
3009 0
3010 0
3011 0
3012 1
3013 0
3014 0
3015 0
3016 0
3017 0
3018 0
3019 0
3020 0
3021 0
3022 0
3023 0
3024 0
3025 0
3026 0
3027 0
3028 0
3029 0
3030 0
3031 0
3032 0
3033 1
3034 0
3035 0
3036 1
3037 0
3038 1
3039 0
3040 0
3041 0
3042 1
3043 0
3044 0
3045 0
3046 1
3047 0
3048 1
3049 0
3050 0
3051 0
3052 0
3053 0
3054 0
3055 0
3056 0
3057 0
3058 1
3059 0
3060 0
3061 0
3062 0
3063 0
3064 0
3065 0
3066 0
3067 0
3068 0
3069 1
3070 0
3071 0
3072 1
3073 0
3074 0
3075 0
3076 0
3077 0
3078 0
3079 0
3080 1
3081 0
3082 0
3083 0
3084 0
3085 0
3086 0
3087 0
3088 0
3089 1
3090 1
3091 0
3092 0
3093 0
3094 0
3095 0
3096 0
3097 0
3098 0
3099 0
3100 0
3101 0
3102 0
3103 0
3104 0
3105 0
3106 1
3107 0
3108 0
3109 0
3110 0
3111 0
3112 0
3113 0
3114 0
3115 0
3116 0
3117 1
3118 0
3119 0
3120 0
3121 1
3122 0
3123 0
3124 0
3125 0
3126 0
3127 0
3128 0
3129 0
3130 0
3131 0
3132 0
3133 0
3134 0
3135 0
3136 0
3137 0
3138 0
3139 0
3140 0
3141 1
3142 1
3143 1
3144 0
3145 0
3146 0
3147 0
3148 1
3149 0
3150 1
3151 0
3152 0
3153 0
3154 0
3155 0
3156 0
3157 0
3158 1
3159 0
3160 0
3161 0
3162 0
3163 1
3164 0
3165 0
3166 1
3167 0
3168 0
3169 0
3170 0
3171 0
3172 0
3173 1
3174 0
3175 0
3176 0
3177 0
3178 1
3179 0
3180 0
3181 0
3182 0
3183 0
3184 1
3185 0
3186 0
3187 0
3188 0
3189 0
3190 0
3191 0
3192 1
3193 0
3194 0
3195 0
3196 0
3197 0
3198 0
3199 0
3200 0
3201 0
3202 0
3203 0
3204 0
3205 0
3206 0
3207 0
3208 0
3209 0
3210 0
3211 0
3212 0
3213 0
3214 0
3215 0
3216 0
3217 0
3218 0
3219 0
3220 0
3221 0
3222 1
3223 0
3224 0
3225 0
3226 1
3227 0
3228 0
3229 0
3230 1
3231 0
3232 0
3233 0
3234 0
3235 0
3236 0
3237 0
3238 0
3239 0
3240 0
3241 0
3242 0
3243 0
3244 0
3245 1
3246 0
3247 0
3248 0
3249 0
3250 0
3251 0
3252 0
3253 0
3254 1
3255 0
3256 0
3257 0
3258 0
3259 0
3260 0
3261 1
3262 0
3263 0
3264 0
3265 0
3266 2
3267 1
3268 0
3269 0
3270 1
3271 1
3272 0
3273 0
3274 0
3275 0
3276 0
3277 1
3278 0
3279 0
3280 0
3281 0
3282 0
3283 0
3284 0
3285 0
3286 0
3287 0
3288 0
3289 0
3290 0
3291 0
3292 0
3293 1
3294 0
3295 1
3296 0
3297 0
3298 1
3299 0
3300 0
3301 1
3302 0
3303 1
3304 0
3305 1
3306 0
3307 0
3308 0
3309 0
3310 1
3311 0
3312 0
3313 0
3314 0
3315 0
3316 1
3317 0
3318 0
3319 0
3320 0
3321 0
3322 0
3323 0
3324 0
3325 0
3326 0
3327 0
3328 0
3329 0
3330 0
3331 0
3332 0
3333 0
3334 0
3335 0
3336 0
3337 0
3338 0
3339 0
3340 0
3341 1
3342 0
3343 0
3344 0
3345 0
3346 0
3347 1
3348 0
3349 0
3350 0
3351 0
3352 0
3353 0
3354 0
3355 0
3356 0
3357 0
3358 0
3359 0
3360 1
3361 0
3362 0
3363 0
3364 0
3365 0
3366 0
3367 0
3368 0
3369 0
3370 0
3371 1
3372 0
3373 0
3374 0
3375 1
3376 1
3377 0
3378 0
3379 0
3380 0
3381 0
3382 0
3383 0
3384 0
3385 0
3386 1
3387 0
3388 0
3389 0
3390 0
3391 0
3392 1
3393 0
3394 0
3395 0
3396 0
3397 0
3398 0
3399 0
3400 1
3401 0
3402 0
3403 0
3404 0
3405 0
3406 0
3407 0
3408 0
3409 0
3410 1
3411 0
3412 1
3413 1
3414 0
3415 1
3416 0
3417 0
3418 0
3419 1
3420 1
3421 1
3422 0
3423 0
3424 0
3425 1
3426 0
3427 1
3428 0
3429 1
3430 0
3431 0
3432 0
3433 0
3434 0
3435 0
3436 0
3437 1
3438 0
3439 0
3440 1
3441 0
3442 0
3443 1
3444 0
3445 0
3446 0
3447 0
3448 0
3449 0
3450 0
3451 1
3452 1
3453 0
3454 0
3455 0
3456 0
3457 0
3458 0
3459 0
3460 0
3461 1
3462 0
3463 1
3464 0
3465 0
3466 0
3467 0
3468 0
3469 0
3470 0
3471 0
3472 0
3473 1
3474 0
3475 1
3476 0
3477 0
3478 0
3479 0
3480 0
3481 1
3482 0
3483 1
3484 1
3485 1
3486 1
3487 0
3488 0
3489 0
3490 0
3491 1
3492 0
3493 1
3494 1
3495 0
3496 0
3497 0
3498 0
3499 0
3500 0
3501 1
3502 0
3503 0
3504 0
3505 0
3506 1
3507 0
3508 0
3509 0
3510 0
3511 1
3512 0
3513 0
3514 0
3515 0
3516 0
3517 2
3518 0
3519 0
3520 0
3521 1
3522 0
3523 0
3524 0
3525 0
3526 0
3527 0
3528 0
3529 0
3530 0
3531 1
3532 0
3533 1
3534 0
3535 0
3536 0
3537 0
3538 1
3539 1
3540 0
3541 2
3542 0
3543 0
3544 0
3545 0
3546 0
3547 0
3548 0
3549 0
3550 0
3551 0
3552 0
3553 0
3554 0
3555 0
3556 0
3557 0
3558 0
3559 0
3560 0
3561 0
3562 0
3563 0
3564 0
3565 0
3566 0
3567 0
3568 0
3569 1
3570 1
3571 1
3572 0
3573 0
3574 0
3575 0
3576 0
3577 0
3578 0
3579 0
3580 0
3581 0
3582 0
3583 0
3584 0
3585 0
3586 0
3587 1
3588 0
3589 0
3590 1
3591 0
3592 0
3593 0
3594 1
3595 0
3596 1
3597 0
3598 0
3599 0
3600 0
3601 0
3602 0
3603 0
3604 0
3605 0
3606 0
3607 0
3608 0
3609 0
3610 0
3611 1
3612 0
3613 0
3614 0
3615 0
3616 0
3617 0
3618 1
3619 0
3620 0
3621 0
3622 0
3623 0
3624 0
3625 0
3626 0
3627 0
3628 0
3629 0
3630 0
3631 0
3632 0
3633 1
3634 0
3635 0
3636 1
3637 0
3638 0
3639 0
3640 0
3641 0
3642 0
3643 0
3644 0
3645 0
3646 0
3647 0
3648 0
3649 0
3650 0
3651 0
3652 0
3653 0
3654 0
3655 0
3656 0
3657 0
3658 0
3659 0
3660 0
3661 0
3662 1
3663 0
3664 0
3665 2
3666 0
3667 0
3668 1
3669 1
3670 0
3671 0
3672 0
3673 0
3674 0
3675 1
3676 0
3677 0
3678 0
3679 0
3680 0
3681 1
3682 0
3683 1
3684 0
3685 0
3686 0
3687 1
3688 0
3689 0
3690 0
3691 0
3692 0
3693 1
3694 0
3695 0
3696 0
3697 0
3698 0
3699 0
3700 0
3701 0
3702 0
3703 0
3704 0
3705 1
3706 1
3707 1
3708 0
3709 0
3710 1
3711 0
3712 0
3713 1
3714 0
3715 0
3716 0
3717 0
3718 0
3719 1
3720 0
3721 0
3722 0
3723 0
3724 0
3725 1
3726 0
3727 0
3728 0
3729 0
3730 1
3731 0
3732 1
3733 0
3734 0
3735 0
3736 0
3737 0
3738 0
3739 0
3740 0
3741 0
3742 1
3743 0
3744 0
3745 0
3746 0
3747 0
3748 0
3749 0
3750 0
3751 0
3752 0
3753 1
3754 1
3755 1
3756 0
3757 1
3758 0
3759 1
3760 1
3761 0
3762 0
3763 0
3764 1
3765 0
3766 0
3767 0
3768 0
3769 0
3770 0
3771 0
3772 1
3773 0
3774 1
3775 0
3776 0
3777 1
3778 1
3779 1
3780 0
3781 0
3782 0
3783 0
3784 0
3785 0
3786 0
3787 0
3788 0
3789 0
3790 0
3791 0
3792 0
3793 0
3794 0
3795 0
3796 0
3797 0
3798 0
3799 0
3800 0
3801 0
3802 1
3803 0
3804 0
3805 0
3806 0
3807 0
3808 0
3809 1
3810 0
3811 1
3812 0
3813 0
3814 0
3815 0
3816 0
3817 0
3818 0
3819 0
3820 0
3821 0
3822 1
3823 0
3824 0
3825 0
3826 0
3827 0
3828 0
3829 0
3830 0
3831 0
3832 0
3833 0
3834 0
3835 0
3836 0
3837 0
3838 0
3839 1
3840 0
3841 0
3842 0
3843 0
3844 1
3845 0
3846 1
3847 0
3848 0
3849 0
3850 0
3851 0
3852 1
3853 0
3854 0
3855 1
3856 1
3857 0
3858 1
3859 0
3860 1
3861 1
3862 0
3863 0
3864 1
3865 0
3866 0
3867 0
3868 0
3869 1
3870 0
3871 0
3872 0
3873 0
3874 1
3875 0
3876 0
3877 0
3878 0
3879 2
3880 1
3881 0
3882 0
3883 0
3884 0
3885 0
3886 1
3887 0
3888 0
3889 0
3890 0
3891 0
3892 0
3893 1
3894 0
3895 0
3896 0
3897 1
3898 0
3899 0
3900 0
3901 1
3902 0
3903 0
3904 1
3905 0
3906 0
3907 0
3908 0
3909 0
3910 0
3911 0
3912 0
3913 0
3914 0
3915 0
3916 0
3917 0
3918 0
3919 0
3920 0
3921 0
3922 1
3923 0
3924 0
3925 0
3926 0
3927 0
3928 1
3929 1
3930 0
3931 1
3932 0
3933 0
3934 0
3935 0
3936 1
3937 0
3938 1
3939 0
3940 0
3941 0
3942 0
3943 0
3944 0
3945 0
3946 0
3947 0
3948 0
3949 1
3950 0
3951 1
3952 1
3953 1
3954 0
3955 1
3956 0
3957 0
3958 0
3959 0
3960 0
3961 0
3962 0
3963 1
3964 0
3965 0
3966 0
3967 1
3968 1
3969 0
3970 1
3971 0
3972 0
3973 0
3974 0
3975 0
3976 0
3977 0
3978 0
3979 0
3980 0
3981 0
3982 0
3983 1
3984 0
3985 0
3986 0
3987 0
3988 1
3989 0
3990 0
3991 0
3992 1
3993 0
3994 0
3995 0
3996 0
3997 0
3998 0
3999 0
4000 0
4001 0
4002 0
4003 0
4004 0
4005 0
4006 1
4007 0
4008 0
4009 0
4010 0
4011 0
4012 1
4013 0
4014 1
4015 0
4016 0
4017 0
4018 0
4019 0
4020 0
4021 0
4022 0
4023 0
4024 0
4025 0
4026 0
4027 0
4028 0
4029 0
4030 0
4031 0
4032 0
4033 0
4034 0
4035 0
4036 0
4037 0
4038 0
4039 0
4040 0
4041 0
4042 0
4043 0
4044 0
4045 0
4046 0
4047 0
4048 0
4049 0
4050 0
4051 0
4052 0
4053 0
4054 0
4055 0
4056 1
4057 0
4058 0
4059 0
4060 0
4061 0
4062 0
4063 0
4064 0
4065 1
4066 0
4067 0
4068 0
4069 0
4070 0
4071 0
4072 0
4073 0
4074 1
4075 1
4076 0
4077 0
4078 0
4079 0
4080 0
4081 0
4082 0
4083 0
4084 1
4085 0
4086 1
4087 0
4088 0
4089 1
4090 0
4091 0
4092 0
4093 0
4094 0
4095 0
4096 0
4097 0
4098 0
4099 1
4100 0
4101 1
4102 0
4103 0
4104 0
4105 0
4106 0
4107 1
4108 1
4109 0
4110 0
4111 0
4112 0
4113 0
4114 0
4115 1
4116 1
4117 0
4118 0
4119 0
4120 1
4121 0
4122 0
4123 0
4124 0
4125 1
4126 0
4127 0
4128 0
4129 0
4130 0
4131 0
4132 0
4133 1
4134 1
4135 0
4136 1
4137 0
4138 0
4139 0
4140 0
4141 0
4142 1
4143 0
4144 0
4145 0
4146 0
4147 0
4148 0
4149 0
4150 0
4151 0
4152 0
4153 1
4154 0
4155 0
4156 0
4157 1
4158 0
4159 0
4160 0
4161 0
4162 0
4163 0
4164 0
4165 1
4166 0
4167 0
4168 0
4169 0
4170 0
4171 1
4172 0
4173 1
4174 0
4175 0
4176 0
4177 0
4178 0
4179 0
4180 0
4181 0
4182 0
4183 0
4184 0
4185 1
4186 0
4187 1
4188 0
4189 0
4190 0
4191 0
4192 0
4193 0
4194 0
4195 0
4196 0
4197 0
4198 0
4199 1
4200 0
4201 0
4202 1
4203 0
4204 0
4205 0
4206 0
4207 0
4208 0
4209 0
4210 0
4211 0
4212 1
4213 0
4214 0
4215 0
4216 0
4217 0
4218 1
4219 0
4220 0
4221 0
4222 0
4223 0
4224 1
4225 0
4226 0
4227 1
4228 0
4229 0
4230 1
4231 0
4232 0
4233 0
4234 0
4235 0
4236 0
4237 1
4238 0
4239 0
4240 0
4241 0
4242 1
4243 1
4244 0
4245 0
4246 0
4247 0
4248 0
4249 0
4250 1
4251 1
4252 0
4253 0
4254 0
4255 0
4256 0
4257 0
4258 0
4259 1
4260 1
4261 1
4262 0
4263 0
4264 0
4265 0
4266 0
4267 0
4268 0
4269 0
4270 0
4271 0
4272 0
4273 0
4274 0
4275 0
4276 1
4277 0
4278 0
4279 0
4280 0
4281 0
4282 0
4283 0
4284 0
4285 0
4286 0
4287 0
4288 0
4289 0
4290 0
4291 1
4292 0
4293 0
4294 0
4295 0
4296 0
4297 0
4298 0
4299 0
4300 0
4301 0
4302 0
4303 0
4304 0
4305 0
4306 0
4307 0
4308 0
4309 0
4310 0
4311 0
4312 0
4313 0
4314 0
4315 0
4316 1
4317 0
4318 0
4319 0
4320 0
4321 0
4322 1
4323 0
4324 0
4325 1
4326 0
4327 0
4328 1
4329 0
4330 0
4331 1
4332 0
4333 0
4334 0
4335 0
4336 1
4337 1
4338 0
4339 1
4340 0
4341 0
4342 1
4343 0
4344 0
4345 0
4346 1
4347 0
4348 0
4349 0
4350 1
4351 0
4352 0
4353 0
4354 0
4355 0
4356 0
4357 0
4358 0
4359 1
4360 0
4361 0
4362 1
4363 0
4364 0
4365 0
4366 0
4367 0
4368 0
4369 0
4370 0
4371 0
4372 0
4373 0
4374 1
4375 0
4376 0
4377 0
4378 0
4379 0
4380 0
4381 0
4382 1
4383 0
4384 1
4385 1
4386 0
4387 0
4388 2
4389 0
4390 0
4391 0
4392 1
4393 0
4394 0
4395 0
4396 0
4397 1
4398 0
4399 0
4400 0
4401 0
4402 0
4403 0
4404 0
4405 0
4406 0
4407 1
4408 0
4409 0
4410 1
4411 0
4412 0
4413 0
4414 0
4415 0
4416 1
4417 1
4418 0
4419 0
4420 0
4421 0
4422 0
4423 1
4424 0
4425 1
4426 0
4427 0
4428 0
4429 0
4430 0
4431 0
4432 0
4433 0
4434 0
4435 2
4436 1
4437 1
4438 0
4439 0
4440 0
4441 0
4442 2
4443 0
4444 0
4445 1
4446 1
4447 0
4448 0
4449 0
4450 1
4451 0
4452 0
4453 0
4454 1
4455 0
4456 0
4457 0
4458 0
4459 0
4460 1
4461 1
4462 0
4463 0
4464 0
4465 0
4466 1
4467 1
4468 0
4469 0
4470 0
4471 0
4472 2
4473 0
4474 1
4475 0
4476 0
4477 0
4478 0
4479 0
4480 0
4481 0
4482 0
4483 0
4484 0
4485 0
4486 0
4487 1
4488 0
4489 0
4490 0
4491 1
4492 1
4493 0
4494 0
4495 0
4496 1
4497 0
4498 0
4499 0
4500 0
4501 1
4502 0
4503 0
4504 0
4505 0
4506 0
4507 0
4508 0
4509 1
4510 0
4511 0
4512 0
4513 1
4514 0
4515 1
4516 0
4517 0
4518 1
4519 0
4520 0
4521 1
4522 0
4523 0
4524 0
4525 1
4526 0
4527 0
4528 0
4529 1
4530 1
4531 0
4532 0
4533 0
4534 0
4535 0
4536 0
4537 0
4538 0
4539 0
4540 0
4541 1
4542 0
4543 1
4544 0
4545 0
4546 0
4547 0
4548 0
4549 0
4550 1
4551 0
4552 0
4553 1
4554 0
4555 0
4556 0
4557 0
4558 0
4559 0
4560 0
4561 1
4562 1
4563 0
4564 0
4565 1
4566 0
4567 0
4568 0
4569 1
4570 0
4571 1
4572 0
4573 0
4574 0
4575 0
4576 1
4577 0
4578 0
4579 0
4580 0
4581 0
4582 0
4583 0
4584 0
4585 1
4586 0
4587 0
4588 0
4589 0
4590 0
4591 0
4592 0
4593 0
4594 0
4595 0
4596 0
4597 1
4598 0
4599 0
4600 1
4601 0
4602 1
4603 0
4604 0
4605 1
4606 1
4607 0
4608 0
4609 0
4610 0
4611 0
4612 0
4613 0
4614 0
4615 0
4616 0
4617 0
4618 0
4619 0
4620 1
4621 0
4622 0
4623 2
4624 0
4625 0
4626 0
4627 0
4628 0
4629 0
4630 1
4631 0
4632 0
4633 1
4634 0
4635 0
4636 0
4637 2
4638 0
4639 1
4640 0
4641 0
4642 0
4643 0
4644 0
4645 1
4646 0
4647 1
4648 0
4649 0
4650 0
4651 0
4652 1
4653 0
4654 0
4655 0
4656 0
4657 1
4658 0
4659 0
4660 0
4661 0
4662 0
4663 0
4664 1
4665 0
4666 0
4667 0
4668 0
4669 0
4670 0
4671 0
4672 1
4673 0
4674 1
4675 0
4676 0
4677 0
4678 0
4679 0
4680 1
4681 2
4682 0
4683 0
4684 0
4685 0
4686 1
4687 0
4688 0
4689 0
4690 1
4691 0
4692 0
4693 0
4694 1
4695 0
4696 1
4697 0
4698 0
4699 0
4700 0
4701 0
4702 0
4703 0
4704 0
4705 0
4706 0
4707 0
4708 0
4709 0
4710 0
4711 0
4712 1
4713 0
4714 0
4715 0
4716 0
4717 0
4718 0
4719 1
4720 0
4721 0
4722 1
4723 0
4724 0
4725 1
4726 0
4727 0
4728 1
4729 1
4730 0
4731 0
4732 0
4733 0
4734 0
4735 0
4736 0
4737 1
4738 0
4739 0
4740 1
4741 0
4742 0
4743 0
4744 1
4745 0
4746 0
4747 0
4748 0
4749 0
4750 0
4751 1
4752 1
4753 0
4754 0
4755 1
4756 0
4757 0
4758 0
4759 0
4760 0
4761 0
4762 0
4763 0
4764 0
4765 0
4766 1
4767 0
4768 1
4769 0
4770 0
4771 0
4772 1
4773 1
4774 0
4775 0
4776 0
4777 1
4778 1
4779 0
4780 0
4781 0
4782 0
4783 0
4784 0
4785 1
4786 1
4787 0
4788 1
4789 1
4790 0
4791 1
4792 0
4793 0
4794 0
4795 0
4796 0
4797 1
4798 0
4799 0
4800 0
4801 0
4802 0
4803 0
4804 0
4805 0
4806 0
4807 0
4808 0
4809 0
4810 0
4811 0
4812 0
4813 0
4814 1
4815 0
4816 0
4817 0
4818 0
4819 0
4820 0
4821 0
4822 0
4823 0
4824 0
4825 1
4826 0
4827 0
4828 1
4829 1
4830 1
4831 0
4832 0
4833 0
4834 0
4835 0
4836 1
4837 0
4838 2
4839 0
4840 1
4841 0
4842 0
4843 0
4844 0
4845 0
4846 0
4847 0
4848 0
4849 1
4850 0
4851 1
4852 0
4853 0
4854 1
4855 0
4856 0
4857 0
4858 1
4859 1
4860 0
4861 0
4862 1
4863 1
4864 0
4865 0
4866 0
4867 0
4868 0
4869 0
4870 0
4871 0
4872 1
4873 0
4874 1
4875 0
4876 0
4877 0
4878 0
4879 1
4880 0
4881 0
4882 0
4883 0
4884 0
4885 0
4886 0
4887 1
4888 0
4889 0
4890 0
4891 1
4892 0
4893 0
4894 0
4895 0
4896 0
4897 0
4898 0
4899 0
4900 0
4901 0
4902 0
4903 1
4904 0
4905 0
4906 0
4907 0
4908 0
4909 0
4910 0
4911 1
4912 0
4913 1
4914 0
4915 0
4916 0
4917 0
4918 0
4919 1
4920 0
4921 0
4922 0
4923 0
4924 0
4925 0
4926 0
4927 0
4928 0
4929 0
4930 1
4931 0
4932 0
4933 0
4934 0
4935 0
4936 0
4937 0
4938 0
4939 0
4940 0
4941 1
4942 0
4943 0
4944 1
4945 0
4946 1
4947 1
4948 0
4949 0
4950 0
4951 1
4952 1
4953 0
4954 0
4955 0
4956 0
4957 0
4958 1
4959 1
4960 1
4961 1
4962 1
4963 0
4964 0
4965 0
4966 0
4967 0
4968 0
4969 0
4970 1
4971 0
4972 0
4973 1
4974 0
4975 0
4976 0
4977 0
4978 0
4979 0
4980 1
4981 1
4982 0
4983 0
4984 1
4985 0
4986 0
4987 0
4988 0
4989 0
4990 0
4991 1
4992 0
4993 0
4994 0
4995 0
4996 0
4997 0
4998 0
4999 1
5000 0
5001 0
5002 0
5003 0
5004 0
5005 0
5006 0
5007 0
5008 0
5009 0
5010 0
5011 0
5012 0
5013 0
5014 0
5015 0
5016 1
5017 0
5018 0
5019 1
5020 0
5021 0
5022 0
5023 1
5024 0
5025 1
5026 1
5027 0
5028 1
5029 0
5030 1
5031 0
5032 1
5033 1
5034 0
5035 1
5036 0
5037 0
5038 0
5039 1
5040 1
5041 0
5042 0
5043 0
5044 0
5045 0
5046 0
5047 0
5048 0
5049 0
5050 1
5051 1
5052 0
5053 0
5054 1
5055 0
5056 0
5057 0
5058 0
5059 1
5060 0
5061 1
5062 0
5063 0
5064 2
5065 0
5066 0
5067 0
5068 1
5069 1
5070 0
5071 1
5072 0
5073 0
5074 0
5075 1
5076 0
5077 1
5078 0
5079 0
5080 0
5081 0
5082 1
5083 1
5084 0
5085 0
5086 0
5087 0
5088 0
5089 1
5090 0
5091 1
5092 0
5093 0
5094 1
5095 0
5096 0
5097 0
5098 1
5099 0
5100 0
5101 0
5102 0
5103 0
5104 1
5105 0
5106 0
5107 0
5108 0
5109 0
5110 0
5111 0
5112 0
5113 0
5114 0
5115 0
5116 0
5117 0
5118 0
5119 0
5120 2
5121 2
5122 0
5123 1
5124 0
5125 0
5126 0
5127 0
5128 0
5129 1
5130 0
5131 0
5132 1
5133 0
5134 0
5135 0
5136 0
5137 0
5138 0
5139 0
5140 0
5141 0
5142 1
5143 1
5144 1
5145 0
5146 0
5147 0
5148 1
5149 0
5150 0
5151 0
5152 0
5153 1
5154 0
5155 1
5156 0
5157 0
5158 0
5159 0
5160 0
5161 0
5162 0
5163 1
5164 0
5165 1
5166 0
5167 0
5168 0
5169 0
5170 0
5171 0
5172 0
5173 0
5174 0
5175 0
5176 0
5177 0
5178 0
5179 0
5180 1
5181 1
5182 0
5183 0
5184 0
5185 0
5186 0
5187 0
5188 0
5189 0
5190 0
5191 0
5192 0
5193 0
5194 0
5195 1
5196 1
5197 0
5198 0
5199 0
5200 0
5201 1
5202 0
5203 0
5204 0
5205 0
5206 0
5207 0
5208 0
5209 0
5210 0
5211 0
5212 0
5213 0
5214 0
5215 0
5216 1
5217 1
5218 0
5219 0
5220 0
5221 0
5222 1
5223 0
5224 0
5225 0
5226 1
5227 0
5228 0
5229 1
5230 1
5231 0
5232 1
5233 0
5234 0
5235 0
5236 0
5237 1
5238 0
5239 1
5240 0
5241 0
5242 0
5243 1
5244 0
5245 1
5246 0
5247 0
5248 1
5249 0
5250 1
5251 1
5252 0
5253 0
5254 1
5255 0
5256 0
5257 1
5258 0
5259 1
5260 0
5261 0
5262 0
5263 0
5264 0
5265 0
5266 0
5267 1
5268 0
5269 0
5270 1
5271 0
5272 1
5273 0
5274 0
5275 1
5276 1
5277 0
5278 1
5279 0
5280 0
5281 0
5282 0
5283 0
5284 0
5285 0
5286 1
5287 1
5288 1
5289 1
5290 0
5291 0
5292 0
5293 0
5294 1
5295 0
5296 0
5297 1
5298 0
5299 0
5300 1
5301 0
5302 1
5303 0
5304 0
5305 0
5306 1
5307 0
5308 0
5309 0
5310 0
5311 0
5312 0
5313 0
5314 0
5315 0
5316 0
5317 0
5318 0
5319 0
5320 0
5321 0
5322 0
5323 0
5324 1
5325 1
5326 1
5327 0
5328 0
5329 0
5330 0
5331 0
5332 0
5333 0
5334 1
5335 0
5336 1
5337 0
5338 0
5339 1
5340 1
5341 0
5342 0
5343 1
5344 0
5345 0
5346 0
5347 0
5348 0
5349 1
5350 0
5351 1
5352 0
5353 0
5354 1
5355 0
5356 2
5357 1
5358 1
5359 1
5360 0
5361 0
5362 1
5363 0
5364 0
5365 0
5366 0
5367 0
5368 0
5369 0
5370 0
5371 0
5372 0
5373 0
5374 0
5375 1
5376 0
5377 0
5378 0
5379 0
5380 0
5381 0
5382 0
5383 1
5384 0
5385 0
5386 0
5387 0
5388 0
5389 0
5390 1
5391 0
5392 0
5393 0
5394 0
5395 0
5396 0
5397 0
5398 0
5399 1
5400 0
5401 0
5402 0
5403 1
5404 1
5405 0
5406 1
5407 0
5408 0
5409 2
5410 0
5411 0
5412 1
5413 0
5414 0
5415 0
5416 0
5417 0
5418 0
5419 0
5420 0
5421 0
5422 0
5423 0
5424 0
5425 0
5426 0
5427 0
5428 0
5429 0
5430 0
5431 0
5432 0
5433 0
5434 0
5435 0
5436 0
5437 0
5438 0
5439 0
5440 0
5441 0
5442 0
5443 0
5444 1
5445 0
5446 0
5447 0
5448 1
5449 0
5450 0
5451 0
5452 0
5453 0
5454 0
5455 0
5456 0
5457 0
5458 0
5459 0
5460 0
5461 0
5462 0
5463 0
5464 0
5465 0
5466 0
5467 0
5468 0
5469 0
5470 1
5471 0
5472 1
5473 0
5474 0
5475 0
5476 1
5477 0
5478 1
5479 0
5480 0
5481 1
5482 0
5483 1
5484 0
5485 0
5486 1
5487 1
5488 1
5489 0
5490 0
5491 1
5492 1
5493 0
5494 0
5495 0
5496 0
5497 0
5498 0
5499 0
5500 0
5501 0
5502 0
5503 2
5504 1
5505 0
5506 1
5507 1
5508 1
5509 0
5510 0
5511 0
5512 1
5513 1
5514 0
5515 0
5516 1
5517 1
5518 1
5519 1
5520 0
5521 0
5522 0
5523 0
5524 0
5525 1
5526 0
5527 0
5528 0
5529 0
5530 0
5531 1
5532 0
5533 0
5534 0
5535 0
5536 0
5537 0
5538 1
5539 0
5540 0
5541 0
5542 0
5543 0
5544 0
5545 0
5546 1
5547 0
5548 0
5549 1
5550 1
5551 0
5552 0
5553 0
5554 0
5555 0
5556 1
5557 1
5558 0
5559 0
5560 1
5561 0
5562 0
5563 0
5564 0
5565 0
5566 0
5567 0
5568 0
5569 0
5570 0
5571 0
5572 0
5573 1
5574 0
5575 0
5576 1
5577 0
5578 1
5579 1
5580 1
5581 0
5582 0
5583 0
5584 0
5585 0
5586 1
5587 0
5588 1
5589 0
5590 0
5591 0
5592 0
5593 0
5594 0
5595 0
5596 0
5597 0
5598 0
5599 1
5600 0
5601 0
5602 1
5603 0
5604 0
5605 1
5606 0
5607 1
5608 0
5609 0
5610 0
5611 0
5612 0
5613 0
5614 0
5615 0
5616 0
5617 0
5618 1
5619 1
5620 0
5621 0
5622 1
5623 0
5624 0
5625 0
5626 0
5627 0
5628 0
5629 0
5630 0
5631 1
5632 0
5633 1
5634 1
5635 0
5636 0
5637 0
5638 0
5639 0
5640 0
5641 0
5642 0
5643 0
5644 0
5645 0
5646 0
5647 0
5648 0
5649 0
5650 0
5651 1
5652 0
5653 1
5654 0
5655 0
5656 0
5657 0
5658 0
5659 0
5660 1
5661 1
5662 0
5663 0
5664 1
5665 0
5666 0
5667 1
5668 2
5669 0
5670 0
5671 0
5672 0
5673 0
5674 0
5675 0
5676 0
5677 0
5678 0
5679 0
5680 1
5681 0
5682 0
5683 0
5684 0
5685 2
5686 0
5687 0
5688 0
5689 0
5690 0
5691 0
5692 0
5693 0
5694 1
5695 0
5696 0
5697 0
5698 0
5699 0
5700 0
5701 0
5702 0
5703 0
5704 0
5705 1
5706 1
5707 0
5708 1
5709 0
5710 0
5711 1
5712 0
5713 1
5714 2
5715 1
5716 0
5717 0
5718 0
5719 0
5720 0
5721 0
5722 0
5723 0
5724 1
5725 0
5726 0
5727 0
5728 0
5729 0
5730 0
5731 0
5732 0
5733 0
5734 0
5735 1
5736 0
5737 0
5738 0
5739 0
5740 0
5741 0
5742 0
5743 0
5744 0
5745 0
5746 0
5747 0
5748 0
5749 1
5750 0
5751 0
5752 0
5753 0
5754 1
5755 0
5756 0
5757 0
5758 1
5759 0
5760 1
5761 0
5762 0
5763 0
5764 0
5765 1
5766 0
5767 0
5768 0
5769 0
5770 0
5771 0
5772 1
5773 0
5774 0
5775 0
5776 0
5777 0
5778 1
5779 0
5780 1
5781 1
5782 0
5783 0
5784 1
5785 0
5786 0
5787 0
5788 0
5789 0
5790 0
5791 0
5792 0
5793 1
5794 0
5795 0
5796 0
5797 1
5798 1
5799 0
5800 0
5801 0
5802 0
5803 0
5804 0
5805 0
5806 2
5807 0
5808 1
5809 1
5810 1
5811 0
5812 0
5813 0
5814 1
5815 0
5816 0
5817 0
5818 0
5819 1
5820 1
5821 1
5822 0
5823 0
5824 0
5825 0
5826 0
5827 0
5828 0
5829 0
5830 0
5831 0
5832 1
5833 1
5834 0
5835 0
5836 2
5837 0
5838 0
5839 0
5840 0
5841 0
5842 0
5843 0
5844 0
5845 1
5846 1
5847 0
5848 0
5849 0
5850 0
5851 0
5852 0
5853 0
5854 1
5855 1
5856 0
5857 0
5858 0
5859 0
5860 0
5861 1
5862 0
5863 1
5864 0
5865 0
5866 0
5867 0
5868 0
5869 0
5870 1
5871 1
5872 0
5873 0
5874 0
5875 1
5876 1
5877 0
5878 0
5879 0
5880 0
5881 0
5882 0
5883 1
5884 0
5885 0
5886 1
5887 1
5888 2
5889 0
5890 0
5891 0
5892 0
5893 0
5894 0
5895 1
5896 1
5897 0
5898 0
5899 0
5900 0
5901 1
5902 0
5903 0
5904 0
5905 0
5906 0
5907 0
5908 0
5909 1
5910 1
5911 0
5912 0
5913 1
5914 1
5915 1
5916 0
5917 0
5918 0
5919 0
5920 1
5921 1
5922 0
5923 1
5924 0
5925 0
5926 0
5927 0
5928 1
5929 1
5930 1
5931 0
5932 0
5933 0
5934 0
5935 0
5936 0
5937 0
5938 1
5939 0
5940 2
5941 0
5942 1
5943 1
5944 0
5945 0
5946 0
5947 0
5948 0
5949 1
5950 1
5951 0
5952 0
5953 1
5954 1
5955 1
5956 0
5957 0
5958 0
5959 0
5960 0
5961 0
5962 0
5963 0
5964 1
5965 1
5966 0
5967 0
5968 0
5969 0
5970 0
5971 0
5972 0
5973 0
5974 0
5975 0
5976 0
5977 0
5978 0
5979 0
5980 0
5981 1
5982 0
5983 0
5984 1
5985 0
5986 0
5987 1
5988 1
5989 0
5990 1
5991 1
5992 0
5993 0
5994 1
5995 1
5996 1
5997 1
5998 1
5999 0
6000 0
6001 0
6002 1
6003 0
6004 0
6005 0
6006 1
6007 0
6008 0
6009 0
6010 2
6011 0
6012 0
6013 1
6014 1
6015 1
6016 0
6017 0
6018 1
6019 0
6020 0
6021 1
6022 1
6023 1
6024 0
6025 1
6026 0
6027 0
6028 2
6029 1
6030 0
6031 0
6032 0
6033 0
6034 0
6035 1
6036 0
6037 1
6038 1
6039 0
6040 0
6041 0
6042 0
6043 0
6044 0
6045 0
6046 0
6047 1
6048 1
6049 1
6050 0
6051 0
6052 0
6053 0
6054 0
6055 1
6056 0
6057 0
6058 0
6059 0
6060 1
6061 0
6062 1
6063 0
6064 1
6065 0
6066 0
6067 0
6068 0
6069 0
6070 0
6071 0
6072 0
6073 0
6074 0
6075 0
6076 1
6077 1
6078 0
6079 1
6080 1
6081 0
6082 1
6083 0
6084 1
6085 0
6086 0
6087 0
6088 0
6089 0
6090 0
6091 1
6092 1
6093 0
6094 0
6095 1
6096 1
6097 0
6098 0
6099 0
6100 0
6101 1
6102 1
6103 0
6104 0
6105 0
6106 0
6107 0
6108 0
6109 0
6110 0
6111 2
6112 0
6113 1
6114 0
6115 0
6116 1
6117 0
6118 0
6119 1
6120 0
6121 1
6122 0
6123 0
6124 0
6125 0
6126 0
6127 0
6128 0
6129 0
6130 0
6131 0
6132 0
6133 0
6134 1
6135 0
6136 1
6137 0
6138 0
6139 1
6140 0
6141 1
6142 0
6143 1
6144 1
6145 0
6146 0
6147 0
6148 0
6149 0
6150 0
6151 0
6152 0
6153 0
6154 1
6155 0
6156 0
6157 0
6158 0
6159 0
6160 0
6161 0
6162 1
6163 0
6164 0
6165 1
6166 0
6167 0
6168 1
6169 0
6170 0
6171 0
6172 0
6173 0
6174 1
6175 0
6176 0
6177 1
6178 1
6179 1
6180 0
6181 0
6182 1
6183 0
6184 0
6185 0
6186 0
6187 0
6188 0
6189 0
6190 0
6191 0
6192 1
6193 0
6194 1
6195 1
6196 0
6197 0
6198 0
6199 1
6200 0
6201 1
6202 0
6203 1
6204 0
6205 0
6206 0
6207 1
6208 1
6209 0
6210 0
6211 2
6212 0
6213 1
6214 0
6215 1
6216 0
6217 0
6218 0
6219 0
6220 0
6221 0
6222 0
6223 0
6224 0
6225 1
6226 0
6227 0
6228 1
6229 0
6230 0
6231 0
6232 0
6233 1
6234 1
6235 0
6236 0
6237 0
6238 0
6239 0
6240 0
6241 0
6242 0
6243 0
6244 0
6245 0
6246 1
6247 0
6248 0
6249 0
6250 0
6251 0
6252 0
6253 0
6254 0
6255 1
6256 1
6257 0
6258 0
6259 0
6260 0
6261 0
6262 0
6263 1
6264 1
6265 1
6266 0
6267 0
6268 0
6269 0
6270 0
6271 0
6272 1
6273 0
6274 0
6275 1
6276 1
6277 0
6278 0
6279 1
6280 1
6281 0
6282 0
6283 0
6284 0
6285 0
6286 0
6287 0
6288 0
6289 0
6290 0
6291 0
6292 0
6293 1
6294 0
6295 0
6296 0
6297 0
6298 1
6299 0
6300 0
6301 0
6302 1
6303 0
6304 0
6305 0
6306 0
6307 0
6308 0
6309 1
6310 1
6311 0
6312 1
6313 1
6314 1
6315 0
6316 0
6317 0
6318 1
6319 0
6320 0
6321 1
6322 1
6323 0
6324 1
6325 0
6326 1
6327 0
6328 0
6329 1
6330 0
6331 0
6332 0
6333 1
6334 0
6335 0
6336 0
6337 0
6338 0
6339 0
6340 0
6341 1
6342 2
6343 0
6344 0
6345 0
6346 0
6347 1
6348 0
6349 0
6350 0
6351 0
6352 0
6353 0
6354 0
6355 0
6356 1
6357 0
6358 1
6359 1
6360 0
6361 0
6362 0
6363 0
6364 1
6365 0
6366 1
6367 1
6368 0
6369 0
6370 0
6371 0
6372 0
6373 0
6374 1
6375 1
6376 0
6377 1
6378 0
6379 0
6380 0
6381 0
6382 0
6383 0
6384 0
6385 1
6386 1
6387 0
6388 0
6389 0
6390 0
6391 1
6392 0
6393 0
6394 1
6395 0
6396 1
6397 0
6398 2
6399 1
6400 0
6401 1
6402 1
6403 1
6404 0
6405 0
6406 0
6407 1
6408 0
6409 0
6410 1
6411 1
6412 0
6413 0
6414 0
6415 0
6416 0
6417 0
6418 0
6419 0
6420 0
6421 1
6422 0
6423 0
6424 0
6425 2
6426 0
6427 0
6428 0
6429 1
6430 0
6431 0
6432 0
6433 0
6434 0
6435 0
6436 0
6437 0
6438 0
6439 1
6440 0
6441 0
6442 1
6443 0
6444 1
6445 0
6446 1
6447 0
6448 1
6449 0
6450 0
6451 0
6452 0
6453 0
6454 0
6455 0
6456 0
6457 0
6458 0
6459 0
6460 0
6461 0
6462 0
6463 0
6464 1
6465 0
6466 0
6467 0
6468 0
6469 2
6470 0
6471 0
6472 0
6473 1
6474 0
6475 0
6476 0
6477 0
6478 0
6479 0
6480 0
6481 0
6482 0
6483 1
6484 0
6485 1
6486 0
6487 1
6488 0
6489 1
6490 1
6491 0
6492 0
6493 1
6494 1
6495 2
6496 0
6497 0
6498 1
6499 0
6500 1
6501 0
6502 0
6503 1
6504 1
6505 0
6506 1
6507 0
6508 0
6509 1
6510 1
6511 0
6512 0
6513 0
6514 1
6515 0
6516 1
6517 0
6518 1
6519 1
6520 0
6521 0
6522 1
6523 0
6524 0
6525 0
6526 0
6527 0
6528 0
6529 1
6530 2
6531 0
6532 1
6533 1
6534 0
6535 0
6536 0
6537 0
6538 0
6539 0
6540 1
6541 1
6542 0
6543 0
6544 0
6545 0
6546 0
6547 1
6548 0
6549 1
6550 0
6551 0
6552 0
6553 0
6554 0
6555 1
6556 1
6557 1
6558 1
6559 0
6560 1
6561 0
6562 0
6563 0
6564 0
6565 1
6566 0
6567 0
6568 0
6569 0
6570 0
6571 0
6572 0
6573 0
6574 1
6575 0
6576 1
6577 0
6578 0
6579 0
6580 0
6581 0
6582 1
6583 0
6584 0
6585 0
6586 0
6587 0
6588 0
6589 0
6590 0
6591 0
6592 0
6593 0
6594 1
6595 1
6596 0
6597 0
6598 1
6599 0
6600 0
6601 0
6602 0
6603 1
6604 1
6605 0
6606 0
6607 0
6608 0
6609 0
6610 0
6611 1
6612 0
6613 0
6614 1
6615 0
6616 0
6617 0
6618 0
6619 0
6620 2
6621 0
6622 1
6623 0
6624 0
6625 1
6626 0
6627 1
6628 0
6629 1
6630 0
6631 1
6632 0
6633 0
6634 0
6635 0
6636 0
6637 1
6638 0
6639 1
6640 1
6641 1
6642 0
6643 0
6644 0
6645 0
6646 0
6647 0
6648 1
6649 0
6650 0
6651 0
6652 0
6653 0
6654 1
6655 0
6656 1
6657 0
6658 1
6659 0
6660 0
6661 0
6662 0
6663 0
6664 2
6665 1
6666 1
6667 0
6668 0
6669 0
6670 1
6671 0
6672 0
6673 1
6674 0
6675 1
6676 0
6677 0
6678 0
6679 0
6680 0
6681 0
6682 0
6683 1
6684 0
6685 0
6686 0
6687 0
6688 1
6689 0
6690 0
6691 0
6692 0
6693 0
6694 0
6695 0
6696 0
6697 1
6698 0
6699 1
6700 1
6701 0
6702 1
6703 0
6704 0
6705 0
6706 1
6707 0
6708 0
6709 1
6710 1
6711 0
6712 1
6713 1
6714 0
6715 0
6716 1
6717 0
6718 1
6719 1
6720 1
6721 0
6722 1
6723 0
6724 1
6725 1
6726 1
6727 0
6728 0
6729 0
6730 1
6731 0
6732 1
6733 0
6734 0
6735 0
6736 0
6737 0
6738 0
6739 0
6740 0
6741 0
6742 0
6743 0
6744 1
6745 0
6746 0
6747 0
6748 1
6749 0
6750 1
6751 0
6752 1
6753 2
6754 1
6755 0
6756 0
6757 0
6758 0
6759 0
6760 0
6761 0
6762 0
6763 0
6764 2
6765 1
6766 0
6767 0
6768 0
6769 0
6770 1
6771 0
6772 2
6773 0
6774 0
6775 1
6776 0
6777 0
6778 0
6779 0
6780 0
6781 0
6782 0
6783 0
6784 1
6785 1
6786 0
6787 2
6788 0
6789 0
6790 0
6791 1
6792 0
6793 0
6794 0
6795 0
6796 0
6797 0
6798 0
6799 0
6800 0
6801 0
6802 0
6803 1
6804 0
6805 0
6806 1
6807 0
6808 1
6809 0
6810 0
6811 0
6812 0
6813 1
6814 1
6815 0
6816 0
6817 0
6818 0
6819 0
6820 0
6821 0
6822 1
6823 0
6824 0
6825 1
6826 0
6827 1
6828 0
6829 0
6830 0
6831 0
6832 0
6833 0
6834 1
6835 0
6836 0
6837 0
6838 0
6839 0
6840 0
6841 0
6842 1
6843 0
6844 0
6845 0
6846 0
6847 1
6848 0
6849 0
6850 0
6851 0
6852 0
6853 0
6854 0
6855 1
6856 1
6857 0
6858 1
6859 0
6860 0
6861 0
6862 0
6863 1
6864 0
6865 0
6866 0
6867 0
6868 0
6869 0
6870 0
6871 0
6872 0
6873 1
6874 0
6875 0
6876 0
6877 0
6878 1
6879 1
6880 0
6881 0
6882 0
6883 1
6884 0
6885 1
6886 1
6887 0
6888 1
6889 1
6890 0
6891 0
6892 0
6893 0
6894 1
6895 1
6896 0
6897 0
6898 0
6899 2
6900 0
6901 1
6902 0
6903 0
6904 0
6905 0
6906 0
6907 0
6908 0
6909 0
6910 0
6911 0
6912 0
6913 1
6914 1
6915 1
6916 1
6917 0
6918 1
6919 1
6920 0
6921 0
6922 0
6923 0
6924 0
6925 0
6926 0
6927 0
6928 0
6929 1
6930 0
6931 0
6932 0
6933 0
6934 0
6935 0
6936 0
6937 0
6938 1
6939 0
6940 1
6941 1
6942 0
6943 0
6944 0
6945 0
6946 1
6947 0
6948 1
6949 0
6950 0
6951 0
6952 1
6953 0
6954 0
6955 0
6956 0
6957 0
6958 0
6959 0
6960 0
6961 0
6962 1
6963 0
6964 1
6965 0
6966 0
6967 0
6968 1
6969 0
6970 1
6971 0
6972 0
6973 1
6974 0
6975 0
6976 0
6977 1
6978 0
6979 0
6980 0
6981 1
6982 0
6983 0
6984 0
6985 0
6986 1
6987 1
6988 0
6989 0
6990 1
6991 0
6992 0
6993 1
6994 1
6995 0
6996 0
6997 0
6998 0
6999 0
7000 1
7001 1
7002 0
7003 0
7004 0
7005 1
7006 0
7007 0
7008 0
7009 0
7010 0
7011 1
7012 0
7013 1
7014 0
7015 0
7016 0
7017 0
7018 0
7019 0
7020 0
7021 0
7022 0
7023 0
7024 0
7025 0
7026 1
7027 0
7028 0
7029 0
7030 0
7031 0
7032 0
7033 1
7034 0
7035 0
7036 0
7037 0
7038 0
7039 0
7040 0
7041 0
7042 0
7043 0
7044 0
7045 0
7046 0
7047 0
7048 0
7049 1
7050 0
7051 1
7052 0
7053 0
7054 0
7055 1
7056 0
7057 0
7058 0
7059 0
7060 0
7061 0
7062 2
7063 0
7064 0
7065 0
7066 1
7067 0
7068 0
7069 0
7070 0
7071 1
7072 0
7073 0
7074 0
7075 1
7076 0
7077 0
7078 0
7079 0
7080 0
7081 0
7082 1
7083 2
7084 1
7085 1
7086 0
7087 0
7088 0
7089 0
7090 1
7091 1
7092 1
7093 0
7094 2
7095 0
7096 1
7097 0
7098 1
7099 1
7100 0
7101 0
7102 0
7103 1
7104 0
7105 0
7106 0
7107 0
7108 0
7109 0
7110 1
7111 1
7112 0
7113 0
7114 0
7115 0
7116 1
7117 0
7118 1
7119 0
7120 0
7121 0
7122 0
7123 1
7124 1
7125 0
7126 0
7127 0
7128 1
7129 1
7130 0
7131 1
7132 0
7133 1
7134 0
7135 0
7136 0
7137 2
7138 0
7139 1
7140 0
7141 0
7142 0
7143 1
7144 0
7145 0
7146 0
7147 0
7148 1
7149 0
7150 2
7151 1
7152 0
7153 0
7154 0
7155 0
7156 0
7157 1
7158 1
7159 0
7160 1
7161 0
7162 0
7163 0
7164 1
7165 0
7166 0
7167 0
7168 0
7169 0
7170 1
7171 1
7172 0
7173 1
7174 0
7175 0
7176 0
7177 1
7178 0
7179 0
7180 2
7181 0
7182 1
7183 0
7184 0
7185 0
7186 1
7187 0
7188 1
7189 0
7190 0
7191 1
7192 0
7193 0
7194 0
7195 0
7196 0
7197 1
7198 0
7199 1
7200 0
7201 0
7202 1
7203 0
7204 0
7205 0
7206 1
7207 0
7208 0
7209 0
7210 0
7211 0
7212 0
7213 0
7214 1
7215 0
7216 0
7217 0
7218 1
7219 0
7220 0
7221 0
7222 0
7223 0
7224 1
7225 2
7226 0
7227 0
7228 0
7229 2
7230 0
7231 0
7232 1
7233 0
7234 0
7235 0
7236 0
7237 1
7238 0
7239 1
7240 0
7241 0
7242 1
7243 0
7244 1
7245 1
7246 1
7247 0
7248 1
7249 0
7250 1
7251 0
7252 0
7253 0
7254 1
7255 1
7256 0
7257 0
7258 0
7259 1
7260 0
7261 0
7262 0
7263 0
7264 0
7265 0
7266 0
7267 0
7268 1
7269 0
7270 0
7271 0
7272 0
7273 0
7274 0
7275 0
7276 0
7277 0
7278 0
7279 0
7280 0
7281 0
7282 0
7283 0
7284 0
7285 1
7286 0
7287 0
7288 1
7289 1
7290 0
7291 0
7292 0
7293 0
7294 2
7295 0
7296 0
7297 1
7298 0
7299 0
7300 0
7301 0
7302 0
7303 0
7304 1
7305 0
7306 2
7307 0
7308 0
7309 0
7310 0
7311 1
7312 0
7313 0
7314 1
7315 0
7316 1
7317 1
7318 1
7319 1
7320 0
7321 0
7322 0
7323 1
7324 0
7325 0
7326 0
7327 1
7328 0
7329 0
7330 0
7331 0
7332 2
7333 0
7334 0
7335 2
7336 2
7337 0
7338 0
7339 0
7340 1
7341 1
7342 0
7343 0
7344 0
7345 0
7346 0
7347 0
7348 0
7349 0
7350 1
7351 0
7352 1
7353 1
7354 0
7355 0
7356 0
7357 0
7358 1
7359 0
7360 1
7361 0
7362 0
7363 2
7364 1
7365 0
7366 0
7367 0
7368 1
7369 0
7370 0
7371 1
7372 0
7373 0
7374 0
7375 0
7376 0
7377 0
7378 0
7379 0
7380 0
7381 0
7382 0
7383 1
7384 0
7385 0
7386 0
7387 1
7388 0
7389 1
7390 0
7391 1
7392 0
7393 0
7394 0
7395 0
7396 0
7397 0
7398 0
7399 0
7400 0
7401 0
7402 0
7403 1
7404 0
7405 1
7406 0
7407 0
7408 0
7409 0
7410 0
7411 1
7412 0
7413 0
7414 0
7415 1
7416 0
7417 0
7418 1
7419 1
7420 1
7421 0
7422 0
7423 0
7424 0
7425 0
7426 0
7427 0
7428 0
7429 0
7430 0
7431 0
7432 0
7433 0
7434 0
7435 1
7436 0
7437 1
7438 0
7439 0
7440 1
7441 0
7442 0
7443 1
7444 0
7445 0
7446 0
7447 0
7448 0
7449 0
7450 0
7451 0
7452 1
7453 1
7454 1
7455 0
7456 1
7457 0
7458 0
7459 1
7460 0
7461 0
7462 0
7463 1
7464 1
7465 0
7466 0
7467 1
7468 1
7469 0
7470 0
7471 1
7472 1
7473 0
7474 0
7475 1
7476 0
7477 0
7478 0
7479 0
7480 0
7481 0
7482 2
7483 0
7484 0
7485 1
7486 1
7487 0
7488 0
7489 0
7490 0
7491 0
7492 1
7493 1
7494 0
7495 0
7496 1
7497 0
7498 1
7499 0
7500 0
7501 1
7502 1
7503 0
7504 0
7505 0
7506 0
7507 0
7508 1
7509 0
7510 1
7511 0
7512 0
7513 0
7514 0
7515 0
7516 0
7517 0
7518 0
7519 0
7520 1
7521 0
7522 0
7523 0
7524 1
7525 0
7526 0
7527 0
7528 0
7529 1
7530 1
7531 2
7532 0
7533 0
7534 0
7535 1
7536 0
7537 1
7538 0
7539 0
7540 0
7541 0
7542 0
7543 1
7544 1
7545 0
7546 1
7547 1
7548 1
7549 0
7550 0
7551 2
7552 0
7553 0
7554 0
7555 0
7556 1
7557 1
7558 0
7559 0
7560 1
7561 0
7562 1
7563 0
7564 0
7565 0
7566 0
7567 0
7568 1
7569 0
7570 0
7571 0
7572 0
7573 0
7574 0
7575 0
7576 0
7577 0
7578 0
7579 0
7580 0
7581 0
7582 0
7583 0
7584 1
7585 0
7586 0
7587 0
7588 0
7589 1
7590 0
7591 0
7592 1
7593 0
7594 1
7595 1
7596 0
7597 1
7598 1
7599 0
7600 0
7601 1
7602 0
7603 1
7604 1
7605 0
7606 0
7607 1
7608 1
7609 1
7610 0
7611 0
7612 1
7613 0
7614 0
7615 0
7616 0
7617 0
7618 0
7619 0
7620 0
7621 0
7622 0
7623 0
7624 0
7625 0
7626 1
7627 0
7628 1
7629 1
7630 0
7631 1
7632 0
7633 1
7634 0
7635 0
7636 0
7637 0
7638 0
7639 0
7640 0
7641 1
7642 1
7643 0
7644 0
7645 1
7646 1
7647 0
7648 1
7649 0
7650 0
7651 0
7652 0
7653 0
7654 0
7655 0
7656 1
7657 1
7658 1
7659 0
7660 0
7661 0
7662 0
7663 0
7664 0
7665 0
7666 1
7667 0
7668 1
7669 0
7670 0
7671 0
7672 0
7673 0
7674 0
7675 0
7676 0
7677 0
7678 0
7679 1
7680 0
7681 0
7682 0
7683 0
7684 0
7685 0
7686 0
7687 0
7688 1
7689 0
7690 0
7691 0
7692 0
7693 0
7694 0
7695 0
7696 0
7697 0
7698 0
7699 0
7700 0
7701 0
7702 1
7703 0
7704 0
7705 0
7706 0
7707 0
7708 0
7709 1
7710 2
7711 0
7712 1
7713 1
7714 0
7715 1
7716 1
7717 0
7718 0
7719 0
7720 0
7721 1
7722 1
7723 0
7724 0
7725 0
7726 0
7727 0
7728 1
7729 0
7730 1
7731 0
7732 0
7733 1
7734 0
7735 0
7736 0
7737 0
7738 0
7739 0
7740 0
7741 1
7742 0
7743 0
7744 0
7745 0
7746 0
7747 0
7748 0
7749 0
7750 0
7751 0
7752 0
7753 0
7754 0
7755 1
7756 1
7757 0
7758 1
7759 0
7760 0
7761 0
7762 0
7763 0
7764 0
7765 0
7766 1
7767 0
7768 2
7769 1
7770 0
7771 0
7772 0
7773 0
7774 0
7775 1
7776 0
7777 0
7778 1
7779 0
7780 0
7781 0
7782 1
7783 1
7784 1
7785 0
7786 1
7787 1
7788 0
7789 0
7790 1
7791 0
7792 1
7793 1
7794 1
7795 0
7796 1
7797 1
7798 0
7799 0
7800 0
7801 1
7802 1
7803 0
7804 0
7805 1
7806 1
7807 1
7808 0
7809 1
7810 0
7811 0
7812 1
7813 1
7814 1
7815 0
7816 1
7817 1
7818 0
7819 0
7820 0
7821 0
7822 1
7823 0
7824 0
7825 0
7826 0
7827 0
7828 0
7829 1
7830 0
7831 1
7832 0
7833 0
7834 0
7835 0
7836 1
7837 0
7838 1
7839 1
7840 0
7841 0
7842 0
7843 0
7844 0
7845 0
7846 1
7847 0
7848 1
7849 1
7850 0
7851 0
7852 0
7853 0
7854 1
7855 0
7856 0
7857 0
7858 0
7859 1
7860 2
7861 0
7862 0
7863 0
7864 0
7865 0
7866 0
7867 0
7868 0
7869 1
7870 0
7871 1
7872 1
7873 1
7874 0
7875 0
7876 0
7877 0
7878 0
7879 0
7880 0
7881 1
7882 0
7883 0
7884 0
7885 0
7886 1
7887 2
7888 0
7889 0
7890 0
7891 1
7892 0
7893 1
7894 0
7895 0
7896 0
7897 0
7898 0
7899 1
7900 0
7901 0
7902 0
7903 1
7904 0
7905 1
7906 0
7907 0
7908 0
7909 1
7910 0
7911 0
7912 0
7913 0
7914 1
7915 1
7916 0
7917 1
7918 1
7919 1
7920 0
7921 0
7922 1
7923 0
7924 1
7925 0
7926 0
7927 1
7928 1
7929 0
7930 0
7931 0
7932 0
7933 0
7934 0
7935 1
7936 0
7937 0
7938 1
7939 0
7940 0
7941 0
7942 0
7943 0
7944 1
7945 0
7946 1
7947 0
7948 0
7949 0
7950 1
7951 0
7952 1
7953 0
7954 1
7955 0
7956 0
7957 0
7958 1
7959 1
7960 0
7961 1
7962 0
7963 0
7964 1
7965 0
7966 1
7967 1
7968 0
7969 1
7970 1
7971 1
7972 1
7973 1
7974 0
7975 1
7976 1
7977 1
7978 1
7979 1
7980 0
7981 0
7982 0
7983 1
7984 0
7985 0
7986 0
7987 1
7988 0
7989 0
7990 1
7991 1
7992 0
7993 0
7994 0
7995 1
7996 0
7997 0
7998 1
7999 1
8000 1
8001 0
8002 0
8003 0
8004 1
8005 1
8006 0
8007 0
8008 0
8009 0
8010 0
8011 1
8012 0
8013 0
8014 0
8015 0
8016 0
8017 0
8018 0
8019 1
8020 0
8021 1
8022 1
8023 0
8024 0
8025 1
8026 0
8027 0
8028 1
8029 1
8030 0
8031 1
8032 0
8033 0
8034 1
8035 1
8036 0
8037 0
8038 1
8039 0
8040 0
8041 0
8042 0
8043 0
8044 0
8045 0
8046 1
8047 0
8048 1
8049 0
8050 0
8051 0
8052 0
8053 0
8054 1
8055 1
8056 0
8057 0
8058 1
8059 0
8060 1
8061 0
8062 0
8063 0
8064 0
8065 0
8066 1
8067 0
8068 0
8069 0
8070 0
8071 1
8072 0
8073 0
8074 1
8075 0
8076 0
8077 0
8078 0
8079 0
8080 0
8081 1
8082 1
8083 1
8084 1
8085 0
8086 0
8087 1
8088 0
8089 1
8090 1
8091 0
8092 1
8093 1
8094 1
8095 0
8096 0
8097 1
8098 0
8099 1
8100 0
8101 0
8102 0
8103 1
8104 0
8105 0
8106 1
8107 0
8108 0
8109 0
8110 0
8111 0
8112 1
8113 1
8114 0
8115 0
8116 0
8117 0
8118 1
8119 0
8120 1
8121 1
8122 0
8123 0
8124 1
8125 1
8126 0
8127 0
8128 1
8129 0
8130 0
8131 0
8132 0
8133 1
8134 0
8135 0
8136 0
8137 0
8138 1
8139 1
8140 0
8141 0
8142 2
8143 0
8144 0
8145 0
8146 0
8147 0
8148 0
8149 1
8150 0
8151 0
8152 1
8153 0
8154 0
8155 1
8156 0
8157 0
8158 0
8159 0
8160 0
8161 1
8162 0
8163 0
8164 0
8165 0
8166 0
8167 0
8168 1
8169 1
8170 0
8171 0
8172 0
8173 0
8174 0
8175 1
8176 0
8177 1
8178 0
8179 1
8180 1
8181 1
8182 0
8183 0
8184 0
8185 0
8186 0
8187 0
8188 1
8189 0
8190 0
8191 1
8192 0
8193 0
8194 1
8195 1
8196 1
8197 2
8198 0
8199 1
8200 1
8201 0
8202 0
8203 0
8204 0
8205 0
8206 0
8207 1
8208 0
8209 0
8210 1
8211 0
8212 0
8213 1
8214 0
8215 0
8216 1
8217 0
8218 0
8219 1
8220 0
8221 0
8222 0
8223 0
8224 0
8225 0
8226 1
8227 0
8228 1
8229 1
8230 0
8231 1
8232 1
8233 0
8234 0
8235 0
8236 1
8237 1
8238 1
8239 0
8240 2
8241 2
8242 0
8243 0
8244 0
8245 0
8246 0
8247 0
8248 0
8249 1
8250 1
8251 0
8252 0
8253 0
8254 0
8255 1
8256 2
8257 0
8258 0
8259 0
8260 1
8261 1
8262 0
8263 0
8264 0
8265 0
8266 0
8267 0
8268 1
8269 0
8270 0
8271 2
8272 0
8273 1
8274 1
8275 0
8276 1
8277 1
8278 1
8279 1
8280 0
8281 0
8282 0
8283 1
8284 0
8285 0
8286 0
8287 0
8288 1
8289 0
8290 0
8291 0
8292 1
8293 0
8294 0
8295 0
8296 0
8297 0
8298 0
8299 0
8300 0
8301 3
8302 2
8303 0
8304 1
8305 1
8306 1
8307 1
8308 0
8309 0
8310 0
8311 0
8312 2
8313 0
8314 0
8315 1
8316 0
8317 0
8318 0
8319 1
8320 0
8321 0
8322 0
8323 0
8324 0
8325 1
8326 0
8327 0
8328 0
8329 0
8330 0
8331 1
8332 1
8333 0
8334 0
8335 0
8336 0
8337 0
8338 0
8339 1
8340 1
8341 1
8342 1
8343 0
8344 1
8345 1
8346 0
8347 0
8348 0
8349 0
8350 0
8351 0
8352 0
8353 0
8354 0
8355 0
8356 0
8357 0
8358 1
8359 1
8360 0
8361 1
8362 0
8363 1
8364 0
8365 0
8366 1
8367 0
8368 0
8369 1
8370 0
8371 0
8372 0
8373 0
8374 0
8375 0
8376 0
8377 0
8378 1
8379 0
8380 0
8381 0
8382 0
8383 0
8384 0
8385 0
8386 0
8387 1
8388 0
8389 1
8390 1
8391 1
8392 1
8393 0
8394 1
8395 1
8396 0
8397 0
8398 0
8399 0
8400 0
8401 0
8402 1
8403 0
8404 0
8405 0
8406 0
8407 0
8408 1
8409 1
8410 0
8411 1
8412 0
8413 0
8414 0
8415 0
8416 1
8417 0
8418 0
8419 1
8420 0
8421 0
8422 0
8423 0
8424 1
8425 0
8426 0
8427 1
8428 1
8429 0
8430 0
8431 1
8432 0
8433 0
8434 0
8435 0
8436 0
8437 1
8438 0
8439 0
8440 0
8441 0
8442 1
8443 0
8444 0
8445 0
8446 0
8447 0
8448 1
8449 0
8450 1
8451 1
8452 0
8453 0
8454 1
8455 0
8456 0
8457 0
8458 0
8459 0
8460 1
8461 0
8462 1
8463 0
8464 0
8465 1
8466 0
8467 0
8468 1
8469 1
8470 0
8471 0
8472 0
8473 2
8474 0
8475 1
8476 0
8477 0
8478 0
8479 1
8480 0
8481 1
8482 0
8483 0
8484 1
8485 0
8486 0
8487 1
8488 0
8489 0
8490 1
8491 0
8492 0
8493 1
8494 1
8495 1
8496 0
8497 0
8498 0
8499 1
8500 0
8501 0
8502 1
8503 0
8504 1
8505 0
8506 0
8507 0
8508 0
8509 1
8510 0
8511 0
8512 0
8513 0
8514 0
8515 1
8516 0
8517 0
8518 0
8519 1
8520 0
8521 1
8522 0
8523 0
8524 1
8525 0
8526 0
8527 0
8528 0
8529 0
8530 0
8531 0
8532 1
8533 0
8534 0
8535 0
8536 2
8537 0
8538 0
8539 0
8540 1
8541 1
8542 0
8543 0
8544 0
8545 0
8546 0
8547 1
8548 0
8549 0
8550 0
8551 1
8552 1
8553 0
8554 0
8555 0
8556 0
8557 1
8558 0
8559 1
8560 0
8561 0
8562 0
8563 0
8564 0
8565 1
8566 0
8567 1
8568 1
8569 0
8570 0
8571 1
8572 1
8573 0
8574 0
8575 1
8576 0
8577 0
8578 1
8579 0
8580 0
8581 0
8582 0
8583 0
8584 0
8585 0
8586 1
8587 0
8588 0
8589 0
8590 1
8591 0
8592 0
8593 2
8594 0
8595 0
8596 0
8597 0
8598 1
8599 1
8600 2
8601 0
8602 0
8603 1
8604 0
8605 0
8606 0
8607 0
8608 1
8609 0
8610 1
8611 1
8612 1
8613 0
8614 1
8615 1
8616 0
8617 1
8618 1
8619 0
8620 1
8621 0
8622 1
8623 0
8624 0
8625 0
8626 0
8627 0
8628 1
8629 0
8630 1
8631 0
8632 0
8633 1
8634 1
8635 0
8636 0
8637 0
8638 1
8639 2
8640 0
8641 1
8642 0
8643 1
8644 1
8645 1
8646 0
8647 1
8648 0
8649 1
8650 0
8651 0
8652 1
8653 1
8654 0
8655 1
8656 1
8657 0
8658 1
8659 0
8660 0
8661 0
8662 0
8663 0
8664 0
8665 1
8666 0
8667 0
8668 0
8669 0
8670 0
8671 0
8672 0
8673 0
8674 0
8675 1
8676 0
8677 0
8678 0
8679 2
8680 0
8681 0
8682 1
8683 1
8684 0
8685 0
8686 0
8687 1
8688 0
8689 0
8690 1
8691 1
8692 0
8693 0
8694 1
8695 1
8696 1
8697 0
8698 0
8699 0
8700 0
8701 0
8702 1
8703 0
8704 0
8705 0
8706 0
8707 0
8708 0
8709 1
8710 0
8711 1
8712 1
8713 1
8714 0
8715 0
8716 1
8717 0
8718 0
8719 0
8720 1
8721 0
8722 1
8723 1
8724 0
8725 0
8726 0
8727 0
8728 1
8729 1
8730 1
8731 1
8732 1
8733 0
8734 1
8735 1
8736 0
8737 0
8738 1
8739 0
8740 0
8741 1
8742 2
8743 0
8744 2
8745 1
8746 0
8747 0
8748 0
8749 0
8750 0
8751 0
8752 1
8753 0
8754 0
8755 0
8756 0
8757 1
8758 1
8759 0
8760 0
8761 0
8762 0
8763 0
8764 1
8765 2
8766 1
8767 0
8768 0
8769 0
8770 1
8771 0
8772 0
8773 0
8774 1
8775 0
8776 2
8777 0
8778 0
8779 0
8780 0
8781 1
8782 0
8783 0
8784 0
8785 2
8786 0
8787 0
8788 1
8789 0
8790 0
8791 1
8792 0
8793 1
8794 0
8795 0
8796 1
8797 0
8798 1
8799 0
8800 1
8801 0
8802 0
8803 1
8804 0
8805 1
8806 0
8807 0
8808 0
8809 0
8810 0
8811 0
8812 0
8813 1
8814 2
8815 1
8816 2
8817 0
8818 0
8819 0
8820 0
8821 0
8822 0
8823 0
8824 1
8825 1
8826 1
8827 1
8828 0
8829 0
8830 0
8831 0
8832 0
8833 1
8834 0
8835 0
8836 0
8837 1
8838 0
8839 0
8840 1
8841 0
8842 0
8843 0
8844 0
8845 0
8846 0
8847 1
8848 0
8849 1
8850 0
8851 0
8852 0
8853 0
8854 0
8855 0
8856 1
8857 0
8858 0
8859 0
8860 1
8861 0
8862 1
8863 0
8864 1
8865 0
8866 0
8867 0
8868 0
8869 0
8870 0
8871 1
8872 1
8873 1
8874 0
8875 1
8876 0
8877 0
8878 0
8879 2
8880 0
8881 2
8882 0
8883 1
8884 0
8885 0
8886 0
8887 0
8888 0
8889 0
8890 0
8891 0
8892 0
8893 1
8894 0
8895 0
8896 0
8897 0
8898 0
8899 0
8900 0
8901 0
8902 0
8903 0
8904 0
8905 0
8906 1
8907 1
8908 0
8909 0
8910 1
8911 0
8912 1
8913 0
8914 0
8915 0
8916 1
8917 1
8918 1
8919 1
8920 0
8921 0
8922 0
8923 2
8924 0
8925 1
8926 0
8927 0
8928 0
8929 0
8930 0
8931 0
8932 1
8933 1
8934 1
8935 1
8936 0
8937 1
8938 0
8939 1
8940 0
8941 0
8942 1
8943 0
8944 0
8945 2
8946 1
8947 1
8948 1
8949 1
8950 1
8951 0
8952 0
8953 0
8954 2
8955 0
8956 0
8957 1
8958 0
8959 0
8960 0
8961 0
8962 1
8963 0
8964 0
8965 1
8966 1
8967 1
8968 0
8969 0
8970 0
8971 0
8972 0
8973 0
8974 1
8975 0
8976 0
8977 0
8978 1
8979 0
8980 2
8981 1
8982 0
8983 1
8984 1
8985 0
8986 1
8987 0
8988 1
8989 0
8990 0
8991 0
8992 0
8993 0
8994 0
8995 1
8996 0
8997 1
8998 1
8999 1
9000 0
9001 0
9002 1
9003 0
9004 0
9005 1
9006 0
9007 0
9008 0
9009 1
9010 1
9011 0
9012 0
9013 0
9014 0
9015 0
9016 0
9017 0
9018 1
9019 1
9020 0
9021 0
9022 0
9023 0
9024 0
9025 0
9026 0
9027 0
9028 0
9029 1
9030 0
9031 0
9032 0
9033 2
9034 0
9035 0
9036 1
9037 0
9038 1
9039 0
9040 0
9041 0
9042 1
9043 1
9044 1
9045 0
9046 0
9047 1
9048 0
9049 0
9050 0
9051 0
9052 0
9053 0
9054 0
9055 0
9056 1
9057 0
9058 0
9059 1
9060 1
9061 0
9062 0
9063 0
9064 0
9065 0
9066 1
9067 1
9068 0
9069 1
9070 0
9071 1
9072 0
9073 0
9074 0
9075 1
9076 0
9077 1
9078 0
9079 0
9080 0
9081 0
9082 0
9083 0
9084 0
9085 1
9086 1
9087 0
9088 1
9089 0
9090 1
9091 1
9092 0
9093 0
9094 0
9095 0
9096 0
9097 1
9098 0
9099 1
9100 0
9101 0
9102 1
9103 0
9104 0
9105 1
9106 0
9107 0
9108 0
9109 1
9110 1
9111 0
9112 0
9113 0
9114 0
9115 1
9116 0
9117 1
9118 0
9119 1
9120 1
9121 1
9122 0
9123 0
9124 0
9125 1
9126 1
9127 0
9128 1
9129 0
9130 0
9131 1
9132 0
9133 1
9134 1
9135 0
9136 0
9137 1
9138 0
9139 1
9140 0
9141 0
9142 0
9143 0
9144 0
9145 0
9146 0
9147 0
9148 0
9149 0
9150 1
9151 0
9152 0
9153 1
9154 1
9155 1
9156 0
9157 0
9158 1
9159 0
9160 0
9161 1
9162 0
9163 1
9164 0
9165 1
9166 0
9167 0
9168 0
9169 0
9170 0
9171 1
9172 0
9173 0
9174 0
9175 0
9176 0
9177 0
9178 0
9179 1
9180 1
9181 0
9182 1
9183 0
9184 1
9185 1
9186 0
9187 0
9188 0
9189 0
9190 2
9191 0
9192 1
9193 1
9194 1
9195 0
9196 1
9197 0
9198 0
9199 0
9200 0
9201 0
9202 0
9203 0
9204 1
9205 1
9206 0
9207 0
9208 0
9209 1
9210 2
9211 1
9212 0
9213 0
9214 0
9215 0
9216 0
9217 1
9218 0
9219 1
9220 0
9221 0
9222 0
9223 0
9224 0
9225 0
9226 1
9227 1
9228 0
9229 0
9230 0
9231 1
9232 0
9233 0
9234 0
9235 2
9236 0
9237 0
9238 1
9239 0
9240 0
9241 0
9242 1
9243 0
9244 1
9245 0
9246 0
9247 1
9248 0
9249 0
9250 0
9251 1
9252 1
9253 0
9254 0
9255 0
9256 0
9257 0
9258 0
9259 1
9260 0
9261 2
9262 1
9263 0
9264 1
9265 1
9266 0
9267 1
9268 1
9269 1
9270 0
9271 0
9272 0
9273 0
9274 1
9275 0
9276 0
9277 0
9278 1
9279 0
9280 0
9281 0
9282 1
9283 1
9284 1
9285 0
9286 0
9287 0
9288 0
9289 0
9290 1
9291 0
9292 1
9293 0
9294 0
9295 0
9296 0
9297 0
9298 1
9299 1
9300 1
9301 0
9302 0
9303 0
9304 0
9305 0
9306 0
9307 1
9308 0
9309 0
9310 1
9311 1
9312 0
9313 0
9314 0
9315 0
9316 1
9317 0
9318 1
9319 0
9320 0
9321 1
9322 0
9323 0
9324 1
9325 0
9326 1
9327 0
9328 0
9329 1
9330 0
9331 1
9332 0
9333 0
9334 1
9335 0
9336 0
9337 1
9338 0
9339 0
9340 0
9341 0
9342 1
9343 0
9344 1
9345 2
9346 1
9347 1
9348 0
9349 0
9350 1
9351 0
9352 0
9353 0
9354 1
9355 1
9356 0
9357 0
9358 0
9359 0
9360 0
9361 0
9362 1
9363 1
9364 0
9365 0
9366 1
9367 0
9368 0
9369 1
9370 1
9371 1
9372 0
9373 1
9374 0
9375 1
9376 0
9377 0
9378 0
9379 1
9380 1
9381 0
9382 0
9383 0
9384 0
9385 1
9386 0
9387 0
9388 0
9389 0
9390 0
9391 1
9392 0
9393 0
9394 0
9395 0
9396 1
9397 0
9398 1
9399 0
9400 0
9401 1
9402 1
9403 1
9404 0
9405 0
9406 0
9407 1
9408 0
9409 0
9410 1
9411 0
9412 0
9413 0
9414 1
9415 0
9416 1
9417 0
9418 1
9419 0
9420 1
9421 1
9422 1
9423 0
9424 0
9425 0
9426 0
9427 0
9428 0
9429 0
9430 0
9431 2
9432 0
9433 0
9434 2
9435 1
9436 0
9437 0
9438 1
9439 0
9440 0
9441 1
9442 1
9443 0
9444 0
9445 1
9446 0
9447 0
9448 1
9449 1
9450 0
9451 0
9452 1
9453 0
9454 1
9455 0
9456 0
9457 0
9458 0
9459 0
9460 0
9461 0
9462 1
9463 0
9464 1
9465 0
9466 0
9467 0
9468 2
9469 0
9470 1
9471 1
9472 0
9473 1
9474 0
9475 1
9476 1
9477 0
9478 1
9479 1
9480 0
9481 0
9482 1
9483 0
9484 0
9485 1
9486 0
9487 0
9488 1
9489 0
9490 1
9491 0
9492 0
9493 0
9494 1
9495 0
9496 0
9497 0
9498 1
9499 1
9500 1
9501 1
9502 0
9503 0
9504 0
9505 0
9506 1
9507 0
9508 1
9509 1
9510 1
9511 0
9512 0
9513 0
9514 1
9515 0
9516 0
9517 2
9518 0
9519 0
9520 0
9521 1
9522 1
9523 1
9524 0
9525 0
9526 0
9527 1
9528 1
9529 0
9530 1
9531 0
9532 0
9533 0
9534 0
9535 0
9536 0
9537 0
9538 0
9539 1
9540 1
9541 2
9542 1
9543 0
9544 0
9545 0
9546 0
9547 0
9548 0
9549 1
9550 1
9551 0
9552 1
9553 1
9554 0
9555 0
9556 0
9557 2
9558 0
9559 1
9560 1
9561 1
9562 1
9563 0
9564 1
9565 0
9566 0
9567 0
9568 0
9569 2
9570 0
9571 0
9572 2
9573 0
9574 1
9575 0
9576 0
9577 0
9578 0
9579 1
9580 1
9581 1
9582 1
9583 0
9584 0
9585 1
9586 1
9587 0
9588 0
9589 0
9590 1
9591 0
9592 2
9593 1
9594 1
9595 0
9596 1
9597 2
9598 0
9599 0
9600 1
9601 0
9602 0
9603 1
9604 0
9605 1
9606 1
9607 1
9608 0
9609 0
9610 0
9611 1
9612 1
9613 1
9614 1
9615 1
9616 0
9617 0
9618 1
9619 0
9620 0
9621 0
9622 1
9623 0
9624 1
9625 0
9626 1
9627 0
9628 1
9629 1
9630 0
9631 0
9632 1
9633 0
9634 1
9635 1
9636 0
9637 0
9638 0
9639 1
9640 1
9641 0
9642 1
9643 1
9644 0
9645 0
9646 1
9647 0
9648 0
9649 1
9650 1
9651 1
9652 0
9653 2
9654 0
9655 0
9656 1
9657 0
9658 2
9659 0
9660 1
9661 1
9662 1
9663 0
9664 1
9665 1
9666 2
9667 1
9668 0
9669 2
9670 0
9671 1
9672 0
9673 0
9674 0
9675 0
9676 0
9677 2
9678 1
9679 0
9680 0
9681 1
9682 0
9683 1
9684 0
9685 0
9686 1
9687 0
9688 0
9689 1
9690 0
9691 1
9692 1
9693 0
9694 0
9695 0
9696 0
9697 1
9698 0
9699 0
9700 1
9701 1
9702 0
9703 0
9704 0
9705 0
9706 1
9707 1
9708 1
9709 0
9710 0
9711 0
9712 0
9713 0
9714 1
9715 0
9716 0
9717 1
9718 0
9719 1
9720 0
9721 0
9722 1
9723 0
9724 0
9725 0
9726 0
9727 0
9728 1
9729 1
9730 0
9731 0
9732 0
9733 1
9734 0
9735 0
9736 1
9737 0
9738 0
9739 0
9740 1
9741 1
9742 1
9743 0
9744 0
9745 0
9746 1
9747 0
9748 0
9749 0
9750 0
9751 0
9752 0
9753 1
9754 2
9755 0
9756 1
9757 0
9758 1
9759 0
9760 0
9761 1
9762 0
9763 1
9764 1
9765 0
9766 0
9767 0
9768 0
9769 1
9770 0
9771 1
9772 0
9773 0
9774 2
9775 0
9776 0
9777 1
9778 0
9779 1
9780 0
9781 1
9782 0
9783 1
9784 1
9785 1
9786 0
9787 0
9788 2
9789 0
9790 0
9791 0
9792 0
9793 0
9794 0
9795 1
9796 0
9797 1
9798 1
9799 2
9800 0
9801 0
9802 1
9803 0
9804 0
9805 0
9806 1
9807 0
9808 1
9809 0
9810 0
9811 2
9812 0
9813 1
9814 0
9815 0
9816 1
9817 1
9818 0
9819 1
9820 0
9821 0
9822 0
9823 0
9824 0
9825 1
9826 0
9827 0
9828 1
9829 0
9830 0
9831 0
9832 0
9833 0
9834 0
9835 1
9836 1
9837 0
9838 1
9839 1
9840 0
9841 1
9842 2
9843 2
9844 1
9845 0
9846 0
9847 0
9848 0
9849 0
9850 1
9851 1
9852 2
9853 0
9854 0
9855 1
9856 1
9857 2
9858 1
9859 0
9860 1
9861 0
9862 0
9863 0
9864 0
9865 0
9866 1
9867 1
9868 0
9869 0
9870 0
9871 0
9872 0
9873 1
9874 0
9875 2
9876 0
9877 0
9878 0
9879 1
9880 1
9881 0
9882 1
9883 0
9884 0
9885 1
9886 1
9887 1
9888 1
9889 1
9890 0
9891 0
9892 0
9893 0
9894 0
9895 0
9896 0
9897 0
9898 0
9899 0
9900 0
9901 2
9902 0
9903 1
9904 0
9905 0
9906 1
9907 1
9908 0
9909 0
9910 0
9911 1
9912 0
9913 1
9914 1
9915 1
9916 0
9917 0
9918 0
9919 0
9920 0
9921 1
9922 2
9923 0
9924 0
9925 0
9926 1
9927 0
9928 0
9929 0
9930 1
9931 0
9932 0
9933 0
9934 0
9935 1
9936 1
9937 0
9938 0
9939 0
9940 0
9941 0
9942 0
9943 1
9944 2
9945 0
9946 1
9947 0
9948 1
9949 1
9950 1
9951 0
9952 1
9953 0
9954 0
9955 0
9956 0
9957 0
9958 1
9959 0
9960 0
9961 0
9962 0
9963 1
9964 0
9965 1
9966 1
9967 0
9968 0
9969 0
9970 1
9971 0
9972 2
9973 0
9974 0
9975 0
9976 0
9977 1
9978 1
9979 0
9980 0
9981 0
9982 1
9983 1
9984 0
9985 1
9986 0
9987 1
9988 0
9989 0
9990 1
9991 1
9992 1
9993 0
9994 0
9995 0
9996 0
9997 0
9998 0
9999 1
10000 1
10001 1
10002 0
10003 1
10004 0
10005 0
10006 1
10007 0
10008 0
10009 1
10010 0
10011 0
10012 2
10013 0
10014 1
10015 0
10016 0
10017 0
10018 0
10019 0
10020 0
10021 2
10022 1
10023 1
10024 1
10025 0
10026 0
10027 1
10028 0
10029 1
10030 0
10031 0
10032 1
10033 1
10034 2
10035 1
10036 0
10037 0
10038 1
10039 0
10040 0
10041 1
10042 0
10043 0
10044 2
10045 0
10046 0
10047 0
10048 0
10049 0
10050 1
10051 0
10052 0
10053 0
10054 0
10055 0
10056 0
10057 0
10058 1
10059 0
10060 0
10061 0
10062 1
10063 2
10064 1
10065 0
10066 0
10067 1
10068 1
10069 1
10070 0
10071 1
10072 0
10073 0
10074 0
10075 1
10076 1
10077 1
10078 0
10079 0
10080 0
10081 1
10082 1
10083 1
10084 0
10085 0
10086 0
10087 0
10088 0
10089 1
10090 1
10091 0
10092 0
10093 0
10094 2
10095 0
10096 1
10097 1
10098 1
10099 0
10100 1
10101 0
10102 0
10103 1
10104 0
10105 0
10106 1
10107 1
10108 0
10109 0
10110 1
10111 1
10112 0
10113 0
10114 1
10115 0
10116 0
10117 0
10118 0
10119 0
10120 0
10121 0
10122 1
10123 0
10124 1
10125 0
10126 0
10127 0
10128 1
10129 2
10130 1
10131 0
10132 1
10133 0
10134 0
10135 0
10136 0
10137 0
10138 2
10139 0
10140 0
10141 0
10142 0
10143 2
10144 0
10145 0
10146 1
10147 0
10148 0
10149 1
10150 1
10151 0
10152 0
10153 1
10154 1
10155 1
10156 0
10157 1
10158 1
10159 1
10160 0
10161 0
10162 0
10163 0
10164 1
10165 0
10166 0
10167 0
10168 0
10169 2
10170 0
10171 0
10172 1
10173 0
10174 0
10175 0
10176 1
10177 1
10178 0
10179 0
10180 1
10181 0
10182 0
10183 1
10184 0
10185 0
10186 1
10187 0
10188 1
10189 0
10190 1
10191 0
10192 0
10193 0
10194 0
10195 1
10196 0
10197 1
10198 0
10199 0
10200 0
10201 0
10202 0
10203 1
10204 0
10205 0
10206 0
10207 1
10208 0
10209 0
10210 0
10211 0
10212 2
10213 0
10214 1
10215 0
10216 0
10217 1
10218 1
10219 0
10220 1
10221 0
10222 0
10223 0
10224 0
10225 1
10226 0
10227 0
10228 0
10229 1
10230 0
10231 0
10232 1
10233 0
10234 2
10235 0
10236 0
10237 2
10238 0
10239 0
10240 1
10241 0
10242 0
10243 1
10244 0
10245 1
10246 0
10247 0
10248 0
10249 0
10250 0
10251 0
10252 0
10253 0
10254 0
10255 1
10256 1
10257 0
10258 1
10259 0
10260 0
10261 0
10262 0
10263 1
10264 1
10265 1
10266 1
10267 0
10268 0
10269 2
10270 0
10271 1
10272 0
10273 0
10274 0
10275 1
10276 0
10277 0
10278 0
10279 0
10280 0
10281 0
10282 2
10283 1
10284 0
10285 0
10286 0
10287 1
10288 0
10289 0
10290 1
10291 0
10292 1
10293 0
10294 0
10295 0
10296 0
10297 0
10298 0
10299 0
10300 0
10301 0
10302 1
10303 0
10304 1
10305 0
10306 0
10307 1
10308 2
10309 1
10310 1
10311 0
10312 0
10313 0
10314 1
10315 0
10316 0
10317 0
10318 0
10319 1
10320 0
10321 0
10322 1
10323 0
10324 0
10325 1
10326 1
10327 0
10328 1
10329 0
10330 1
10331 0
10332 0
10333 1
10334 0
10335 0
10336 0
10337 1
10338 0
10339 1
10340 0
10341 1
10342 0
10343 0
10344 0
10345 1
10346 1
10347 1
10348 0
10349 0
10350 0
10351 1
10352 0
10353 0
10354 0
10355 0
10356 0
10357 0
10358 1
10359 1
10360 0
10361 0
10362 1
10363 1
10364 0
10365 0
10366 0
10367 0
10368 0
10369 1
10370 0
10371 0
10372 1
10373 0
10374 0
10375 0
10376 0
10377 1
10378 0
10379 1
10380 1
10381 1
10382 1
10383 0
10384 1
10385 0
10386 1
10387 0
10388 0
10389 0
10390 1
10391 0
10392 1
10393 0
10394 0
10395 0
10396 1
10397 1
10398 1
10399 1
10400 0
10401 1
10402 1
10403 0
10404 0
10405 0
10406 1
10407 0
10408 0
10409 2
10410 1
10411 0
10412 0
10413 0
10414 1
10415 0
10416 1
10417 1
10418 1
10419 0
10420 0
10421 0
10422 2
10423 0
10424 0
10425 1
10426 0
10427 1
10428 0
10429 0
10430 0
10431 0
10432 2
10433 0
10434 0
10435 1
10436 0
10437 0
10438 0
10439 0
10440 0
10441 1
10442 0
10443 0
10444 0
10445 1
10446 1
10447 0
10448 1
10449 0
10450 0
10451 0
10452 0
10453 0
10454 0
10455 1
10456 0
10457 0
10458 1
10459 1
10460 0
10461 0
10462 1
10463 1
10464 0
10465 1
10466 0
10467 0
10468 0
10469 0
10470 0
10471 0
10472 1
10473 1
10474 1
10475 0
10476 2
10477 0
10478 0
10479 0
10480 0
10481 0
10482 0
10483 2
10484 1
10485 0
10486 0
10487 0
10488 1
10489 0
10490 1
10491 2
10492 1
10493 0
10494 0
10495 0
10496 0
10497 1
10498 1
10499 2
10500 0
10501 1
10502 1
10503 0
10504 1
10505 0
10506 0
10507 0
10508 0
10509 2
10510 0
10511 0
10512 0
10513 1
10514 0
10515 1
10516 0
10517 1
10518 0
10519 0
10520 1
10521 0
10522 0
10523 0
10524 0
10525 1
10526 0
10527 0
10528 1
10529 2
10530 1
10531 0
10532 1
10533 0
10534 0
10535 0
10536 1
10537 0
10538 0
10539 0
10540 0
10541 2
10542 0
10543 1
10544 0
10545 0
10546 2
10547 0
10548 0
10549 1
10550 0
10551 0
10552 1
10553 0
10554 0
10555 0
10556 0
10557 0
10558 1
10559 0
10560 0
10561 0
10562 1
10563 0
10564 1
10565 1
10566 1
10567 1
10568 1
10569 0
10570 0
10571 1
10572 0
10573 0
10574 1
10575 0
10576 0
10577 1
10578 0
10579 0
10580 1
10581 1
10582 0
10583 0
10584 0
10585 2
10586 0
10587 0
10588 1
10589 0
10590 0
10591 1
10592 0
10593 1
10594 1
10595 0
10596 0
10597 1
10598 2
10599 0
10600 0
10601 0
10602 2
10603 1
10604 0
10605 0
10606 0
10607 0
10608 0
10609 2
10610 0
10611 1
10612 0
10613 1
10614 0
10615 1
10616 1
10617 0
10618 0
10619 0
10620 0
10621 0
10622 1
10623 0
10624 0
10625 1
10626 0
10627 2
10628 0
10629 1
10630 0
10631 0
10632 0
10633 0
10634 0
10635 0
10636 0
10637 0
10638 1
10639 1
10640 0
10641 0
10642 0
10643 0
10644 1
10645 1
10646 1
10647 1
10648 1
10649 1
10650 1
10651 1
10652 0
10653 0
10654 0
10655 1
10656 0
10657 0
10658 0
10659 0
10660 0
10661 0
10662 0
10663 0
10664 0
10665 0
10666 1
10667 0
10668 1
10669 0
10670 0
10671 0
10672 1
10673 0
10674 1
10675 0
10676 1
10677 0
10678 1
10679 1
10680 0
10681 0
10682 1
10683 0
10684 0
10685 1
10686 0
10687 0
10688 0
10689 0
10690 0
10691 0
10692 0
10693 0
10694 0
10695 0
10696 0
10697 0
10698 0
10699 0
10700 0
10701 0
10702 0
10703 0
10704 1
10705 0
10706 0
10707 1
10708 0
10709 0
10710 1
10711 1
10712 0
10713 0
10714 1
10715 0
10716 0
10717 0
10718 0
10719 0
10720 0
10721 1
10722 0
10723 0
10724 0
10725 0
10726 0
10727 1
10728 0
10729 1
10730 1
10731 1
10732 1
10733 0
10734 0
10735 2
10736 0
10737 0
10738 0
10739 0
10740 1
10741 0
10742 0
10743 0
10744 0
10745 1
10746 1
10747 0
10748 2
10749 2
10750 0
10751 0
10752 2
10753 0
10754 0
10755 1
10756 0
10757 2
10758 1
10759 0
10760 0
10761 0
10762 1
10763 1
10764 0
10765 1
10766 1
10767 0
10768 0
10769 0
10770 0
10771 0
10772 0
10773 0
10774 2
10775 0
10776 1
10777 0
10778 1
10779 2
10780 0
10781 1
10782 0
10783 0
10784 0
10785 0
10786 1
10787 1
10788 0
10789 1
10790 0
10791 1
10792 0
10793 0
10794 0
10795 0
10796 1
10797 0
10798 0
10799 0
10800 0
10801 0
10802 0
10803 0
10804 0
10805 0
10806 0
10807 1
10808 1
10809 0
10810 0
10811 1
10812 0
10813 0
10814 0
10815 1
10816 0
10817 0
10818 0
10819 1
10820 1
10821 1
10822 0
10823 1
10824 2
10825 0
10826 0
10827 1
10828 0
10829 0
10830 0
10831 0
10832 0
10833 0
10834 0
10835 0
10836 0
10837 0
10838 0
10839 0
10840 0
10841 0
10842 0
10843 0
10844 0
10845 1
10846 1
10847 0
10848 1
10849 0
10850 1
10851 1
10852 1
10853 1
10854 1
10855 0
10856 0
10857 0
10858 0
10859 0
10860 0
10861 1
10862 0
10863 1
10864 0
10865 0
10866 1
10867 1
10868 0
10869 0
10870 0
10871 0
10872 1
10873 0
10874 0
10875 1
10876 0
10877 0
10878 0
10879 0
10880 1
10881 0
10882 1
10883 0
10884 1
10885 0
10886 0
10887 0
10888 1
10889 0
10890 0
10891 2
10892 0
10893 1
10894 1
10895 1
10896 0
10897 0
10898 0
10899 1
10900 1
10901 1
10902 0
10903 2
10904 0
10905 0
10906 1
10907 0
10908 0
10909 2
10910 0
10911 0
10912 0
10913 0
10914 0
10915 0
10916 0
10917 1
10918 1
10919 1
10920 1
10921 0
10922 0
10923 0
10924 1
10925 0
10926 0
10927 1
10928 1
10929 0
10930 0
10931 0
10932 2
10933 2
10934 1
10935 0
10936 0
10937 0
10938 0
10939 1
10940 0
10941 1
10942 1
10943 1
10944 0
10945 1
10946 1
10947 0
10948 0
10949 1
10950 0
10951 1
10952 0
10953 0
10954 0
10955 1
10956 0
10957 0
10958 0
10959 0
10960 1
10961 1
10962 1
10963 0
10964 0
10965 0
10966 0
10967 0
10968 0
10969 1
10970 1
10971 1
10972 0
10973 0
10974 1
10975 0
10976 0
10977 0
10978 1
10979 1
10980 0
10981 0
10982 0
10983 1
10984 0
10985 2
10986 1
10987 0
10988 0
10989 1
10990 0
10991 1
10992 2
10993 1
10994 0
10995 1
10996 0
10997 2
10998 0
10999 0
11000 1
11001 0
11002 0
11003 1
11004 1
11005 0
11006 1
11007 1
11008 0
11009 1
11010 0
11011 0
11012 2
11013 0
11014 1
11015 0
11016 0
11017 0
11018 0
11019 0
11020 1
11021 1
11022 0
11023 0
11024 0
11025 1
11026 1
11027 0
11028 0
11029 1
11030 1
11031 1
11032 1
11033 0
11034 0
11035 0
11036 0
11037 0
11038 1
11039 2
11040 0
11041 0
11042 0
11043 1
11044 0
11045 0
11046 1
11047 2
11048 0
11049 0
11050 1
11051 1
11052 0
11053 0
11054 1
11055 1
11056 1
11057 2
11058 1
11059 0
11060 1
11061 0
11062 2
11063 0
11064 0
11065 0
11066 0
11067 0
11068 0
11069 0
11070 2
11071 2
11072 0
11073 0
11074 0
11075 0
11076 1
11077 0
11078 0
11079 0
11080 0
11081 1
11082 2
11083 0
11084 0
11085 2
11086 2
11087 0
11088 1
11089 2
11090 1
11091 0
11092 0
11093 0
11094 2
11095 0
11096 1
11097 0
11098 0
11099 1
11100 0
11101 0
11102 0
11103 0
11104 0
11105 1
11106 2
11107 1
11108 0
11109 2
11110 0
11111 0
11112 0
11113 1
11114 1
11115 1
11116 0
11117 0
11118 0
11119 0
11120 0
11121 0
11122 0
11123 1
11124 0
11125 0
11126 0
11127 0
11128 0
11129 0
11130 1
11131 0
11132 0
11133 0
11134 0
11135 0
11136 0
11137 0
11138 2
11139 0
11140 0
11141 0
11142 0
11143 0
11144 0
11145 1
11146 1
11147 0
11148 0
11149 1
11150 1
11151 0
11152 0
11153 1
11154 0
11155 0
11156 0
11157 0
11158 0
11159 1
11160 1
11161 2
11162 0
11163 0
11164 1
11165 1
11166 0
11167 0
11168 0
11169 0
11170 0
11171 1
11172 1
11173 0
11174 0
11175 1
11176 1
11177 0
11178 0
11179 0
11180 1
11181 1
11182 0
11183 2
11184 2
11185 0
11186 0
11187 0
11188 0
11189 1
11190 0
11191 0
11192 0
11193 1
11194 0
11195 1
11196 1
11197 0
11198 0
11199 1
11200 0
11201 1
11202 0
11203 1
11204 0
11205 0
11206 0
11207 0
11208 1
11209 0
11210 0
11211 0
11212 0
11213 0
11214 0
11215 0
11216 1
11217 0
11218 0
11219 0
11220 0
11221 1
11222 1
11223 0
11224 0
11225 1
11226 0
11227 0
11228 1
11229 0
11230 1
11231 1
11232 1
11233 0
11234 0
11235 1
11236 0
11237 1
11238 1
11239 1
11240 0
11241 1
11242 0
11243 1
11244 0
11245 0
11246 2
11247 0
11248 2
11249 1
11250 0
11251 0
11252 1
11253 1
11254 1
11255 1
11256 2
11257 0
11258 1
11259 1
11260 0
11261 0
11262 1
11263 1
11264 0
11265 2
11266 1
11267 1
11268 0
11269 1
11270 0
11271 0
11272 0
11273 1
11274 0
11275 0
11276 0
11277 1
11278 1
11279 0
11280 0
11281 0
11282 0
11283 0
11284 1
11285 0
11286 1
11287 0
11288 0
11289 0
11290 0
11291 0
11292 0
11293 1
11294 0
11295 1
11296 2
11297 0
11298 0
11299 0
11300 1
11301 0
11302 1
11303 0
11304 0
11305 0
11306 1
11307 0
11308 0
11309 0
11310 0
11311 0
11312 1
11313 0
11314 0
11315 0
11316 0
11317 1
11318 1
11319 2
11320 0
11321 1
11322 0
11323 1
11324 0
11325 0
11326 0
11327 1
11328 2
11329 0
11330 1
11331 0
11332 0
11333 0
11334 0
11335 0
11336 1
11337 0
11338 2
11339 0
11340 1
11341 0
11342 0
11343 2
11344 0
11345 1
11346 1
11347 1
11348 0
11349 1
11350 0
11351 0
11352 0
11353 0
11354 0
11355 0
11356 0
11357 0
11358 0
11359 1
11360 0
11361 1
11362 0
11363 1
11364 1
11365 0
11366 0
11367 0
11368 0
11369 1
11370 0
11371 0
11372 1
11373 1
11374 0
11375 0
11376 0
11377 0
11378 1
11379 1
11380 0
11381 0
11382 0
11383 1
11384 1
11385 0
11386 0
11387 0
11388 1
11389 0
11390 0
11391 0
11392 0
11393 0
11394 1
11395 1
11396 1
11397 0
11398 0
11399 0
11400 1
11401 0
11402 0
11403 0
11404 1
11405 1
11406 1
11407 1
11408 0
11409 0
11410 0
11411 0
11412 1
11413 0
11414 0
11415 0
11416 2
11417 0
11418 0
11419 1
11420 0
11421 1
11422 1
11423 1
11424 1
11425 0
11426 1
11427 0
11428 0
11429 1
11430 1
11431 0
11432 1
11433 0
11434 0
11435 2
11436 1
11437 0
11438 1
11439 0
11440 0
11441 2
11442 1
11443 1
11444 0
11445 0
11446 0
11447 1
11448 0
11449 1
11450 1
11451 0
11452 0
11453 2
11454 0
11455 0
11456 1
11457 0
11458 0
11459 0
11460 0
11461 1
11462 0
11463 0
11464 1
11465 1
11466 0
11467 1
11468 0
11469 0
11470 0
11471 1
11472 1
11473 2
11474 0
11475 0
11476 0
11477 0
11478 0
11479 0
11480 0
11481 0
11482 0
11483 1
11484 0
11485 0
11486 0
11487 0
11488 1
11489 1
11490 2
11491 0
11492 1
11493 1
11494 0
11495 1
11496 0
11497 1
11498 0
11499 1
11500 1
11501 0
11502 2
11503 0
11504 0
11505 1
11506 3
11507 0
11508 2
11509 1
11510 0
11511 0
11512 0
11513 1
11514 0
11515 1
11516 1
11517 0
11518 1
11519 0
11520 0
11521 1
11522 0
11523 0
11524 2
11525 0
11526 2
11527 0
11528 0
11529 0
11530 0
11531 0
11532 1
11533 1
11534 0
11535 0
11536 1
11537 0
11538 1
11539 0
11540 0
11541 0
11542 3
11543 1
11544 0
11545 0
11546 0
11547 0
11548 0
11549 2
11550 0
11551 0
11552 1
11553 0
11554 0
11555 0
11556 0
11557 0
11558 0
11559 2
11560 0
11561 0
11562 0
11563 0
11564 1
11565 0
11566 1
11567 0
11568 0
11569 1
11570 1
11571 0
11572 1
11573 0
11574 0
11575 2
11576 1
11577 0
11578 0
11579 0
11580 0
11581 0
11582 0
11583 0
11584 0
11585 0
11586 0
11587 0
11588 1
11589 0
11590 1
11591 0
11592 0
11593 2
11594 2
11595 0
11596 1
11597 0
11598 0
11599 1
11600 1
11601 0
11602 1
11603 1
11604 0
11605 0
11606 0
11607 0
11608 0
11609 0
11610 0
11611 1
11612 0
11613 0
11614 0
11615 1
11616 1
11617 0
11618 0
11619 0
11620 2
11621 0
11622 1
11623 1
11624 0
11625 0
11626 0
11627 0
11628 1
11629 0
11630 0
11631 1
11632 1
11633 1
11634 0
11635 0
11636 1
11637 1
11638 0
11639 0
11640 0
11641 0
11642 0
11643 0
11644 1
11645 1
11646 0
11647 1
11648 0
11649 0
11650 1
11651 1
11652 0
11653 0
11654 0
11655 2
11656 1
11657 0
11658 1
11659 1
11660 0
11661 0
11662 1
11663 0
11664 1
11665 0
11666 1
11667 0
11668 0
11669 0
11670 0
11671 2
11672 0
11673 1
11674 0
11675 0
11676 1
11677 1
11678 1
11679 0
11680 0
11681 2
11682 1
11683 0
11684 0
11685 0
11686 0
11687 1
11688 2
11689 2
11690 1
11691 1
11692 1
11693 1
11694 0
11695 1
11696 0
11697 1
11698 0
11699 1
11700 0
11701 0
11702 1
11703 0
11704 0
11705 1
11706 0
11707 1
11708 2
11709 1
11710 1
11711 0
11712 1
11713 0
11714 1
11715 0
11716 0
11717 0
11718 0
11719 1
11720 0
11721 1
11722 0
11723 0
11724 1
11725 0
11726 1
11727 0
11728 1
11729 0
11730 0
11731 2
11732 1
11733 1
11734 0
11735 0
11736 0
11737 1
11738 0
11739 0
11740 1
11741 0
11742 1
11743 0
11744 0
11745 1
11746 1
11747 1
11748 1
11749 1
11750 0
11751 1
11752 1
11753 0
11754 0
11755 1
11756 0
11757 0
11758 1
11759 0
11760 0
11761 1
11762 0
11763 1
11764 2
11765 1
11766 1
11767 0
11768 0
11769 0
11770 1
11771 1
11772 1
11773 0
11774 0
11775 0
11776 1
11777 0
11778 0
11779 1
11780 0
11781 2
11782 1
11783 1
11784 1
11785 0
11786 0
11787 0
11788 0
11789 0
11790 1
11791 1
11792 0
11793 0
11794 0
11795 0
11796 0
11797 1
11798 0
11799 1
11800 0
11801 1
11802 1
11803 1
11804 0
11805 0
11806 0
11807 1
11808 1
11809 1
11810 0
11811 1
11812 0
11813 0
11814 1
11815 0
11816 0
11817 0
11818 1
11819 0
11820 1
11821 1
11822 0
11823 0
11824 0
11825 0
11826 0
11827 0
11828 0
11829 0
11830 1
11831 0
11832 1
11833 1
11834 2
11835 2
11836 1
11837 0
11838 0
11839 1
11840 0
11841 0
11842 0
11843 0
11844 0
11845 1
11846 2
11847 0
11848 0
11849 1
11850 0
11851 0
11852 1
11853 0
11854 2
11855 0
11856 1
11857 0
11858 0
11859 0
11860 0
11861 2
11862 0
11863 0
11864 0
11865 0
11866 0
11867 0
11868 1
11869 1
11870 1
11871 0
11872 1
11873 0
11874 0
11875 1
11876 0
11877 0
11878 1
11879 1
11880 0
11881 1
11882 0
11883 0
11884 1
11885 1
11886 0
11887 0
11888 1
11889 1
11890 0
11891 1
11892 1
11893 0
11894 0
11895 1
11896 1
11897 1
11898 0
11899 0
11900 0
11901 1
11902 0
11903 1
11904 0
11905 0
11906 1
11907 1
11908 0
11909 0
11910 0
11911 1
11912 0
11913 1
11914 0
11915 0
11916 0
11917 0
11918 0
11919 1
11920 1
11921 1
11922 0
11923 2
11924 1
11925 0
11926 1
11927 0
11928 1
11929 1
11930 1
11931 0
11932 0
11933 0
11934 3
11935 1
11936 0
11937 1
11938 1
11939 2
11940 0
11941 2
11942 1
11943 0
11944 1
11945 0
11946 1
11947 1
11948 1
11949 2
11950 0
11951 0
11952 0
11953 0
11954 1
11955 1
11956 0
11957 1
11958 0
11959 0
11960 0
11961 0
11962 0
11963 0
11964 0
11965 0
11966 0
11967 1
11968 0
11969 1
11970 1
11971 1
11972 1
11973 1
11974 0
11975 0
11976 2
11977 0
11978 0
11979 1
11980 1
11981 0
11982 1
11983 0
11984 1
11985 0
11986 0
11987 1
11988 0
11989 0
11990 1
11991 0
11992 0
11993 0
11994 2
11995 2
11996 1
11997 0
11998 1
11999 0
12000 0
12001 0
12002 1
12003 1
12004 1
12005 0
12006 0
12007 0
12008 1
12009 1
12010 0
12011 2
12012 0
12013 0
12014 1
12015 0
12016 0
12017 0
12018 0
12019 0
12020 0
12021 0
12022 0
12023 1
12024 0
12025 0
12026 0
12027 1
12028 0
12029 0
12030 0
12031 0
12032 0
12033 0
12034 0
12035 0
12036 1
12037 1
12038 0
12039 1
12040 0
12041 2
12042 0
12043 0
12044 0
12045 0
12046 0
12047 1
12048 1
12049 0
12050 1
12051 0
12052 0
12053 0
12054 1
12055 0
12056 0
12057 0
12058 1
12059 0
12060 1
12061 0
12062 0
12063 0
12064 0
12065 1
12066 0
12067 0
12068 0
12069 0
12070 0
12071 0
12072 1
12073 1
12074 0
12075 0
12076 0
12077 0
12078 2
12079 0
12080 0
12081 0
12082 1
12083 1
12084 1
12085 1
12086 0
12087 1
12088 0
12089 1
12090 1
12091 2
12092 1
12093 1
12094 0
12095 1
12096 0
12097 1
12098 0
12099 1
12100 0
12101 0
12102 0
12103 0
12104 0
12105 1
12106 2
12107 0
12108 1
12109 0
12110 0
12111 0
12112 1
12113 0
12114 1
12115 1
12116 1
12117 1
12118 0
12119 1
12120 1
12121 0
12122 1
12123 1
12124 0
12125 0
12126 0
12127 1
12128 0
12129 0
12130 0
12131 1
12132 0
12133 0
12134 0
12135 0
12136 0
12137 2
12138 0
12139 0
12140 0
12141 0
12142 0
12143 0
12144 1
12145 0
12146 0
12147 0
12148 0
12149 0
12150 0
12151 1
12152 0
12153 0
12154 0
12155 1
12156 0
12157 0
12158 0
12159 1
12160 1
12161 0
12162 1
12163 0
12164 1
12165 0
12166 1
12167 1
12168 1
12169 0
12170 2
12171 0
12172 0
12173 1
12174 0
12175 0
12176 1
12177 0
12178 0
12179 0
12180 0
12181 0
12182 0
12183 1
12184 1
12185 0
12186 0
12187 0
12188 0
12189 0
12190 0
12191 0
12192 1
12193 2
12194 1
12195 0
12196 1
12197 0
12198 1
12199 0
12200 2
12201 0
12202 0
12203 0
12204 1
12205 0
12206 1
12207 0
12208 0
12209 1
12210 0
12211 2
12212 0
12213 2
12214 0
12215 0
12216 0
12217 0
12218 0
12219 0
12220 0
12221 0
12222 0
12223 1
12224 2
12225 1
12226 0
12227 1
12228 0
12229 0
12230 0
12231 1
12232 0
12233 0
12234 1
12235 0
12236 0
12237 0
12238 0
12239 0
12240 1
12241 0
12242 0
12243 2
12244 1
12245 0
12246 1
12247 0
12248 0
12249 0
12250 1
12251 1
12252 1
12253 0
12254 0
12255 0
12256 0
12257 0
12258 0
12259 0
12260 1
12261 0
12262 0
12263 0
12264 0
12265 0
12266 0
12267 1
12268 0
12269 0
12270 0
12271 0
12272 1
12273 0
12274 1
12275 0
12276 0
12277 0
12278 0
12279 0
12280 0
12281 1
12282 0
12283 0
12284 0
12285 0
12286 1
12287 0
12288 2
12289 0
12290 0
12291 0
12292 0
12293 0
12294 0
12295 0
12296 0
12297 0
12298 0
12299 1
12300 0
12301 0
12302 1
12303 0
12304 0
12305 0
12306 1
12307 0
12308 0
12309 2
12310 1
12311 0
12312 1
12313 1
12314 0
12315 1
12316 1
12317 1
12318 0
12319 0
12320 0
12321 1
12322 0
12323 0
12324 1
12325 0
12326 0
12327 0
12328 1
12329 2
12330 1
12331 1
12332 1
12333 1
12334 0
12335 0
12336 0
12337 0
12338 0
12339 1
12340 1
12341 1
12342 1
12343 0
12344 2
12345 1
12346 0
12347 0
12348 1
12349 0
12350 1
12351 0
12352 1
12353 0
12354 0
12355 0
12356 0
12357 1
12358 1
12359 2
12360 0
12361 0
12362 0
12363 0
12364 0
12365 0
12366 0
12367 0
12368 0
12369 0
12370 0
12371 1
12372 2
12373 1
12374 0
12375 1
12376 1
12377 1
12378 0
12379 0
12380 1
12381 0
12382 1
12383 1
12384 0
12385 0
12386 1
12387 1
12388 0
12389 1
12390 0
12391 0
12392 1
12393 1
12394 0
12395 1
12396 1
12397 0
12398 0
12399 1
12400 0
12401 1
12402 0
12403 0
12404 2
12405 0
12406 0
12407 0
12408 2
12409 0
12410 1
12411 1
12412 1
12413 1
12414 0
12415 1
12416 0
12417 0
12418 1
12419 2
12420 0
12421 0
12422 0
12423 1
12424 1
12425 0
12426 1
12427 0
12428 0
12429 0
12430 1
12431 0
12432 0
12433 0
12434 0
12435 0
12436 1
12437 0
12438 1
12439 1
12440 1
12441 1
12442 0
12443 1
12444 0
12445 1
12446 0
12447 0
12448 0
12449 0
12450 1
12451 0
12452 0
12453 0
12454 1
12455 0
12456 0
12457 0
12458 0
12459 2
12460 0
12461 0
12462 1
12463 1
12464 0
12465 1
12466 0
12467 0
12468 1
12469 1
12470 0
12471 1
12472 0
12473 1
12474 1
12475 1
12476 1
12477 0
12478 0
12479 0
12480 0
12481 0
12482 1
12483 0
12484 0
12485 0
12486 1
12487 0
12488 1
12489 0
12490 0
12491 1
12492 0
12493 1
12494 1
12495 0
12496 1
12497 1
12498 0
12499 0
12500 2
12501 0
12502 0
12503 1
12504 0
12505 2
12506 1
12507 1
12508 0
12509 2
12510 1
12511 1
12512 0
12513 1
12514 0
12515 1
12516 1
12517 1
12518 1
12519 0
12520 1
12521 1
12522 1
12523 0
12524 0
12525 2
12526 0
12527 1
12528 0
12529 0
12530 1
12531 1
12532 1
12533 0
12534 0
12535 1
12536 1
12537 1
12538 1
12539 1
12540 1
12541 0
12542 0
12543 0
12544 0
12545 0
12546 0
12547 0
12548 0
12549 0
12550 1
12551 0
12552 0
12553 0
12554 2
12555 1
12556 1
12557 1
12558 2
12559 1
12560 1
12561 2
12562 1
12563 0
12564 0
12565 2
12566 0
12567 2
12568 0
12569 0
12570 0
12571 1
12572 0
12573 0
12574 0
12575 0
12576 0
12577 0
12578 1
12579 0
12580 1
12581 1
12582 0
12583 1
12584 0
12585 1
12586 0
12587 2
12588 0
12589 2
12590 0
12591 1
12592 0
12593 0
12594 1
12595 1
12596 0
12597 1
12598 1
12599 1
12600 1
12601 1
12602 0
12603 0
12604 1
12605 0
12606 2
12607 0
12608 0
12609 0
12610 0
12611 1
12612 0
12613 0
12614 0
12615 1
12616 1
12617 1
12618 0
12619 1
12620 0
12621 1
12622 0
12623 0
12624 0
12625 0
12626 0
12627 0
12628 1
12629 0
12630 1
12631 0
12632 0
12633 1
12634 1
12635 0
12636 0
12637 0
12638 1
12639 1
12640 1
12641 0
12642 0
12643 0
12644 0
12645 1
12646 0
12647 0
12648 1
12649 0
12650 0
12651 1
12652 0
12653 0
12654 0
12655 0
12656 0
12657 2
12658 1
12659 0
12660 0
12661 1
12662 0
12663 0
12664 1
12665 0
12666 2
12667 1
12668 1
12669 1
12670 0
12671 1
12672 0
12673 1
12674 1
12675 1
12676 1
12677 0
12678 1
12679 0
12680 0
12681 0
12682 0
12683 0
12684 0
12685 0
12686 0
12687 1
12688 0
12689 1
12690 0
12691 0
12692 1
12693 0
12694 1
12695 1
12696 0
12697 0
12698 1
12699 0
12700 0
12701 1
12702 1
12703 1
12704 1
12705 1
12706 1
12707 0
12708 0
12709 1
12710 1
12711 2
12712 1
12713 0
12714 0
12715 0
12716 0
12717 1
12718 0
12719 0
12720 1
12721 0
12722 1
12723 0
12724 0
12725 0
12726 1
12727 0
12728 0
12729 0
12730 1
12731 1
12732 0
12733 0
12734 0
12735 0
12736 1
12737 0
12738 1
12739 0
12740 1
12741 0
12742 0
12743 0
12744 1
12745 0
12746 2
12747 0
12748 0
12749 1
12750 2
12751 1
12752 0
12753 1
12754 0
12755 2
12756 0
12757 0
12758 0
12759 0
12760 0
12761 2
12762 1
12763 1
12764 1
12765 0
12766 0
12767 1
12768 2
12769 1
12770 0
12771 1
12772 1
12773 2
12774 0
12775 0
12776 1
12777 0
12778 0
12779 1
12780 0
12781 0
12782 0
12783 0
12784 1
12785 0
12786 1
12787 0
12788 0
12789 0
12790 0
12791 2
12792 0
12793 1
12794 0
12795 1
12796 0
12797 0
12798 1
12799 1
12800 1
12801 0
12802 2
12803 1
12804 1
12805 1
12806 1
12807 0
12808 1
12809 0
12810 1
12811 0
12812 1
12813 0
12814 0
12815 0
12816 1
12817 0
12818 1
12819 0
12820 1
12821 0
12822 0
12823 0
12824 0
12825 0
12826 0
12827 0
12828 0
12829 0
12830 1
12831 0
12832 1
12833 1
12834 0
12835 0
12836 1
12837 1
12838 1
12839 1
12840 0
12841 1
12842 1
12843 1
12844 0
12845 0
12846 1
12847 1
12848 0
12849 2
12850 0
12851 1
12852 0
12853 0
12854 0
12855 1
12856 0
12857 0
12858 0
12859 0
12860 0
12861 2
12862 0
12863 0
12864 0
12865 1
12866 0
12867 1
12868 2
12869 0
12870 0
12871 0
12872 0
12873 0
12874 1
12875 1
12876 0
12877 0
12878 1
12879 0
12880 0
12881 0
12882 0
12883 0
12884 0
12885 0
12886 1
12887 0
12888 1
12889 0
12890 0
12891 0
12892 1
12893 1
12894 0
12895 0
12896 2
12897 1
12898 0
12899 0
12900 1
12901 0
12902 0
12903 0
12904 1
12905 0
12906 0
12907 0
12908 1
12909 1
12910 0
12911 0
12912 0
12913 0
12914 0
12915 1
12916 1
12917 1
12918 0
12919 0
12920 0
12921 0
12922 1
12923 2
12924 1
12925 1
12926 0
12927 1
12928 0
12929 1
12930 1
12931 1
12932 1
12933 1
12934 0
12935 0
12936 0
12937 0
12938 0
12939 1
12940 1
12941 0
12942 0
12943 2
12944 0
12945 1
12946 2
12947 1
12948 0
12949 0
12950 1
12951 0
12952 0
12953 1
12954 1
12955 0
12956 0
12957 1
12958 1
12959 0
12960 2
12961 0
12962 1
12963 0
12964 1
12965 0
12966 0
12967 0
12968 0
12969 0
12970 0
12971 1
12972 0
12973 1
12974 0
12975 0
12976 0
12977 1
12978 0
12979 0
12980 0
12981 1
12982 0
12983 1
12984 1
12985 1
12986 1
12987 0
12988 0
12989 2
12990 0
12991 0
12992 0
12993 1
12994 1
12995 0
12996 0
12997 0
12998 0
12999 1
13000 0
13001 0
13002 1
13003 2
13004 0
13005 1
13006 1
13007 1
13008 1
13009 1
13010 0
13011 1
13012 0
13013 1
13014 0
13015 0
13016 0
13017 0
13018 1
13019 0
13020 0
13021 2
13022 1
13023 0
13024 1
13025 0
13026 1
13027 0
13028 0
13029 1
13030 1
13031 2
13032 1
13033 0
13034 0
13035 0
13036 1
13037 0
13038 0
13039 0
13040 0
13041 1
13042 0
13043 1
13044 0
13045 1
13046 0
13047 0
13048 0
13049 1
13050 1
13051 0
13052 0
13053 0
13054 0
13055 1
13056 1
13057 1
13058 1
13059 0
13060 0
13061 0
13062 1
13063 1
13064 0
13065 1
13066 0
13067 1
13068 1
13069 0
13070 0
13071 1
13072 0
13073 0
13074 1
13075 0
13076 0
13077 1
13078 0
13079 0
13080 0
13081 1
13082 0
13083 0
13084 0
13085 0
13086 2
13087 1
13088 0
13089 0
13090 1
13091 0
13092 0
13093 1
13094 1
13095 1
13096 0
13097 0
13098 0
13099 0
13100 1
13101 0
13102 0
13103 0
13104 0
13105 0
13106 1
13107 0
13108 0
13109 1
13110 0
13111 0
13112 1
13113 0
13114 0
13115 1
13116 0
13117 0
13118 0
13119 1
13120 0
13121 0
13122 1
13123 0
13124 0
13125 0
13126 0
13127 0
13128 1
13129 0
13130 1
13131 0
13132 1
13133 2
13134 0
13135 0
13136 0
13137 1
13138 1
13139 1
13140 1
13141 2
13142 0
13143 0
13144 2
13145 0
13146 0
13147 0
13148 1
13149 1
13150 1
13151 1
13152 0
13153 2
13154 0
13155 0
13156 0
13157 1
13158 1
13159 0
13160 0
13161 2
13162 2
13163 0
13164 0
13165 1
13166 2
13167 2
13168 2
13169 1
13170 1
13171 1
13172 1
13173 0
13174 0
13175 0
13176 0
13177 1
13178 1
13179 1
13180 1
13181 0
13182 0
13183 0
13184 1
13185 0
13186 1
13187 2
13188 0
13189 0
13190 0
13191 1
13192 0
13193 1
13194 0
13195 0
13196 0
13197 2
13198 1
13199 0
13200 1
13201 2
13202 0
13203 0
13204 1
13205 0
13206 1
13207 0
13208 0
13209 0
13210 1
13211 0
13212 1
13213 1
13214 1
13215 0
13216 0
13217 2
13218 0
13219 1
13220 0
13221 0
13222 0
13223 0
13224 2
13225 0
13226 2
13227 0
13228 0
13229 2
13230 0
13231 1
13232 0
13233 0
13234 0
13235 1
13236 0
13237 0
13238 1
13239 0
13240 1
13241 0
13242 1
13243 0
13244 2
13245 0
13246 0
13247 1
13248 2
13249 0
13250 0
13251 0
13252 0
13253 0
13254 2
13255 0
13256 0
13257 0
13258 1
13259 0
13260 1
13261 1
13262 0
13263 1
13264 1
13265 1
13266 1
13267 1
13268 0
13269 2
13270 1
13271 0
13272 1
13273 0
13274 0
13275 1
13276 0
13277 1
13278 1
13279 0
13280 2
13281 0
13282 1
13283 0
13284 2
13285 1
13286 0
13287 0
13288 0
13289 1
13290 0
13291 0
13292 1
13293 1
13294 0
13295 1
13296 0
13297 0
13298 0
13299 0
13300 1
13301 0
13302 0
13303 0
13304 0
13305 1
13306 0
13307 0
13308 1
13309 0
13310 1
13311 1
13312 1
13313 0
13314 0
13315 0
13316 2
13317 0
13318 0
13319 1
13320 0
13321 1
13322 1
13323 1
13324 1
13325 0
13326 1
13327 1
13328 1
13329 2
13330 0
13331 1
13332 1
13333 0
13334 0
13335 0
13336 1
13337 1
13338 1
13339 0
13340 1
13341 1
13342 1
13343 0
13344 1
13345 2
13346 1
13347 0
13348 1
13349 1
13350 1
13351 0
13352 1
13353 1
13354 2
13355 0
13356 0
13357 1
13358 0
13359 0
13360 1
13361 0
13362 1
13363 1
13364 0
13365 1
13366 0
13367 1
13368 0
13369 0
13370 1
13371 0
13372 0
13373 0
13374 1
13375 1
13376 1
13377 0
13378 0
13379 0
13380 0
13381 0
13382 0
13383 0
13384 1
13385 0
13386 0
13387 1
13388 1
13389 0
13390 1
13391 1
13392 0
13393 0
13394 0
13395 0
13396 0
13397 2
13398 1
13399 0
13400 0
13401 0
13402 1
13403 0
13404 0
13405 0
13406 0
13407 0
13408 0
13409 0
13410 2
13411 0
13412 0
13413 2
13414 0
13415 1
13416 1
13417 2
13418 0
13419 0
13420 1
13421 1
13422 0
13423 2
13424 0
13425 2
13426 0
13427 0
13428 1
13429 0
13430 0
13431 1
13432 0
13433 0
13434 2
13435 0
13436 0
13437 0
13438 0
13439 2
13440 1
13441 0
13442 0
13443 0
13444 1
13445 1
13446 2
13447 1
13448 0
13449 0
13450 0
13451 0
13452 0
13453 0
13454 0
13455 1
13456 1
13457 1
13458 0
13459 0
13460 1
13461 0
13462 0
13463 1
13464 1
13465 0
13466 1
13467 1
13468 0
13469 1
13470 0
13471 1
13472 1
13473 0
13474 0
13475 1
13476 0
13477 0
13478 0
13479 1
13480 1
13481 0
13482 0
13483 1
13484 0
13485 0
13486 0
13487 0
13488 1
13489 1
13490 2
13491 1
13492 0
13493 0
13494 1
13495 1
13496 1
13497 2
13498 0
13499 1
13500 1
13501 0
13502 0
13503 1
13504 1
13505 1
13506 1
13507 1
13508 0
13509 2
13510 0
13511 0
13512 0
13513 1
13514 1
13515 0
13516 1
13517 1
13518 0
13519 0
13520 1
13521 0
13522 0
13523 0
13524 0
13525 1
13526 2
13527 0
13528 0
13529 1
13530 2
13531 1
13532 1
13533 0
13534 0
13535 0
13536 0
13537 1
13538 1
13539 0
13540 0
13541 1
13542 1
13543 1
13544 0
13545 0
13546 0
13547 0
13548 1
13549 1
13550 1
13551 0
13552 0
13553 0
13554 1
13555 1
13556 0
13557 0
13558 0
13559 1
13560 1
13561 0
13562 1
13563 0
13564 0
13565 0
13566 0
13567 1
13568 1
13569 1
13570 1
13571 1
13572 0
13573 0
13574 1
13575 0
13576 0
13577 0
13578 0
13579 0
13580 1
13581 1
13582 0
13583 1
13584 2
13585 0
13586 0
13587 0
13588 1
13589 1
13590 0
13591 0
13592 1
13593 0
13594 0
13595 0
13596 0
13597 0
13598 1
13599 0
13600 0
13601 0
13602 1
13603 0
13604 0
13605 0
13606 0
13607 1
13608 2
13609 0
13610 0
13611 1
13612 1
13613 1
13614 1
13615 0
13616 1
13617 1
13618 1
13619 0
13620 0
13621 0
13622 1
13623 2
13624 0
13625 1
13626 1
13627 0
13628 2
13629 0
13630 0
13631 0
13632 0
13633 0
13634 0
13635 0
13636 0
13637 0
13638 0
13639 1
13640 0
13641 0
13642 0
13643 1
13644 1
13645 1
13646 0
13647 0
13648 0
13649 0
13650 0
13651 0
13652 1
13653 1
13654 0
13655 0
13656 0
13657 0
13658 1
13659 0
13660 1
13661 0
13662 1
13663 1
13664 1
13665 1
13666 0
13667 0
13668 2
13669 0
13670 0
13671 0
13672 1
13673 0
13674 0
13675 1
13676 1
13677 0
13678 1
13679 1
13680 1
13681 1
13682 2
13683 1
13684 1
13685 1
13686 2
13687 0
13688 0
13689 0
13690 0
13691 0
13692 0
13693 0
13694 0
13695 1
13696 1
13697 0
13698 1
13699 2
13700 0
13701 1
13702 0
13703 1
13704 0
13705 1
13706 1
13707 0
13708 1
13709 0
13710 1
13711 2
13712 1
13713 1
13714 1
13715 0
13716 0
13717 2
13718 1
13719 1
13720 1
13721 0
13722 1
13723 0
13724 2
13725 0
13726 1
13727 1
13728 1
13729 0
13730 0
13731 0
13732 1
13733 0
13734 0
13735 1
13736 0
13737 0
13738 0
13739 1
13740 0
13741 1
13742 0
13743 0
13744 0
13745 1
13746 2
13747 1
13748 1
13749 0
13750 0
13751 0
13752 0
13753 1
13754 0
13755 0
13756 1
13757 0
13758 0
13759 0
13760 1
13761 0
13762 0
13763 0
13764 1
13765 1
13766 0
13767 2
13768 1
13769 1
13770 0
13771 1
13772 1
13773 0
13774 0
13775 0
13776 1
13777 2
13778 0
13779 1
13780 0
13781 0
13782 2
13783 0
13784 0
13785 0
13786 2
13787 0
13788 1
13789 0
13790 1
13791 1
13792 0
13793 0
13794 1
13795 3
13796 0
13797 0
13798 0
13799 1
13800 0
13801 0
13802 1
13803 0
13804 2
13805 1
13806 0
13807 0
13808 0
13809 1
13810 0
13811 1
13812 1
13813 2
13814 1
13815 0
13816 1
13817 1
13818 1
13819 0
13820 0
13821 1
13822 1
13823 1
13824 1
13825 1
13826 0
13827 0
13828 0
13829 0
13830 1
13831 0
13832 1
13833 1
13834 0
13835 0
13836 2
13837 1
13838 0
13839 0
13840 0
13841 0
13842 1
13843 2
13844 0
13845 0
13846 0
13847 0
13848 0
13849 0
13850 0
13851 1
13852 1
13853 1
13854 1
13855 0
13856 0
13857 0
13858 2
13859 1
13860 1
13861 0
13862 0
13863 1
13864 1
13865 0
13866 1
13867 0
13868 0
13869 0
13870 2
13871 0
13872 2
13873 1
13874 0
13875 0
13876 0
13877 0
13878 1
13879 0
13880 0
13881 0
13882 1
13883 2
13884 1
13885 2
13886 1
13887 0
13888 1
13889 0
13890 0
13891 0
13892 0
13893 0
13894 1
13895 0
13896 1
13897 0
13898 0
13899 1
13900 1
13901 1
13902 0
13903 0
13904 0
13905 1
13906 1
13907 1
13908 1
13909 0
13910 1
13911 1
13912 1
13913 2
13914 0
13915 1
13916 1
13917 0
13918 1
13919 0
13920 1
13921 0
13922 0
13923 1
13924 0
13925 2
13926 0
13927 1
13928 0
13929 0
13930 1
13931 1
13932 2
13933 0
13934 1
13935 0
13936 2
13937 0
13938 1
13939 1
13940 1
13941 1
13942 1
13943 0
13944 1
13945 0
13946 0
13947 1
13948 1
13949 0
13950 0
13951 0
13952 2
13953 0
13954 0
13955 0
13956 1
13957 0
13958 0
13959 0
13960 0
13961 1
13962 1
13963 1
13964 1
13965 1
13966 0
13967 0
13968 1
13969 0
13970 0
13971 0
13972 1
13973 1
13974 0
13975 1
13976 0
13977 0
13978 1
13979 0
13980 1
13981 1
13982 0
13983 1
13984 1
13985 0
13986 0
13987 1
13988 0
13989 0
13990 0
13991 2
13992 1
13993 1
13994 1
13995 1
13996 0
13997 0
13998 0
13999 0
14000 0
14001 0
14002 1
14003 1
14004 0
14005 0
14006 0
14007 0
14008 0
14009 0
14010 0
14011 1
14012 1
14013 0
14014 1
14015 1
14016 1
14017 1
14018 0
14019 1
14020 0
14021 0
14022 0
14023 0
14024 1
14025 0
14026 1
14027 1
14028 1
14029 1
14030 0
14031 1
14032 0
14033 1
14034 1
14035 1
14036 0
14037 0
14038 0
14039 0
14040 0
14041 0
14042 0
14043 1
14044 2
14045 0
14046 0
14047 1
14048 0
14049 0
14050 1
14051 2
14052 1
14053 0
14054 0
14055 0
14056 0
14057 1
14058 1
14059 0
14060 0
14061 0
14062 1
14063 1
14064 0
14065 1
14066 0
14067 1
14068 0
14069 0
14070 0
14071 1
14072 0
14073 0
14074 0
14075 1
14076 0
14077 0
14078 0
14079 0
14080 0
14081 0
14082 0
14083 0
14084 0
14085 0
14086 0
14087 1
14088 0
14089 0
14090 1
14091 0
14092 0
14093 0
14094 2
14095 1
14096 1
14097 0
14098 0
14099 0
14100 1
14101 0
14102 0
14103 0
14104 0
14105 2
14106 0
14107 1
14108 0
14109 0
14110 0
14111 0
14112 1
14113 1
14114 1
14115 0
14116 1
14117 1
14118 0
14119 0
14120 0
14121 2
14122 0
14123 0
14124 1
14125 1
14126 0
14127 0
14128 0
14129 0
14130 0
14131 1
14132 1
14133 0
14134 1
14135 1
14136 0
14137 0
14138 1
14139 2
14140 1
14141 1
14142 0
14143 1
14144 0
14145 2
14146 2
14147 1
14148 0
14149 0
14150 0
14151 0
14152 1
14153 0
14154 0
14155 2
14156 2
14157 0
14158 1
14159 2
14160 1
14161 0
14162 1
14163 1
14164 0
14165 0
14166 1
14167 0
14168 0
14169 1
14170 2
14171 0
14172 2
14173 0
14174 0
14175 0
14176 0
14177 1
14178 0
14179 1
14180 1
14181 0
14182 0
14183 1
14184 0
14185 1
14186 1
14187 1
14188 0
14189 0
14190 1
14191 0
14192 0
14193 2
14194 0
14195 2
14196 0
14197 1
14198 0
14199 1
14200 0
14201 1
14202 0
14203 0
14204 0
14205 2
14206 0
14207 1
14208 2
14209 0
14210 0
14211 0
14212 1
14213 0
14214 1
14215 2
14216 0
14217 1
14218 0
14219 1
14220 1
14221 0
14222 0
14223 0
14224 1
14225 0
14226 0
14227 2
14228 2
14229 0
14230 1
14231 0
14232 1
14233 1
14234 1
14235 1
14236 0
14237 0
14238 1
14239 1
14240 0
14241 1
14242 2
14243 0
14244 1
14245 0
14246 0
14247 0
14248 0
14249 0
14250 0
14251 1
14252 0
14253 2
14254 1
14255 0
14256 1
14257 0
14258 0
14259 2
14260 1
14261 1
14262 1
14263 1
14264 1
14265 0
14266 0
14267 0
14268 0
14269 0
14270 1
14271 0
14272 1
14273 1
14274 2
14275 0
14276 0
14277 1
14278 0
14279 0
14280 2
14281 0
14282 1
14283 1
14284 0
14285 0
14286 0
14287 0
14288 0
14289 0
14290 1
14291 0
14292 0
14293 0
14294 0
14295 0
14296 1
14297 1
14298 1
14299 2
14300 0
14301 0
14302 0
14303 0
14304 0
14305 0
14306 0
14307 0
14308 0
14309 1
14310 0
14311 0
14312 0
14313 0
14314 1
14315 1
14316 0
14317 0
14318 1
14319 0
14320 0
14321 1
14322 1
14323 0
14324 0
14325 0
14326 0
14327 0
14328 0
14329 0
14330 1
14331 0
14332 0
14333 0
14334 0
14335 1
14336 2
14337 0
14338 0
14339 2
14340 1
14341 0
14342 1
14343 1
14344 1
14345 0
14346 0
14347 1
14348 1
14349 0
14350 0
14351 0
14352 0
14353 1
14354 0
14355 1
14356 0
14357 0
14358 0
14359 0
14360 1
14361 0
14362 1
14363 2
14364 0
14365 1
14366 0
14367 0
14368 0
14369 0
14370 0
14371 2
14372 1
14373 0
14374 0
14375 0
14376 1
14377 1
14378 0
14379 0
14380 1
14381 0
14382 1
14383 1
14384 0
14385 1
14386 0
14387 0
14388 0
14389 1
14390 0
14391 0
14392 0
14393 0
14394 1
14395 1
14396 0
14397 1
14398 1
14399 0
14400 0
14401 2
14402 0
14403 1
14404 2
14405 1
14406 0
14407 1
14408 1
14409 0
14410 1
14411 0
14412 1
14413 0
14414 0
14415 1
14416 1
14417 1
14418 0
14419 0
14420 0
14421 1
14422 1
14423 1
14424 0
14425 0
14426 1
14427 1
14428 1
14429 0
14430 1
14431 0
14432 0
14433 0
14434 1
14435 0
14436 0
14437 0
14438 1
14439 1
14440 1
14441 0
14442 1
14443 0
14444 2
14445 1
14446 0
14447 1
14448 2
14449 0
14450 1
14451 0
14452 1
14453 0
14454 0
14455 1
14456 0
14457 0
14458 0
14459 0
14460 1
14461 0
14462 0
14463 1
14464 1
14465 0
14466 0
14467 0
14468 2
14469 0
14470 0
14471 1
14472 0
14473 2
14474 1
14475 0
14476 0
14477 0
14478 1
14479 1
14480 0
14481 0
14482 0
14483 1
14484 0
14485 1
14486 1
14487 0
14488 0
14489 1
14490 1
14491 2
14492 0
14493 0
14494 0
14495 0
14496 0
14497 0
14498 1
14499 1
14500 1
14501 0
14502 1
14503 0
14504 0
14505 0
14506 1
14507 1
14508 2
14509 0
14510 1
14511 0
14512 0
14513 0
14514 0
14515 1
14516 1
14517 1
14518 0
14519 1
14520 0
14521 1
14522 0
14523 1
14524 2
14525 1
14526 0
14527 0
14528 0
14529 1
14530 3
14531 1
14532 0
14533 0
14534 0
14535 0
14536 1
14537 1
14538 0
14539 3
14540 1
14541 1
14542 1
14543 0
14544 0
14545 1
14546 1
14547 0
14548 0
14549 0
14550 0
14551 0
14552 0
14553 0
14554 0
14555 1
14556 2
14557 0
14558 0
14559 1
14560 1
14561 0
14562 0
14563 1
14564 1
14565 0
14566 0
14567 0
14568 1
14569 0
14570 0
14571 1
14572 1
14573 2
14574 0
14575 0
14576 1
14577 1
14578 1
14579 0
14580 0
14581 2
14582 0
14583 0
14584 0
14585 1
14586 0
14587 0
14588 1
14589 0
14590 1
14591 1
14592 1
14593 0
14594 0
14595 1
14596 0
14597 0
14598 0
14599 1
14600 0
14601 1
14602 0
14603 0
14604 1
14605 0
14606 2
14607 0
14608 1
14609 0
14610 1
14611 1
14612 0
14613 1
14614 1
14615 1
14616 2
14617 1
14618 0
14619 0
14620 0
14621 1
14622 2
14623 0
14624 1
14625 0
14626 0
14627 0
14628 0
14629 0
14630 0
14631 1
14632 1
14633 1
14634 2
14635 0
14636 0
14637 1
14638 1
14639 0
14640 2
14641 0
14642 1
14643 0
14644 1
14645 0
14646 1
14647 2
14648 1
14649 1
14650 1
14651 0
14652 1
14653 0
14654 0
14655 0
14656 1
14657 0
14658 0
14659 1
14660 0
14661 1
14662 1
14663 2
14664 0
14665 0
14666 0
14667 1
14668 1
14669 0
14670 0
14671 0
14672 0
14673 1
14674 0
14675 0
14676 1
14677 1
14678 1
14679 0
14680 0
14681 0
14682 0
14683 0
14684 1
14685 1
14686 0
14687 1
14688 0
14689 0
14690 1
14691 1
14692 0
14693 1
14694 1
14695 0
14696 2
14697 2
14698 1
14699 1
14700 0
14701 1
14702 1
14703 0
14704 1
14705 0
14706 2
14707 1
14708 0
14709 0
14710 0
14711 0
14712 0
14713 1
14714 0
14715 1
14716 0
14717 0
14718 0
14719 1
14720 1
14721 0
14722 0
14723 1
14724 2
14725 0
14726 1
14727 0
14728 0
14729 0
14730 1
14731 1
14732 1
14733 2
14734 0
14735 0
14736 1
14737 1
14738 1
14739 0
14740 1
14741 2
14742 1
14743 0
14744 0
14745 2
14746 0
14747 0
14748 1
14749 1
14750 0
14751 0
14752 0
14753 1
14754 1
14755 0
14756 2
14757 0
14758 2
14759 0
14760 1
14761 1
14762 0
14763 0
14764 1
14765 1
14766 2
14767 0
14768 0
14769 0
14770 1
14771 0
14772 1
14773 0
14774 1
14775 1
14776 0
14777 0
14778 0
14779 0
14780 0
14781 1
14782 0
14783 0
14784 0
14785 0
14786 1
14787 0
14788 2
14789 0
14790 1
14791 0
14792 0
14793 2
14794 0
14795 1
14796 1
14797 0
14798 0
14799 0
14800 1
14801 2
14802 0
14803 0
14804 1
14805 0
14806 0
14807 2
14808 0
14809 1
14810 1
14811 1
14812 2
14813 0
14814 0
14815 1
14816 1
14817 1
14818 0
14819 2
14820 0
14821 2
14822 0
14823 0
14824 0
14825 0
14826 0
14827 0
14828 1
14829 0
14830 0
14831 1
14832 1
14833 1
14834 0
14835 1
14836 1
14837 1
14838 0
14839 1
14840 1
14841 1
14842 0
14843 0
14844 0
14845 0
14846 0
14847 0
14848 0
14849 1
14850 0
14851 2
14852 0
14853 1
14854 0
14855 0
14856 1
14857 2
14858 0
14859 0
14860 0
14861 0
14862 1
14863 2
14864 0
14865 0
14866 1
14867 0
14868 1
14869 2
14870 0
14871 1
14872 1
14873 1
14874 1
14875 1
14876 0
14877 0
14878 0
14879 2
14880 1
14881 0
14882 2
14883 0
14884 2
14885 2
14886 1
14887 1
14888 1
14889 0
14890 1
14891 0
14892 1
14893 0
14894 1
14895 0
14896 0
14897 2
14898 2
14899 1
14900 1
14901 1
14902 0
14903 2
14904 2
14905 0
14906 1
14907 2
14908 1
14909 0
14910 0
14911 1
14912 0
14913 1
14914 1
14915 1
14916 1
14917 0
14918 0
14919 2
14920 1
14921 1
14922 1
14923 0
14924 1
14925 1
14926 0
14927 0
14928 1
14929 0
14930 0
14931 0
14932 1
14933 2
14934 1
14935 1
14936 2
14937 0
14938 1
14939 0
14940 0
14941 1
14942 0
14943 0
14944 1
14945 1
14946 1
14947 0
14948 1
14949 1
14950 2
14951 1
14952 1
14953 1
14954 0
14955 0
14956 0
14957 0
14958 0
14959 0
14960 1
14961 0
14962 1
14963 1
14964 0
14965 1
14966 1
14967 0
14968 1
14969 0
14970 0
14971 0
14972 0
14973 1
14974 0
14975 0
14976 0
14977 1
14978 1
14979 0
14980 1
14981 0
14982 1
14983 1
14984 1
14985 1
14986 1
14987 1
14988 0
14989 0
14990 1
14991 1
14992 2
14993 1
14994 0
14995 0
14996 0
14997 0
14998 1
14999 1
15000 0
15001 0
15002 0
15003 1
15004 1
15005 1
15006 2
15007 2
15008 1
15009 0
15010 1
15011 0
15012 2
15013 0
15014 0
15015 0
15016 1
15017 0
15018 1
15019 0
15020 1
15021 1
15022 2
15023 1
15024 0
15025 0
15026 1
15027 1
15028 1
15029 1
15030 0
15031 0
15032 0
15033 0
15034 2
15035 2
15036 1
15037 1
15038 1
15039 1
15040 1
15041 1
15042 1
15043 1
15044 0
15045 0
15046 1
15047 0
15048 0
15049 0
15050 0
15051 0
15052 1
15053 0
15054 1
15055 1
15056 1
15057 0
15058 0
15059 0
15060 0
15061 1
15062 0
15063 1
15064 1
15065 0
15066 1
15067 0
15068 0
15069 0
15070 2
15071 0
15072 0
15073 0
15074 0
15075 1
15076 0
15077 2
15078 0
15079 2
15080 0
15081 0
15082 1
15083 2
15084 0
15085 0
15086 1
15087 1
15088 1
15089 0
15090 2
15091 1
15092 0
15093 0
15094 1
15095 1
15096 2
15097 0
15098 0
15099 1
15100 0
15101 1
15102 0
15103 1
15104 1
15105 0
15106 1
15107 0
15108 3
15109 0
15110 1
15111 1
15112 0
15113 1
15114 0
15115 1
15116 2
15117 0
15118 1
15119 0
15120 1
15121 1
15122 0
15123 0
15124 0
15125 0
15126 1
15127 0
15128 0
15129 1
15130 0
15131 0
15132 0
15133 1
15134 1
15135 1
15136 0
15137 0
15138 0
15139 1
15140 0
15141 0
15142 1
15143 1
15144 1
15145 0
15146 0
15147 1
15148 0
15149 0
15150 1
15151 1
15152 0
15153 1
15154 1
15155 0
15156 0
15157 0
15158 2
15159 0
15160 1
15161 2
15162 1
15163 0
15164 0
15165 0
15166 1
15167 0
15168 0
15169 0
15170 0
15171 0
15172 0
15173 1
15174 2
15175 1
15176 0
15177 1
15178 1
15179 2
15180 2
15181 1
15182 1
15183 0
15184 0
15185 1
15186 0
15187 0
15188 0
15189 0
15190 1
15191 0
15192 1
15193 1
15194 1
15195 1
15196 0
15197 1
15198 0
15199 0
15200 0
15201 0
15202 1
15203 1
15204 0
15205 0
15206 0
15207 1
15208 1
15209 0
15210 0
15211 0
15212 1
15213 2
15214 1
15215 0
15216 1
15217 1
15218 1
15219 1
15220 1
15221 1
15222 0
15223 1
15224 0
15225 0
15226 1
15227 0
15228 1
15229 0
15230 0
15231 0
15232 1
15233 2
15234 0
15235 0
15236 0
15237 1
15238 0
15239 1
15240 0
15241 0
15242 2
15243 0
15244 0
15245 0
15246 1
15247 0
15248 0
15249 2
15250 2
15251 2
15252 0
15253 2
15254 0
15255 1
15256 0
15257 1
15258 0
15259 0
15260 1
15261 1
15262 1
15263 1
15264 2
15265 0
15266 1
15267 0
15268 1
15269 1
15270 0
15271 2
15272 1
15273 0
15274 2
15275 0
15276 1
15277 0
15278 2
15279 1
15280 0
15281 1
15282 0
15283 0
15284 0
15285 1
15286 1
15287 1
15288 1
15289 1
15290 0
15291 0
15292 1
15293 0
15294 1
15295 0
15296 1
15297 0
15298 0
15299 0
15300 2
15301 1
15302 0
15303 0
15304 1
15305 1
15306 0
15307 1
15308 0
15309 1
15310 0
15311 0
15312 0
15313 0
15314 1
15315 0
15316 0
15317 0
15318 1
15319 0
15320 0
15321 1
15322 0
15323 1
15324 2
15325 1
15326 0
15327 0
15328 0
15329 0
15330 1
15331 1
15332 0
15333 0
15334 0
15335 0
15336 0
15337 1
15338 1
15339 1
15340 0
15341 1
15342 0
15343 1
15344 1
15345 1
15346 0
15347 1
15348 1
15349 0
15350 0
15351 1
15352 1
15353 2
15354 1
15355 1
15356 2
15357 0
15358 0
15359 1
15360 1
15361 0
15362 1
15363 0
15364 1
15365 0
15366 0
15367 0
15368 1
15369 2
15370 1
15371 2
15372 1
15373 0
15374 1
15375 0
15376 0
15377 2
15378 0
15379 1
15380 2
15381 1
15382 0
15383 1
15384 0
15385 0
15386 2
15387 0
15388 1
15389 0
15390 0
15391 0
15392 1
15393 0
15394 1
15395 1
15396 0
15397 3
15398 1
15399 0
15400 0
15401 0
15402 2
15403 0
15404 1
15405 0
15406 1
15407 1
15408 0
15409 0
15410 0
15411 0
15412 2
15413 1
15414 1
15415 0
15416 1
15417 0
15418 1
15419 1
15420 1
15421 0
15422 0
15423 0
15424 0
15425 1
15426 0
15427 1
15428 0
15429 0
15430 0
15431 1
15432 0
15433 1
15434 1
15435 1
15436 0
15437 0
15438 0
15439 0
15440 0
15441 1
15442 0
15443 0
15444 1
15445 1
15446 1
15447 0
15448 1
15449 1
15450 1
15451 0
15452 0
15453 1
15454 2
15455 1
15456 0
15457 1
15458 1
15459 0
15460 2
15461 0
15462 1
15463 1
15464 0
15465 0
15466 1
15467 1
15468 0
15469 0
15470 1
15471 1
15472 1
15473 1
15474 0
15475 0
15476 0
15477 2
15478 0
15479 0
15480 0
15481 1
15482 1
15483 0
15484 1
15485 1
15486 0
15487 1
15488 0
15489 0
15490 1
15491 1
15492 1
15493 2
15494 1
15495 0
15496 1
15497 0
15498 2
15499 2
15500 0
15501 2
15502 1
15503 1
15504 1
15505 2
15506 0
15507 0
15508 0
15509 0
15510 0
15511 0
15512 1
15513 0
15514 0
15515 1
15516 1
15517 1
15518 0
15519 1
15520 1
15521 1
15522 1
15523 0
15524 2
15525 1
15526 0
15527 1
15528 0
15529 1
15530 2
15531 1
15532 0
15533 0
15534 1
15535 1
15536 1
15537 1
15538 1
15539 0
15540 0
15541 0
15542 0
15543 2
15544 0
15545 1
15546 0
15547 0
15548 0
15549 0
15550 1
15551 1
15552 1
15553 0
15554 0
15555 1
15556 0
15557 2
15558 0
15559 0
15560 0
15561 0
15562 0
15563 1
15564 1
15565 1
15566 0
15567 1
15568 1
15569 0
15570 1
15571 1
15572 0
15573 0
15574 0
15575 2
15576 1
15577 2
15578 0
15579 0
15580 0
15581 1
15582 0
15583 0
15584 1
15585 1
15586 0
15587 1
15588 0
15589 1
15590 1
15591 0
15592 1
15593 0
15594 0
15595 1
15596 1
15597 0
15598 0
15599 0
15600 0
15601 0
15602 0
15603 1
15604 0
15605 1
15606 1
15607 1
15608 0
15609 0
15610 0
15611 1
15612 0
15613 0
15614 1
15615 1
15616 1
15617 0
15618 1
15619 0
15620 0
15621 2
15622 0
15623 1
15624 1
15625 1
15626 0
15627 0
15628 0
15629 0
15630 2
15631 1
15632 0
15633 1
15634 2
15635 1
15636 0
15637 1
15638 1
15639 2
15640 1
15641 2
15642 1
15643 0
15644 1
15645 1
15646 0
15647 0
15648 1
15649 0
15650 0
15651 0
15652 1
15653 0
15654 0
15655 0
15656 0
15657 2
15658 0
15659 1
15660 0
15661 0
15662 0
15663 1
15664 1
15665 1
15666 0
15667 0
15668 1
15669 0
15670 1
15671 0
15672 0
15673 0
15674 0
15675 2
15676 0
15677 2
15678 0
15679 0
15680 2
15681 0
15682 0
15683 1
15684 0
15685 1
15686 0
15687 1
15688 1
15689 1
15690 1
15691 1
15692 1
15693 0
15694 0
15695 0
15696 1
15697 0
15698 0
15699 0
15700 0
15701 0
15702 1
15703 1
15704 1
15705 0
15706 1
15707 1
15708 0
15709 1
15710 1
15711 0
15712 2
15713 0
15714 1
15715 1
15716 1
15717 1
15718 0
15719 1
15720 0
15721 1
15722 1
15723 0
15724 0
15725 0
15726 0
15727 0
15728 1
15729 1
15730 0
15731 0
15732 1
15733 0
15734 0
15735 0
15736 0
15737 0
15738 0
15739 0
15740 0
15741 0
15742 0
15743 1
15744 1
15745 0
15746 0
15747 0
15748 0
15749 2
15750 0
15751 0
15752 0
15753 0
15754 0
15755 0
15756 0
15757 1
15758 2
15759 0
15760 2
15761 1
15762 1
15763 0
15764 1
15765 0
15766 0
15767 0
15768 0
15769 1
15770 1
15771 0
15772 1
15773 0
15774 2
15775 1
15776 2
15777 1
15778 0
15779 1
15780 1
15781 1
15782 0
15783 0
15784 0
15785 1
15786 0
15787 0
15788 1
15789 2
15790 0
15791 1
15792 2
15793 0
15794 0
15795 0
15796 0
15797 0
15798 2
15799 1
15800 1
15801 1
15802 0
15803 1
15804 0
15805 0
15806 1
15807 0
15808 1
15809 1
15810 1
15811 0
15812 0
15813 0
15814 0
15815 1
15816 1
15817 1
15818 1
15819 2
15820 0
15821 1
15822 0
15823 0
15824 1
15825 0
15826 0
15827 0
15828 0
15829 0
15830 1
15831 0
15832 1
15833 0
15834 1
15835 2
15836 2
15837 0
15838 2
15839 0
15840 0
15841 1
15842 1
15843 1
15844 0
15845 0
15846 0
15847 0
15848 1
15849 1
15850 0
15851 0
15852 0
15853 1
15854 0
15855 2
15856 2
15857 0
15858 0
15859 1
15860 2
15861 1
15862 1
15863 0
15864 0
15865 0
15866 1
15867 0
15868 0
15869 0
15870 0
15871 1
15872 0
15873 1
15874 0
15875 0
15876 1
15877 0
15878 2
15879 0
15880 0
15881 2
15882 0
15883 2
15884 0
15885 0
15886 1
15887 0
15888 0
15889 0
15890 1
15891 1
15892 0
15893 0
15894 0
15895 1
15896 2
15897 1
15898 1
15899 1
15900 0
15901 2
15902 1
15903 0
15904 0
15905 0
15906 1
15907 0
15908 0
15909 1
15910 1
15911 1
15912 0
15913 1
15914 0
15915 1
15916 1
15917 1
15918 1
15919 0
15920 0
15921 0
15922 1
15923 1
15924 0
15925 0
15926 1
15927 2
15928 2
15929 1
15930 1
15931 1
15932 0
15933 1
15934 0
15935 0
15936 1
15937 0
15938 1
15939 1
15940 1
15941 1
15942 0
15943 1
15944 0
15945 1
15946 2
15947 1
15948 1
15949 1
15950 0
15951 1
15952 0
15953 1
15954 0
15955 0
15956 1
15957 1
15958 0
15959 0
15960 2
15961 0
15962 1
15963 1
15964 0
15965 0
15966 0
15967 1
15968 0
15969 0
15970 0
15971 0
15972 1
15973 0
15974 1
15975 0
15976 1
15977 0
15978 1
15979 1
15980 0
15981 0
15982 0
15983 0
15984 1
15985 0
15986 0
15987 1
15988 1
15989 0
15990 0
15991 0
15992 1
15993 0
15994 2
15995 0
15996 0
15997 1
15998 0
15999 0
16000 1
16001 1
16002 1
16003 1
16004 2
16005 0
16006 0
16007 0
16008 0
16009 0
16010 1
16011 0
16012 0
16013 0
16014 0
16015 0
16016 0
16017 0
16018 1
16019 0
16020 1
16021 0
16022 0
16023 1
16024 1
16025 0
16026 0
16027 1
16028 0
16029 1
16030 0
16031 1
16032 0
16033 0
16034 1
16035 0
16036 2
16037 0
16038 0
16039 0
16040 2
16041 1
16042 0
16043 1
16044 2
16045 0
16046 0
16047 0
16048 0
16049 1
16050 1
16051 2
16052 0
16053 0
16054 0
16055 0
16056 0
16057 0
16058 1
16059 1
16060 1
16061 1
16062 2
16063 0
16064 2
16065 1
16066 1
16067 1
16068 0
16069 1
16070 0
16071 1
16072 2
16073 0
16074 1
16075 2
16076 0
16077 2
16078 1
16079 0
16080 1
16081 1
16082 0
16083 0
16084 1
16085 0
16086 1
16087 1
16088 1
16089 0
16090 1
16091 0
16092 1
16093 0
16094 1
16095 1
16096 1
16097 0
16098 1
16099 1
16100 0
16101 0
16102 1
16103 2
16104 0
16105 0
16106 0
16107 0
16108 1
16109 1
16110 1
16111 1
16112 0
16113 0
16114 0
16115 0
16116 0
16117 1
16118 1
16119 2
16120 0
16121 0
16122 0
16123 0
16124 1
16125 0
16126 0
16127 0
16128 1
16129 0
16130 3
16131 1
16132 0
16133 0
16134 0
16135 2
16136 0
16137 2
16138 2
16139 0
16140 1
16141 1
16142 1
16143 1
16144 1
16145 2
16146 0
16147 0
16148 1
16149 0
16150 1
16151 2
16152 2
16153 1
16154 0
16155 1
16156 0
16157 1
16158 1
16159 0
16160 1
16161 1
16162 0
16163 1
16164 0
16165 2
16166 0
16167 2
16168 1
16169 0
16170 1
16171 0
16172 0
16173 1
16174 0
16175 0
16176 0
16177 1
16178 1
16179 2
16180 0
16181 0
16182 1
16183 1
16184 0
16185 1
16186 1
16187 0
16188 0
16189 1
16190 1
16191 0
16192 0
16193 0
16194 0
16195 0
16196 0
16197 1
16198 0
16199 2
16200 1
16201 1
16202 0
16203 1
16204 0
16205 1
16206 0
16207 0
16208 1
16209 0
16210 1
16211 2
16212 1
16213 0
16214 2
16215 1
16216 0
16217 0
16218 0
16219 0
16220 0
16221 1
16222 0
16223 0
16224 1
16225 0
16226 1
16227 0
16228 0
16229 0
16230 1
16231 0
16232 1
16233 0
16234 0
16235 0
16236 3
16237 0
16238 1
16239 0
16240 1
16241 1
16242 0
16243 0
16244 1
16245 0
16246 1
16247 2
16248 0
16249 1
16250 1
16251 0
16252 0
16253 0
16254 2
16255 0
16256 1
16257 1
16258 2
16259 0
16260 1
16261 0
16262 0
16263 2
16264 0
16265 0
16266 0
16267 2
16268 0
16269 0
16270 1
16271 2
16272 1
16273 1
16274 1
16275 1
16276 0
16277 0
16278 1
16279 1
16280 2
16281 0
16282 0
16283 0
16284 2
16285 0
16286 1
16287 0
16288 2
16289 1
16290 1
16291 1
16292 0
16293 1
16294 0
16295 1
16296 0
16297 1
16298 0
16299 1
16300 2
16301 1
16302 0
16303 0
16304 0
16305 1
16306 0
16307 0
16308 0
16309 0
16310 0
16311 1
16312 0
16313 1
16314 1
16315 0
16316 1
16317 0
16318 0
16319 0
16320 1
16321 0
16322 2
16323 0
16324 0
16325 1
16326 0
16327 2
16328 0
16329 0
16330 0
16331 0
16332 1
16333 2
16334 0
16335 0
16336 0
16337 0
16338 1
16339 0
16340 0
16341 0
16342 1
16343 1
16344 1
16345 0
16346 0
16347 1
16348 1
16349 1
16350 0
16351 0
16352 0
16353 0
16354 0
16355 0
16356 0
16357 2
16358 1
16359 0
16360 2
16361 2
16362 0
16363 0
16364 0
16365 0
16366 0
16367 1
16368 1
16369 0
16370 2
16371 0
16372 0
16373 1
16374 0
16375 2
16376 1
16377 1
16378 0
16379 2
16380 1
16381 0
16382 1
16383 0
16384 0
16385 1
16386 0
16387 2
16388 2
16389 1
16390 0
16391 1
16392 1
16393 2
16394 1
16395 1
16396 1
16397 1
16398 0
16399 0
16400 2
16401 0
16402 0
16403 1
16404 2
16405 0
16406 0
16407 0
16408 0
16409 0
16410 1
16411 1
16412 1
16413 0
16414 1
16415 0
16416 0
16417 0
16418 0
16419 1
16420 2
16421 0
16422 0
16423 2
16424 0
16425 1
16426 1
16427 1
16428 0
16429 1
16430 1
16431 1
16432 1
16433 0
16434 0
16435 2
16436 2
16437 0
16438 2
16439 0
16440 1
16441 1
16442 1
16443 0
16444 1
16445 0
16446 0
16447 0
16448 0
16449 1
16450 0
16451 1
16452 0
16453 1
16454 3
16455 1
16456 0
16457 0
16458 0
16459 0
16460 1
16461 1
16462 0
16463 1
16464 0
16465 0
16466 1
16467 2
16468 0
16469 0
16470 2
16471 2
16472 2
16473 1
16474 0
16475 0
16476 0
16477 0
16478 2
16479 1
16480 0
16481 2
16482 0
16483 1
16484 1
16485 1
16486 0
16487 1
16488 1
16489 2
16490 0
16491 0
16492 0
16493 0
16494 0
16495 0
16496 0
16497 1
16498 0
16499 1
16500 0
16501 0
16502 0
16503 0
16504 0
16505 0
16506 0
16507 1
16508 0
16509 0
16510 0
16511 0
16512 1
16513 1
16514 1
16515 0
16516 0
16517 0
16518 2
16519 0
16520 0
16521 1
16522 0
16523 1
16524 1
16525 2
16526 2
16527 1
16528 1
16529 0
16530 1
16531 0
16532 1
16533 0
16534 2
16535 2
16536 1
16537 1
16538 0
16539 0
16540 0
16541 0
16542 1
16543 0
16544 0
16545 2
16546 0
16547 2
16548 1
16549 0
16550 1
16551 0
16552 2
16553 1
16554 0
16555 0
16556 1
16557 0
16558 1
16559 0
16560 0
16561 2
16562 1
16563 0
16564 0
16565 1
16566 0
16567 1
16568 1
16569 0
16570 1
16571 2
16572 0
16573 0
16574 1
16575 0
16576 3
16577 0
16578 0
16579 1
16580 1
16581 1
16582 1
16583 0
16584 0
16585 1
16586 1
16587 0
16588 0
16589 0
16590 1
16591 0
16592 0
16593 1
16594 1
16595 0
16596 0
16597 1
16598 0
16599 0
16600 1
16601 0
16602 0
16603 0
16604 0
16605 0
16606 1
16607 1
16608 1
16609 1
16610 1
16611 1
16612 0
16613 0
16614 0
16615 2
16616 0
16617 0
16618 1
16619 2
16620 1
16621 2
16622 3
16623 0
16624 0
16625 0
16626 0
16627 2
16628 0
16629 1
16630 2
16631 2
16632 1
16633 0
16634 2
16635 0
16636 0
16637 1
16638 0
16639 1
16640 1
16641 1
16642 0
16643 0
16644 0
16645 2
16646 0
16647 0
16648 1
16649 1
16650 0
16651 1
16652 0
16653 2
16654 0
16655 0
16656 1
16657 0
16658 2
16659 0
16660 0
16661 0
16662 1
16663 1
16664 0
16665 1
16666 0
16667 0
16668 0
16669 0
16670 0
16671 1
16672 1
16673 2
16674 0
16675 1
16676 1
16677 0
16678 3
16679 0
16680 0
16681 1
16682 0
16683 0
16684 1
16685 0
16686 0
16687 1
16688 1
16689 0
16690 2
16691 1
16692 1
16693 2
16694 1
16695 0
16696 1
16697 0
16698 1
16699 0
16700 1
16701 1
16702 1
16703 1
16704 2
16705 1
16706 1
16707 1
16708 2
16709 1
16710 0
16711 1
16712 0
16713 0
16714 0
16715 1
16716 1
16717 2
16718 1
16719 1
16720 1
16721 1
16722 0
16723 0
16724 1
16725 1
16726 0
16727 0
16728 1
16729 1
16730 0
16731 0
16732 1
16733 0
16734 0
16735 1
16736 1
16737 0
16738 0
16739 2
16740 2
16741 0
16742 0
16743 0
16744 1
16745 1
16746 1
16747 1
16748 2
16749 2
16750 1
16751 0
16752 2
16753 0
16754 1
16755 1
16756 1
16757 0
16758 0
16759 1
16760 0
16761 0
16762 0
16763 0
16764 0
16765 2
16766 1
16767 1
16768 1
16769 2
16770 1
16771 1
16772 0
16773 0
16774 1
16775 1
16776 2
16777 1
16778 1
16779 2
16780 0
16781 1
16782 0
16783 1
16784 1
16785 1
16786 0
16787 2
16788 1
16789 0
16790 1
16791 2
16792 0
16793 0
16794 0
16795 2
16796 1
16797 1
16798 1
16799 0
16800 0
16801 1
16802 0
16803 2
16804 0
16805 0
16806 1
16807 1
16808 0
16809 0
16810 0
16811 0
16812 0
16813 0
16814 0
16815 0
16816 1
16817 1
16818 0
16819 0
16820 0
16821 2
16822 0
16823 1
16824 1
16825 2
16826 1
16827 0
16828 2
16829 1
16830 2
16831 0
16832 0
16833 0
16834 1
16835 1
16836 1
16837 0
16838 1
16839 1
16840 0
16841 1
16842 0
16843 0
16844 1
16845 2
16846 1
16847 2
16848 2
16849 0
16850 0
16851 1
16852 0
16853 0
16854 0
16855 1
16856 2
16857 1
16858 0
16859 1
16860 0
16861 0
16862 1
16863 1
16864 1
16865 1
16866 0
16867 0
16868 1
16869 1
16870 1
16871 1
16872 1
16873 1
16874 1
16875 0
16876 1
16877 2
16878 1
16879 1
16880 1
16881 0
16882 0
16883 0
16884 1
16885 1
16886 1
16887 0
16888 0
16889 0
16890 1
16891 0
16892 1
16893 0
16894 0
16895 2
16896 0
16897 0
16898 1
16899 1
16900 0
16901 2
16902 1
16903 0
16904 1
16905 0
16906 1
16907 2
16908 1
16909 0
16910 0
16911 0
16912 0
16913 0
16914 1
16915 2
16916 1
16917 1
16918 0
16919 0
16920 0
16921 0
16922 0
16923 1
16924 0
16925 1
16926 0
16927 1
16928 1
16929 2
16930 0
16931 0
16932 0
16933 0
16934 1
16935 1
16936 0
16937 1
16938 0
16939 0
16940 0
16941 1
16942 0
16943 0
16944 1
16945 0
16946 2
16947 0
16948 0
16949 1
16950 1
16951 0
16952 0
16953 1
16954 0
16955 0
16956 0
16957 0
16958 2
16959 0
16960 1
16961 1
16962 0
16963 0
16964 0
16965 1
16966 0
16967 0
16968 1
16969 0
16970 1
16971 0
16972 0
16973 0
16974 1
16975 0
16976 0
16977 1
16978 1
16979 0
16980 0
16981 0
16982 0
16983 0
16984 0
16985 0
16986 2
16987 2
16988 0
16989 0
16990 2
16991 0
16992 0
16993 0
16994 0
16995 1
16996 0
16997 0
16998 0
16999 2
17000 0
17001 3
17002 1
17003 0
17004 1
17005 2
17006 2
17007 0
17008 0
17009 1
17010 0
17011 1
17012 0
17013 1
17014 0
17015 1
17016 0
17017 0
17018 0
17019 1
17020 0
17021 1
17022 0
17023 0
17024 1
17025 0
17026 1
17027 0
17028 0
17029 0
17030 0
17031 1
17032 1
17033 0
17034 1
17035 0
17036 2
17037 1
17038 2
17039 1
17040 1
17041 0
17042 1
17043 0
17044 0
17045 1
17046 1
17047 1
17048 1
17049 1
17050 0
17051 1
17052 1
17053 0
17054 0
17055 0
17056 1
17057 0
17058 2
17059 2
17060 1
17061 0
17062 0
17063 1
17064 0
17065 0
17066 0
17067 0
17068 0
17069 1
17070 0
17071 2
17072 0
17073 1
17074 1
17075 1
17076 1
17077 1
17078 1
17079 0
17080 1
17081 0
17082 1
17083 0
17084 1
17085 1
17086 1
17087 0
17088 1
17089 0
17090 0
17091 0
17092 0
17093 1
17094 0
17095 0
17096 2
17097 0
17098 1
17099 1
17100 1
17101 1
17102 2
17103 1
17104 0
17105 0
17106 0
17107 0
17108 0
17109 1
17110 0
17111 0
17112 1
17113 2
17114 0
17115 1
17116 0
17117 0
17118 2
17119 0
17120 1
17121 1
17122 0
17123 0
17124 1
17125 1
17126 0
17127 1
17128 1
17129 0
17130 0
17131 0
17132 0
17133 0
17134 0
17135 0
17136 0
17137 1
17138 1
17139 1
17140 0
17141 1
17142 0
17143 1
17144 0
17145 0
17146 1
17147 1
17148 1
17149 2
17150 0
17151 0
17152 0
17153 2
17154 0
17155 0
17156 2
17157 1
17158 0
17159 0
17160 1
17161 0
17162 1
17163 0
17164 0
17165 1
17166 1
17167 0
17168 1
17169 1
17170 1
17171 1
17172 0
17173 0
17174 0
17175 2
17176 0
17177 0
17178 0
17179 1
17180 2
17181 0
17182 2
17183 1
17184 0
17185 0
17186 1
17187 2
17188 2
17189 1
17190 0
17191 1
17192 0
17193 0
17194 0
17195 0
17196 1
17197 0
17198 0
17199 0
17200 1
17201 0
17202 0
17203 0
17204 1
17205 0
17206 0
17207 2
17208 1
17209 2
17210 0
17211 0
17212 0
17213 0
17214 0
17215 1
17216 0
17217 1
17218 2
17219 1
17220 0
17221 1
17222 0
17223 0
17224 1
17225 2
17226 0
17227 1
17228 0
17229 2
17230 0
17231 0
17232 2
17233 1
17234 0
17235 1
17236 2
17237 0
17238 1
17239 1
17240 0
17241 2
17242 0
17243 1
17244 2
17245 2
17246 0
17247 0
17248 2
17249 1
17250 0
17251 0
17252 0
17253 1
17254 1
17255 1
17256 0
17257 1
17258 0
17259 0
17260 1
17261 1
17262 0
17263 0
17264 1
17265 0
17266 0
17267 0
17268 1
17269 1
17270 0
17271 0
17272 0
17273 1
17274 2
17275 1
17276 2
17277 1
17278 2
17279 0
17280 0
17281 1
17282 0
17283 2
17284 0
17285 0
17286 0
17287 1
17288 1
17289 0
17290 1
17291 0
17292 0
17293 1
17294 1
17295 1
17296 0
17297 0
17298 1
17299 0
17300 0
17301 1
17302 0
17303 0
17304 0
17305 0
17306 1
17307 0
17308 1
17309 0
17310 1
17311 1
17312 0
17313 0
17314 0
17315 0
17316 0
17317 1
17318 1
17319 1
17320 2
17321 0
17322 0
17323 1
17324 1
17325 1
17326 1
17327 0
17328 0
17329 0
17330 1
17331 0
17332 1
17333 0
17334 0
17335 0
17336 0
17337 1
17338 0
17339 1
17340 2
17341 1
17342 0
17343 1
17344 1
17345 1
17346 0
17347 1
17348 2
17349 1
17350 0
17351 1
17352 0
17353 2
17354 0
17355 2
17356 1
17357 0
17358 1
17359 0
17360 0
17361 2
17362 2
17363 0
17364 1
17365 0
17366 1
17367 1
17368 0
17369 2
17370 2
17371 2
17372 1
17373 2
17374 1
17375 2
17376 0
17377 0
17378 2
17379 1
17380 0
17381 1
17382 1
17383 0
17384 0
17385 1
17386 1
17387 1
17388 0
17389 1
17390 1
17391 0
17392 0
17393 2
17394 1
17395 2
17396 0
17397 0
17398 0
17399 1
17400 0
17401 0
17402 1
17403 0
17404 0
17405 0
17406 1
17407 0
17408 1
17409 1
17410 1
17411 2
17412 0
17413 0
17414 0
17415 0
17416 2
17417 0
17418 1
17419 0
17420 1
17421 0
17422 0
17423 1
17424 1
17425 0
17426 1
17427 0
17428 1
17429 1
17430 0
17431 0
17432 1
17433 0
17434 0
17435 1
17436 1
17437 1
17438 2
17439 1
17440 0
17441 0
17442 0
17443 1
17444 0
17445 1
17446 0
17447 0
17448 1
17449 0
17450 0
17451 1
17452 0
17453 1
17454 0
17455 1
17456 0
17457 0
17458 1
17459 1
17460 0
17461 1
17462 2
17463 0
17464 1
17465 0
17466 0
17467 0
17468 0
17469 0
17470 1
17471 2
17472 0
17473 0
17474 0
17475 0
17476 0
17477 1
17478 0
17479 1
17480 1
17481 1
17482 1
17483 0
17484 1
17485 0
17486 1
17487 0
17488 0
17489 0
17490 0
17491 0
17492 1
17493 1
17494 1
17495 0
17496 0
17497 1
17498 1
17499 0
17500 0
17501 1
17502 1
17503 1
17504 0
17505 0
17506 0
17507 2
17508 0
17509 0
17510 1
17511 0
17512 0
17513 1
17514 1
17515 1
17516 2
17517 1
17518 0
17519 0
17520 0
17521 2
17522 1
17523 0
17524 0
17525 2
17526 1
17527 0
17528 0
17529 2
17530 0
17531 0
17532 2
17533 0
17534 1
17535 0
17536 0
17537 0
17538 1
17539 1
17540 1
17541 3
17542 0
17543 0
17544 0
17545 0
17546 2
17547 2
17548 0
17549 0
17550 2
17551 1
17552 0
17553 0
17554 1
17555 1
17556 2
17557 1
17558 2
17559 1
17560 1
17561 0
17562 0
17563 2
17564 0
17565 1
17566 0
17567 1
17568 1
17569 0
17570 0
17571 0
17572 1
17573 1
17574 2
17575 0
17576 1
17577 0
17578 1
17579 0
17580 0
17581 0
17582 1
17583 1
17584 0
17585 1
17586 0
17587 0
17588 1
17589 0
17590 1
17591 1
17592 0
17593 0
17594 0
17595 1
17596 0
17597 1
17598 0
17599 1
17600 1
17601 1
17602 0
17603 2
17604 1
17605 0
17606 1
17607 0
17608 1
17609 1
17610 2
17611 0
17612 0
17613 0
17614 0
17615 0
17616 0
17617 0
17618 2
17619 2
17620 0
17621 1
17622 1
17623 0
17624 0
17625 0
17626 0
17627 0
17628 0
17629 2
17630 0
17631 0
17632 0
17633 0
17634 0
17635 1
17636 0
17637 1
17638 1
17639 0
17640 0
17641 1
17642 1
17643 1
17644 2
17645 0
17646 1
17647 0
17648 1
17649 1
17650 0
17651 1
17652 1
17653 0
17654 1
17655 2
17656 0
17657 1
17658 1
17659 0
17660 0
17661 0
17662 2
17663 0
17664 2
17665 2
17666 0
17667 1
17668 0
17669 1
17670 0
17671 1
17672 0
17673 0
17674 0
17675 0
17676 1
17677 0
17678 1
17679 1
17680 1
17681 0
17682 1
17683 0
17684 1
17685 0
17686 1
17687 0
17688 1
17689 1
17690 0
17691 1
17692 1
17693 0
17694 2
17695 0
17696 1
17697 0
17698 0
17699 2
17700 0
17701 3
17702 0
17703 0
17704 2
17705 0
17706 0
17707 1
17708 2
17709 1
17710 0
17711 2
17712 0
17713 2
17714 0
17715 0
17716 0
17717 1
17718 2
17719 0
17720 1
17721 1
17722 0
17723 1
17724 0
17725 1
17726 1
17727 0
17728 1
17729 0
17730 1
17731 1
17732 1
17733 1
17734 0
17735 0
17736 0
17737 2
17738 0
17739 0
17740 0
17741 0
17742 1
17743 1
17744 0
17745 1
17746 1
17747 0
17748 1
17749 1
17750 0
17751 0
17752 1
17753 2
17754 0
17755 1
17756 1
17757 0
17758 1
17759 0
17760 1
17761 1
17762 1
17763 1
17764 1
17765 0
17766 0
17767 0
17768 0
17769 1
17770 0
17771 1
17772 1
17773 2
17774 0
17775 0
17776 1
17777 1
17778 1
17779 1
17780 0
17781 0
17782 0
17783 1
17784 0
17785 0
17786 0
17787 0
17788 1
17789 0
17790 3
17791 1
17792 0
17793 2
17794 2
17795 1
17796 1
17797 0
17798 0
17799 2
17800 1
17801 2
17802 0
17803 1
17804 0
17805 2
17806 1
17807 1
17808 1
17809 0
17810 2
17811 2
17812 2
17813 0
17814 0
17815 0
17816 0
17817 2
17818 1
17819 1
17820 0
17821 0
17822 0
17823 0
17824 1
17825 1
17826 1
17827 0
17828 1
17829 0
17830 1
17831 1
17832 0
17833 2
17834 1
17835 0
17836 0
17837 1
17838 0
17839 1
17840 0
17841 0
17842 1
17843 1
17844 0
17845 0
17846 0
17847 0
17848 0
17849 0
17850 0
17851 0
17852 0
17853 1
17854 0
17855 0
17856 0
17857 1
17858 0
17859 0
17860 0
17861 0
17862 0
17863 0
17864 1
17865 0
17866 1
17867 0
17868 1
17869 1
17870 0
17871 2
17872 1
17873 1
17874 0
17875 0
17876 1
17877 0
17878 1
17879 1
17880 0
17881 0
17882 1
17883 1
17884 0
17885 0
17886 1
17887 1
17888 0
17889 1
17890 1
17891 3
17892 0
17893 0
17894 0
17895 1
17896 0
17897 0
17898 0
17899 0
17900 0
17901 0
17902 0
17903 1
17904 0
17905 0
17906 2
17907 1
17908 2
17909 0
17910 2
17911 1
17912 1
17913 0
17914 0
17915 0
17916 0
17917 0
17918 2
17919 0
17920 0
17921 1
17922 1
17923 0
17924 1
17925 2
17926 2
17927 0
17928 1
17929 0
17930 0
17931 0
17932 1
17933 1
17934 0
17935 1
17936 0
17937 1
17938 1
17939 0
17940 0
17941 0
17942 2
17943 1
17944 0
17945 0
17946 0
17947 0
17948 1
17949 0
17950 0
17951 1
17952 1
17953 1
17954 1
17955 0
17956 0
17957 0
17958 0
17959 0
17960 0
17961 0
17962 0
17963 0
17964 0
17965 1
17966 1
17967 1
17968 1
17969 1
17970 1
17971 0
17972 0
17973 0
17974 0
17975 0
17976 0
17977 1
17978 2
17979 1
17980 1
17981 1
17982 0
17983 0
17984 1
17985 1
17986 0
17987 2
17988 0
17989 1
17990 0
17991 0
17992 0
17993 0
17994 1
17995 2
17996 0
17997 1
17998 0
17999 2
18000 2
18001 0
18002 1
18003 0
18004 0
18005 2
18006 0
18007 0
18008 0
18009 0
18010 0
18011 2
18012 1
18013 0
18014 0
18015 0
18016 0
18017 0
18018 2
18019 1
18020 0
18021 0
18022 0
18023 2
18024 0
18025 0
18026 1
18027 0
18028 0
18029 0
18030 0
18031 2
18032 1
18033 0
18034 0
18035 0
18036 1
18037 1
18038 0
18039 0
18040 0
18041 0
18042 0
18043 1
18044 1
18045 1
18046 1
18047 1
18048 0
18049 2
18050 0
18051 0
18052 1
18053 0
18054 0
18055 0
18056 1
18057 1
18058 3
18059 0
18060 0
18061 1
18062 0
18063 0
18064 1
18065 0
18066 2
18067 1
18068 1
18069 1
18070 2
18071 0
18072 1
18073 0
18074 0
18075 1
18076 1
18077 0
18078 1
18079 0
18080 1
18081 1
18082 0
18083 0
18084 0
18085 1
18086 0
18087 0
18088 2
18089 0
18090 0
18091 0
18092 0
18093 0
18094 2
18095 0
18096 1
18097 0
18098 1
18099 1
18100 1
18101 1
18102 0
18103 0
18104 1
18105 0
18106 0
18107 1
18108 2
18109 0
18110 0
18111 0
18112 2
18113 0
18114 0
18115 1
18116 1
18117 1
18118 0
18119 1
18120 1
18121 1
18122 1
18123 1
18124 0
18125 0
18126 0
18127 0
18128 1
18129 1
18130 0
18131 0
18132 1
18133 0
18134 1
18135 0
18136 1
18137 0
18138 0
18139 2
18140 1
18141 0
18142 0
18143 1
18144 0
18145 0
18146 1
18147 0
18148 0
18149 1
18150 1
18151 2
18152 2
18153 1
18154 0
18155 1
18156 1
18157 0
18158 0
18159 1
18160 1
18161 1
18162 0
18163 0
18164 1
18165 1
18166 1
18167 1
18168 1
18169 0
18170 2
18171 1
18172 3
18173 0
18174 0
18175 1
18176 1
18177 1
18178 1
18179 1
18180 2
18181 2
18182 1
18183 1
18184 2
18185 2
18186 1
18187 0
18188 0
18189 0
18190 0
18191 1
18192 0
18193 0
18194 1
18195 1
18196 1
18197 2
18198 0
18199 1
18200 1
18201 1
18202 1
18203 0
18204 1
18205 0
18206 1
18207 0
18208 0
18209 1
18210 0
18211 0
18212 1
18213 1
18214 2
18215 0
18216 1
18217 2
18218 1
18219 1
18220 0
18221 0
18222 1
18223 3
18224 1
18225 0
18226 1
18227 0
18228 0
18229 0
18230 0
18231 0
18232 1
18233 2
18234 1
18235 0
18236 0
18237 1
18238 1
18239 1
18240 0
18241 2
18242 0
18243 2
18244 0
18245 2
18246 1
18247 1
18248 1
18249 2
18250 0
18251 0
18252 0
18253 2
18254 0
18255 2
18256 0
18257 3
18258 1
18259 1
18260 1
18261 1
18262 0
18263 1
18264 1
18265 1
18266 0
18267 0
18268 0
18269 1
18270 0
18271 1
18272 1
18273 1
18274 1
18275 0
18276 1
18277 0
18278 0
18279 1
18280 1
18281 0
18282 0
18283 1
18284 0
18285 1
18286 2
18287 0
18288 0
18289 0
18290 0
18291 0
18292 0
18293 1
18294 1
18295 0
18296 2
18297 0
18298 1
18299 0
18300 0
18301 1
18302 0
18303 0
18304 2
18305 2
18306 0
18307 0
18308 0
18309 1
18310 1
18311 1
18312 1
18313 2
18314 1
18315 1
18316 0
18317 1
18318 1
18319 0
18320 2
18321 0
18322 1
18323 0
18324 0
18325 0
18326 0
18327 0
18328 0
18329 0
18330 0
18331 2
18332 1
18333 0
18334 1
18335 1
18336 2
18337 3
18338 1
18339 0
18340 0
18341 0
18342 0
18343 2
18344 2
18345 1
18346 0
18347 1
18348 1
18349 0
18350 1
18351 0
18352 0
18353 0
18354 0
18355 0
18356 0
18357 0
18358 0
18359 0
18360 0
18361 1
18362 2
18363 0
18364 0
18365 1
18366 1
18367 2
18368 0
18369 0
18370 1
18371 1
18372 1
18373 1
18374 1
18375 1
18376 1
18377 2
18378 0
18379 0
18380 0
18381 2
18382 1
18383 2
18384 0
18385 2
18386 1
18387 1
18388 0
18389 0
18390 0
18391 1
18392 0
18393 0
18394 0
18395 2
18396 0
18397 0
18398 0
18399 0
18400 0
18401 0
18402 1
18403 0
18404 0
18405 1
18406 1
18407 3
18408 1
18409 2
18410 0
18411 1
18412 0
18413 2
18414 1
18415 2
18416 0
18417 1
18418 0
18419 0
18420 1
18421 1
18422 1
18423 2
18424 0
18425 0
18426 0
18427 1
18428 1
18429 1
18430 1
18431 0
18432 2
18433 0
18434 0
18435 2
18436 0
18437 1
18438 0
18439 0
18440 2
18441 0
18442 0
18443 1
18444 0
18445 2
18446 0
18447 0
18448 0
18449 2
18450 0
18451 0
18452 1
18453 2
18454 2
18455 0
18456 2
18457 2
18458 0
18459 1
18460 1
18461 0
18462 1
18463 2
18464 1
18465 1
18466 0
18467 1
18468 0
18469 2
18470 1
18471 0
18472 0
18473 0
18474 1
18475 1
18476 1
18477 2
18478 1
18479 1
18480 1
18481 1
18482 0
18483 0
18484 1
18485 1
18486 1
18487 1
18488 1
18489 2
18490 0
18491 0
18492 0
18493 1
18494 1
18495 0
18496 0
18497 0
18498 0
18499 1
18500 1
18501 1
18502 2
18503 1
18504 1
18505 0
18506 2
18507 1
18508 1
18509 0
18510 1
18511 1
18512 1
18513 0
18514 1
18515 0
18516 0
18517 1
18518 0
18519 1
18520 1
18521 0
18522 1
18523 0
18524 2
18525 0
18526 1
18527 1
18528 1
18529 2
18530 1
18531 1
18532 0
18533 2
18534 0
18535 2
18536 2
18537 0
18538 1
18539 1
18540 0
18541 0
18542 1
18543 1
18544 2
18545 1
18546 1
18547 0
18548 0
18549 0
18550 1
18551 0
18552 0
18553 1
18554 0
18555 1
18556 1
18557 1
18558 1
18559 1
18560 1
18561 1
18562 1
18563 0
18564 2
18565 1
18566 0
18567 1
18568 0
18569 0
18570 0
18571 2
18572 1
18573 1
18574 1
18575 1
18576 1
18577 1
18578 0
18579 0
18580 2
18581 0
18582 1
18583 0
18584 0
18585 1
18586 1
18587 0
18588 1
18589 0
18590 2
18591 1
18592 1
18593 0
18594 1
18595 0
18596 2
18597 0
18598 1
18599 0
18600 2
18601 1
18602 2
18603 0
18604 0
18605 1
18606 1
18607 0
18608 1
18609 1
18610 0
18611 0
18612 0
18613 0
18614 1
18615 2
18616 0
18617 1
18618 1
18619 0
18620 1
18621 0
18622 1
18623 2
18624 0
18625 1
18626 0
18627 0
18628 1
18629 0
18630 0
18631 0
18632 0
18633 1
18634 0
18635 1
18636 1
18637 0
18638 1
18639 1
18640 0
18641 0
18642 0
18643 1
18644 2
18645 1
18646 1
18647 1
18648 2
18649 2
18650 0
18651 0
18652 0
18653 0
18654 1
18655 0
18656 1
18657 0
18658 1
18659 0
18660 1
18661 2
18662 1
18663 0
18664 1
18665 0
18666 0
18667 2
18668 0
18669 0
18670 0
18671 1
18672 1
18673 1
18674 1
18675 1
18676 1
18677 2
18678 0
18679 0
18680 2
18681 1
18682 2
18683 1
18684 1
18685 0
18686 1
18687 1
18688 0
18689 0
18690 1
18691 0
18692 0
18693 1
18694 1
18695 0
18696 2
18697 2
18698 0
18699 1
18700 1
18701 1
18702 0
18703 0
18704 1
18705 0
18706 1
18707 0
18708 2
18709 0
18710 0
18711 0
18712 0
18713 1
18714 0
18715 1
18716 0
18717 0
18718 0
18719 0
18720 0
18721 2
18722 1
18723 1
18724 0
18725 0
18726 1
18727 2
18728 1
18729 1
18730 0
18731 1
18732 0
18733 1
18734 1
18735 1
18736 0
18737 2
18738 2
18739 1
18740 2
18741 0
18742 0
18743 0
18744 1
18745 2
18746 0
18747 0
18748 1
18749 0
18750 1
18751 1
18752 1
18753 2
18754 0
18755 0
18756 1
18757 0
18758 0
18759 2
18760 1
18761 2
18762 0
18763 2
18764 0
18765 0
18766 1
18767 0
18768 0
18769 1
18770 1
18771 0
18772 0
18773 0
18774 1
18775 0
18776 1
18777 2
18778 0
18779 0
18780 0
18781 0
18782 0
18783 0
18784 1
18785 0
18786 0
18787 0
18788 1
18789 1
18790 1
18791 1
18792 0
18793 1
18794 1
18795 1
18796 1
18797 0
18798 0
18799 1
18800 0
18801 0
18802 2
18803 0
18804 1
18805 1
18806 2
18807 1
18808 0
18809 1
18810 0
18811 2
18812 0
18813 0
18814 1
18815 0
18816 0
18817 1
18818 2
18819 1
18820 0
18821 1
18822 0
18823 0
18824 1
18825 2
18826 0
18827 0
18828 2
18829 0
18830 1
18831 1
18832 2
18833 2
18834 1
18835 1
18836 0
18837 1
18838 2
18839 0
18840 1
18841 2
18842 2
18843 0
18844 1
18845 0
18846 1
18847 1
18848 0
18849 0
18850 1
18851 1
18852 1
18853 1
18854 2
18855 0
18856 0
18857 0
18858 0
18859 0
18860 2
18861 0
18862 0
18863 2
18864 0
18865 1
18866 1
18867 1
18868 0
18869 1
18870 2
18871 1
18872 1
18873 0
18874 2
18875 0
18876 0
18877 2
18878 1
18879 1
18880 0
18881 0
18882 1
18883 1
18884 2
18885 1
18886 0
18887 0
18888 1
18889 1
18890 1
18891 0
18892 3
18893 2
18894 1
18895 2
18896 1
18897 0
18898 1
18899 0
18900 0
18901 0
18902 0
18903 1
18904 1
18905 3
18906 2
18907 1
18908 2
18909 0
18910 1
18911 1
18912 0
18913 0
18914 1
18915 1
18916 0
18917 1
18918 0
18919 0
18920 1
18921 2
18922 1
18923 0
18924 2
18925 1
18926 1
18927 1
18928 0
18929 2
18930 1
18931 2
18932 0
18933 2
18934 1
18935 2
18936 0
18937 1
18938 2
18939 0
18940 0
18941 0
18942 0
18943 0
18944 0
18945 0
18946 0
18947 0
18948 0
18949 0
18950 0
18951 1
18952 2
18953 1
18954 2
18955 0
18956 0
18957 1
18958 0
18959 0
18960 2
18961 1
18962 2
18963 0
18964 0
18965 0
18966 0
18967 0
18968 1
18969 1
18970 2
18971 1
18972 0
18973 0
18974 1
18975 0
18976 0
18977 0
18978 0
18979 0
18980 0
18981 0
18982 0
18983 0
18984 1
18985 2
18986 1
18987 0
18988 0
18989 0
18990 1
18991 0
18992 1
18993 0
18994 0
18995 1
18996 0
18997 1
18998 0
18999 0
19000 0
19001 0
19002 1
19003 0
19004 0
19005 2
19006 1
19007 1
19008 2
19009 1
19010 0
19011 0
19012 0
19013 0
19014 1
19015 0
19016 1
19017 2
19018 0
19019 0
19020 1
19021 0
19022 1
19023 1
19024 2
19025 1
19026 0
19027 1
19028 1
19029 0
19030 1
19031 0
19032 1
19033 0
19034 0
19035 1
19036 0
19037 0
19038 2
19039 0
19040 1
19041 2
19042 1
19043 0
19044 0
19045 0
19046 1
19047 2
19048 1
19049 3
19050 1
19051 0
19052 0
19053 1
19054 2
19055 0
19056 0
19057 0
19058 0
19059 2
19060 1
19061 0
19062 0
19063 0
19064 0
19065 0
19066 1
19067 0
19068 0
19069 2
19070 0
19071 2
19072 0
19073 2
19074 0
19075 0
19076 0
19077 0
19078 1
19079 0
19080 1
19081 2
19082 1
19083 1
19084 2
19085 2
19086 0
19087 3
19088 0
19089 0
19090 0
19091 0
19092 1
19093 1
19094 2
19095 0
19096 0
19097 1
19098 1
19099 2
19100 1
19101 1
19102 1
19103 0
19104 0
19105 0
19106 1
19107 1
19108 2
19109 0
19110 1
19111 0
19112 1
19113 0
19114 1
19115 1
19116 0
19117 1
19118 1
19119 0
19120 0
19121 1
19122 0
19123 2
19124 0
19125 1
19126 2
19127 0
19128 2
19129 3
19130 0
19131 0
19132 0
19133 0
19134 0
19135 1
19136 0
19137 1
19138 1
19139 1
19140 2
19141 2
19142 1
19143 2
19144 2
19145 0
19146 1
19147 0
19148 1
19149 1
19150 1
19151 1
19152 1
19153 1
19154 1
19155 0
19156 0
19157 1
19158 0
19159 1
19160 0
19161 0
19162 1
19163 1
19164 0
19165 2
19166 0
19167 1
19168 1
19169 0
19170 0
19171 0
19172 1
19173 0
19174 1
19175 1
19176 1
19177 0
19178 1
19179 0
19180 0
19181 0
19182 0
19183 0
19184 0
19185 0
19186 1
19187 1
19188 0
19189 0
19190 1
19191 1
19192 1
19193 1
19194 1
19195 1
19196 0
19197 0
19198 0
19199 1
19200 2
19201 0
19202 2
19203 2
19204 0
19205 0
19206 0
19207 1
19208 0
19209 0
19210 1
19211 0
19212 2
19213 0
19214 0
19215 1
19216 2
19217 0
19218 1
19219 2
19220 0
19221 0
19222 0
19223 1
19224 0
19225 3
19226 1
19227 1
19228 0
19229 1
19230 0
19231 2
19232 0
19233 1
19234 1
19235 0
19236 0
19237 1
19238 1
19239 1
19240 0
19241 0
19242 1
19243 1
19244 0
19245 0
19246 2
19247 2
19248 0
19249 1
19250 0
19251 0
19252 0
19253 1
19254 0
19255 1
19256 2
19257 0
19258 0
19259 0
19260 0
19261 1
19262 0
19263 1
19264 1
19265 0
19266 0
19267 2
19268 0
19269 2
19270 0
19271 0
19272 1
19273 3
19274 1
19275 1
19276 1
19277 0
19278 0
19279 1
19280 1
19281 1
19282 1
19283 1
19284 1
19285 0
19286 0
19287 0
19288 1
19289 1
19290 0
19291 1
19292 2
19293 0
19294 0
19295 0
19296 0
19297 0
19298 1
19299 2
19300 2
19301 2
19302 1
19303 1
19304 2
19305 1
19306 1
19307 1
19308 0
19309 1
19310 2
19311 0
19312 1
19313 1
19314 1
19315 1
19316 1
19317 1
19318 0
19319 1
19320 0
19321 0
19322 1
19323 1
19324 1
19325 0
19326 2
19327 1
19328 0
19329 0
19330 0
19331 1
19332 0
19333 1
19334 0
19335 1
19336 0
19337 0
19338 0
19339 1
19340 0
19341 0
19342 1
19343 0
19344 0
19345 0
19346 1
19347 2
19348 0
19349 1
19350 1
19351 0
19352 1
19353 2
19354 0
19355 0
19356 0
19357 0
19358 1
19359 2
19360 0
19361 0
19362 0
19363 0
19364 0
19365 0
19366 1
19367 0
19368 2
19369 0
19370 0
19371 1
19372 0
19373 0
19374 1
19375 1
19376 2
19377 2
19378 0
19379 0
19380 1
19381 0
19382 0
19383 0
19384 1
19385 1
19386 0
19387 0
19388 2
19389 0
19390 1
19391 0
19392 0
19393 0
19394 2
19395 1
19396 1
19397 1
19398 0
19399 1
19400 0
19401 1
19402 1
19403 0
19404 0
19405 1
19406 1
19407 1
19408 0
19409 0
19410 1
19411 1
19412 1
19413 0
19414 1
19415 1
19416 0
19417 1
19418 1
19419 0
19420 0
19421 2
19422 0
19423 0
19424 0
19425 0
19426 1
19427 1
19428 0
19429 1
19430 0
19431 0
19432 0
19433 1
19434 0
19435 2
19436 0
19437 0
19438 0
19439 0
19440 1
19441 2
19442 1
19443 1
19444 1
19445 0
19446 0
19447 1
19448 0
19449 2
19450 1
19451 1
19452 1
19453 1
19454 2
19455 1
19456 1
19457 2
19458 0
19459 0
19460 1
19461 0
19462 0
19463 2
19464 0
19465 0
19466 1
19467 0
19468 0
19469 0
19470 0
19471 2
19472 0
19473 1
19474 2
19475 0
19476 0
19477 0
19478 2
19479 2
19480 0
19481 2
19482 1
19483 2
19484 0
19485 0
19486 1
19487 0
19488 0
19489 0
19490 1
19491 0
19492 1
19493 1
19494 0
19495 0
19496 2
19497 0
19498 0
19499 2
19500 1
19501 1
19502 0
19503 1
19504 1
19505 1
19506 0
19507 0
19508 0
19509 1
19510 0
19511 0
19512 1
19513 0
19514 0
19515 1
19516 1
19517 0
19518 1
19519 0
19520 0
19521 2
19522 2
19523 1
19524 2
19525 2
19526 1
19527 1
19528 1
19529 1
19530 1
19531 1
19532 2
19533 0
19534 1
19535 1
19536 0
19537 0
19538 1
19539 0
19540 0
19541 0
19542 2
19543 0
19544 1
19545 2
19546 1
19547 1
19548 1
19549 2
19550 1
19551 0
19552 0
19553 1
19554 0
19555 2
19556 1
19557 2
19558 2
19559 1
19560 1
19561 1
19562 0
19563 1
19564 0
19565 1
19566 1
19567 1
19568 0
19569 0
19570 2
19571 0
19572 1
19573 0
19574 0
19575 0
19576 0
19577 1
19578 0
19579 1
19580 2
19581 1
19582 1
19583 0
19584 1
19585 1
19586 1
19587 0
19588 2
19589 1
19590 0
19591 0
19592 0
19593 2
19594 0
19595 0
19596 0
19597 0
19598 0
19599 0
19600 1
19601 2
19602 0
19603 1
19604 1
19605 0
19606 0
19607 0
19608 1
19609 0
19610 1
19611 0
19612 1
19613 3
19614 0
19615 0
19616 0
19617 2
19618 0
19619 0
19620 0
19621 2
19622 1
19623 0
19624 0
19625 0
19626 0
19627 0
19628 1
19629 1
19630 1
19631 0
19632 1
19633 0
19634 2
19635 0
19636 1
19637 1
19638 0
19639 0
19640 0
19641 1
19642 0
19643 1
19644 1
19645 0
19646 0
19647 0
19648 0
19649 1
19650 1
19651 2
19652 0
19653 1
19654 2
19655 1
19656 1
19657 1
19658 0
19659 1
19660 0
19661 0
19662 0
19663 0
19664 1
19665 0
19666 1
19667 0
19668 0
19669 2
19670 0
19671 1
19672 1
19673 1
19674 0
19675 0
19676 1
19677 0
19678 2
19679 1
19680 1
19681 0
19682 0
19683 0
19684 1
19685 1
19686 2
19687 1
19688 0
19689 0
19690 0
19691 0
19692 0
19693 0
19694 0
19695 0
19696 1
19697 0
19698 0
19699 2
19700 0
19701 0
19702 0
19703 1
19704 1
19705 1
19706 0
19707 0
19708 1
19709 0
19710 0
19711 2
19712 1
19713 1
19714 1
19715 1
19716 1
19717 0
19718 1
19719 2
19720 0
19721 0
19722 2
19723 0
19724 0
19725 1
19726 0
19727 0
19728 0
19729 2
19730 1
19731 0
19732 1
19733 0
19734 1
19735 1
19736 0
19737 1
19738 0
19739 0
19740 1
19741 0
19742 0
19743 0
19744 0
19745 1
19746 0
19747 0
19748 1
19749 0
19750 1
19751 2
19752 1
19753 0
19754 2
19755 0
19756 0
19757 1
19758 1
19759 0
19760 0
19761 1
19762 1
19763 0
19764 2
19765 1
19766 3
19767 1
19768 2
19769 2
19770 0
19771 1
19772 0
19773 0
19774 2
19775 0
19776 0
19777 0
19778 0
19779 1
19780 1
19781 1
19782 0
19783 1
19784 0
19785 1
19786 1
19787 2
19788 1
19789 1
19790 1
19791 2
19792 0
19793 0
19794 2
19795 0
19796 0
19797 2
19798 2
19799 0
19800 1
19801 2
19802 1
19803 2
19804 2
19805 1
19806 0
19807 0
19808 2
19809 2
19810 0
19811 1
19812 1
19813 0
19814 1
19815 0
19816 1
19817 0
19818 0
19819 0
19820 0
19821 0
19822 0
19823 2
19824 1
19825 0
19826 1
19827 0
19828 1
19829 0
19830 1
19831 1
19832 0
19833 1
19834 0
19835 2
19836 0
19837 2
19838 1
19839 3
19840 2
19841 1
19842 1
19843 1
19844 0
19845 1
19846 2
19847 1
19848 0
19849 1
19850 3
19851 0
19852 0
19853 2
19854 0
19855 0
19856 0
19857 1
19858 1
19859 0
19860 0
19861 0
19862 0
19863 1
19864 0
19865 1
19866 0
19867 0
19868 1
19869 1
19870 0
19871 1
19872 0
19873 1
19874 1
19875 1
19876 0
19877 1
19878 2
19879 1
19880 2
19881 1
19882 1
19883 2
19884 2
19885 0
19886 1
19887 0
19888 0
19889 0
19890 0
19891 0
19892 1
19893 2
19894 1
19895 2
19896 0
19897 0
19898 0
19899 1
19900 1
19901 2
19902 1
19903 2
19904 2
19905 1
19906 1
19907 0
19908 1
19909 0
19910 0
19911 0
19912 0
19913 0
19914 0
19915 2
19916 0
19917 0
19918 1
19919 1
19920 0
19921 0
19922 0
19923 0
19924 1
19925 0
19926 2
19927 1
19928 2
19929 1
19930 1
19931 0
19932 0
19933 2
19934 0
19935 0
19936 1
19937 0
19938 1
19939 0
19940 2
19941 2
19942 1
19943 0
19944 1
19945 0
19946 1
19947 2
19948 1
19949 0
19950 0
19951 2
19952 1
19953 0
19954 0
19955 1
19956 2
19957 2
19958 0
19959 0
19960 1
19961 1
19962 0
19963 1
19964 0
19965 1
19966 1
19967 0
19968 1
19969 1
19970 2
19971 0
19972 0
19973 0
19974 0
19975 0
19976 0
19977 2
19978 0
19979 1
19980 0
19981 0
19982 0
19983 1
19984 2
19985 1
19986 0
19987 1
19988 1
19989 1
19990 1
19991 1
19992 0
19993 0
19994 1
19995 1
19996 1
19997 0
19998 0
19999 0
20000 0
20001 2
20002 2
20003 0
20004 0
20005 1
20006 0
20007 2
20008 1
20009 1
20010 0
20011 0
20012 1
20013 0
20014 0
20015 0
20016 0
20017 2
20018 1
20019 0
20020 1
20021 1
20022 2
20023 0
20024 1
20025 0
20026 1
20027 1
20028 0
20029 0
20030 0
20031 1
20032 0
20033 3
20034 0
20035 1
20036 0
20037 1
20038 1
20039 1
20040 0
20041 1
20042 1
20043 0
20044 1
20045 1
20046 0
20047 2
20048 0
20049 0
20050 1
20051 2
20052 1
20053 0
20054 2
20055 1
20056 0
20057 2
20058 0
20059 0
20060 0
20061 1
20062 0
20063 0
20064 0
20065 1
20066 1
20067 0
20068 1
20069 1
20070 1
20071 1
20072 1
20073 0
20074 1
20075 0
20076 0
20077 0
20078 1
20079 1
20080 2
20081 1
20082 1
20083 2
20084 0
20085 0
20086 1
20087 0
20088 0
20089 0
20090 0
20091 2
20092 1
20093 1
20094 0
20095 2
20096 0
20097 2
20098 1
20099 0
20100 0
20101 0
20102 0
20103 0
20104 1
20105 0
20106 0
20107 2
20108 0
20109 1
20110 1
20111 1
20112 0
20113 1
20114 0
20115 1
20116 1
20117 2
20118 2
20119 1
20120 0
20121 0
20122 0
20123 0
20124 1
20125 1
20126 1
20127 0
20128 0
20129 1
20130 1
20131 1
20132 0
20133 1
20134 0
20135 1
20136 0
20137 1
20138 1
20139 0
20140 0
20141 0
20142 0
20143 1
20144 1
20145 2
20146 1
20147 0
20148 0
20149 1
20150 0
20151 1
20152 1
20153 2
20154 1
20155 0
20156 0
20157 1
20158 1
20159 2
20160 0
20161 0
20162 2
20163 1
20164 1
20165 0
20166 0
20167 2
20168 0
20169 1
20170 2
20171 1
20172 1
20173 1
20174 1
20175 1
20176 1
20177 0
20178 0
20179 1
20180 1
20181 1
20182 1
20183 1
20184 0
20185 1
20186 1
20187 0
20188 1
20189 1
20190 1
20191 0
20192 1
20193 1
20194 2
20195 1
20196 1
20197 2
20198 1
20199 0
20200 1
20201 1
20202 2
20203 0
20204 0
20205 0
20206 0
20207 0
20208 1
20209 1
20210 1
20211 2
20212 1
20213 0
20214 2
20215 0
20216 0
20217 1
20218 2
20219 0
20220 1
20221 0
20222 0
20223 0
20224 1
20225 1
20226 1
20227 0
20228 3
20229 0
20230 2
20231 0
20232 2
20233 0
20234 0
20235 0
20236 0
20237 1
20238 1
20239 2
20240 1
20241 0
20242 1
20243 0
20244 0
20245 0
20246 0
20247 1
20248 2
20249 0
20250 1
20251 0
20252 1
20253 0
20254 0
20255 2
20256 0
20257 2
20258 1
20259 1
20260 1
20261 1
20262 1
20263 0
20264 0
20265 0
20266 0
20267 1
20268 2
20269 1
20270 0
20271 1
20272 0
20273 0
20274 0
20275 2
20276 0
20277 0
20278 2
20279 1
20280 0
20281 0
20282 0
20283 1
20284 1
20285 1
20286 0
20287 1
20288 0
20289 1
20290 1
20291 1
20292 0
20293 0
20294 1
20295 0
20296 0
20297 2
20298 1
20299 0
20300 0
20301 1
20302 0
20303 2
20304 0
20305 1
20306 0
20307 1
20308 2
20309 0
20310 1
20311 0
20312 1
20313 0
20314 1
20315 0
20316 0
20317 2
20318 0
20319 0
20320 0
20321 1
20322 1
20323 2
20324 2
20325 1
20326 0
20327 1
20328 2
20329 2
20330 0
20331 1
20332 1
20333 1
20334 0
20335 1
20336 0
20337 2
20338 1
20339 2
20340 1
20341 0
20342 1
20343 2
20344 2
20345 0
20346 1
20347 1
20348 0
20349 1
20350 0
20351 1
20352 0
20353 1
20354 1
20355 0
20356 1
20357 1
20358 2
20359 1
20360 0
20361 2
20362 1
20363 0
20364 1
20365 0
20366 2
20367 0
20368 2
20369 2
20370 0
20371 0
20372 0
20373 2
20374 0
20375 0
20376 0
20377 1
20378 0
20379 2
20380 1
20381 0
20382 1
20383 0
20384 0
20385 1
20386 0
20387 2
20388 1
20389 0
20390 2
20391 0
20392 2
20393 0
20394 1
20395 1
20396 0
20397 0
20398 1
20399 0
20400 0
20401 0
20402 1
20403 1
20404 1
20405 0
20406 0
20407 0
20408 0
20409 2
20410 0
20411 1
20412 0
20413 0
20414 2
20415 1
20416 1
20417 0
20418 0
20419 1
20420 0
20421 0
20422 0
20423 1
20424 2
20425 1
20426 1
20427 0
20428 0
20429 0
20430 0
20431 1
20432 1
20433 0
20434 1
20435 0
20436 0
20437 3
20438 1
20439 1
20440 0
20441 0
20442 0
20443 1
20444 3
20445 0
20446 2
20447 1
20448 0
20449 2
20450 1
20451 0
20452 1
20453 0
20454 2
20455 1
20456 1
20457 0
20458 1
20459 2
20460 0
20461 2
20462 1
20463 0
20464 1
20465 3
20466 0
20467 1
20468 1
20469 1
20470 0
20471 1
20472 0
20473 2
20474 0
20475 1
20476 0
20477 1
20478 1
20479 1
20480 0
20481 0
20482 0
20483 2
20484 0
20485 0
20486 0
20487 0
20488 1
20489 1
20490 0
20491 1
20492 1
20493 0
20494 0
20495 0
20496 2
20497 0
20498 1
20499 0
20500 1
20501 1
20502 1
20503 1
20504 0
20505 2
20506 2
20507 1
20508 0
20509 2
20510 1
20511 0
20512 0
20513 1
20514 1
20515 0
20516 1
20517 1
20518 0
20519 0
20520 0
20521 0
20522 0
20523 0
20524 1
20525 0
20526 1
20527 0
20528 1
20529 2
20530 1
20531 0
20532 1
20533 0
20534 1
20535 0
20536 1
20537 1
20538 0
20539 0
20540 0
20541 1
20542 0
20543 2
20544 1
20545 0
20546 1
20547 3
20548 1
20549 0
20550 2
20551 0
20552 0
20553 1
20554 1
20555 0
20556 0
20557 0
20558 1
20559 0
20560 0
20561 0
20562 2
20563 1
20564 0
20565 0
20566 1
20567 1
20568 1
20569 0
20570 0
20571 0
20572 1
20573 0
20574 1
20575 2
20576 1
20577 1
20578 1
20579 0
20580 0
20581 0
20582 0
20583 2
20584 2
20585 1
20586 1
20587 1
20588 0
20589 1
20590 1
20591 1
20592 3
20593 0
20594 0
20595 0
20596 0
20597 0
20598 2
20599 1
20600 1
20601 0
20602 1
20603 2
20604 1
20605 0
20606 0
20607 0
20608 1
20609 1
20610 1
20611 1
20612 1
20613 0
20614 1
20615 1
20616 0
20617 2
20618 0
20619 1
20620 2
20621 1
20622 1
20623 1
20624 0
20625 1
20626 1
20627 0
20628 2
20629 0
20630 2
20631 1
20632 2
20633 1
20634 1
20635 2
20636 2
20637 0
20638 1
20639 1
20640 1
20641 0
20642 2
20643 1
20644 0
20645 1
20646 1
20647 0
20648 0
20649 0
20650 0
20651 1
20652 1
20653 1
20654 2
20655 0
20656 1
20657 1
20658 2
20659 0
20660 1
20661 1
20662 0
20663 1
20664 0
20665 0
20666 0
20667 2
20668 0
20669 0
20670 1
20671 0
20672 2
20673 1
20674 2
20675 0
20676 1
20677 0
20678 0
20679 2
20680 0
20681 1
20682 1
20683 1
20684 0
20685 0
20686 2
20687 0
20688 0
20689 1
20690 2
20691 0
20692 0
20693 0
20694 0
20695 1
20696 0
20697 3
20698 0
20699 1
20700 3
20701 1
20702 1
20703 1
20704 0
20705 1
20706 0
20707 1
20708 0
20709 0
20710 1
20711 2
20712 0
20713 1
20714 2
20715 0
20716 1
20717 0
20718 1
20719 3
20720 0
20721 0
20722 2
20723 0
20724 1
20725 0
20726 1
20727 1
20728 2
20729 0
20730 2
20731 0
20732 1
20733 1
20734 0
20735 0
20736 2
20737 0
20738 0
20739 1
20740 2
20741 1
20742 0
20743 1
20744 2
20745 2
20746 0
20747 1
20748 1
20749 0
20750 1
20751 0
20752 2
20753 3
20754 1
20755 0
20756 0
20757 0
20758 0
20759 1
20760 1
20761 0
20762 1
20763 1
20764 1
20765 0
20766 1
20767 1
20768 1
20769 2
20770 0
20771 1
20772 0
20773 0
20774 1
20775 0
20776 2
20777 0
20778 0
20779 2
20780 2
20781 0
20782 1
20783 0
20784 1
20785 2
20786 1
20787 1
20788 1
20789 0
20790 1
20791 1
20792 2
20793 0
20794 1
20795 0
20796 1
20797 1
20798 0
20799 1
20800 1
20801 2
20802 0
20803 0
20804 1
20805 0
20806 1
20807 0
20808 0
20809 0
20810 1
20811 0
20812 0
20813 1
20814 1
20815 0
20816 1
20817 1
20818 1
20819 1
20820 0
20821 0
20822 0
20823 1
20824 0
20825 1
20826 1
20827 2
20828 1
20829 0
20830 0
20831 3
20832 1
20833 1
20834 0
20835 1
20836 0
20837 2
20838 0
20839 1
20840 1
20841 1
20842 0
20843 1
20844 2
20845 0
20846 0
20847 0
20848 1
20849 2
20850 0
20851 2
20852 0
20853 2
20854 1
20855 2
20856 0
20857 2
20858 1
20859 0
20860 2
20861 0
20862 1
20863 0
20864 0
20865 2
20866 0
20867 2
20868 0
20869 0
20870 0
20871 1
20872 1
20873 0
20874 1
20875 1
20876 0
20877 0
20878 2
20879 0
20880 0
20881 1
20882 1
20883 1
20884 0
20885 1
20886 0
20887 1
20888 0
20889 0
20890 1
20891 1
20892 1
20893 2
20894 0
20895 1
20896 1
20897 2
20898 0
20899 2
20900 1
20901 1
20902 2
20903 0
20904 1
20905 1
20906 1
20907 0
20908 1
20909 0
20910 0
20911 0
20912 1
20913 0
20914 0
20915 0
20916 1
20917 0
20918 1
20919 1
20920 0
20921 2
20922 2
20923 1
20924 0
20925 2
20926 0
20927 1
20928 1
20929 0
20930 0
20931 1
20932 2
20933 2
20934 0
20935 1
20936 0
20937 2
20938 0
20939 0
20940 1
20941 0
20942 0
20943 1
20944 2
20945 1
20946 0
20947 2
20948 1
20949 2
20950 0
20951 0
20952 1
20953 0
20954 0
20955 1
20956 0
20957 1
20958 0
20959 0
20960 0
20961 0
20962 1
20963 0
20964 1
20965 0
20966 0
20967 0
20968 1
20969 2
20970 0
20971 1
20972 0
20973 0
20974 1
20975 2
20976 0
20977 2
20978 1
20979 0
20980 2
20981 2
20982 0
20983 2
20984 2
20985 0
20986 2
20987 0
20988 0
20989 0
20990 1
20991 1
20992 1
20993 0
20994 0
20995 1
20996 0
20997 1
20998 0
20999 0
21000 1
21001 0
21002 0
21003 2
21004 1
21005 0
21006 0
21007 0
21008 2
21009 0
21010 1
21011 0
21012 2
21013 1
21014 0
21015 2
21016 1
21017 2
21018 0
21019 0
21020 1
21021 0
21022 0
21023 1
21024 1
21025 0
21026 1
21027 1
21028 0
21029 2
21030 0
21031 0
21032 1
21033 0
21034 0
21035 0
21036 1
21037 0
21038 0
21039 1
21040 0
21041 1
21042 1
21043 2
21044 0
21045 1
21046 1
21047 0
21048 0
21049 1
21050 1
21051 1
21052 2
21053 2
21054 0
21055 0
21056 1
21057 0
21058 0
21059 0
21060 1
21061 0
21062 0
21063 1
21064 2
21065 0
21066 2
21067 1
21068 0
21069 0
21070 2
21071 2
21072 0
21073 0
21074 2
21075 1
21076 0
21077 0
21078 0
21079 0
21080 3
21081 0
21082 1
21083 0
21084 0
21085 1
21086 1
21087 0
21088 0
21089 1
21090 1
21091 0
21092 0
21093 1
21094 1
21095 1
21096 2
21097 2
21098 1
21099 2
21100 1
21101 0
21102 0
21103 0
21104 1
21105 1
21106 1
21107 1
21108 1
21109 0
21110 1
21111 1
21112 0
21113 0
21114 0
21115 0
21116 0
21117 0
21118 2
21119 1
21120 0
21121 0
21122 0
21123 0
21124 2
21125 1
21126 1
21127 2
21128 1
21129 0
21130 0
21131 1
21132 2
21133 0
21134 1
21135 0
21136 1
21137 1
21138 0
21139 0
21140 2
21141 0
21142 2
21143 0
21144 1
21145 1
21146 1
21147 2
21148 0
21149 2
21150 2
21151 1
21152 1
21153 1
21154 1
21155 1
21156 1
21157 3
21158 2
21159 1
21160 1
21161 1
21162 1
21163 0
21164 2
21165 2
21166 0
21167 1
21168 0
21169 1
21170 0
21171 2
21172 1
21173 0
21174 1
21175 0
21176 1
21177 1
21178 0
21179 1
21180 1
21181 1
21182 0
21183 1
21184 0
21185 1
21186 1
21187 1
21188 0
21189 0
21190 0
21191 1
21192 2
21193 1
21194 0
21195 0
21196 0
21197 1
21198 0
21199 0
21200 0
21201 1
21202 1
21203 1
21204 1
21205 1
21206 1
21207 1
21208 0
21209 0
21210 1
21211 1
21212 0
21213 1
21214 0
21215 1
21216 0
21217 0
21218 0
21219 1
21220 0
21221 2
21222 1
21223 0
21224 1
21225 2
21226 0
21227 1
21228 1
21229 1
21230 1
21231 2
21232 0
21233 3
21234 0
21235 2
21236 1
21237 0
21238 0
21239 0
21240 2
21241 2
21242 1
21243 1
21244 0
21245 1
21246 0
21247 1
21248 1
21249 0
21250 0
21251 0
21252 1
21253 1
21254 1
21255 1
21256 2
21257 2
21258 0
21259 2
21260 0
21261 0
21262 2
21263 2
21264 0
21265 0
21266 2
21267 2
21268 2
21269 0
21270 1
21271 2
21272 1
21273 0
21274 2
21275 1
21276 1
21277 1
21278 1
21279 2
21280 2
21281 0
21282 1
21283 0
21284 2
21285 1
21286 0
21287 0
21288 2
21289 1
21290 0
21291 0
21292 1
21293 1
21294 0
21295 2
21296 1
21297 0
21298 1
21299 1
21300 1
21301 2
21302 0
21303 2
21304 0
21305 1
21306 0
21307 1
21308 0
21309 0
21310 0
21311 3
21312 0
21313 0
21314 0
21315 0
21316 2
21317 0
21318 0
21319 2
21320 0
21321 1
21322 0
21323 1
21324 2
21325 0
21326 1
21327 0
21328 1
21329 1
21330 0
21331 0
21332 1
21333 2
21334 1
21335 0
21336 0
21337 1
21338 1
21339 1
21340 2
21341 0
21342 0
21343 1
21344 1
21345 1
21346 1
21347 0
21348 1
21349 0
21350 1
21351 1
21352 1
21353 1
21354 2
21355 1
21356 3
21357 0
21358 1
21359 1
21360 0
21361 1
21362 1
21363 0
21364 0
21365 1
21366 2
21367 1
21368 0
21369 0
21370 1
21371 0
21372 1
21373 0
21374 0
21375 0
21376 0
21377 0
21378 1
21379 1
21380 2
21381 0
21382 0
21383 1
21384 1
21385 2
21386 0
21387 1
21388 1
21389 0
21390 3
21391 2
21392 1
21393 0
21394 1
21395 1
21396 0
21397 1
21398 1
21399 0
21400 0
21401 1
21402 1
21403 0
21404 1
21405 1
21406 1
21407 1
21408 0
21409 1
21410 0
21411 1
21412 0
21413 1
21414 2
21415 0
21416 1
21417 0
21418 2
21419 1
21420 0
21421 1
21422 0
21423 2
21424 0
21425 0
21426 0
21427 1
21428 0
21429 0
21430 0
21431 0
21432 1
21433 1
21434 2
21435 2
21436 0
21437 1
21438 2
21439 0
21440 0
21441 0
21442 0
21443 2
21444 0
21445 0
21446 1
21447 2
21448 0
21449 3
21450 0
21451 0
21452 0
21453 1
21454 0
21455 0
21456 1
21457 2
21458 2
21459 0
21460 1
21461 1
21462 0
21463 2
21464 1
21465 0
21466 0
21467 1
21468 0
21469 0
21470 1
21471 0
21472 0
21473 2
21474 1
21475 0
21476 1
21477 1
21478 1
21479 0
21480 1
21481 0
21482 1
21483 1
21484 0
21485 0
21486 1
21487 2
21488 1
21489 0
21490 1
21491 0
21492 2
21493 1
21494 0
21495 0
21496 1
21497 0
21498 1
21499 2
21500 1
21501 0
21502 0
21503 0
21504 1
21505 0
21506 0
21507 1
21508 1
21509 0
21510 1
21511 1
21512 1
21513 0
21514 3
21515 1
21516 2
21517 0
21518 1
21519 1
21520 1
21521 1
21522 0
21523 1
21524 1
21525 1
21526 1
21527 2
21528 2
21529 0
21530 0
21531 1
21532 1
21533 1
21534 2
21535 2
21536 1
21537 1
21538 0
21539 0
21540 1
21541 1
21542 1
21543 1
21544 0
21545 2
21546 0
21547 0
21548 2
21549 1
21550 0
21551 1
21552 0
21553 1
21554 2
21555 1
21556 0
21557 2
21558 0
21559 1
21560 2
21561 1
21562 0
21563 1
21564 1
21565 1
21566 0
21567 1
21568 1
21569 2
21570 1
21571 0
21572 0
21573 1
21574 1
21575 1
21576 0
21577 2
21578 2
21579 1
21580 0
21581 1
21582 0
21583 0
21584 0
21585 1
21586 1
21587 0
21588 0
21589 1
21590 1
21591 1
21592 1
21593 0
21594 0
21595 0
21596 1
21597 0
21598 1
21599 1
21600 1
21601 0
21602 1
21603 1
21604 1
21605 0
21606 0
21607 0
21608 0
21609 0
21610 0
21611 1
21612 1
21613 1
21614 1
21615 0
21616 0
21617 2
21618 2
21619 2
21620 0
21621 1
21622 1
21623 1
21624 2
21625 0
21626 0
21627 0
21628 1
21629 1
21630 1
21631 2
21632 0
21633 0
21634 0
21635 1
21636 0
21637 1
21638 0
21639 0
21640 1
21641 0
21642 2
21643 0
21644 1
21645 1
21646 2
21647 0
21648 1
21649 2
21650 1
21651 0
21652 1
21653 0
21654 0
21655 1
21656 1
21657 1
21658 0
21659 0
21660 1
21661 2
21662 0
21663 1
21664 0
21665 1
21666 0
21667 1
21668 1
21669 0
21670 1
21671 2
21672 1
21673 1
21674 0
21675 0
21676 1
21677 2
21678 1
21679 2
21680 0
21681 1
21682 0
21683 0
21684 0
21685 1
21686 1
21687 2
21688 0
21689 0
21690 1
21691 1
21692 2
21693 1
21694 0
21695 1
21696 0
21697 2
21698 2
21699 1
21700 0
21701 1
21702 1
21703 0
21704 2
21705 0
21706 0
21707 0
21708 2
21709 2
21710 2
21711 0
21712 0
21713 1
21714 1
21715 0
21716 1
21717 0
21718 2
21719 1
21720 0
21721 1
21722 0
21723 0
21724 1
21725 0
21726 2
21727 0
21728 2
21729 2
21730 0
21731 0
21732 0
21733 1
21734 2
21735 2
21736 1
21737 1
21738 0
21739 2
21740 1
21741 0
21742 1
21743 0
21744 0
21745 1
21746 0
21747 0
21748 1
21749 1
21750 1
21751 1
21752 2
21753 1
21754 1
21755 1
21756 1
21757 0
21758 2
21759 0
21760 0
21761 0
21762 0
21763 0
21764 2
21765 1
21766 0
21767 0
21768 0
21769 1
21770 0
21771 1
21772 0
21773 0
21774 2
21775 0
21776 0
21777 1
21778 3
21779 1
21780 1
21781 0
21782 1
21783 0
21784 0
21785 1
21786 0
21787 0
21788 1
21789 0
21790 0
21791 1
21792 1
21793 0
21794 0
21795 0
21796 0
21797 0
21798 0
21799 0
21800 0
21801 1
21802 1
21803 0
21804 2
21805 0
21806 0
21807 2
21808 0
21809 1
21810 2
21811 2
21812 0
21813 1
21814 0
21815 1
21816 0
21817 1
21818 0
21819 2
21820 1
21821 2
21822 1
21823 2
21824 1
21825 1
21826 1
21827 0
21828 0
21829 2
21830 0
21831 2
21832 1
21833 2
21834 1
21835 0
21836 1
21837 0
21838 1
21839 0
21840 1
21841 2
21842 1
21843 0
21844 0
21845 1
21846 0
21847 1
21848 1
21849 1
21850 0
21851 0
21852 1
21853 2
21854 0
21855 2
21856 0
21857 2
21858 0
21859 0
21860 1
21861 1
21862 0
21863 2
21864 1
21865 1
21866 1
21867 0
21868 2
21869 0
21870 2
21871 1
21872 1
21873 1
21874 0
21875 0
21876 1
21877 0
21878 2
21879 2
21880 1
21881 2
21882 0
21883 0
21884 0
21885 0
21886 0
21887 1
21888 2
21889 2
21890 1
21891 2
21892 1
21893 0
21894 1
21895 2
21896 0
21897 0
21898 0
21899 1
21900 1
21901 0
21902 1
21903 2
21904 0
21905 1
21906 1
21907 0
21908 0
21909 0
21910 0
21911 1
21912 0
21913 1
21914 1
21915 0
21916 3
21917 0
21918 1
21919 1
21920 1
21921 2
21922 1
21923 0
21924 1
21925 1
21926 0
21927 0
21928 1
21929 1
21930 1
21931 0
21932 2
21933 1
21934 2
21935 1
21936 2
21937 0
21938 1
21939 1
21940 1
21941 2
21942 1
21943 2
21944 0
21945 1
21946 0
21947 0
21948 2
21949 1
21950 0
21951 1
21952 1
21953 1
21954 0
21955 1
21956 0
21957 1
21958 0
21959 0
21960 0
21961 0
21962 0
21963 1
21964 1
21965 0
21966 2
21967 1
21968 0
21969 2
21970 0
21971 0
21972 0
21973 0
21974 1
21975 0
21976 1
21977 2
21978 1
21979 0
21980 2
21981 1
21982 1
21983 0
21984 0
21985 0
21986 0
21987 1
21988 0
21989 0
21990 1
21991 2
21992 3
21993 1
21994 1
21995 1
21996 1
21997 0
21998 0
21999 1
22000 1
22001 0
22002 2
22003 1
22004 2
22005 0
22006 0
22007 1
22008 0
22009 0
22010 1
22011 1
22012 0
22013 1
22014 2
22015 1
22016 0
22017 1
22018 0
22019 0
22020 0
22021 0
22022 3
22023 0
22024 1
22025 0
22026 1
22027 0
22028 1
22029 0
22030 1
22031 0
22032 1
22033 2
22034 0
22035 1
22036 1
22037 1
22038 0
22039 2
22040 0
22041 1
22042 1
22043 0
22044 1
22045 2
22046 3
22047 1
22048 1
22049 0
22050 0
22051 1
22052 1
22053 2
22054 1
22055 1
22056 0
22057 0
22058 2
22059 2
22060 2
22061 2
22062 0
22063 0
22064 0
22065 0
22066 0
22067 1
22068 2
22069 0
22070 0
22071 1
22072 3
22073 1
22074 0
22075 0
22076 0
22077 0
22078 1
22079 0
22080 2
22081 1
22082 1
22083 0
22084 1
22085 1
22086 1
22087 1
22088 0
22089 1
22090 2
22091 3
22092 1
22093 1
22094 1
22095 0
22096 0
22097 0
22098 2
22099 0
22100 0
22101 2
22102 0
22103 1
22104 0
22105 0
22106 0
22107 0
22108 0
22109 1
22110 1
22111 0
22112 0
22113 1
22114 0
22115 1
22116 0
22117 0
22118 1
22119 0
22120 1
22121 0
22122 2
22123 1
22124 2
22125 0
22126 2
22127 1
22128 1
22129 1
22130 1
22131 2
22132 1
22133 3
22134 0
22135 1
22136 1
22137 1
22138 1
22139 1
22140 0
22141 2
22142 2
22143 2
22144 1
22145 1
22146 0
22147 0
22148 3
22149 0
22150 1
22151 0
22152 1
22153 1
22154 0
22155 0
22156 1
22157 1
22158 1
22159 1
22160 0
22161 0
22162 0
22163 0
22164 0
22165 1
22166 0
22167 0
22168 2
22169 0
22170 2
22171 0
22172 2
22173 1
22174 1
22175 1
22176 1
22177 1
22178 0
22179 0
22180 1
22181 0
22182 1
22183 1
22184 1
22185 1
22186 0
22187 1
22188 0
22189 0
22190 1
22191 0
22192 1
22193 0
22194 2
22195 1
22196 1
22197 0
22198 0
22199 1
22200 1
22201 0
22202 0
22203 2
22204 0
22205 2
22206 1
22207 2
22208 2
22209 1
22210 1
22211 0
22212 0
22213 0
22214 2
22215 1
22216 1
22217 0
22218 0
22219 1
22220 1
22221 2
22222 0
22223 1
22224 1
22225 0
22226 1
22227 0
22228 0
22229 1
22230 1
22231 0
22232 0
22233 0
22234 0
22235 1
22236 1
22237 0
22238 0
22239 0
22240 0
22241 0
22242 1
22243 2
22244 0
22245 1
22246 1
22247 0
22248 1
22249 0
22250 0
22251 0
22252 0
22253 1
22254 0
22255 1
22256 0
22257 2
22258 2
22259 0
22260 1
22261 1
22262 1
22263 1
22264 0
22265 0
22266 0
22267 1
22268 0
22269 0
22270 0
22271 0
22272 1
22273 1
22274 0
22275 0
22276 0
22277 1
22278 0
22279 0
22280 1
22281 1
22282 1
22283 2
22284 0
22285 1
22286 0
22287 0
22288 1
22289 1
22290 0
22291 0
22292 2
22293 1
22294 0
22295 2
22296 0
22297 1
22298 1
22299 1
22300 1
22301 0
22302 1
22303 1
22304 0
22305 0
22306 3
22307 2
22308 1
22309 1
22310 2
22311 0
22312 1
22313 1
22314 1
22315 0
22316 2
22317 1
22318 2
22319 0
22320 1
22321 0
22322 0
22323 2
22324 2
22325 1
22326 2
22327 0
22328 1
22329 1
22330 2
22331 0
22332 0
22333 0
22334 2
22335 2
22336 0
22337 2
22338 1
22339 1
22340 0
22341 2
22342 2
22343 1
22344 0
22345 0
22346 0
22347 1
22348 0
22349 1
22350 0
22351 0
22352 1
22353 1
22354 0
22355 0
22356 1
22357 2
22358 2
22359 0
22360 2
22361 2
22362 1
22363 1
22364 2
22365 0
22366 1
22367 0
22368 1
22369 2
22370 1
22371 0
22372 0
22373 1
22374 2
22375 2
22376 2
22377 2
22378 1
22379 2
22380 0
22381 1
22382 0
22383 2
22384 1
22385 1
22386 0
22387 1
22388 0
22389 1
22390 0
22391 0
22392 0
22393 0
22394 1
22395 0
22396 1
22397 0
22398 1
22399 1
22400 2
22401 1
22402 2
22403 0
22404 1
22405 0
22406 0
22407 1
22408 0
22409 0
22410 0
22411 1
22412 1
22413 1
22414 0
22415 1
22416 1
22417 1
22418 0
22419 2
22420 1
22421 2
22422 2
22423 0
22424 0
22425 0
22426 1
22427 2
22428 1
22429 0
22430 0
22431 1
22432 0
22433 1
22434 1
22435 0
22436 1
22437 2
22438 0
22439 2
22440 1
22441 2
22442 1
22443 0
22444 2
22445 1
22446 1
22447 0
22448 0
22449 0
22450 0
22451 0
22452 0
22453 0
22454 2
22455 1
22456 1
22457 2
22458 1
22459 1
22460 0
22461 0
22462 1
22463 1
22464 0
22465 0
22466 0
22467 2
22468 0
22469 0
22470 0
22471 0
22472 0
22473 1
22474 1
22475 0
22476 0
22477 2
22478 1
22479 1
22480 0
22481 0
22482 0
22483 1
22484 0
22485 1
22486 0
22487 2
22488 2
22489 0
22490 0
22491 1
22492 1
22493 0
22494 1
22495 0
22496 1
22497 0
22498 0
22499 0
22500 1
22501 1
22502 0
22503 2
22504 1
22505 1
22506 2
22507 1
22508 2
22509 1
22510 1
22511 2
22512 0
22513 0
22514 0
22515 0
22516 1
22517 0
22518 0
22519 1
22520 0
22521 2
22522 1
22523 2
22524 0
22525 2
22526 1
22527 0
22528 0
22529 0
22530 0
22531 0
22532 1
22533 0
22534 2
22535 0
22536 0
22537 2
22538 0
22539 1
22540 0
22541 2
22542 1
22543 0
22544 0
22545 1
22546 0
22547 1
22548 0
22549 0
22550 1
22551 1
22552 1
22553 2
22554 0
22555 1
22556 0
22557 1
22558 0
22559 0
22560 1
22561 0
22562 1
22563 0
22564 2
22565 1
22566 1
22567 1
22568 1
22569 0
22570 0
22571 2
22572 0
22573 2
22574 0
22575 1
22576 1
22577 2
22578 0
22579 1
22580 1
22581 0
22582 0
22583 2
22584 0
22585 1
22586 0
22587 0
22588 1
22589 1
22590 2
22591 2
22592 0
22593 1
22594 0
22595 1
22596 0
22597 0
22598 1
22599 0
22600 1
22601 1
22602 0
22603 0
22604 0
22605 0
22606 2
22607 0
22608 0
22609 0
22610 1
22611 1
22612 1
22613 1
22614 2
22615 2
22616 1
22617 1
22618 1
22619 2
22620 0
22621 0
22622 0
22623 1
22624 0
22625 1
22626 1
22627 1
22628 2
22629 1
22630 0
22631 2
22632 1
22633 0
22634 1
22635 1
22636 0
22637 1
22638 0
22639 0
22640 1
22641 0
22642 1
22643 0
22644 1
22645 1
22646 1
22647 0
22648 0
22649 3
22650 1
22651 2
22652 1
22653 2
22654 2
22655 2
22656 0
22657 0
22658 1
22659 1
22660 2
22661 1
22662 1
22663 0
22664 1
22665 0
22666 1
22667 0
22668 0
22669 0
22670 1
22671 2
22672 1
22673 1
22674 0
22675 1
22676 2
22677 0
22678 2
22679 1
22680 0
22681 0
22682 0
22683 1
22684 0
22685 1
22686 0
22687 0
22688 0
22689 0
22690 1
22691 2
22692 0
22693 2
22694 0
22695 1
22696 0
22697 1
22698 0
22699 1
22700 1
22701 2
22702 1
22703 1
22704 0
22705 1
22706 0
22707 2
22708 0
22709 3
22710 3
22711 0
22712 2
22713 2
22714 0
22715 1
22716 0
22717 1
22718 1
22719 2
22720 0
22721 1
22722 0
22723 1
22724 1
22725 0
22726 2
22727 0
22728 1
22729 0
22730 0
22731 1
22732 0
22733 1
22734 1
22735 2
22736 1
22737 0
22738 0
22739 1
22740 0
22741 0
22742 2
22743 1
22744 2
22745 1
22746 0
22747 1
22748 1
22749 0
22750 0
22751 1
22752 2
22753 2
22754 2
22755 1
22756 0
22757 1
22758 0
22759 0
22760 1
22761 0
22762 0
22763 0
22764 0
22765 1
22766 2
22767 2
22768 1
22769 0
22770 2
22771 0
22772 1
22773 1
22774 0
22775 1
22776 0
22777 1
22778 3
22779 1
22780 0
22781 1
22782 0
22783 1
22784 0
22785 2
22786 0
22787 1
22788 1
22789 2
22790 1
22791 2
22792 1
22793 1
22794 1
22795 2
22796 0
22797 1
22798 0
22799 0
22800 2
22801 2
22802 0
22803 0
22804 2
22805 2
22806 1
22807 0
22808 2
22809 0
22810 0
22811 0
22812 1
22813 1
22814 0
22815 2
22816 0
22817 1
22818 1
22819 1
22820 0
22821 1
22822 1
22823 0
22824 0
22825 2
22826 1
22827 1
22828 1
22829 1
22830 2
22831 1
22832 1
22833 0
22834 1
22835 1
22836 0
22837 0
22838 1
22839 1
22840 0
22841 1
22842 1
22843 1
22844 0
22845 1
22846 2
22847 0
22848 1
22849 2
22850 0
22851 1
22852 3
22853 1
22854 1
22855 1
22856 0
22857 1
22858 1
22859 0
22860 0
22861 0
22862 0
22863 2
22864 0
22865 0
22866 1
22867 0
22868 0
22869 1
22870 0
22871 2
22872 2
22873 2
22874 1
22875 0
22876 1
22877 0
22878 0
22879 2
22880 0
22881 1
22882 1
22883 1
22884 2
22885 1
22886 0
22887 1
22888 2
22889 1
22890 1
22891 3
22892 2
22893 0
22894 1
22895 4
22896 1
22897 1
22898 2
22899 0
22900 1
22901 1
22902 2
22903 1
22904 1
22905 1
22906 2
22907 0
22908 0
22909 2
22910 0
22911 2
22912 1
22913 1
22914 1
22915 1
22916 2
22917 1
22918 0
22919 0
22920 1
22921 1
22922 0
22923 0
22924 1
22925 2
22926 0
22927 0
22928 0
22929 0
22930 0
22931 1
22932 1
22933 1
22934 0
22935 1
22936 1
22937 0
22938 2
22939 1
22940 0
22941 1
22942 2
22943 0
22944 1
22945 0
22946 1
22947 1
22948 0
22949 1
22950 0
22951 0
22952 1
22953 1
22954 1
22955 0
22956 0
22957 2
22958 1
22959 1
22960 1
22961 0
22962 1
22963 0
22964 1
22965 2
22966 0
22967 1
22968 0
22969 0
22970 0
22971 0
22972 0
22973 0
22974 0
22975 1
22976 0
22977 2
22978 1
22979 1
22980 1
22981 0
22982 1
22983 1
22984 0
22985 1
22986 3
22987 1
22988 0
22989 1
22990 0
22991 1
22992 0
22993 1
22994 0
22995 0
22996 0
22997 1
22998 2
22999 0
23000 0
23001 2
23002 1
23003 2
23004 2
23005 1
23006 1
23007 1
23008 0
23009 2
23010 0
23011 2
23012 2
23013 0
23014 0
23015 2
23016 2
23017 0
23018 2
23019 1
23020 1
23021 1
23022 1
23023 1
23024 1
23025 0
23026 0
23027 1
23028 1
23029 0
23030 1
23031 0
23032 2
23033 2
23034 0
23035 2
23036 1
23037 0
23038 2
23039 0
23040 1
23041 2
23042 2
23043 0
23044 0
23045 1
23046 1
23047 1
23048 0
23049 1
23050 3
23051 0
23052 0
23053 0
23054 1
23055 1
23056 1
23057 2
23058 0
23059 1
23060 1
23061 0
23062 0
23063 0
23064 2
23065 2
23066 1
23067 0
23068 0
23069 0
23070 1
23071 0
23072 1
23073 0
23074 1
23075 0
23076 2
23077 1
23078 1
23079 1
23080 0
23081 0
23082 0
23083 0
23084 1
23085 0
23086 0
23087 1
23088 0
23089 2
23090 2
23091 0
23092 0
23093 1
23094 1
23095 1
23096 0
23097 0
23098 1
23099 1
23100 0
23101 0
23102 1
23103 1
23104 2
23105 1
23106 1
23107 0
23108 0
23109 2
23110 0
23111 0
23112 0
23113 0
23114 1
23115 3
23116 1
23117 0
23118 1
23119 0
23120 0
23121 1
23122 1
23123 0
23124 1
23125 0
23126 1
23127 0
23128 1
23129 1
23130 0
23131 0
23132 0
23133 1
23134 0
23135 0
23136 1
23137 0
23138 2
23139 0
23140 0
23141 0
23142 1
23143 1
23144 1
23145 1
23146 0
23147 0
23148 2
23149 1
23150 1
23151 1
23152 1
23153 1
23154 1
23155 1
23156 0
23157 0
23158 0
23159 0
23160 0
23161 0
23162 0
23163 1
23164 1
23165 0
23166 1
23167 1
23168 0
23169 2
23170 2
23171 1
23172 2
23173 0
23174 2
23175 1
23176 0
23177 2
23178 1
23179 0
23180 0
23181 2
23182 1
23183 2
23184 0
23185 0
23186 2
23187 1
23188 1
23189 1
23190 1
23191 1
23192 0
23193 2
23194 1
23195 2
23196 0
23197 0
23198 3
23199 0
23200 1
23201 1
23202 1
23203 1
23204 1
23205 0
23206 0
23207 0
23208 0
23209 1
23210 2
23211 0
23212 0
23213 2
23214 1
23215 0
23216 1
23217 0
23218 0
23219 1
23220 2
23221 2
23222 2
23223 0
23224 1
23225 0
23226 1
23227 2
23228 1
23229 1
23230 2
23231 0
23232 0
23233 0
23234 2
23235 1
23236 1
23237 1
23238 2
23239 2
23240 0
23241 1
23242 2
23243 2
23244 2
23245 0
23246 0
23247 0
23248 0
23249 0
23250 2
23251 0
23252 0
23253 0
23254 1
23255 1
23256 1
23257 0
23258 1
23259 0
23260 0
23261 2
23262 0
23263 1
23264 0
23265 1
23266 1
23267 0
23268 1
23269 2
23270 1
23271 0
23272 0
23273 0
23274 1
23275 1
23276 0
23277 0
23278 0
23279 0
23280 1
23281 0
23282 1
23283 2
23284 0
23285 2
23286 1
23287 1
23288 1
23289 0
23290 1
23291 3
23292 2
23293 0
23294 0
23295 1
23296 2
23297 2
23298 2
23299 2
23300 2
23301 1
23302 2
23303 0
23304 1
23305 1
23306 0
23307 1
23308 3
23309 2
23310 0
23311 3
23312 1
23313 0
23314 0
23315 2
23316 1
23317 1
23318 1
23319 2
23320 0
23321 0
23322 2
23323 3
23324 0
23325 0
23326 0
23327 1
23328 0
23329 0
23330 1
23331 0
23332 2
23333 1
23334 2
23335 1
23336 1
23337 1
23338 0
23339 0
23340 0
23341 0
23342 1
23343 1
23344 1
23345 1
23346 2
23347 1
23348 0
23349 1
23350 0
23351 3
23352 0
23353 1
23354 1
23355 0
23356 0
23357 0
23358 1
23359 0
23360 0
23361 1
23362 0
23363 1
23364 1
23365 3
23366 0
23367 2
23368 0
23369 0
23370 0
23371 1
23372 1
23373 0
23374 1
23375 0
23376 1
23377 0
23378 0
23379 0
23380 0
23381 1
23382 2
23383 0
23384 0
23385 2
23386 0
23387 0
23388 2
23389 1
23390 0
23391 2
23392 2
23393 0
23394 2
23395 0
23396 0
23397 0
23398 1
23399 1
23400 0
23401 0
23402 0
23403 0
23404 0
23405 0
23406 1
23407 0
23408 1
23409 1
23410 2
23411 0
23412 0
23413 2
23414 0
23415 1
23416 0
23417 1
23418 1
23419 0
23420 1
23421 0
23422 0
23423 2
23424 1
23425 0
23426 2
23427 0
23428 2
23429 2
23430 0
23431 1
23432 1
23433 2
23434 1
23435 1
23436 1
23437 0
23438 0
23439 1
23440 2
23441 0
23442 2
23443 1
23444 2
23445 0
23446 2
23447 1
23448 0
23449 0
23450 1
23451 0
23452 0
23453 0
23454 2
23455 0
23456 1
23457 0
23458 1
23459 0
23460 0
23461 0
23462 0
23463 0
23464 0
23465 2
23466 1
23467 1
23468 0
23469 1
23470 0
23471 0
23472 0
23473 2
23474 0
23475 2
23476 0
23477 2
23478 0
23479 0
23480 2
23481 2
23482 1
23483 1
23484 1
23485 1
23486 0
23487 2
23488 0
23489 2
23490 2
23491 1
23492 0
23493 0
23494 1
23495 1
23496 0
23497 0
23498 0
23499 1
23500 1
23501 0
23502 1
23503 1
23504 0
23505 0
23506 1
23507 1
23508 0
23509 1
23510 2
23511 0
23512 0
23513 0
23514 0
23515 0
23516 1
23517 0
23518 0
23519 0
23520 2
23521 0
23522 2
23523 0
23524 1
23525 1
23526 1
23527 1
23528 0
23529 1
23530 0
23531 1
23532 0
23533 0
23534 2
23535 0
23536 1
23537 1
23538 0
23539 0
23540 2
23541 0
23542 1
23543 2
23544 1
23545 1
23546 0
23547 2
23548 0
23549 0
23550 0
23551 1
23552 2
23553 1
23554 0
23555 0
23556 1
23557 1
23558 2
23559 1
23560 0
23561 0
23562 0
23563 0
23564 1
23565 0
23566 0
23567 1
23568 1
23569 1
23570 0
23571 2
23572 0
23573 0
23574 0
23575 2
23576 1
23577 2
23578 0
23579 0
23580 2
23581 1
23582 0
23583 1
23584 1
23585 0
23586 0
23587 2
23588 1
23589 0
23590 0
23591 0
23592 0
23593 1
23594 0
23595 0
23596 1
23597 2
23598 1
23599 1
23600 2
23601 0
23602 0
23603 1
23604 0
23605 0
23606 2
23607 2
23608 2
23609 1
23610 0
23611 0
23612 0
23613 2
23614 1
23615 2
23616 1
23617 1
23618 0
23619 0
23620 0
23621 0
23622 1
23623 1
23624 0
23625 1
23626 2
23627 1
23628 0
23629 3
23630 0
23631 1
23632 1
23633 1
23634 0
23635 2
23636 0
23637 1
23638 0
23639 2
23640 1
23641 0
23642 1
23643 1
23644 0
23645 1
23646 1
23647 2
23648 0
23649 1
23650 0
23651 3
23652 1
23653 0
23654 2
23655 1
23656 1
23657 0
23658 0
23659 2
23660 1
23661 0
23662 0
23663 0
23664 2
23665 2
23666 2
23667 2
23668 0
23669 0
23670 0
23671 1
23672 1
23673 2
23674 0
23675 0
23676 0
23677 0
23678 3
23679 2
23680 1
23681 0
23682 1
23683 2
23684 0
23685 1
23686 0
23687 1
23688 2
23689 1
23690 1
23691 1
23692 1
23693 0
23694 2
23695 0
23696 1
23697 2
23698 1
23699 0
23700 1
23701 2
23702 1
23703 1
23704 0
23705 0
23706 0
23707 2
23708 2
23709 0
23710 1
23711 1
23712 2
23713 1
23714 1
23715 1
23716 2
23717 1
23718 1
23719 1
23720 2
23721 1
23722 2
23723 0
23724 1
23725 1
23726 0
23727 1
23728 0
23729 2
23730 2
23731 2
23732 1
23733 1
23734 1
23735 0
23736 0
23737 2
23738 0
23739 0
23740 1
23741 1
23742 1
23743 0
23744 0
23745 0
23746 0
23747 0
23748 1
23749 0
23750 2
23751 1
23752 2
23753 1
23754 0
23755 2
23756 2
23757 0
23758 0
23759 0
23760 1
23761 1
23762 0
23763 0
23764 1
23765 2
23766 1
23767 1
23768 1
23769 1
23770 2
23771 2
23772 1
23773 1
23774 2
23775 1
23776 2
23777 0
23778 0
23779 1
23780 1
23781 2
23782 1
23783 0
23784 1
23785 1
23786 0
23787 1
23788 0
23789 1
23790 2
23791 1
23792 1
23793 0
23794 1
23795 0
23796 1
23797 1
23798 1
23799 1
23800 2
23801 0
23802 0
23803 1
23804 0
23805 0
23806 1
23807 1
23808 0
23809 0
23810 1
23811 1
23812 1
23813 2
23814 1
23815 0
23816 1
23817 1
23818 2
23819 0
23820 1
23821 1
23822 0
23823 1
23824 0
23825 0
23826 0
23827 3
23828 1
23829 2
23830 2
23831 0
23832 0
23833 0
23834 0
23835 2
23836 1
23837 0
23838 1
23839 2
23840 2
23841 2
23842 1
23843 0
23844 2
23845 1
23846 0
23847 1
23848 1
23849 1
23850 2
23851 0
23852 0
23853 1
23854 2
23855 1
23856 0
23857 1
23858 2
23859 0
23860 1
23861 0
23862 2
23863 1
23864 2
23865 1
23866 0
23867 1
23868 1
23869 2
23870 1
23871 0
23872 1
23873 1
23874 0
23875 1
23876 0
23877 1
23878 1
23879 0
23880 2
23881 0
23882 2
23883 1
23884 1
23885 2
23886 0
23887 1
23888 2
23889 0
23890 0
23891 1
23892 2
23893 0
23894 0
23895 0
23896 0
23897 0
23898 1
23899 1
23900 1
23901 2
23902 2
23903 1
23904 0
23905 2
23906 1
23907 1
23908 2
23909 0
23910 1
23911 1
23912 1
23913 0
23914 0
23915 0
23916 0
23917 2
23918 0
23919 0
23920 0
23921 1
23922 2
23923 1
23924 1
23925 1
23926 0
23927 0
23928 0
23929 2
23930 1
23931 0
23932 0
23933 2
23934 1
23935 0
23936 1
23937 1
23938 0
23939 2
23940 2
23941 0
23942 3
23943 1
23944 1
23945 0
23946 0
23947 1
23948 1
23949 0
23950 0
23951 1
23952 2
23953 2
23954 0
23955 1
23956 0
23957 1
23958 2
23959 1
23960 2
23961 1
23962 1
23963 2
23964 0
23965 0
23966 1
23967 1
23968 1
23969 2
23970 0
23971 1
23972 1
23973 1
23974 2
23975 0
23976 1
23977 2
23978 0
23979 0
23980 0
23981 0
23982 3
23983 1
23984 0
23985 1
23986 0
23987 0
23988 0
23989 1
23990 2
23991 0
23992 1
23993 2
23994 1
23995 0
23996 2
23997 2
23998 0
23999 1
24000 0
24001 0
24002 0
24003 3
24004 1
24005 1
24006 2
24007 2
24008 1
24009 1
24010 0
24011 0
24012 2
24013 1
24014 2
24015 1
24016 1
24017 0
24018 0
24019 1
24020 1
24021 0
24022 0
24023 1
24024 2
24025 0
24026 0
24027 0
24028 0
24029 2
24030 0
24031 1
24032 0
24033 0
24034 0
24035 0
24036 0
24037 1
24038 1
24039 1
24040 2
24041 1
24042 0
24043 0
24044 0
24045 0
24046 1
24047 1
24048 2
24049 0
24050 2
24051 2
24052 0
24053 1
24054 1
24055 1
24056 0
24057 1
24058 1
24059 1
24060 0
24061 1
24062 0
24063 1
24064 1
24065 1
24066 0
24067 1
24068 0
24069 2
24070 3
24071 1
24072 0
24073 1
24074 1
24075 0
24076 0
24077 2
24078 0
24079 1
24080 0
24081 0
24082 1
24083 2
24084 0
24085 0
24086 1
24087 1
24088 1
24089 0
24090 0
24091 1
24092 1
24093 2
24094 0
24095 1
24096 0
24097 2
24098 0
24099 0
24100 1
24101 0
24102 2
24103 2
24104 0
24105 0
24106 1
24107 1
24108 0
24109 1
24110 1
24111 1
24112 1
24113 2
24114 0
24115 0
24116 0
24117 0
24118 2
24119 0
24120 1
24121 1
24122 1
24123 1
24124 1
24125 0
24126 0
24127 2
24128 2
24129 0
24130 0
24131 0
24132 2
24133 1
24134 1
24135 1
24136 0
24137 0
24138 0
24139 0
24140 1
24141 0
24142 2
24143 1
24144 0
24145 1
24146 2
24147 1
24148 1
24149 1
24150 2
24151 1
24152 2
24153 0
24154 0
24155 0
24156 1
24157 1
24158 0
24159 1
24160 1
24161 0
24162 2
24163 1
24164 2
24165 0
24166 1
24167 2
24168 2
24169 1
24170 1
24171 0
24172 0
24173 2
24174 0
24175 2
24176 0
24177 2
24178 1
24179 1
24180 0
24181 0
24182 0
24183 3
24184 0
24185 0
24186 0
24187 1
24188 0
24189 0
24190 2
24191 2
24192 0
24193 1
24194 2
24195 2
24196 0
24197 0
24198 0
24199 0
24200 2
24201 2
24202 0
24203 0
24204 0
24205 1
24206 2
24207 1
24208 0
24209 2
24210 2
24211 1
24212 0
24213 0
24214 0
24215 1
24216 0
24217 1
24218 1
24219 1
24220 1
24221 1
24222 0
24223 1
24224 1
24225 1
24226 2
24227 1
24228 1
24229 2
24230 0
24231 0
24232 1
24233 2
24234 0
24235 1
24236 2
24237 1
24238 1
24239 0
24240 2
24241 2
24242 1
24243 2
24244 1
24245 1
24246 0
24247 0
24248 1
24249 2
24250 1
24251 2
24252 0
24253 2
24254 0
24255 0
24256 0
24257 0
24258 1
24259 1
24260 0
24261 0
24262 1
24263 1
24264 2
24265 1
24266 1
24267 2
24268 0
24269 1
24270 0
24271 2
24272 0
24273 0
24274 1
24275 2
24276 0
24277 0
24278 1
24279 1
24280 0
24281 1
24282 0
24283 1
24284 2
24285 1
24286 2
24287 1
24288 1
24289 1
24290 0
24291 2
24292 1
24293 1
24294 0
24295 1
24296 1
24297 1
24298 0
24299 1
24300 2
24301 0
24302 0
24303 0
24304 1
24305 1
24306 0
24307 1
24308 1
24309 0
24310 0
24311 1
24312 0
24313 0
24314 1
24315 1
24316 0
24317 0
24318 0
24319 0
24320 1
24321 0
24322 2
24323 1
24324 0
24325 0
24326 0
24327 0
24328 1
24329 0
24330 2
24331 0
24332 2
24333 2
24334 1
24335 1
24336 1
24337 2
24338 0
24339 2
24340 1
24341 0
24342 2
24343 2
24344 0
24345 2
24346 1
24347 0
24348 2
24349 2
24350 2
24351 2
24352 0
24353 3
24354 0
24355 3
24356 3
24357 1
24358 1
24359 1
24360 1
24361 0
24362 0
24363 1
24364 1
24365 0
24366 1
24367 1
24368 1
24369 0
24370 0
24371 1
24372 0
24373 1
24374 1
24375 1
24376 0
24377 1
24378 0
24379 1
24380 0
24381 1
24382 1
24383 1
24384 2
24385 0
24386 0
24387 1
24388 3
24389 0
24390 0
24391 2
24392 0
24393 2
24394 2
24395 2
24396 0
24397 1
24398 0
24399 2
24400 0
24401 0
24402 1
24403 1
24404 0
24405 0
24406 0
24407 1
24408 1
24409 2
24410 1
24411 0
24412 2
24413 2
24414 1
24415 0
24416 0
24417 2
24418 1
24419 3
24420 2
24421 0
24422 0
24423 1
24424 0
24425 1
24426 2
24427 1
24428 1
24429 1
24430 0
24431 0
24432 0
24433 0
24434 2
24435 1
24436 1
24437 0
24438 1
24439 2
24440 1
24441 2
24442 2
24443 0
24444 0
24445 1
24446 0
24447 0
24448 1
24449 2
24450 0
24451 1
24452 0
24453 2
24454 2
24455 1
24456 0
24457 1
24458 1
24459 1
24460 0
24461 0
24462 2
24463 1
24464 2
24465 0
24466 1
24467 0
24468 0
24469 1
24470 1
24471 1
24472 0
24473 0
24474 2
24475 2
24476 2
24477 0
24478 0
24479 1
24480 2
24481 0
24482 1
24483 1
24484 0
24485 0
24486 1
24487 1
24488 0
24489 0
24490 2
24491 0
24492 1
24493 1
24494 0
24495 1
24496 2
24497 0
24498 2
24499 3
24500 0
24501 0
24502 1
24503 0
24504 0
24505 0
24506 0
24507 0
24508 1
24509 1
24510 1
24511 1
24512 0
24513 1
24514 1
24515 1
24516 0
24517 0
24518 1
24519 2
24520 2
24521 0
24522 2
24523 1
24524 3
24525 1
24526 0
24527 1
24528 3
24529 1
24530 0
24531 1
24532 1
24533 1
24534 1
24535 2
24536 0
24537 0
24538 1
24539 0
24540 0
24541 0
24542 2
24543 1
24544 2
24545 1
24546 2
24547 0
24548 1
24549 0
24550 1
24551 1
24552 0
24553 2
24554 2
24555 2
24556 1
24557 0
24558 1
24559 1
24560 0
24561 2
24562 0
24563 1
24564 0
24565 1
24566 2
24567 2
24568 3
24569 0
24570 0
24571 1
24572 2
24573 1
24574 0
24575 2
24576 1
24577 0
24578 1
24579 1
24580 1
24581 1
24582 2
24583 2
24584 0
24585 3
24586 1
24587 2
24588 0
24589 2
24590 1
24591 2
24592 0
24593 0
24594 0
24595 2
24596 1
24597 1
24598 2
24599 2
24600 0
24601 0
24602 1
24603 1
24604 0
24605 0
24606 0
24607 1
24608 1
24609 0
24610 2
24611 2
24612 0
24613 0
24614 0
24615 0
24616 0
24617 1
24618 1
24619 1
24620 0
24621 0
24622 2
24623 1
24624 1
24625 1
24626 1
24627 0
24628 0
24629 2
24630 0
24631 0
24632 2
24633 1
24634 0
24635 0
24636 1
24637 0
24638 0
24639 1
24640 0
24641 0
24642 1
24643 1
24644 0
24645 1
24646 1
24647 2
24648 1
24649 0
24650 0
24651 1
24652 2
24653 1
24654 1
24655 0
24656 0
24657 0
24658 0
24659 1
24660 1
24661 1
24662 1
24663 1
24664 0
24665 0
24666 2
24667 1
24668 0
24669 1
24670 2
24671 2
24672 2
24673 1
24674 0
24675 0
24676 2
24677 0
24678 1
24679 1
24680 1
24681 1
24682 1
24683 1
24684 0
24685 0
24686 2
24687 0
24688 0
24689 0
24690 2
24691 0
24692 0
24693 0
24694 1
24695 1
24696 2
24697 3
24698 1
24699 1
24700 1
24701 0
24702 0
24703 0
24704 1
24705 0
24706 0
24707 2
24708 0
24709 2
24710 0
24711 0
24712 1
24713 1
24714 0
24715 0
24716 0
24717 0
24718 0
24719 0
24720 0
24721 2
24722 0
24723 0
24724 3
24725 0
24726 1
24727 3
24728 0
24729 2
24730 2
24731 1
24732 1
24733 1
24734 0
24735 0
24736 0
24737 2
24738 1
24739 0
24740 1
24741 1
24742 1
24743 0
24744 0
24745 1
24746 0
24747 1
24748 2
24749 0
24750 2
24751 1
24752 1
24753 1
24754 1
24755 0
24756 1
24757 0
24758 2
24759 1
24760 0
24761 1
24762 1
24763 3
24764 1
24765 0
24766 0
24767 1
24768 1
24769 0
24770 1
24771 0
24772 1
24773 1
24774 0
24775 1
24776 1
24777 0
24778 0
24779 0
24780 0
24781 2
24782 2
24783 1
24784 0
24785 2
24786 0
24787 2
24788 0
24789 1
24790 0
24791 2
24792 0
24793 0
24794 0
24795 0
24796 2
24797 1
24798 1
24799 0
24800 1
24801 1
24802 0
24803 2
24804 0
24805 2
24806 0
24807 1
24808 2
24809 2
24810 2
24811 1
24812 0
24813 0
24814 1
24815 1
24816 0
24817 0
24818 1
24819 0
24820 1
24821 0
24822 1
24823 3
24824 2
24825 0
24826 1
24827 0
24828 0
24829 0
24830 2
24831 0
24832 2
24833 1
24834 0
24835 1
24836 1
24837 0
24838 1
24839 0
24840 0
24841 0
24842 0
24843 1
24844 0
24845 1
24846 2
24847 1
24848 1
24849 0
24850 1
24851 2
24852 1
24853 2
24854 2
24855 0
24856 1
24857 0
24858 1
24859 0
24860 0
24861 2
24862 0
24863 2
24864 2
24865 2
24866 2
24867 0
24868 1
24869 0
24870 2
24871 1
24872 1
24873 0
24874 0
24875 0
24876 0
24877 0
24878 1
24879 0
24880 0
24881 4
24882 0
24883 1
24884 1
24885 0
24886 1
24887 1
24888 1
24889 0
24890 0
24891 2
24892 0
24893 0
24894 2
24895 2
24896 1
24897 1
24898 1
24899 1
24900 0
24901 1
24902 0
24903 0
24904 1
24905 0
24906 1
24907 0
24908 1
24909 1
24910 0
24911 1
24912 2
24913 0
24914 2
24915 1
24916 0
24917 2
24918 1
24919 0
24920 0
24921 1
24922 1
24923 0
24924 2
24925 0
24926 2
24927 0
24928 0
24929 0
24930 0
24931 0
24932 0
24933 0
24934 2
24935 1
24936 0
24937 2
24938 1
24939 1
24940 0
24941 1
24942 0
24943 1
24944 0
24945 1
24946 0
24947 2
24948 0
24949 1
24950 1
24951 1
24952 2
24953 0
24954 1
24955 0
24956 0
24957 1
24958 0
24959 2
24960 0
24961 2
24962 0
24963 1
24964 3
24965 1
24966 2
24967 1
24968 1
24969 1
24970 2
24971 0
24972 0
24973 1
24974 0
24975 1
24976 0
24977 1
24978 3
24979 0
24980 1
24981 1
24982 0
24983 0
24984 1
24985 0
24986 1
24987 2
24988 0
24989 0
24990 2
24991 1
24992 1
24993 1
24994 1
24995 1
24996 3
24997 0
24998 1
24999 1
25000 1
25001 1
25002 1
25003 1
25004 0
25005 0
25006 1
25007 0
25008 2
25009 0
25010 3
25011 0
25012 0
25013 2
25014 1
25015 3
25016 1
25017 2
25018 0
25019 1
25020 2
25021 2
25022 0
25023 2
25024 2
25025 0
25026 1
25027 1
25028 0
25029 2
25030 2
25031 1
25032 1
25033 0
25034 0
25035 2
25036 0
25037 0
25038 0
25039 1
25040 0
25041 1
25042 0
25043 0
25044 1
25045 0
25046 1
25047 0
25048 0
25049 0
25050 1
25051 1
25052 0
25053 2
25054 1
25055 1
25056 1
25057 0
25058 0
25059 1
25060 0
25061 0
25062 0
25063 0
25064 0
25065 1
25066 1
25067 1
25068 0
25069 2
25070 1
25071 1
25072 1
25073 0
25074 0
25075 0
25076 2
25077 1
25078 0
25079 1
25080 1
25081 1
25082 2
25083 1
25084 1
25085 2
25086 0
25087 1
25088 3
25089 0
25090 0
25091 1
25092 0
25093 0
25094 1
25095 2
25096 0
25097 0
25098 0
25099 2
25100 2
25101 1
25102 0
25103 1
25104 1
25105 0
25106 0
25107 1
25108 1
25109 1
25110 1
25111 1
25112 0
25113 0
25114 0
25115 1
25116 0
25117 1
25118 0
25119 2
25120 1
25121 1
25122 0
25123 0
25124 0
25125 2
25126 2
25127 1
25128 2
25129 2
25130 0
25131 0
25132 1
25133 0
25134 1
25135 1
25136 1
25137 0
25138 0
25139 0
25140 1
25141 1
25142 1
25143 2
25144 2
25145 2
25146 0
25147 1
25148 2
25149 1
25150 1
25151 0
25152 1
25153 1
25154 1
25155 0
25156 0
25157 1
25158 2
25159 1
25160 1
25161 2
25162 0
25163 0
25164 0
25165 0
25166 1
25167 2
25168 1
25169 0
25170 0
25171 1
25172 1
25173 1
25174 1
25175 1
25176 1
25177 1
25178 2
25179 0
25180 2
25181 1
25182 2
25183 2
25184 2
25185 0
25186 0
25187 1
25188 0
25189 2
25190 0
25191 1
25192 0
25193 2
25194 1
25195 0
25196 1
25197 1
25198 1
25199 1
25200 1
25201 0
25202 0
25203 1
25204 2
25205 2
25206 1
25207 1
25208 1
25209 0
25210 0
25211 1
25212 0
25213 1
25214 1
25215 1
25216 1
25217 0
25218 1
25219 2
25220 0
25221 0
25222 1
25223 0
25224 2
25225 0
25226 2
25227 1
25228 0
25229 0
25230 2
25231 0
25232 0
25233 2
25234 2
25235 0
25236 0
25237 0
25238 1
25239 1
25240 2
25241 2
25242 0
25243 1
25244 0
25245 1
25246 1
25247 0
25248 0
25249 2
25250 1
25251 2
25252 1
25253 0
25254 0
25255 0
25256 0
25257 0
25258 1
25259 2
25260 2
25261 2
25262 1
25263 1
25264 0
25265 1
25266 1
25267 1
25268 2
25269 0
25270 0
25271 0
25272 2
25273 0
25274 0
25275 0
25276 1
25277 2
25278 1
25279 0
25280 0
25281 0
25282 2
25283 0
25284 0
25285 0
25286 0
25287 1
25288 0
25289 2
25290 1
25291 0
25292 2
25293 0
25294 1
25295 0
25296 0
25297 0
25298 0
25299 1
25300 0
25301 2
25302 0
25303 2
25304 0
25305 2
25306 1
25307 0
25308 0
25309 1
25310 1
25311 0
25312 0
25313 1
25314 0
25315 2
25316 1
25317 1
25318 1
25319 2
25320 0
25321 1
25322 1
25323 2
25324 0
25325 1
25326 0
25327 2
25328 2
25329 1
25330 1
25331 1
25332 1
25333 1
25334 2
25335 2
25336 3
25337 0
25338 0
25339 0
25340 2
25341 3
25342 1
25343 2
25344 0
25345 2
25346 2
25347 1
25348 0
25349 0
25350 0
25351 1
25352 1
25353 0
25354 1
25355 0
25356 0
25357 1
25358 2
25359 2
25360 2
25361 1
25362 0
25363 0
25364 1
25365 1
25366 1
25367 1
25368 1
25369 0
25370 2
25371 2
25372 0
25373 3
25374 1
25375 1
25376 1
25377 2
25378 1
25379 2
25380 1
25381 2
25382 1
25383 0
25384 0
25385 2
25386 1
25387 0
25388 1
25389 1
25390 1
25391 2
25392 0
25393 0
25394 1
25395 0
25396 3
25397 2
25398 1
25399 0
25400 2
25401 0
25402 2
25403 1
25404 0
25405 0
25406 2
25407 0
25408 1
25409 0
25410 0
25411 1
25412 0
25413 1
25414 1
25415 1
25416 0
25417 0
25418 1
25419 1
25420 0
25421 1
25422 2
25423 0
25424 2
25425 3
25426 1
25427 0
25428 1
25429 1
25430 0
25431 0
25432 2
25433 0
25434 0
25435 1
25436 1
25437 0
25438 2
25439 0
25440 1
25441 0
25442 1
25443 0
25444 0
25445 1
25446 2
25447 1
25448 0
25449 0
25450 1
25451 1
25452 1
25453 1
25454 2
25455 2
25456 0
25457 1
25458 1
25459 0
25460 0
25461 1
25462 2
25463 2
25464 0
25465 0
25466 3
25467 3
25468 0
25469 2
25470 1
25471 0
25472 1
25473 1
25474 1
25475 3
25476 2
25477 2
25478 0
25479 1
25480 1
25481 0
25482 0
25483 2
25484 2
25485 1
25486 1
25487 0
25488 0
25489 1
25490 0
25491 0
25492 0
25493 2
25494 0
25495 2
25496 1
25497 0
25498 3
25499 2
25500 2
25501 0
25502 1
25503 0
25504 0
25505 1
25506 0
25507 2
25508 0
25509 0
25510 0
25511 1
25512 0
25513 0
25514 2
25515 0
25516 1
25517 1
25518 0
25519 1
25520 1
25521 1
25522 1
25523 1
25524 2
25525 0
25526 0
25527 2
25528 2
25529 0
25530 2
25531 1
25532 0
25533 0
25534 0
25535 1
25536 0
25537 2
25538 2
25539 0
25540 1
25541 0
25542 2
25543 0
25544 1
25545 0
25546 1
25547 1
25548 1
25549 0
25550 0
25551 1
25552 0
25553 1
25554 2
25555 2
25556 2
25557 0
25558 1
25559 1
25560 1
25561 2
25562 0
25563 1
25564 1
25565 0
25566 0
25567 0
25568 2
25569 1
25570 1
25571 1
25572 0
25573 1
25574 2
25575 3
25576 1
25577 1
25578 0
25579 2
25580 0
25581 2
25582 1
25583 1
25584 0
25585 0
25586 1
25587 0
25588 1
25589 0
25590 2
25591 2
25592 0
25593 1
25594 2
25595 1
25596 1
25597 2
25598 1
25599 1
25600 0
25601 1
25602 0
25603 0
25604 0
25605 0
25606 1
25607 1
25608 1
25609 1
25610 0
25611 0
25612 0
25613 1
25614 2
25615 0
25616 0
25617 0
25618 0
25619 2
25620 3
25621 0
25622 2
25623 2
25624 1
25625 0
25626 1
25627 1
25628 1
25629 1
25630 1
25631 0
25632 0
25633 0
25634 1
25635 1
25636 0
25637 2
25638 1
25639 0
25640 1
25641 0
25642 1
25643 0
25644 0
25645 2
25646 1
25647 0
25648 0
25649 2
25650 0
25651 1
25652 2
25653 0
25654 0
25655 0
25656 1
25657 0
25658 1
25659 0
25660 2
25661 1
25662 1
25663 1
25664 0
25665 1
25666 1
25667 1
25668 1
25669 1
25670 0
25671 2
25672 1
25673 2
25674 2
25675 1
25676 0
25677 0
25678 0
25679 1
25680 1
25681 1
25682 0
25683 0
25684 2
25685 1
25686 1
25687 1
25688 1
25689 0
25690 1
25691 0
25692 0
25693 1
25694 3
25695 0
25696 2
25697 1
25698 0
25699 1
25700 1
25701 1
25702 2
25703 1
25704 1
25705 0
25706 1
25707 1
25708 0
25709 1
25710 2
25711 2
25712 1
25713 0
25714 0
25715 1
25716 0
25717 1
25718 2
25719 1
25720 1
25721 2
25722 1
25723 2
25724 1
25725 1
25726 1
25727 2
25728 2
25729 1
25730 2
25731 0
25732 0
25733 2
25734 1
25735 2
25736 2
25737 0
25738 0
25739 0
25740 1
25741 0
25742 2
25743 0
25744 2
25745 1
25746 1
25747 0
25748 0
25749 1
25750 0
25751 1
25752 0
25753 1
25754 1
25755 2
25756 1
25757 0
25758 0
25759 0
25760 2
25761 1
25762 2
25763 2
25764 2
25765 2
25766 1
25767 1
25768 2
25769 1
25770 3
25771 0
25772 3
25773 0
25774 1
25775 0
25776 0
25777 0
25778 1
25779 2
25780 3
25781 1
25782 0
25783 0
25784 1
25785 1
25786 0
25787 2
25788 0
25789 2
25790 0
25791 0
25792 0
25793 2
25794 1
25795 0
25796 1
25797 1
25798 1
25799 1
25800 2
25801 1
25802 0
25803 0
25804 0
25805 0
25806 0
25807 0
25808 1
25809 1
25810 0
25811 1
25812 2
25813 0
25814 0
25815 1
25816 1
25817 2
25818 2
25819 0
25820 1
25821 2
25822 0
25823 0
25824 3
25825 0
25826 1
25827 0
25828 0
25829 2
25830 1
25831 0
25832 1
25833 1
25834 0
25835 0
25836 1
25837 0
25838 0
25839 1
25840 0
25841 1
25842 1
25843 2
25844 0
25845 0
25846 2
25847 0
25848 1
25849 2
25850 2
25851 2
25852 0
25853 1
25854 1
25855 0
25856 2
25857 0
25858 1
25859 0
25860 2
25861 2
25862 2
25863 1
25864 3
25865 0
25866 2
25867 1
25868 2
25869 0
25870 0
25871 1
25872 1
25873 0
25874 1
25875 0
25876 0
25877 2
25878 1
25879 0
25880 1
25881 1
25882 0
25883 1
25884 3
25885 2
25886 1
25887 0
25888 2
25889 0
25890 2
25891 1
25892 3
25893 0
25894 0
25895 1
25896 0
25897 1
25898 2
25899 0
25900 1
25901 1
25902 0
25903 2
25904 1
25905 1
25906 1
25907 1
25908 0
25909 2
25910 0
25911 2
25912 1
25913 3
25914 1
25915 2
25916 1
25917 1
25918 2
25919 2
25920 1
25921 0
25922 0
25923 1
25924 1
25925 0
25926 0
25927 0
25928 0
25929 2
25930 2
25931 0
25932 2
25933 1
25934 2
25935 0
25936 3
25937 0
25938 0
25939 1
25940 1
25941 1
25942 1
25943 1
25944 2
25945 1
25946 2
25947 2
25948 1
25949 0
25950 1
25951 1
25952 0
25953 1
25954 1
25955 2
25956 1
25957 3
25958 0
25959 0
25960 0
25961 2
25962 1
25963 0
25964 1
25965 0
25966 3
25967 0
25968 1
25969 0
25970 0
25971 1
25972 0
25973 1
25974 0
25975 0
25976 1
25977 1
25978 1
25979 0
25980 1
25981 2
25982 2
25983 0
25984 1
25985 0
25986 0
25987 0
25988 2
25989 1
25990 1
25991 0
25992 1
25993 0
25994 0
25995 0
25996 0
25997 2
25998 1
25999 0
26000 0
26001 0
26002 0
26003 1
26004 1
26005 3
26006 1
26007 1
26008 1
26009 1
26010 0
26011 0
26012 1
26013 1
26014 0
26015 0
26016 1
26017 1
26018 0
26019 1
26020 0
26021 2
26022 0
26023 1
26024 1
26025 2
26026 1
26027 1
26028 1
26029 0
26030 1
26031 0
26032 0
26033 1
26034 1
26035 1
26036 1
26037 1
26038 1
26039 1
26040 0
26041 1
26042 0
26043 0
26044 1
26045 0
26046 0
26047 0
26048 1
26049 2
26050 0
26051 0
26052 1
26053 1
26054 0
26055 0
26056 0
26057 0
26058 0
26059 1
26060 1
26061 2
26062 1
26063 0
26064 1
26065 0
26066 2
26067 0
26068 1
26069 1
26070 0
26071 1
26072 1
26073 0
26074 1
26075 3
26076 2
26077 0
26078 1
26079 1
26080 1
26081 0
26082 0
26083 2
26084 1
26085 0
26086 0
26087 0
26088 0
26089 1
26090 0
26091 2
26092 2
26093 1
26094 0
26095 0
26096 0
26097 0
26098 1
26099 3
26100 1
26101 2
26102 1
26103 0
26104 0
26105 0
26106 0
26107 1
26108 1
26109 2
26110 3
26111 2
26112 1
26113 2
26114 2
26115 1
26116 1
26117 2
26118 0
26119 1
26120 0
26121 0
26122 0
26123 3
26124 1
26125 1
26126 2
26127 1
26128 2
26129 2
26130 1
26131 0
26132 1
26133 0
26134 0
26135 2
26136 1
26137 0
26138 0
26139 1
26140 1
26141 1
26142 1
26143 1
26144 2
26145 0
26146 2
26147 1
26148 0
26149 0
26150 0
26151 0
26152 1
26153 0
26154 0
26155 0
26156 2
26157 0
26158 0
26159 1
26160 0
26161 2
26162 1
26163 1
26164 0
26165 0
26166 0
26167 1
26168 1
26169 2
26170 2
26171 2
26172 1
26173 0
26174 2
26175 2
26176 1
26177 1
26178 0
26179 2
26180 2
26181 1
26182 1
26183 0
26184 2
26185 2
26186 0
26187 1
26188 0
26189 0
26190 1
26191 0
26192 0
26193 1
26194 1
26195 0
26196 0
26197 2
26198 0
26199 0
26200 1
26201 1
26202 0
26203 1
26204 2
26205 3
26206 0
26207 1
26208 0
26209 0
26210 2
26211 0
26212 2
26213 2
26214 1
26215 1
26216 0
26217 2
26218 0
26219 1
26220 0
26221 1
26222 0
26223 0
26224 3
26225 1
26226 0
26227 1
26228 2
26229 2
26230 2
26231 1
26232 0
26233 0
26234 0
26235 0
26236 3
26237 1
26238 2
26239 0
26240 0
26241 1
26242 0
26243 0
26244 1
26245 0
26246 3
26247 1
26248 0
26249 2
26250 0
26251 1
26252 1
26253 0
26254 0
26255 0
26256 0
26257 1
26258 2
26259 1
26260 2
26261 1
26262 0
26263 1
26264 1
26265 1
26266 3
26267 2
26268 2
26269 0
26270 1
26271 0
26272 1
26273 0
26274 1
26275 0
26276 1
26277 1
26278 2
26279 0
26280 1
26281 1
26282 0
26283 0
26284 0
26285 2
26286 1
26287 3
26288 1
26289 1
26290 2
26291 1
26292 0
26293 1
26294 0
26295 3
26296 1
26297 4
26298 0
26299 1
26300 0
26301 2
26302 0
26303 2
26304 0
26305 0
26306 1
26307 0
26308 1
26309 0
26310 0
26311 0
26312 0
26313 0
26314 0
26315 2
26316 0
26317 1
26318 2
26319 0
26320 0
26321 1
26322 1
26323 1
26324 0
26325 1
26326 0
26327 2
26328 1
26329 2
26330 0
26331 0
26332 0
26333 1
26334 0
26335 1
26336 1
26337 1
26338 0
26339 1
26340 1
26341 3
26342 0
26343 2
26344 0
26345 1
26346 1
26347 0
26348 2
26349 0
26350 1
26351 2
26352 1
26353 2
26354 0
26355 0
26356 0
26357 1
26358 0
26359 1
26360 1
26361 1
26362 1
26363 0
26364 1
26365 0
26366 2
26367 2
26368 0
26369 2
26370 0
26371 0
26372 1
26373 2
26374 0
26375 0
26376 2
26377 0
26378 2
26379 0
26380 2
26381 0
26382 0
26383 1
26384 1
26385 1
26386 0
26387 0
26388 2
26389 0
26390 0
26391 2
26392 0
26393 0
26394 2
26395 1
26396 0
26397 2
26398 2
26399 1
26400 1
26401 1
26402 1
26403 1
26404 0
26405 0
26406 2
26407 2
26408 0
26409 0
26410 2
26411 0
26412 0
26413 1
26414 2
26415 0
26416 0
26417 3
26418 0
26419 2
26420 3
26421 2
26422 1
26423 1
26424 2
26425 0
26426 2
26427 0
26428 2
26429 0
26430 0
26431 0
26432 2
26433 2
26434 2
26435 2
26436 0
26437 1
26438 1
26439 3
26440 1
26441 1
26442 1
26443 2
26444 1
26445 1
26446 0
26447 2
26448 2
26449 1
26450 1
26451 0
26452 1
26453 2
26454 0
26455 0
26456 2
26457 1
26458 0
26459 2
26460 0
26461 1
26462 0
26463 1
26464 0
26465 2
26466 2
26467 1
26468 0
26469 0
26470 2
26471 1
26472 2
26473 1
26474 0
26475 2
26476 0
26477 2
26478 0
26479 1
26480 1
26481 0
26482 2
26483 1
26484 1
26485 1
26486 2
26487 1
26488 1
26489 1
26490 1
26491 0
26492 0
26493 1
26494 2
26495 0
26496 1
26497 0
26498 2
26499 0
26500 3
26501 2
26502 2
26503 3
26504 0
26505 0
26506 2
26507 1
26508 2
26509 0
26510 1
26511 1
26512 0
26513 2
26514 2
26515 1
26516 1
26517 2
26518 2
26519 2
26520 1
26521 0
26522 1
26523 0
26524 0
26525 0
26526 2
26527 0
26528 1
26529 1
26530 1
26531 3
26532 0
26533 1
26534 1
26535 1
26536 1
26537 1
26538 0
26539 0
26540 0
26541 0
26542 0
26543 0
26544 2
26545 0
26546 0
26547 1
26548 2
26549 3
26550 1
26551 0
26552 0
26553 2
26554 1
26555 1
26556 0
26557 2
26558 0
26559 0
26560 0
26561 0
26562 1
26563 0
26564 1
26565 0
26566 1
26567 0
26568 1
26569 1
26570 2
26571 1
26572 1
26573 2
26574 0
26575 1
26576 1
26577 1
26578 2
26579 1
26580 0
26581 2
26582 0
26583 2
26584 2
26585 1
26586 1
26587 0
26588 1
26589 0
26590 0
26591 0
26592 2
26593 0
26594 0
26595 1
26596 1
26597 1
26598 0
26599 0
26600 3
26601 2
26602 1
26603 0
26604 1
26605 0
26606 1
26607 1
26608 2
26609 2
26610 2
26611 0
26612 0
26613 0
26614 0
26615 1
26616 2
26617 2
26618 0
26619 0
26620 0
26621 0
26622 1
26623 2
26624 0
26625 0
26626 2
26627 0
26628 1
26629 1
26630 1
26631 1
26632 1
26633 1
26634 2
26635 0
26636 2
26637 0
26638 2
26639 1
26640 0
26641 2
26642 0
26643 0
26644 2
26645 0
26646 0
26647 2
26648 0
26649 1
26650 2
26651 0
26652 1
26653 0
26654 0
26655 0
26656 3
26657 0
26658 1
26659 1
26660 1
26661 0
26662 1
26663 1
26664 0
26665 1
26666 0
26667 2
26668 0
26669 0
26670 1
26671 2
26672 0
26673 1
26674 2
26675 1
26676 1
26677 0
26678 1
26679 0
26680 1
26681 3
26682 1
26683 1
26684 1
26685 1
26686 1
26687 1
26688 0
26689 2
26690 1
26691 0
26692 1
26693 0
26694 2
26695 0
26696 1
26697 2
26698 1
26699 2
26700 1
26701 1
26702 1
26703 2
26704 1
26705 0
26706 2
26707 2
26708 3
26709 0
26710 2
26711 0
26712 1
26713 0
26714 0
26715 2
26716 0
26717 2
26718 1
26719 0
26720 0
26721 1
26722 0
26723 1
26724 1
26725 2
26726 1
26727 2
26728 1
26729 3
26730 2
26731 0
26732 0
26733 1
26734 1
26735 0
26736 2
26737 0
26738 0
26739 0
26740 1
26741 3
26742 2
26743 2
26744 1
26745 1
26746 0
26747 1
26748 1
26749 0
26750 0
26751 0
26752 2
26753 2
26754 1
26755 2
26756 1
26757 1
26758 0
26759 1
26760 1
26761 2
26762 1
26763 0
26764 3
26765 0
26766 3
26767 3
26768 0
26769 0
26770 0
26771 0
26772 0
26773 0
26774 0
26775 0
26776 0
26777 2
26778 0
26779 3
26780 0
26781 1
26782 0
26783 0
26784 1
26785 1
26786 0
26787 0
26788 0
26789 1
26790 0
26791 0
26792 2
26793 2
26794 2
26795 1
26796 1
26797 2
26798 1
26799 1
26800 2
26801 1
26802 1
26803 1
26804 0
26805 2
26806 1
26807 2
26808 1
26809 1
26810 0
26811 0
26812 2
26813 0
26814 0
26815 0
26816 0
26817 1
26818 1
26819 1
26820 1
26821 1
26822 0
26823 1
26824 2
26825 2
26826 0
26827 0
26828 2
26829 2
26830 1
26831 1
26832 0
26833 2
26834 1
26835 0
26836 1
26837 0
26838 1
26839 2
26840 0
26841 1
26842 0
26843 1
26844 2
26845 2
26846 1
26847 1
26848 1
26849 1
26850 0
26851 0
26852 3
26853 1
26854 0
26855 0
26856 3
26857 0
26858 0
26859 1
26860 1
26861 0
26862 0
26863 0
26864 2
26865 2
26866 0
26867 1
26868 2
26869 3
26870 1
26871 0
26872 0
26873 2
26874 2
26875 1
26876 1
26877 2
26878 2
26879 0
26880 0
26881 0
26882 0
26883 2
26884 1
26885 1
26886 1
26887 1
26888 1
26889 1
26890 0
26891 0
26892 1
26893 1
26894 0
26895 1
26896 1
26897 2
26898 1
26899 2
26900 1
26901 2
26902 1
26903 2
26904 0
26905 1
26906 2
26907 3
26908 2
26909 1
26910 2
26911 1
26912 0
26913 2
26914 0
26915 2
26916 0
26917 1
26918 0
26919 0
26920 0
26921 0
26922 0
26923 0
26924 0
26925 2
26926 1
26927 0
26928 0
26929 0
26930 1
26931 2
26932 0
26933 2
26934 0
26935 0
26936 1
26937 0
26938 0
26939 2
26940 1
26941 0
26942 2
26943 2
26944 0
26945 0
26946 2
26947 0
26948 1
26949 2
26950 1
26951 3
26952 2
26953 0
26954 1
26955 0
26956 0
26957 2
26958 1
26959 2
26960 0
26961 0
26962 3
26963 0
26964 2
26965 1
26966 1
26967 0
26968 0
26969 1
26970 2
26971 1
26972 1
26973 0
26974 2
26975 2
26976 2
26977 0
26978 2
26979 0
26980 1
26981 2
26982 1
26983 3
26984 1
26985 0
26986 0
26987 1
26988 1
26989 0
26990 2
26991 1
26992 0
26993 1
26994 2
26995 0
26996 1
26997 0
26998 1
26999 2
27000 1
27001 1
27002 0
27003 0
27004 1
27005 2
27006 1
27007 2
27008 2
27009 0
27010 1
27011 0
27012 2
27013 1
27014 2
27015 2
27016 1
27017 2
27018 1
27019 3
27020 0
27021 1
27022 1
27023 2
27024 2
27025 0
27026 0
27027 0
27028 1
27029 1
27030 2
27031 0
27032 2
27033 1
27034 1
27035 1
27036 1
27037 2
27038 1
27039 1
27040 2
27041 1
27042 0
27043 1
27044 2
27045 1
27046 1
27047 1
27048 2
27049 0
27050 1
27051 0
27052 1
27053 0
27054 0
27055 0
27056 2
27057 1
27058 1
27059 0
27060 1
27061 2
27062 1
27063 1
27064 0
27065 0
27066 0
27067 0
27068 2
27069 0
27070 2
27071 2
27072 0
27073 0
27074 0
27075 1
27076 1
27077 0
27078 0
27079 2
27080 1
27081 1
27082 1
27083 2
27084 3
27085 0
27086 0
27087 0
27088 0
27089 0
27090 1
27091 2
27092 2
27093 0
27094 0
27095 0
27096 0
27097 1
27098 2
27099 3
27100 0
27101 0
27102 0
27103 2
27104 0
27105 0
27106 1
27107 2
27108 1
27109 0
27110 1
27111 0
27112 1
27113 2
27114 1
27115 2
27116 1
27117 0
27118 0
27119 2
27120 1
27121 0
27122 1
27123 0
27124 0
27125 1
27126 0
27127 3
27128 0
27129 1
27130 1
27131 0
27132 1
27133 1
27134 0
27135 0
27136 0
27137 1
27138 1
27139 0
27140 2
27141 1
27142 2
27143 2
27144 1
27145 0
27146 1
27147 0
27148 2
27149 0
27150 0
27151 2
27152 2
27153 2
27154 0
27155 1
27156 0
27157 0
27158 0
27159 1
27160 1
27161 1
27162 1
27163 0
27164 1
27165 2
27166 0
27167 1
27168 0
27169 0
27170 2
27171 2
27172 2
27173 0
27174 2
27175 1
27176 1
27177 0
27178 2
27179 1
27180 0
27181 1
27182 0
27183 1
27184 0
27185 0
27186 2
27187 0
27188 1
27189 2
27190 1
27191 2
27192 2
27193 2
27194 2
27195 1
27196 1
27197 0
27198 0
27199 0
27200 2
27201 0
27202 1
27203 2
27204 1
27205 0
27206 0
27207 0
27208 1
27209 0
27210 0
27211 2
27212 1
27213 0
27214 1
27215 2
27216 1
27217 1
27218 0
27219 0
27220 1
27221 1
27222 0
27223 0
27224 0
27225 0
27226 0
27227 2
27228 1
27229 0
27230 0
27231 1
27232 1
27233 0
27234 2
27235 2
27236 2
27237 0
27238 1
27239 1
27240 0
27241 0
27242 3
27243 1
27244 1
27245 0
27246 2
27247 1
27248 2
27249 0
27250 2
27251 0
27252 0
27253 1
27254 0
27255 0
27256 0
27257 1
27258 1
27259 0
27260 3
27261 0
27262 2
27263 1
27264 3
27265 0
27266 1
27267 1
27268 0
27269 2
27270 1
27271 2
27272 0
27273 1
27274 3
27275 1
27276 1
27277 0
27278 1
27279 0
27280 1
27281 1
27282 0
27283 1
27284 1
27285 0
27286 0
27287 1
27288 1
27289 0
27290 1
27291 1
27292 2
27293 0
27294 1
27295 0
27296 1
27297 2
27298 2
27299 1
27300 1
27301 1
27302 0
27303 0
27304 0
27305 0
27306 1
27307 2
27308 2
27309 2
27310 2
27311 1
27312 1
27313 2
27314 1
27315 1
27316 1
27317 1
27318 1
27319 0
27320 0
27321 0
27322 0
27323 2
27324 2
27325 2
27326 2
27327 1
27328 1
27329 0
27330 1
27331 1
27332 0
27333 1
27334 1
27335 2
27336 1
27337 0
27338 0
27339 1
27340 1
27341 2
27342 1
27343 0
27344 0
27345 2
27346 0
27347 0
27348 0
27349 1
27350 2
27351 2
27352 0
27353 0
27354 0
27355 3
27356 3
27357 1
27358 1
27359 1
27360 0
27361 0
27362 0
27363 1
27364 0
27365 1
27366 0
27367 2
27368 2
27369 0
27370 0
27371 1
27372 0
27373 0
27374 0
27375 1
27376 3
27377 2
27378 2
27379 1
27380 1
27381 1
27382 0
27383 0
27384 0
27385 1
27386 0
27387 2
27388 0
27389 2
27390 0
27391 0
27392 0
27393 1
27394 0
27395 0
27396 0
27397 2
27398 2
27399 0
27400 1
27401 1
27402 0
27403 0
27404 0
27405 3
27406 0
27407 0
27408 2
27409 1
27410 1
27411 2
27412 0
27413 1
27414 0
27415 1
27416 2
27417 1
27418 1
27419 1
27420 2
27421 1
27422 2
27423 0
27424 0
27425 3
27426 1
27427 0
27428 2
27429 2
27430 0
27431 0
27432 3
27433 0
27434 3
27435 0
27436 1
27437 0
27438 1
27439 0
27440 0
27441 0
27442 2
27443 3
27444 1
27445 2
27446 1
27447 1
27448 0
27449 0
27450 1
27451 1
27452 1
27453 0
27454 1
27455 1
27456 1
27457 1
27458 0
27459 0
27460 0
27461 1
27462 1
27463 1
27464 1
27465 1
27466 0
27467 2
27468 0
27469 3
27470 1
27471 0
27472 2
27473 1
27474 1
27475 1
27476 0
27477 2
27478 1
27479 0
27480 2
27481 2
27482 1
27483 1
27484 0
27485 1
27486 1
27487 2
27488 1
27489 1
27490 1
27491 1
27492 0
27493 0
27494 0
27495 1
27496 2
27497 1
27498 0
27499 0
27500 1
27501 0
27502 0
27503 1
27504 1
27505 0
27506 0
27507 0
27508 1
27509 2
27510 2
27511 1
27512 0
27513 0
27514 1
27515 0
27516 1
27517 1
27518 1
27519 0
27520 1
27521 2
27522 2
27523 0
27524 0
27525 0
27526 2
27527 1
27528 2
27529 0
27530 2
27531 1
27532 0
27533 1
27534 0
27535 1
27536 1
27537 2
27538 2
27539 0
27540 0
27541 1
27542 0
27543 0
27544 1
27545 0
27546 1
27547 1
27548 1
27549 1
27550 1
27551 1
27552 2
27553 2
27554 0
27555 2
27556 1
27557 0
27558 0
27559 1
27560 2
27561 1
27562 0
27563 1
27564 0
27565 2
27566 2
27567 0
27568 2
27569 0
27570 1
27571 1
27572 0
27573 1
27574 2
27575 1
27576 1
27577 1
27578 0
27579 0
27580 1
27581 0
27582 1
27583 0
27584 1
27585 1
27586 1
27587 2
27588 2
27589 1
27590 0
27591 2
27592 2
27593 2
27594 1
27595 1
27596 1
27597 2
27598 1
27599 2
27600 1
27601 1
27602 0
27603 2
27604 1
27605 2
27606 1
27607 2
27608 2
27609 1
27610 1
27611 2
27612 2
27613 0
27614 2
27615 1
27616 1
27617 2
27618 1
27619 1
27620 0
27621 0
27622 1
27623 0
27624 2
27625 1
27626 1
27627 2
27628 1
27629 1
27630 3
27631 1
27632 2
27633 0
27634 1
27635 0
27636 0
27637 2
27638 2
27639 0
27640 1
27641 2
27642 1
27643 1
27644 1
27645 0
27646 3
27647 3
27648 0
27649 1
27650 0
27651 0
27652 0
27653 1
27654 1
27655 0
27656 2
27657 1
27658 2
27659 3
27660 2
27661 1
27662 1
27663 1
27664 1
27665 2
27666 1
27667 1
27668 2
27669 2
27670 0
27671 2
27672 1
27673 2
27674 0
27675 0
27676 2
27677 1
27678 1
27679 0
27680 2
27681 1
27682 1
27683 0
27684 3
27685 2
27686 3
27687 2
27688 2
27689 2
27690 1
27691 1
27692 2
27693 0
27694 2
27695 2
27696 0
27697 1
27698 1
27699 2
27700 1
27701 2
27702 0
27703 0
27704 1
27705 1
27706 0
27707 1
27708 0
27709 2
27710 1
27711 0
27712 2
27713 3
27714 0
27715 0
27716 0
27717 0
27718 1
27719 0
27720 2
27721 0
27722 2
27723 1
27724 1
27725 1
27726 0
27727 0
27728 2
27729 0
27730 1
27731 2
27732 1
27733 1
27734 1
27735 2
27736 0
27737 2
27738 3
27739 2
27740 2
27741 0
27742 0
27743 0
27744 2
27745 2
27746 2
27747 2
27748 1
27749 0
27750 1
27751 0
27752 0
27753 1
27754 2
27755 1
27756 0
27757 2
27758 0
27759 1
27760 1
27761 0
27762 0
27763 0
27764 1
27765 1
27766 0
27767 2
27768 1
27769 2
27770 0
27771 1
27772 1
27773 2
27774 0
27775 1
27776 0
27777 3
27778 0
27779 2
27780 0
27781 0
27782 2
27783 1
27784 2
27785 0
27786 1
27787 2
27788 1
27789 3
27790 0
27791 1
27792 2
27793 2
27794 2
27795 0
27796 0
27797 0
27798 1
27799 0
27800 1
27801 0
27802 2
27803 0
27804 0
27805 0
27806 2
27807 1
27808 1
27809 0
27810 2
27811 2
27812 0
27813 4
27814 0
27815 2
27816 2
27817 1
27818 1
27819 0
27820 1
27821 1
27822 1
27823 1
27824 3
27825 1
27826 0
27827 1
27828 0
27829 1
27830 0
27831 1
27832 1
27833 1
27834 3
27835 0
27836 3
27837 1
27838 2
27839 0
27840 1
27841 1
27842 1
27843 2
27844 0
27845 1
27846 1
27847 1
27848 0
27849 1
27850 2
27851 0
27852 0
27853 2
27854 2
27855 2
27856 0
27857 0
27858 3
27859 0
27860 2
27861 1
27862 2
27863 0
27864 1
27865 0
27866 0
27867 1
27868 0
27869 0
27870 0
27871 0
27872 0
27873 1
27874 0
27875 1
27876 2
27877 1
27878 0
27879 1
27880 1
27881 0
27882 1
27883 0
27884 1
27885 0
27886 1
27887 1
27888 0
27889 0
27890 1
27891 1
27892 0
27893 1
27894 0
27895 1
27896 0
27897 0
27898 0
27899 2
27900 1
27901 1
27902 0
27903 2
27904 1
27905 1
27906 3
27907 1
27908 2
27909 0
27910 0
27911 0
27912 1
27913 0
27914 1
27915 2
27916 2
27917 0
27918 1
27919 1
27920 2
27921 1
27922 1
27923 1
27924 1
27925 2
27926 1
27927 0
27928 1
27929 2
27930 1
27931 0
27932 1
27933 0
27934 1
27935 0
27936 1
27937 2
27938 1
27939 0
27940 1
27941 1
27942 1
27943 1
27944 1
27945 0
27946 2
27947 2
27948 2
27949 0
27950 0
27951 2
27952 0
27953 0
27954 0
27955 0
27956 1
27957 2
27958 0
27959 1
27960 1
27961 2
27962 2
27963 1
27964 1
27965 0
27966 0
27967 1
27968 1
27969 0
27970 0
27971 0
27972 2
27973 0
27974 1
27975 1
27976 0
27977 2
27978 0
27979 0
27980 1
27981 0
27982 0
27983 0
27984 1
27985 2
27986 0
27987 1
27988 0
27989 0
27990 0
27991 2
27992 0
27993 0
27994 1
27995 1
27996 2
27997 0
27998 0
27999 1
28000 3
28001 1
28002 0
28003 0
28004 2
28005 0
28006 1
28007 1
28008 0
28009 1
28010 0
28011 2
28012 1
28013 0
28014 2
28015 1
28016 2
28017 1
28018 1
28019 0
28020 1
28021 1
28022 1
28023 1
28024 2
28025 1
28026 0
28027 2
28028 0
28029 1
28030 0
28031 1
28032 2
28033 1
28034 2
28035 2
28036 2
28037 0
28038 1
28039 0
28040 2
28041 1
28042 2
28043 1
28044 1
28045 0
28046 0
28047 2
28048 1
28049 1
28050 0
28051 2
28052 1
28053 1
28054 2
28055 1
28056 1
28057 0
28058 0
28059 0
28060 0
28061 2
28062 3
28063 1
28064 2
28065 2
28066 1
28067 1
28068 0
28069 0
28070 0
28071 1
28072 0
28073 1
28074 2
28075 0
28076 2
28077 1
28078 2
28079 0
28080 1
28081 1
28082 2
28083 1
28084 2
28085 0
28086 2
28087 0
28088 0
28089 1
28090 1
28091 0
28092 0
28093 2
28094 1
28095 0
28096 1
28097 0
28098 0
28099 0
28100 0
28101 1
28102 0
28103 0
28104 3
28105 2
28106 2
28107 2
28108 0
28109 2
28110 0
28111 2
28112 2
28113 2
28114 2
28115 1
28116 1
28117 0
28118 1
28119 1
28120 1
28121 1
28122 1
28123 1
28124 1
28125 1
28126 2
28127 1
28128 0
28129 2
28130 1
28131 0
28132 2
28133 2
28134 1
28135 0
28136 1
28137 2
28138 1
28139 2
28140 0
28141 0
28142 0
28143 2
28144 1
28145 0
28146 1
28147 2
28148 2
28149 0
28150 1
28151 0
28152 1
28153 0
28154 1
28155 0
28156 0
28157 2
28158 1
28159 0
28160 1
28161 0
28162 1
28163 1
28164 1
28165 2
28166 2
28167 0
28168 0
28169 0
28170 2
28171 1
28172 0
28173 0
28174 0
28175 0
28176 1
28177 0
28178 1
28179 1
28180 2
28181 0
28182 0
28183 1
28184 0
28185 0
28186 2
28187 1
28188 0
28189 1
28190 1
28191 0
28192 0
28193 1
28194 3
28195 0
28196 2
28197 0
28198 0
28199 1
28200 2
28201 1
28202 1
28203 1
28204 1
28205 2
28206 1
28207 2
28208 0
28209 0
28210 1
28211 0
28212 3
28213 1
28214 0
28215 3
28216 2
28217 2
28218 2
28219 0
28220 1
28221 0
28222 1
28223 0
28224 1
28225 1
28226 1
28227 2
28228 0
28229 0
28230 0
28231 1
28232 0
28233 0
28234 1
28235 1
28236 0
28237 0
28238 0
28239 1
28240 2
28241 2
28242 0
28243 1
28244 3
28245 0
28246 2
28247 2
28248 0
28249 1
28250 0
28251 0
28252 1
28253 2
28254 0
28255 1
28256 1
28257 0
28258 0
28259 0
28260 1
28261 0
28262 1
28263 1
28264 0
28265 2
28266 2
28267 2
28268 0
28269 1
28270 1
28271 0
28272 0
28273 0
28274 1
28275 3
28276 1
28277 1
28278 1
28279 1
28280 0
28281 0
28282 0
28283 0
28284 3
28285 2
28286 0
28287 0
28288 2
28289 1
28290 0
28291 0
28292 0
28293 0
28294 2
28295 1
28296 0
28297 0
28298 1
28299 2
28300 0
28301 1
28302 0
28303 2
28304 3
28305 1
28306 0
28307 1
28308 0
28309 0
28310 0
28311 1
28312 0
28313 0
28314 1
28315 0
28316 2
28317 1
28318 1
28319 1
28320 3
28321 0
28322 1
28323 1
28324 1
28325 2
28326 1
28327 0
28328 1
28329 2
28330 0
28331 1
28332 0
28333 0
28334 0
28335 1
28336 1
28337 0
28338 0
28339 0
28340 1
28341 0
28342 1
28343 1
28344 0
28345 2
28346 2
28347 0
28348 1
28349 0
28350 3
28351 1
28352 1
28353 1
28354 1
28355 0
28356 1
28357 0
28358 3
28359 2
28360 0
28361 1
28362 2
28363 0
28364 2
28365 0
28366 2
28367 1
28368 0
28369 0
28370 3
28371 2
28372 0
28373 1
28374 2
28375 0
28376 2
28377 2
28378 0
28379 2
28380 2
28381 1
28382 0
28383 1
28384 0
28385 0
28386 0
28387 1
28388 1
28389 2
28390 0
28391 0
28392 1
28393 1
28394 2
28395 0
28396 0
28397 2
28398 0
28399 0
28400 2
28401 1
28402 2
28403 1
28404 1
28405 1
28406 1
28407 3
28408 1
28409 2
28410 2
28411 0
28412 0
28413 1
28414 1
28415 0
28416 1
28417 1
28418 0
28419 1
28420 2
28421 2
28422 2
28423 0
28424 0
28425 1
28426 1
28427 2
28428 0
28429 1
28430 1
28431 0
28432 0
28433 1
28434 0
28435 2
28436 2
28437 2
28438 1
28439 0
28440 2
28441 2
28442 2
28443 0
28444 1
28445 2
28446 2
28447 1
28448 1
28449 1
28450 1
28451 0
28452 0
28453 0
28454 0
28455 1
28456 1
28457 1
28458 1
28459 1
28460 1
28461 0
28462 3
28463 2
28464 1
28465 1
28466 0
28467 1
28468 1
28469 1
28470 1
28471 1
28472 1
28473 2
28474 1
28475 0
28476 1
28477 1
28478 1
28479 0
28480 0
28481 1
28482 0
28483 2
28484 1
28485 1
28486 0
28487 0
28488 0
28489 2
28490 1
28491 0
28492 0
28493 2
28494 1
28495 1
28496 0
28497 0
28498 1
28499 1
28500 2
28501 0
28502 1
28503 1
28504 0
28505 1
28506 0
28507 1
28508 2
28509 2
28510 0
28511 1
28512 1
28513 0
28514 2
28515 0
28516 2
28517 1
28518 0
28519 1
28520 1
28521 1
28522 1
28523 1
28524 1
28525 1
28526 3
28527 1
28528 1
28529 1
28530 1
28531 2
28532 1
28533 1
28534 1
28535 2
28536 1
28537 2
28538 1
28539 2
28540 2
28541 1
28542 0
28543 0
28544 1
28545 1
28546 1
28547 0
28548 3
28549 1
28550 1
28551 1
28552 3
28553 1
28554 2
28555 2
28556 1
28557 3
28558 1
28559 0
28560 2
28561 1
28562 1
28563 0
28564 0
28565 1
28566 1
28567 0
28568 0
28569 1
28570 0
28571 0
28572 2
28573 0
28574 3
28575 3
28576 1
28577 0
28578 0
28579 2
28580 1
28581 1
28582 1
28583 1
28584 1
28585 1
28586 0
28587 2
28588 1
28589 1
28590 1
28591 2
28592 2
28593 1
28594 1
28595 0
28596 0
28597 2
28598 0
28599 0
28600 1
28601 2
28602 2
28603 1
28604 0
28605 2
28606 1
28607 1
28608 1
28609 1
28610 1
28611 0
28612 1
28613 1
28614 2
28615 2
28616 1
28617 1
28618 0
28619 1
28620 2
28621 0
28622 1
28623 0
28624 0
28625 0
28626 1
28627 0
28628 2
28629 1
28630 0
28631 0
28632 1
28633 0
28634 1
28635 0
28636 1
28637 2
28638 0
28639 1
28640 1
28641 2
28642 0
28643 1
28644 1
28645 1
28646 0
28647 0
28648 0
28649 1
28650 0
28651 1
28652 1
28653 1
28654 1
28655 0
28656 1
28657 1
28658 0
28659 2
28660 2
28661 0
28662 2
28663 0
28664 0
28665 0
28666 2
28667 0
28668 1
28669 1
28670 2
28671 1
28672 0
28673 1
28674 2
28675 2
28676 2
28677 0
28678 2
28679 0
28680 0
28681 2
28682 0
28683 1
28684 0
28685 1
28686 2
28687 2
28688 1
28689 0
28690 0
28691 2
28692 0
28693 1
28694 2
28695 1
28696 0
28697 2
28698 1
28699 0
28700 0
28701 1
28702 1
28703 0
28704 1
28705 1
28706 1
28707 2
28708 2
28709 1
28710 1
28711 1
28712 1
28713 2
28714 2
28715 2
28716 0
28717 1
28718 3
28719 1
28720 2
28721 1
28722 1
28723 1
28724 1
28725 0
28726 1
28727 1
28728 2
28729 2
28730 3
28731 3
28732 2
28733 2
28734 1
28735 1
28736 1
28737 2
28738 0
28739 2
28740 0
28741 0
28742 0
28743 0
28744 1
28745 2
28746 2
28747 0
28748 0
28749 2
28750 0
28751 2
28752 2
28753 1
28754 2
28755 1
28756 0
28757 2
28758 1
28759 1
28760 1
28761 0
28762 1
28763 0
28764 1
28765 2
28766 1
28767 0
28768 2
28769 1
28770 1
28771 0
28772 1
28773 2
28774 2
28775 0
28776 2
28777 1
28778 0
28779 0
28780 2
28781 1
28782 0
28783 3
28784 3
28785 2
28786 0
28787 0
28788 2
28789 2
28790 1
28791 0
28792 1
28793 0
28794 0
28795 1
28796 1
28797 3
28798 1
28799 2
28800 2
28801 0
28802 0
28803 3
28804 2
28805 1
28806 1
28807 1
28808 0
28809 0
28810 0
28811 0
28812 3
28813 1
28814 2
28815 0
28816 1
28817 1
28818 1
28819 0
28820 1
28821 2
28822 1
28823 1
28824 0
28825 0
28826 2
28827 1
28828 0
28829 0
28830 3
28831 1
28832 0
28833 1
28834 1
28835 0
28836 1
28837 0
28838 1
28839 0
28840 1
28841 1
28842 2
28843 0
28844 1
28845 2
28846 0
28847 1
28848 0
28849 0
28850 0
28851 1
28852 2
28853 0
28854 1
28855 0
28856 1
28857 1
28858 0
28859 0
28860 1
28861 2
28862 0
28863 1
28864 2
28865 2
28866 1
28867 3
28868 2
28869 1
28870 1
28871 0
28872 0
28873 0
28874 1
28875 0
28876 2
28877 0
28878 3
28879 0
28880 1
28881 0
28882 0
28883 2
28884 0
28885 0
28886 0
28887 2
28888 2
28889 1
28890 0
28891 0
28892 1
28893 1
28894 1
28895 1
28896 2
28897 2
28898 0
28899 1
28900 1
28901 0
28902 0
28903 2
28904 0
28905 0
28906 1
28907 1
28908 1
28909 1
28910 1
28911 2
28912 1
28913 0
28914 0
28915 1
28916 1
28917 0
28918 1
28919 0
28920 0
28921 1
28922 0
28923 0
28924 2
28925 0
28926 2
28927 0
28928 1
28929 1
28930 1
28931 0
28932 1
28933 0
28934 0
28935 1
28936 1
28937 2
28938 2
28939 0
28940 0
28941 1
28942 1
28943 2
28944 2
28945 0
28946 1
28947 1
28948 0
28949 0
28950 0
28951 2
28952 0
28953 0
28954 0
28955 1
28956 1
28957 0
28958 1
28959 1
28960 1
28961 2
28962 0
28963 2
28964 0
28965 0
28966 1
28967 2
28968 1
28969 0
28970 0
28971 1
28972 0
28973 2
28974 1
28975 0
28976 2
28977 1
28978 0
28979 0
28980 0
28981 3
28982 0
28983 1
28984 3
28985 0
28986 1
28987 0
28988 0
28989 1
28990 1
28991 0
28992 3
28993 3
28994 2
28995 1
28996 1
28997 0
28998 2
28999 2
29000 2
29001 0
29002 0
29003 2
29004 1
29005 1
29006 2
29007 0
29008 2
29009 1
29010 0
29011 1
29012 0
29013 0
29014 1
29015 1
29016 0
29017 1
29018 0
29019 1
29020 1
29021 0
29022 1
29023 0
29024 1
29025 1
29026 0
29027 0
29028 0
29029 1
29030 0
29031 2
29032 1
29033 2
29034 2
29035 1
29036 3
29037 0
29038 2
29039 3
29040 1
29041 0
29042 3
29043 1
29044 0
29045 0
29046 0
29047 1
29048 0
29049 2
29050 2
29051 2
29052 1
29053 1
29054 0
29055 1
29056 2
29057 2
29058 0
29059 1
29060 0
29061 0
29062 1
29063 0
29064 1
29065 0
29066 2
29067 0
29068 0
29069 1
29070 1
29071 2
29072 1
29073 0
29074 1
29075 2
29076 1
29077 1
29078 1
29079 1
29080 0
29081 1
29082 2
29083 0
29084 1
29085 0
29086 0
29087 2
29088 0
29089 2
29090 1
29091 0
29092 2
29093 0
29094 0
29095 1
29096 1
29097 0
29098 1
29099 0
29100 0
29101 1
29102 0
29103 0
29104 1
29105 2
29106 0
29107 0
29108 2
29109 0
29110 1
29111 2
29112 1
29113 2
29114 1
29115 0
29116 1
29117 1
29118 2
29119 0
29120 2
29121 1
29122 1
29123 2
29124 2
29125 2
29126 2
29127 0
29128 0
29129 1
29130 1
29131 1
29132 2
29133 0
29134 0
29135 1
29136 0
29137 1
29138 1
29139 1
29140 1
29141 2
29142 1
29143 1
29144 2
29145 0
29146 2
29147 0
29148 2
29149 0
29150 2
29151 0
29152 1
29153 0
29154 1
29155 1
29156 0
29157 0
29158 0
29159 1
29160 1
29161 1
29162 1
29163 2
29164 2
29165 0
29166 0
29167 1
29168 1
29169 0
29170 1
29171 0
29172 0
29173 1
29174 0
29175 0
29176 1
29177 1
29178 0
29179 2
29180 1
29181 3
29182 1
29183 1
29184 1
29185 1
29186 0
29187 1
29188 2
29189 0
29190 2
29191 0
29192 1
29193 3
29194 0
29195 3
29196 0
29197 2
29198 1
29199 0
29200 0
29201 1
29202 1
29203 0
29204 0
29205 2
29206 1
29207 1
29208 0
29209 0
29210 1
29211 1
29212 0
29213 2
29214 1
29215 2
29216 1
29217 0
29218 3
29219 1
29220 1
29221 0
29222 0
29223 2
29224 0
29225 0
29226 1
29227 1
29228 1
29229 0
29230 0
29231 0
29232 0
29233 0
29234 1
29235 1
29236 0
29237 2
29238 1
29239 1
29240 0
29241 0
29242 1
29243 3
29244 1
29245 0
29246 0
29247 0
29248 1
29249 1
29250 0
29251 2
29252 0
29253 1
29254 1
29255 1
29256 3
29257 0
29258 1
29259 2
29260 0
29261 2
29262 1
29263 1
29264 2
29265 1
29266 2
29267 2
29268 0
29269 1
29270 1
29271 1
29272 1
29273 2
29274 2
29275 0
29276 1
29277 0
29278 0
29279 1
29280 0
29281 0
29282 1
29283 1
29284 1
29285 0
29286 2
29287 2
29288 1
29289 0
29290 2
29291 1
29292 0
29293 0
29294 1
29295 2
29296 1
29297 2
29298 1
29299 1
29300 0
29301 0
29302 0
29303 2
29304 1
29305 1
29306 1
29307 2
29308 1
29309 0
29310 0
29311 1
29312 1
29313 0
29314 2
29315 0
29316 2
29317 0
29318 1
29319 0
29320 2
29321 1
29322 0
29323 1
29324 1
29325 1
29326 0
29327 1
29328 1
29329 2
29330 1
29331 2
29332 3
29333 0
29334 1
29335 2
29336 0
29337 0
29338 1
29339 0
29340 0
29341 0
29342 2
29343 1
29344 0
29345 3
29346 0
29347 0
29348 0
29349 1
29350 1
29351 1
29352 1
29353 2
29354 3
29355 0
29356 1
29357 1
29358 0
29359 1
29360 0
29361 2
29362 1
29363 2
29364 0
29365 0
29366 1
29367 0
29368 0
29369 0
29370 1
29371 1
29372 0
29373 0
29374 0
29375 0
29376 1
29377 0
29378 1
29379 2
29380 1
29381 2
29382 1
29383 1
29384 1
29385 1
29386 2
29387 2
29388 2
29389 1
29390 2
29391 1
29392 2
29393 2
29394 1
29395 0
29396 0
29397 0
29398 0
29399 0
29400 2
29401 2
29402 0
29403 1
29404 1
29405 1
29406 2
29407 1
29408 0
29409 2
29410 2
29411 1
29412 1
29413 1
29414 1
29415 0
29416 1
29417 2
29418 0
29419 2
29420 2
29421 2
29422 2
29423 1
29424 1
29425 1
29426 1
29427 1
29428 2
29429 2
29430 1
29431 2
29432 2
29433 0
29434 0
29435 1
29436 1
29437 1
29438 2
29439 2
29440 1
29441 1
29442 1
29443 2
29444 0
29445 1
29446 2
29447 2
29448 3
29449 3
29450 2
29451 0
29452 0
29453 2
29454 0
29455 1
29456 1
29457 1
29458 0
29459 1
29460 1
29461 2
29462 0
29463 2
29464 1
29465 1
29466 1
29467 1
29468 1
29469 2
29470 1
29471 0
29472 2
29473 1
29474 2
29475 2
29476 1
29477 2
29478 0
29479 0
29480 2
29481 1
29482 1
29483 1
29484 1
29485 1
29486 1
29487 0
29488 1
29489 2
29490 2
29491 0
29492 1
29493 0
29494 0
29495 2
29496 2
29497 1
29498 1
29499 1
29500 0
29501 0
29502 1
29503 0
29504 0
29505 2
29506 1
29507 0
29508 0
29509 1
29510 1
29511 3
29512 2
29513 2
29514 2
29515 0
29516 1
29517 1
29518 1
29519 0
29520 1
29521 1
29522 0
29523 3
29524 0
29525 0
29526 0
29527 1
29528 0
29529 2
29530 2
29531 2
29532 0
29533 1
29534 0
29535 1
29536 0
29537 0
29538 1
29539 1
29540 1
29541 2
29542 2
29543 0
29544 1
29545 1
29546 1
29547 0
29548 1
29549 0
29550 1
29551 0
29552 0
29553 2
29554 2
29555 0
29556 1
29557 3
29558 1
29559 0
29560 2
29561 2
29562 1
29563 1
29564 0
29565 0
29566 1
29567 1
29568 0
29569 3
29570 1
29571 2
29572 0
29573 0
29574 0
29575 0
29576 3
29577 0
29578 1
29579 2
29580 2
29581 1
29582 2
29583 2
29584 0
29585 0
29586 2
29587 2
29588 2
29589 0
29590 0
29591 1
29592 1
29593 1
29594 3
29595 0
29596 0
29597 0
29598 1
29599 1
29600 1
29601 3
29602 1
29603 0
29604 0
29605 0
29606 0
29607 1
29608 0
29609 1
29610 3
29611 1
29612 2
29613 0
29614 2
29615 1
29616 1
29617 2
29618 1
29619 1
29620 0
29621 0
29622 2
29623 1
29624 2
29625 1
29626 1
29627 2
29628 0
29629 0
29630 0
29631 1
29632 2
29633 0
29634 3
29635 1
29636 2
29637 1
29638 0
29639 1
29640 3
29641 1
29642 2
29643 2
29644 0
29645 2
29646 0
29647 1
29648 2
29649 0
29650 0
29651 1
29652 1
29653 1
29654 0
29655 0
29656 1
29657 0
29658 2
29659 2
29660 1
29661 0
29662 2
29663 0
29664 1
29665 0
29666 1
29667 0
29668 2
29669 1
29670 2
29671 0
29672 1
29673 0
29674 1
29675 1
29676 1
29677 1
29678 2
29679 0
29680 1
29681 0
29682 1
29683 1
29684 2
29685 2
29686 1
29687 0
29688 1
29689 0
29690 2
29691 0
29692 2
29693 2
29694 0
29695 1
29696 1
29697 0
29698 1
29699 2
29700 0
29701 1
29702 0
29703 1
29704 0
29705 3
29706 2
29707 1
29708 1
29709 0
29710 1
29711 2
29712 0
29713 3
29714 1
29715 1
29716 1
29717 2
29718 1
29719 0
29720 1
29721 0
29722 3
29723 3
29724 1
29725 0
29726 0
29727 2
29728 0
29729 1
29730 1
29731 1
29732 1
29733 1
29734 2
29735 1
29736 2
29737 0
29738 0
29739 1
29740 1
29741 1
29742 1
29743 2
29744 1
29745 1
29746 1
29747 1
29748 1
29749 1
29750 3
29751 0
29752 1
29753 1
29754 0
29755 2
29756 2
29757 0
29758 1
29759 1
29760 0
29761 0
29762 0
29763 0
29764 1
29765 0
29766 0
29767 1
29768 0
29769 1
29770 1
29771 2
29772 0
29773 1
29774 1
29775 0
29776 2
29777 0
29778 0
29779 2
29780 0
29781 1
29782 2
29783 1
29784 0
29785 1
29786 0
29787 0
29788 1
29789 2
29790 0
29791 2
29792 3
29793 1
29794 1
29795 1
29796 0
29797 2
29798 2
29799 1
29800 0
29801 0
29802 1
29803 1
29804 0
29805 2
29806 1
29807 1
29808 1
29809 3
29810 0
29811 1
29812 0
29813 0
29814 3
29815 1
29816 0
29817 1
29818 0
29819 0
29820 1
29821 2
29822 0
29823 1
29824 0
29825 3
29826 2
29827 0
29828 0
29829 1
29830 0
29831 2
29832 2
29833 0
29834 0
29835 1
29836 2
29837 2
29838 2
29839 0
29840 1
29841 2
29842 1
29843 0
29844 0
29845 0
29846 1
29847 2
29848 1
29849 2
29850 2
29851 1
29852 0
29853 1
29854 2
29855 1
29856 0
29857 0
29858 1
29859 2
29860 1
29861 0
29862 0
29863 2
29864 2
29865 0
29866 0
29867 2
29868 2
29869 0
29870 1
29871 1
29872 1
29873 1
29874 0
29875 0
29876 2
29877 1
29878 2
29879 0
29880 1
29881 0
29882 0
29883 3
29884 0
29885 2
29886 1
29887 1
29888 3
29889 0
29890 1
29891 2
29892 0
29893 2
29894 2
29895 2
29896 1
29897 0
29898 1
29899 2
29900 0
29901 2
29902 1
29903 0
29904 0
29905 0
29906 1
29907 0
29908 2
29909 1
29910 2
29911 2
29912 0
29913 1
29914 0
29915 1
29916 0
29917 0
29918 0
29919 2
29920 2
29921 2
29922 2
29923 1
29924 1
29925 0
29926 1
29927 0
29928 0
29929 0
29930 0
29931 0
29932 0
29933 1
29934 0
29935 0
29936 2
29937 0
29938 2
29939 1
29940 1
29941 0
29942 1
29943 0
29944 0
29945 0
29946 1
29947 1
29948 1
29949 1
29950 0
29951 2
29952 1
29953 2
29954 0
29955 1
29956 0
29957 3
29958 2
29959 1
29960 1
29961 2
29962 1
29963 0
29964 0
29965 0
29966 0
29967 0
29968 2
29969 1
29970 0
29971 1
29972 1
29973 1
29974 1
29975 0
29976 1
29977 1
29978 2
29979 2
29980 0
29981 1
29982 1
29983 2
29984 1
29985 1
29986 0
29987 1
29988 0
29989 0
29990 2
29991 0
29992 1
29993 1
29994 0
29995 1
29996 1
29997 0
29998 1
29999 2
30000 1
30001 3
30002 2
30003 0
30004 2
30005 2
30006 0
30007 2
30008 2
30009 1
30010 1
30011 2
30012 2
30013 1
30014 0
30015 1
30016 0
30017 1
30018 0
30019 0
30020 2
30021 1
30022 0
30023 1
30024 0
30025 0
30026 1
30027 3
30028 2
30029 0
30030 2
30031 2
30032 1
30033 2
30034 1
30035 0
30036 1
30037 2
30038 1
30039 2
30040 1
30041 2
30042 2
30043 1
30044 1
30045 1
30046 1
30047 2
30048 0
30049 0
30050 1
30051 1
30052 0
30053 0
30054 2
30055 0
30056 3
30057 0
30058 0
30059 2
30060 2
30061 0
30062 2
30063 0
30064 0
30065 3
30066 1
30067 2
30068 1
30069 0
30070 3
30071 2
30072 0
30073 1
30074 0
30075 1
30076 1
30077 1
30078 1
30079 2
30080 1
30081 1
30082 2
30083 1
30084 2
30085 1
30086 0
30087 0
30088 1
30089 0
30090 2
30091 0
30092 0
30093 1
30094 2
30095 0
30096 0
30097 0
30098 1
30099 0
30100 0
30101 2
30102 1
30103 3
30104 1
30105 1
30106 1
30107 1
30108 1
30109 2
30110 1
30111 0
30112 1
30113 2
30114 2
30115 2
30116 1
30117 0
30118 1
30119 0
30120 1
30121 2
30122 2
30123 1
30124 1
30125 0
30126 0
30127 2
30128 2
30129 0
30130 0
30131 2
30132 2
30133 0
30134 1
30135 0
30136 1
30137 0
30138 0
30139 2
30140 0
30141 1
30142 0
30143 0
30144 2
30145 2
30146 1
30147 1
30148 0
30149 0
30150 2
30151 1
30152 2
30153 1
30154 0
30155 0
30156 2
30157 0
30158 1
30159 3
30160 1
30161 3
30162 2
30163 1
30164 1
30165 1
30166 1
30167 1
30168 0
30169 2
30170 0
30171 1
30172 1
30173 2
30174 1
30175 0
30176 1
30177 1
30178 1
30179 0
30180 0
30181 1
30182 1
30183 1
30184 2
30185 2
30186 0
30187 2
30188 0
30189 1
30190 1
30191 0
30192 1
30193 1
30194 1
30195 0
30196 1
30197 0
30198 0
30199 1
30200 0
30201 1
30202 1
30203 1
30204 1
30205 0
30206 0
30207 2
30208 1
30209 1
30210 3
30211 1
30212 0
30213 2
30214 0
30215 0
30216 1
30217 2
30218 0
30219 0
30220 0
30221 1
30222 0
30223 1
30224 1
30225 1
30226 0
30227 0
30228 1
30229 1
30230 0
30231 0
30232 1
30233 0
30234 2
30235 1
30236 1
30237 0
30238 2
30239 0
30240 0
30241 1
30242 1
30243 1
30244 1
30245 0
30246 1
30247 0
30248 1
30249 1
30250 1
30251 2
30252 1
30253 1
30254 0
30255 0
30256 1
30257 0
30258 0
30259 0
30260 1
30261 0
30262 0
30263 1
30264 0
30265 0
30266 2
30267 1
30268 2
30269 2
30270 2
30271 0
30272 1
30273 2
30274 0
30275 0
30276 2
30277 0
30278 0
30279 1
30280 0
30281 1
30282 0
30283 0
30284 1
30285 1
30286 2
30287 3
30288 1
30289 1
30290 0
30291 2
30292 1
30293 0
30294 0
30295 0
30296 1
30297 0
30298 1
30299 2
30300 1
30301 1
30302 1
30303 3
30304 1
30305 1
30306 0
30307 0
30308 0
30309 2
30310 3
30311 0
30312 2
30313 0
30314 0
30315 1
30316 1
30317 1
30318 0
30319 1
30320 1
30321 0
30322 2
30323 1
30324 0
30325 1
30326 0
30327 1
30328 1
30329 1
30330 2
30331 0
30332 0
30333 1
30334 2
30335 1
30336 1
30337 0
30338 2
30339 0
30340 1
30341 1
30342 2
30343 1
30344 0
30345 3
30346 1
30347 1
30348 0
30349 1
30350 3
30351 0
30352 0
30353 2
30354 1
30355 0
30356 1
30357 2
30358 0
30359 0
30360 1
30361 2
30362 0
30363 1
30364 2
30365 0
30366 2
30367 2
30368 2
30369 1
30370 2
30371 1
30372 2
30373 1
30374 0
30375 3
30376 2
30377 1
30378 3
30379 0
30380 2
30381 1
30382 1
30383 0
30384 1
30385 1
30386 2
30387 2
30388 1
30389 1
30390 1
30391 2
30392 0
30393 1
30394 1
30395 1
30396 2
30397 1
30398 0
30399 2
30400 0
30401 0
30402 0
30403 1
30404 1
30405 1
30406 0
30407 1
30408 0
30409 2
30410 1
30411 0
30412 0
30413 1
30414 1
30415 1
30416 1
30417 2
30418 1
30419 0
30420 1
30421 0
30422 1
30423 3
30424 0
30425 1
30426 1
30427 0
30428 0
30429 1
30430 0
30431 2
30432 2
30433 1
30434 2
30435 0
30436 2
30437 0
30438 2
30439 2
30440 1
30441 1
30442 2
30443 2
30444 0
30445 0
30446 0
30447 1
30448 2
30449 0
30450 0
30451 1
30452 1
30453 1
30454 0
30455 1
30456 2
30457 1
30458 2
30459 1
30460 0
30461 0
30462 2
30463 2
30464 1
30465 1
30466 2
30467 1
30468 0
30469 0
30470 2
30471 1
30472 0
30473 1
30474 1
30475 1
30476 0
30477 0
30478 0
30479 2
30480 1
30481 1
30482 0
30483 1
30484 1
30485 0
30486 0
30487 2
30488 3
30489 0
30490 2
30491 2
30492 2
30493 3
30494 1
30495 0
30496 0
30497 2
30498 1
30499 1
30500 0
30501 0
30502 0
30503 2
30504 0
30505 0
30506 3
30507 2
30508 1
30509 1
30510 1
30511 1
30512 0
30513 2
30514 2
30515 0
30516 0
30517 0
30518 2
30519 2
30520 2
30521 0
30522 2
30523 0
30524 0
30525 2
30526 0
30527 0
30528 1
30529 0
30530 1
30531 2
30532 0
30533 1
30534 1
30535 1
30536 2
30537 2
30538 3
30539 2
30540 1
30541 1
30542 2
30543 1
30544 1
30545 2
30546 0
30547 1
30548 0
30549 3
30550 3
30551 2
30552 0
30553 1
30554 2
30555 2
30556 2
30557 2
30558 1
30559 0
30560 2
30561 2
30562 2
30563 1
30564 1
30565 0
30566 1
30567 1
30568 1
30569 1
30570 1
30571 2
30572 0
30573 2
30574 2
30575 2
30576 3
30577 1
30578 2
30579 1
30580 2
30581 1
30582 0
30583 1
30584 1
30585 1
30586 3
30587 1
30588 2
30589 0
30590 0
30591 0
30592 1
30593 2
30594 1
30595 2
30596 0
30597 0
30598 1
30599 1
30600 0
30601 1
30602 0
30603 1
30604 2
30605 0
30606 1
30607 1
30608 1
30609 1
30610 0
30611 0
30612 2
30613 1
30614 2
30615 0
30616 0
30617 0
30618 3
30619 1
30620 0
30621 1
30622 0
30623 1
30624 1
30625 1
30626 0
30627 0
30628 3
30629 0
30630 0
30631 0
30632 0
30633 2
30634 1
30635 0
30636 2
30637 3
30638 0
30639 1
30640 1
30641 1
30642 1
30643 0
30644 0
30645 0
30646 2
30647 3
30648 1
30649 2
30650 1
30651 2
30652 2
30653 3
30654 1
30655 0
30656 2
30657 2
30658 1
30659 2
30660 0
30661 1
30662 1
30663 1
30664 2
30665 2
30666 2
30667 2
30668 0
30669 0
30670 0
30671 2
30672 1
30673 1
30674 1
30675 0
30676 0
30677 0
30678 1
30679 2
30680 0
30681 1
30682 0
30683 0
30684 1
30685 0
30686 0
30687 2
30688 1
30689 1
30690 0
30691 0
30692 2
30693 1
30694 2
30695 2
30696 0
30697 2
30698 1
30699 3
30700 2
30701 2
30702 0
30703 1
30704 0
30705 2
30706 0
30707 2
30708 0
30709 2
30710 0
30711 1
30712 0
30713 2
30714 1
30715 0
30716 0
30717 2
30718 3
30719 1
30720 1
30721 0
30722 0
30723 0
30724 0
30725 1
30726 1
30727 1
30728 2
30729 1
30730 0
30731 2
30732 2
30733 1
30734 0
30735 0
30736 1
30737 1
30738 0
30739 0
30740 1
30741 1
30742 0
30743 2
30744 2
30745 0
30746 1
30747 1
30748 0
30749 0
30750 0
30751 1
30752 0
30753 3
30754 0
30755 3
30756 0
30757 1
30758 1
30759 1
30760 2
30761 1
30762 2
30763 1
30764 2
30765 3
30766 2
30767 1
30768 1
30769 0
30770 0
30771 2
30772 0
30773 2
30774 2
30775 2
30776 1
30777 1
30778 0
30779 2
30780 2
30781 0
30782 0
30783 1
30784 1
30785 2
30786 0
30787 2
30788 0
30789 2
30790 1
30791 1
30792 3
30793 1
30794 0
30795 3
30796 0
30797 0
30798 3
30799 0
30800 3
30801 0
30802 2
30803 0
30804 1
30805 1
30806 1
30807 1
30808 1
30809 1
30810 0
30811 0
30812 0
30813 0
30814 0
30815 1
30816 0
30817 3
30818 2
30819 0
30820 2
30821 2
30822 0
30823 0
30824 0
30825 2
30826 2
30827 2
30828 0
30829 0
30830 0
30831 1
30832 1
30833 1
30834 0
30835 0
30836 1
30837 0
30838 2
30839 2
30840 3
30841 1
30842 1
30843 1
30844 0
30845 1
30846 1
30847 1
30848 0
30849 1
30850 0
30851 1
30852 1
30853 0
30854 1
30855 0
30856 1
30857 1
30858 0
30859 2
30860 1
30861 0
30862 0
30863 2
30864 1
30865 0
30866 0
30867 0
30868 1
30869 2
30870 2
30871 0
30872 0
30873 0
30874 2
30875 0
30876 2
30877 0
30878 1
30879 0
30880 1
30881 1
30882 2
30883 2
30884 0
30885 0
30886 2
30887 0
30888 1
30889 0
30890 0
30891 1
30892 0
30893 1
30894 1
30895 0
30896 2
30897 2
30898 0
30899 0
30900 1
30901 0
30902 0
30903 0
30904 0
30905 2
30906 1
30907 1
30908 0
30909 2
30910 0
30911 0
30912 1
30913 2
30914 1
30915 0
30916 3
30917 0
30918 2
30919 0
30920 2
30921 1
30922 0
30923 2
30924 1
30925 0
30926 1
30927 2
30928 0
30929 0
30930 1
30931 2
30932 1
30933 0
30934 0
30935 0
30936 2
30937 0
30938 1
30939 2
30940 2
30941 2
30942 0
30943 0
30944 0
30945 1
30946 1
30947 0
30948 0
30949 0
30950 1
30951 1
30952 1
30953 1
30954 2
30955 0
30956 1
30957 0
30958 0
30959 0
30960 0
30961 0
30962 2
30963 1
30964 1
30965 0
30966 1
30967 0
30968 1
30969 2
30970 1
30971 1
30972 1
30973 1
30974 1
30975 0
30976 0
30977 0
30978 2
30979 0
30980 4
30981 2
30982 0
30983 0
30984 0
30985 0
30986 1
30987 0
30988 3
30989 1
30990 1
30991 0
30992 1
30993 0
30994 1
30995 0
30996 2
30997 2
30998 1
30999 2
31000 0
31001 0
31002 0
31003 0
31004 1
31005 1
31006 1
31007 1
31008 2
31009 1
31010 0
31011 0
31012 0
31013 1
31014 0
31015 2
31016 1
31017 0
31018 1
31019 0
31020 1
31021 1
31022 0
31023 1
31024 0
31025 0
31026 2
31027 2
31028 1
31029 2
31030 1
31031 1
31032 0
31033 1
31034 1
31035 1
31036 0
31037 1
31038 2
31039 1
31040 1
31041 1
31042 0
31043 2
31044 0
31045 0
31046 1
31047 0
31048 0
31049 0
31050 0
31051 0
31052 1
31053 0
31054 2
31055 0
31056 0
31057 1
31058 1
31059 2
31060 1
31061 1
31062 0
31063 2
31064 1
31065 0
31066 0
31067 1
31068 2
31069 0
31070 3
31071 0
31072 2
31073 0
31074 2
31075 1
31076 0
31077 2
31078 1
31079 0
31080 0
31081 2
31082 2
31083 2
31084 1
31085 2
31086 1
31087 1
31088 1
31089 2
31090 2
31091 1
31092 0
31093 0
31094 2
31095 0
31096 1
31097 1
31098 1
31099 1
31100 1
31101 2
31102 0
31103 1
31104 1
31105 0
31106 0
31107 1
31108 1
31109 1
31110 1
31111 0
31112 0
31113 2
31114 0
31115 1
31116 1
31117 0
31118 2
31119 1
31120 2
31121 0
31122 2
31123 1
31124 0
31125 1
31126 0
31127 2
31128 1
31129 0
31130 1
31131 0
31132 0
31133 2
31134 2
31135 2
31136 1
31137 1
31138 1
31139 2
31140 1
31141 1
31142 1
31143 0
31144 1
31145 0
31146 0
31147 1
31148 1
31149 2
31150 0
31151 1
31152 1
31153 0
31154 1
31155 0
31156 3
31157 1
31158 2
31159 0
31160 1
31161 2
31162 2
31163 3
31164 2
31165 0
31166 1
31167 2
31168 2
31169 0
31170 0
31171 0
31172 1
31173 1
31174 0
31175 1
31176 1
31177 2
31178 3
31179 2
31180 2
31181 1
31182 0
31183 1
31184 0
31185 3
31186 0
31187 1
31188 0
31189 3
31190 1
31191 0
31192 1
31193 1
31194 2
31195 1
31196 1
31197 2
31198 2
31199 2
31200 2
31201 0
31202 0
31203 0
31204 0
31205 3
31206 3
31207 0
31208 1
31209 0
31210 1
31211 0
31212 0
31213 1
31214 0
31215 0
31216 2
31217 0
31218 1
31219 1
31220 2
31221 2
31222 2
31223 2
31224 2
31225 2
31226 1
31227 1
31228 0
31229 1
31230 2
31231 0
31232 1
31233 2
31234 2
31235 0
31236 1
31237 2
31238 2
31239 1
31240 0
31241 0
31242 1
31243 0
31244 0
31245 1
31246 0
31247 1
31248 1
31249 0
31250 0
31251 1
31252 1
31253 1
31254 0
31255 1
31256 0
31257 3
31258 0
31259 1
31260 1
31261 1
31262 1
31263 0
31264 1
31265 1
31266 2
31267 1
31268 0
31269 1
31270 2
31271 3
31272 0
31273 0
31274 0
31275 0
31276 2
31277 0
31278 0
31279 1
31280 0
31281 2
31282 2
31283 1
31284 2
31285 1
31286 1
31287 0
31288 0
31289 2
31290 2
31291 1
31292 2
31293 1
31294 1
31295 2
31296 1
31297 1
31298 0
31299 0
31300 1
31301 0
31302 2
31303 1
31304 1
31305 2
31306 1
31307 2
31308 3
31309 1
31310 1
31311 1
31312 1
31313 1
31314 1
31315 2
31316 1
31317 1
31318 1
31319 0
31320 0
31321 0
31322 2
31323 1
31324 0
31325 1
31326 2
31327 0
31328 2
31329 1
31330 0
31331 1
31332 2
31333 1
31334 2
31335 2
31336 1
31337 0
31338 1
31339 0
31340 1
31341 1
31342 1
31343 2
31344 0
31345 1
31346 0
31347 2
31348 0
31349 1
31350 0
31351 3
31352 0
31353 1
31354 2
31355 0
31356 1
31357 1
31358 2
31359 0
31360 0
31361 0
31362 0
31363 0
31364 2
31365 1
31366 1
31367 0
31368 0
31369 4
31370 1
31371 0
31372 2
31373 2
31374 0
31375 1
31376 1
31377 0
31378 2
31379 1
31380 0
31381 1
31382 1
31383 3
31384 2
31385 2
31386 0
31387 0
31388 1
31389 0
31390 2
31391 0
31392 0
31393 0
31394 2
31395 2
31396 0
31397 1
31398 3
31399 2
31400 2
31401 1
31402 2
31403 0
31404 0
31405 1
31406 0
31407 1
31408 2
31409 2
31410 1
31411 0
31412 0
31413 2
31414 0
31415 1
31416 1
31417 2
31418 2
31419 3
31420 3
31421 0
31422 0
31423 3
31424 0
31425 2
31426 1
31427 2
31428 0
31429 2
31430 0
31431 1
31432 2
31433 0
31434 0
31435 0
31436 2
31437 2
31438 2
31439 2
31440 1
31441 1
31442 0
31443 0
31444 0
31445 0
31446 0
31447 0
31448 1
31449 2
31450 0
31451 1
31452 1
31453 0
31454 0
31455 2
31456 0
31457 0
31458 1
31459 1
31460 2
31461 0
31462 0
31463 1
31464 2
31465 2
31466 3
31467 0
31468 0
31469 2
31470 0
31471 0
31472 0
31473 0
31474 0
31475 1
31476 1
31477 1
31478 2
31479 2
31480 1
31481 0
31482 1
31483 0
31484 1
31485 1
31486 1
31487 1
31488 1
31489 2
31490 2
31491 1
31492 0
31493 0
31494 2
31495 1
31496 1
31497 0
31498 1
31499 1
31500 1
31501 3
31502 1
31503 0
31504 0
31505 0
31506 1
31507 1
31508 2
31509 0
31510 0
31511 0
31512 1
31513 1
31514 0
31515 0
31516 0
31517 0
31518 0
31519 1
31520 1
31521 1
31522 1
31523 2
31524 1
31525 2
31526 1
31527 2
31528 1
31529 1
31530 1
31531 1
31532 2
31533 2
31534 2
31535 0
31536 2
31537 2
31538 1
31539 0
31540 0
31541 1
31542 1
31543 0
31544 3
31545 1
31546 1
31547 2
31548 0
31549 0
31550 1
31551 0
31552 1
31553 3
31554 1
31555 1
31556 1
31557 0
31558 0
31559 0
31560 1
31561 0
31562 1
31563 0
31564 2
31565 1
31566 1
31567 3
31568 1
31569 3
31570 1
31571 0
31572 1
31573 0
31574 0
31575 0
31576 1
31577 1
31578 2
31579 1
31580 1
31581 0
31582 3
31583 1
31584 3
31585 2
31586 2
31587 0
31588 0
31589 1
31590 0
31591 0
31592 0
31593 0
31594 0
31595 3
31596 0
31597 2
31598 0
31599 3
31600 2
31601 1
31602 0
31603 1
31604 1
31605 0
31606 2
31607 0
31608 3
31609 1
31610 1
31611 0
31612 2
31613 1
31614 1
31615 2
31616 0
31617 0
31618 2
31619 3
31620 0
31621 1
31622 0
31623 3
31624 1
31625 0
31626 0
31627 1
31628 2
31629 0
31630 1
31631 1
31632 2
31633 0
31634 0
31635 0
31636 1
31637 2
31638 2
31639 0
31640 0
31641 1
31642 1
31643 0
31644 2
31645 1
31646 2
31647 0
31648 0
31649 2
31650 2
31651 0
31652 1
31653 1
31654 1
31655 0
31656 0
31657 1
31658 0
31659 1
31660 0
31661 2
31662 1
31663 1
31664 1
31665 1
31666 1
31667 0
31668 2
31669 0
31670 1
31671 3
31672 1
31673 0
31674 0
31675 2
31676 2
31677 0
31678 1
31679 1
31680 1
31681 2
31682 0
31683 2
31684 0
31685 1
31686 1
31687 0
31688 0
31689 0
31690 1
31691 2
31692 1
31693 0
31694 0
31695 1
31696 1
31697 1
31698 1
31699 0
31700 1
31701 2
31702 0
31703 3
31704 1
31705 2
31706 0
31707 3
31708 0
31709 2
31710 0
31711 1
31712 1
31713 1
31714 1
31715 2
31716 0
31717 2
31718 1
31719 0
31720 3
31721 2
31722 0
31723 1
31724 2
31725 1
31726 0
31727 1
31728 1
31729 2
31730 1
31731 1
31732 3
31733 0
31734 0
31735 3
31736 2
31737 0
31738 0
31739 0
31740 2
31741 0
31742 1
31743 0
31744 1
31745 2
31746 0
31747 2
31748 0
31749 3
31750 1
31751 2
31752 1
31753 1
31754 3
31755 1
31756 0
31757 2
31758 0
31759 2
31760 3
31761 2
31762 0
31763 0
31764 2
31765 3
31766 1
31767 3
31768 0
31769 0
31770 0
31771 1
31772 0
31773 0
31774 2
31775 1
31776 1
31777 0
31778 2
31779 2
31780 2
31781 2
31782 1
31783 0
31784 2
31785 2
31786 1
31787 2
31788 2
31789 2
31790 2
31791 1
31792 2
31793 0
31794 2
31795 1
31796 2
31797 1
31798 0
31799 1
31800 0
31801 1
31802 0
31803 1
31804 0
31805 0
31806 1
31807 2
31808 1
31809 3
31810 0
31811 0
31812 0
31813 1
31814 1
31815 1
31816 0
31817 0
31818 0
31819 2
31820 2
31821 0
31822 2
31823 0
31824 0
31825 1
31826 0
31827 0
31828 3
31829 1
31830 1
31831 1
31832 2
31833 0
31834 2
31835 3
31836 0
31837 1
31838 1
31839 1
31840 0
31841 1
31842 2
31843 1
31844 2
31845 0
31846 2
31847 1
31848 0
31849 1
31850 2
31851 1
31852 1
31853 0
31854 0
31855 0
31856 3
31857 1
31858 1
31859 2
31860 2
31861 1
31862 1
31863 1
31864 2
31865 1
31866 2
31867 1
31868 2
31869 4
31870 0
31871 0
31872 0
31873 2
31874 1
31875 1
31876 2
31877 3
31878 0
31879 1
31880 1
31881 0
31882 3
31883 1
31884 1
31885 1
31886 2
31887 0
31888 3
31889 1
31890 3
31891 3
31892 0
31893 2
31894 3
31895 0
31896 3
31897 3
31898 0
31899 1
31900 1
31901 1
31902 2
31903 2
31904 2
31905 1
31906 1
31907 0
31908 3
31909 1
31910 2
31911 1
31912 2
31913 2
31914 0
31915 0
31916 1
31917 2
31918 1
31919 0
31920 2
31921 0
31922 0
31923 0
31924 1
31925 2
31926 0
31927 1
31928 1
31929 1
31930 2
31931 1
31932 0
31933 0
31934 0
31935 2
31936 1
31937 1
31938 2
31939 2
31940 0
31941 2
31942 1
31943 1
31944 1
31945 0
31946 0
31947 3
31948 0
31949 0
31950 0
31951 1
31952 1
31953 2
31954 0
31955 1
31956 0
31957 1
31958 3
31959 0
31960 0
31961 1
31962 0
31963 1
31964 1
31965 0
31966 1
31967 1
31968 0
31969 2
31970 1
31971 0
31972 1
31973 1
31974 2
31975 1
31976 2
31977 3
31978 1
31979 2
31980 1
31981 0
31982 1
31983 1
31984 0
31985 1
31986 0
31987 1
31988 2
31989 0
31990 2
31991 1
31992 2
31993 1
31994 1
31995 0
31996 0
31997 0
31998 1
31999 0
32000 0
32001 3
32002 2
32003 0
32004 0
32005 0
32006 3
32007 0
32008 0
32009 1
32010 3
32011 2
32012 1
32013 0
32014 3
32015 2
32016 0
32017 2
32018 1
32019 0
32020 0
32021 3
32022 3
32023 1
32024 0
32025 1
32026 0
32027 1
32028 1
32029 1
32030 1
32031 1
32032 2
32033 1
32034 0
32035 0
32036 1
32037 0
32038 1
32039 1
32040 1
32041 1
32042 3
32043 0
32044 3
32045 0
32046 2
32047 1
32048 1
32049 1
32050 0
32051 0
32052 1
32053 2
32054 0
32055 1
32056 1
32057 0
32058 2
32059 0
32060 2
32061 2
32062 0
32063 2
32064 1
32065 0
32066 0
32067 2
32068 1
32069 0
32070 2
32071 2
32072 2
32073 3
32074 2
32075 3
32076 2
32077 1
32078 2
32079 0
32080 3
32081 1
32082 1
32083 2
32084 0
32085 0
32086 2
32087 1
32088 2
32089 1
32090 2
32091 1
32092 3
32093 1
32094 2
32095 0
32096 1
32097 2
32098 0
32099 1
32100 0
32101 1
32102 0
32103 1
32104 2
32105 0
32106 1
32107 1
32108 1
32109 0
32110 0
32111 1
32112 1
32113 1
32114 2
32115 2
32116 1
32117 1
32118 1
32119 0
32120 0
32121 0
32122 1
32123 2
32124 3
32125 1
32126 0
32127 1
32128 0
32129 1
32130 2
32131 0
32132 1
32133 1
32134 2
32135 0
32136 1
32137 1
32138 0
32139 0
32140 3
32141 1
32142 2
32143 0
32144 0
32145 0
32146 1
32147 2
32148 2
32149 2
32150 0
32151 4
32152 0
32153 0
32154 0
32155 1
32156 1
32157 2
32158 0
32159 3
32160 2
32161 3
32162 0
32163 2
32164 1
32165 2
32166 1
32167 3
32168 1
32169 1
32170 0
32171 1
32172 2
32173 3
32174 0
32175 1
32176 1
32177 0
32178 1
32179 0
32180 0
32181 1
32182 0
32183 2
32184 0
32185 0
32186 0
32187 2
32188 1
32189 2
32190 2
32191 2
32192 1
32193 0
32194 2
32195 0
32196 2
32197 1
32198 1
32199 1
32200 0
32201 0
32202 3
32203 0
32204 0
32205 2
32206 0
32207 1
32208 0
32209 3
32210 1
32211 1
32212 0
32213 0
32214 0
32215 1
32216 2
32217 1
32218 0
32219 3
32220 1
32221 1
32222 0
32223 1
32224 1
32225 1
32226 1
32227 2
32228 2
32229 1
32230 1
32231 2
32232 2
32233 1
32234 1
32235 0
32236 3
32237 3
32238 0
32239 1
32240 2
32241 1
32242 0
32243 2
32244 1
32245 1
32246 0
32247 0
32248 3
32249 1
32250 2
32251 2
32252 2
32253 2
32254 1
32255 2
32256 1
32257 2
32258 2
32259 1
32260 1
32261 0
32262 1
32263 1
32264 1
32265 3
32266 0
32267 2
32268 0
32269 2
32270 1
32271 2
32272 1
32273 1
32274 0
32275 0
32276 1
32277 0
32278 0
32279 2
32280 0
32281 0
32282 0
32283 1
32284 1
32285 0
32286 0
32287 2
32288 3
32289 2
32290 3
32291 2
32292 0
32293 0
32294 0
32295 1
32296 0
32297 1
32298 0
32299 1
32300 2
32301 1
32302 1
32303 1
32304 1
32305 0
32306 1
32307 0
32308 2
32309 3
32310 0
32311 0
32312 3
32313 0
32314 0
32315 2
32316 1
32317 1
32318 0
32319 1
32320 2
32321 0
32322 1
32323 1
32324 0
32325 0
32326 0
32327 2
32328 0
32329 0
32330 3
32331 2
32332 1
32333 2
32334 1
32335 1
32336 0
32337 1
32338 0
32339 1
32340 2
32341 0
32342 1
32343 2
32344 2
32345 1
32346 1
32347 1
32348 1
32349 0
32350 1
32351 1
32352 2
32353 0
32354 2
32355 2
32356 2
32357 2
32358 0
32359 0
32360 1
32361 2
32362 2
32363 1
32364 1
32365 1
32366 1
32367 0
32368 0
32369 1
32370 0
32371 1
32372 1
32373 0
32374 1
32375 2
32376 2
32377 0
32378 2
32379 1
32380 1
32381 0
32382 1
32383 2
32384 2
32385 1
32386 0
32387 0
32388 0
32389 1
32390 0
32391 0
32392 2
32393 0
32394 0
32395 1
32396 1
32397 2
32398 2
32399 2
32400 2
32401 1
32402 0
32403 2
32404 1
32405 0
32406 2
32407 2
32408 1
32409 2
32410 1
32411 2
32412 0
32413 1
32414 2
32415 0
32416 2
32417 1
32418 2
32419 0
32420 2
32421 1
32422 0
32423 1
32424 1
32425 2
32426 2
32427 0
32428 1
32429 1
32430 2
32431 0
32432 0
32433 0
32434 2
32435 2
32436 1
32437 2
32438 3
32439 0
32440 1
32441 0
32442 1
32443 1
32444 0
32445 2
32446 0
32447 2
32448 1
32449 2
32450 2
32451 2
32452 2
32453 0
32454 2
32455 0
32456 1
32457 1
32458 1
32459 2
32460 2
32461 2
32462 0
32463 2
32464 0
32465 0
32466 0
32467 0
32468 0
32469 1
32470 1
32471 1
32472 1
32473 0
32474 1
32475 2
32476 3
32477 0
32478 0
32479 1
32480 2
32481 1
32482 1
32483 2
32484 2
32485 2
32486 1
32487 2
32488 2
32489 1
32490 2
32491 1
32492 1
32493 1
32494 1
32495 2
32496 1
32497 1
32498 0
32499 2
32500 0
32501 0
32502 3
32503 0
32504 1
32505 1
32506 0
32507 2
32508 1
32509 1
32510 1
32511 1
32512 0
32513 2
32514 0
32515 2
32516 1
32517 0
32518 1
32519 0
32520 2
32521 1
32522 1
32523 1
32524 2
32525 0
32526 0
32527 0
32528 1
32529 1
32530 0
32531 2
32532 2
32533 3
32534 0
32535 2
32536 2
32537 1
32538 0
32539 0
32540 2
32541 0
32542 2
32543 1
32544 2
32545 2
32546 0
32547 1
32548 1
32549 0
32550 4
32551 0
32552 1
32553 1
32554 1
32555 0
32556 1
32557 1
32558 0
32559 0
32560 2
32561 1
32562 0
32563 0
32564 0
32565 1
32566 3
32567 0
32568 2
32569 1
32570 1
32571 2
32572 1
32573 1
32574 1
32575 3
32576 0
32577 2
32578 2
32579 0
32580 0
32581 1
32582 1
32583 0
32584 0
32585 3
32586 2
32587 1
32588 2
32589 1
32590 2
32591 1
32592 1
32593 2
32594 3
32595 0
32596 0
32597 1
32598 1
32599 0
32600 0
32601 3
32602 2
32603 3
32604 0
32605 1
32606 2
32607 2
32608 1
32609 1
32610 2
32611 1
32612 1
32613 1
32614 2
32615 1
32616 2
32617 2
32618 2
32619 0
32620 1
32621 0
32622 0
32623 0
32624 2
32625 1
32626 0
32627 1
32628 0
32629 0
32630 1
32631 2
32632 2
32633 1
32634 1
32635 0
32636 1
32637 2
32638 0
32639 1
32640 0
32641 2
32642 2
32643 1
32644 0
32645 1
32646 3
32647 2
32648 1
32649 2
32650 1
32651 1
32652 0
32653 0
32654 0
32655 0
32656 2
32657 0
32658 2
32659 0
32660 2
32661 1
32662 0
32663 3
32664 2
32665 0
32666 0
32667 0
32668 2
32669 1
32670 1
32671 1
32672 1
32673 0
32674 2
32675 0
32676 1
32677 2
32678 2
32679 0
32680 0
32681 2
32682 2
32683 1
32684 3
32685 0
32686 1
32687 0
32688 0
32689 0
32690 0
32691 2
32692 0
32693 0
32694 0
32695 1
32696 0
32697 1
32698 0
32699 1
32700 1
32701 1
32702 1
32703 2
32704 1
32705 2
32706 2
32707 2
32708 1
32709 1
32710 2
32711 0
32712 2
32713 0
32714 1
32715 2
32716 3
32717 1
32718 2
32719 0
32720 2
32721 2
32722 3
32723 0
32724 3
32725 2
32726 1
32727 1
32728 3
32729 2
32730 1
32731 0
32732 0
32733 0
32734 0
32735 1
32736 2
32737 1
32738 0
32739 0
32740 1
32741 1
32742 2
32743 1
32744 2
32745 2
32746 1
32747 1
32748 0
32749 0
32750 2
32751 0
32752 2
32753 1
32754 0
32755 2
32756 1
32757 1
32758 0
32759 1
32760 2
32761 2
32762 2
32763 1
32764 0
32765 2
32766 2
32767 2
32768 3
32769 2
32770 1
32771 1
32772 0
32773 0
32774 1
32775 3
32776 3
32777 2
32778 0
32779 0
32780 1
32781 0
32782 1
32783 3
32784 0
32785 1
32786 1
32787 1
32788 1
32789 2
32790 0
32791 0
32792 1
32793 1
32794 1
32795 0
32796 1
32797 1
32798 0
32799 2
32800 2
32801 0
32802 1
32803 3
32804 1
32805 2
32806 3
32807 2
32808 0
32809 2
32810 3
32811 0
32812 2
32813 1
32814 0
32815 1
32816 3
32817 0
32818 1
32819 1
32820 0
32821 2
32822 2
32823 1
32824 1
32825 0
32826 0
32827 2
32828 1
32829 2
32830 0
32831 0
32832 0
32833 0
32834 3
32835 0
32836 0
32837 1
32838 3
32839 2
32840 1
32841 2
32842 0
32843 3
32844 1
32845 0
32846 2
32847 3
32848 0
32849 0
32850 0
32851 1
32852 0
32853 3
32854 0
32855 2
32856 1
32857 0
32858 2
32859 1
32860 1
32861 1
32862 0
32863 2
32864 0
32865 2
32866 0
32867 1
32868 1
32869 0
32870 1
32871 0
32872 1
32873 0
32874 2
32875 0
32876 0
32877 0
32878 0
32879 0
32880 0
32881 1
32882 3
32883 3
32884 2
32885 2
32886 1
32887 1
32888 3
32889 0
32890 1
32891 1
32892 2
32893 0
32894 0
32895 0
32896 0
32897 1
32898 2
32899 1
32900 3
32901 2
32902 0
32903 2
32904 0
32905 0
32906 0
32907 0
32908 2
32909 0
32910 1
32911 1
32912 1
32913 0
32914 2
32915 0
32916 0
32917 0
32918 2
32919 1
32920 0
32921 1
32922 1
32923 1
32924 3
32925 1
32926 2
32927 0
32928 1
32929 3
32930 1
32931 0
32932 0
32933 2
32934 1
32935 3
32936 0
32937 2
32938 0
32939 1
32940 2
32941 1
32942 2
32943 2
32944 0
32945 0
32946 4
32947 1
32948 3
32949 2
32950 1
32951 0
32952 0
32953 1
32954 2
32955 2
32956 0
32957 1
32958 1
32959 3
32960 0
32961 1
32962 0
32963 2
32964 1
32965 0
32966 1
32967 0
32968 1
32969 1
32970 0
32971 0
32972 2
32973 0
32974 1
32975 1
32976 0
32977 3
32978 2
32979 1
32980 2
32981 1
32982 0
32983 2
32984 1
32985 0
32986 0
32987 1
32988 1
32989 0
32990 2
32991 2
32992 0
32993 0
32994 0
32995 1
32996 1
32997 2
32998 1
32999 0
33000 0
33001 1
33002 0
33003 2
33004 0
33005 1
33006 0
33007 1
33008 2
33009 2
33010 1
33011 1
33012 0
33013 0
33014 1
33015 1
33016 0
33017 2
33018 1
33019 0
33020 0
33021 2
33022 2
33023 1
33024 1
33025 2
33026 1
33027 3
33028 2
33029 1
33030 2
33031 2
33032 0
33033 2
33034 0
33035 3
33036 0
33037 2
33038 1
33039 0
33040 2
33041 2
33042 1
33043 2
33044 1
33045 2
33046 0
33047 0
33048 0
33049 1
33050 0
33051 0
33052 1
33053 1
33054 1
33055 1
33056 2
33057 0
33058 1
33059 0
33060 0
33061 1
33062 0
33063 0
33064 2
33065 0
33066 0
33067 0
33068 0
33069 0
33070 0
33071 1
33072 1
33073 2
33074 1
33075 0
33076 1
33077 0
33078 2
33079 0
33080 1
33081 0
33082 0
33083 2
33084 2
33085 0
33086 2
33087 2
33088 1
33089 1
33090 0
33091 0
33092 0
33093 0
33094 1
33095 2
33096 2
33097 0
33098 2
33099 2
33100 1
33101 0
33102 2
33103 1
33104 1
33105 2
33106 1
33107 2
33108 2
33109 0
33110 2
33111 2
33112 1
33113 0
33114 0
33115 0
33116 2
33117 2
33118 2
33119 2
33120 2
33121 1
33122 0
33123 1
33124 0
33125 0
33126 2
33127 0
33128 3
33129 2
33130 2
33131 2
33132 1
33133 1
33134 0
33135 2
33136 0
33137 0
33138 4
33139 0
33140 2
33141 0
33142 1
33143 1
33144 1
33145 2
33146 0
33147 1
33148 0
33149 0
33150 2
33151 1
33152 1
33153 2
33154 2
33155 2
33156 0
33157 2
33158 1
33159 1
33160 0
33161 2
33162 0
33163 1
33164 2
33165 1
33166 0
33167 0
33168 2
33169 1
33170 3
33171 0
33172 1
33173 1
33174 1
33175 0
33176 1
33177 2
33178 0
33179 0
33180 1
33181 0
33182 0
33183 3
33184 1
33185 3
33186 2
33187 1
33188 0
33189 1
33190 2
33191 0
33192 0
33193 1
33194 3
33195 0
33196 1
33197 2
33198 0
33199 2
33200 1
33201 0
33202 0
33203 1
33204 1
33205 3
33206 1
33207 2
33208 0
33209 1
33210 0
33211 1
33212 0
33213 1
33214 0
33215 0
33216 2
33217 1
33218 0
33219 1
33220 2
33221 1
33222 1
33223 0
33224 0
33225 2
33226 2
33227 2
33228 1
33229 1
33230 2
33231 0
33232 2
33233 0
33234 1
33235 2
33236 2
33237 1
33238 0
33239 1
33240 1
33241 2
33242 1
33243 1
33244 3
33245 1
33246 2
33247 1
33248 0
33249 2
33250 0
33251 0
33252 2
33253 1
33254 1
33255 2
33256 0
33257 2
33258 1
33259 2
33260 2
33261 0
33262 2
33263 1
33264 1
33265 1
33266 1
33267 0
33268 1
33269 0
33270 2
33271 0
33272 1
33273 0
33274 2
33275 0
33276 0
33277 2
33278 0
33279 2
33280 2
33281 0
33282 0
33283 2
33284 1
33285 3
33286 1
33287 2
33288 2
33289 2
33290 0
33291 2
33292 2
33293 1
33294 3
33295 0
33296 1
33297 0
33298 2
33299 1
33300 1
33301 3
33302 1
33303 2
33304 1
33305 1
33306 2
33307 1
33308 2
33309 1
33310 0
33311 0
33312 1
33313 2
33314 2
33315 1
33316 0
33317 0
33318 0
33319 2
33320 0
33321 1
33322 2
33323 2
33324 2
33325 2
33326 2
33327 1
33328 2
33329 0
33330 2
33331 1
33332 1
33333 2
33334 1
33335 2
33336 0
33337 1
33338 2
33339 1
33340 0
33341 0
33342 3
33343 2
33344 1
33345 1
33346 0
33347 2
33348 1
33349 0
33350 2
33351 0
33352 0
33353 1
33354 0
33355 1
33356 0
33357 0
33358 0
33359 2
33360 2
33361 1
33362 0
33363 3
33364 0
33365 2
33366 2
33367 1
33368 2
33369 2
33370 2
33371 1
33372 3
33373 3
33374 1
33375 0
33376 1
33377 1
33378 2
33379 2
33380 2
33381 1
33382 2
33383 2
33384 0
33385 0
33386 1
33387 2
33388 2
33389 0
33390 1
33391 1
33392 1
33393 1
33394 3
33395 3
33396 0
33397 1
33398 1
33399 1
33400 0
33401 0
33402 0
33403 1
33404 0
33405 1
33406 0
33407 1
33408 4
33409 1
33410 1
33411 2
33412 1
33413 1
33414 1
33415 3
33416 0
33417 0
33418 1
33419 1
33420 1
33421 0
33422 0
33423 1
33424 0
33425 2
33426 0
33427 1
33428 0
33429 1
33430 0
33431 0
33432 2
33433 3
33434 0
33435 0
33436 1
33437 1
33438 2
33439 1
33440 2
33441 2
33442 2
33443 1
33444 2
33445 0
33446 0
33447 0
33448 2
33449 0
33450 1
33451 1
33452 3
33453 1
33454 1
33455 2
33456 1
33457 2
33458 2
33459 1
33460 2
33461 1
33462 0
33463 2
33464 1
33465 0
33466 1
33467 2
33468 3
33469 2
33470 1
33471 2
33472 1
33473 1
33474 0
33475 0
33476 1
33477 2
33478 1
33479 0
33480 1
33481 2
33482 1
33483 1
33484 0
33485 2
33486 0
33487 2
33488 1
33489 0
33490 1
33491 2
33492 0
33493 2
33494 3
33495 2
33496 2
33497 2
33498 1
33499 3
33500 0
33501 2
33502 1
33503 1
33504 2
33505 3
33506 2
33507 0
33508 2
33509 2
33510 2
33511 1
33512 3
33513 2
33514 1
33515 1
33516 2
33517 1
33518 1
33519 0
33520 0
33521 1
33522 0
33523 2
33524 0
33525 2
33526 0
33527 1
33528 1
33529 2
33530 2
33531 0
33532 0
33533 2
33534 2
33535 0
33536 0
33537 1
33538 0
33539 1
33540 0
33541 1
33542 2
33543 1
33544 3
33545 1
33546 0
33547 1
33548 0
33549 2
33550 0
33551 3
33552 1
33553 1
33554 0
33555 1
33556 3
33557 1
33558 1
33559 2
33560 0
33561 2
33562 0
33563 3
33564 1
33565 2
33566 1
33567 2
33568 2
33569 3
33570 3
33571 2
33572 0
33573 1
33574 0
33575 1
33576 1
33577 1
33578 0
33579 1
33580 1
33581 3
33582 1
33583 1
33584 0
33585 1
33586 1
33587 0
33588 0
33589 1
33590 0
33591 1
33592 2
33593 0
33594 1
33595 2
33596 0
33597 1
33598 0
33599 1
33600 0
33601 2
33602 1
33603 2
33604 1
33605 1
33606 0
33607 0
33608 2
33609 0
33610 1
33611 1
33612 0
33613 1
33614 1
33615 0
33616 2
33617 1
33618 0
33619 0
33620 1
33621 1
33622 2
33623 0
33624 3
33625 0
33626 0
33627 0
33628 2
33629 2
33630 1
33631 0
33632 1
33633 1
33634 2
33635 0
33636 0
33637 0
33638 0
33639 0
33640 2
33641 0
33642 2
33643 0
33644 0
33645 0
33646 1
33647 2
33648 1
33649 0
33650 2
33651 1
33652 0
33653 2
33654 2
33655 1
33656 2
33657 2
33658 2
33659 1
33660 1
33661 0
33662 0
33663 1
33664 0
33665 2
33666 1
33667 3
33668 0
33669 1
33670 1
33671 2
33672 0
33673 2
33674 0
33675 3
33676 1
33677 1
33678 3
33679 1
33680 1
33681 0
33682 2
33683 0
33684 0
33685 0
33686 2
33687 2
33688 0
33689 2
33690 1
33691 3
33692 0
33693 1
33694 0
33695 0
33696 0
33697 1
33698 0
33699 0
33700 0
33701 1
33702 0
33703 2
33704 0
33705 1
33706 2
33707 1
33708 2
33709 2
33710 1
33711 0
33712 1
33713 1
33714 0
33715 0
33716 1
33717 2
33718 1
33719 1
33720 1
33721 0
33722 0
33723 1
33724 0
33725 1
33726 2
33727 1
33728 1
33729 0
33730 0
33731 1
33732 2
33733 2
33734 0
33735 2
33736 2
33737 1
33738 0
33739 0
33740 0
33741 3
33742 1
33743 2
33744 0
33745 0
33746 0
33747 2
33748 1
33749 0
33750 1
33751 0
33752 0
33753 0
33754 2
33755 0
33756 1
33757 1
33758 0
33759 2
33760 0
33761 0
33762 0
33763 2
33764 0
33765 1
33766 0
33767 0
33768 1
33769 2
33770 0
33771 0
33772 2
33773 2
33774 2
33775 3
33776 0
33777 1
33778 1
33779 2
33780 0
33781 1
33782 1
33783 2
33784 0
33785 0
33786 1
33787 3
33788 0
33789 1
33790 0
33791 1
33792 2
33793 2
33794 1
33795 2
33796 0
33797 1
33798 0
33799 1
33800 1
33801 1
33802 2
33803 0
33804 2
33805 1
33806 1
33807 0
33808 0
33809 0
33810 1
33811 0
33812 1
33813 1
33814 0
33815 0
33816 1
33817 0
33818 1
33819 1
33820 1
33821 2
33822 0
33823 0
33824 2
33825 2
33826 0
33827 0
33828 2
33829 1
33830 0
33831 0
33832 0
33833 2
33834 2
33835 2
33836 0
33837 1
33838 2
33839 2
33840 2
33841 1
33842 1
33843 2
33844 2
33845 2
33846 2
33847 1
33848 2
33849 2
33850 1
33851 1
33852 0
33853 2
33854 2
33855 1
33856 1
33857 0
33858 1
33859 0
33860 1
33861 0
33862 0
33863 0
33864 2
33865 1
33866 2
33867 0
33868 3
33869 1
33870 0
33871 0
33872 0
33873 3
33874 2
33875 2
33876 0
33877 0
33878 0
33879 0
33880 2
33881 1
33882 1
33883 1
33884 1
33885 1
33886 1
33887 0
33888 1
33889 0
33890 1
33891 0
33892 0
33893 1
33894 0
33895 0
33896 0
33897 0
33898 3
33899 2
33900 1
33901 0
33902 0
33903 0
33904 0
33905 0
33906 3
33907 1
33908 0
33909 3
33910 2
33911 1
33912 0
33913 0
33914 2
33915 0
33916 3
33917 1
33918 2
33919 3
33920 1
33921 0
33922 0
33923 1
33924 1
33925 0
33926 0
33927 2
33928 2
33929 1
33930 2
33931 0
33932 1
33933 0
33934 1
33935 2
33936 0
33937 0
33938 2
33939 0
33940 1
33941 1
33942 1
33943 2
33944 0
33945 0
33946 1
33947 2
33948 1
33949 2
33950 1
33951 1
33952 0
33953 3
33954 0
33955 2
33956 0
33957 2
33958 1
33959 1
33960 0
33961 0
33962 2
33963 0
33964 2
33965 0
33966 2
33967 1
33968 1
33969 2
33970 0
33971 0
33972 2
33973 1
33974 3
33975 0
33976 0
33977 1
33978 2
33979 2
33980 0
33981 2
33982 2
33983 1
33984 1
33985 0
33986 0
33987 2
33988 2
33989 2
33990 1
33991 1
33992 1
33993 0
33994 2
33995 0
33996 1
33997 0
33998 0
33999 0
34000 1
34001 1
34002 1
34003 2
34004 1
34005 0
34006 2
34007 3
34008 0
34009 0
34010 1
34011 1
34012 0
34013 2
34014 0
34015 0
34016 0
34017 1
34018 2
34019 1
34020 0
34021 2
34022 0
34023 2
34024 1
34025 2
34026 0
34027 0
34028 1
34029 0
34030 0
34031 0
34032 2
34033 2
34034 1
34035 0
34036 2
34037 2
34038 0
34039 1
34040 0
34041 2
34042 1
34043 0
34044 2
34045 0
34046 2
34047 1
34048 1
34049 1
34050 2
34051 1
34052 0
34053 1
34054 1
34055 1
34056 0
34057 0
34058 1
34059 0
34060 0
34061 2
34062 0
34063 0
34064 0
34065 1
34066 1
34067 0
34068 3
34069 1
34070 2
34071 2
34072 1
34073 2
34074 2
34075 2
34076 2
34077 2
34078 1
34079 0
34080 1
34081 0
34082 2
34083 0
34084 0
34085 0
34086 1
34087 0
34088 1
34089 1
34090 0
34091 0
34092 0
34093 2
34094 1
34095 1
34096 1
34097 0
34098 1
34099 1
34100 3
34101 1
34102 2
34103 0
34104 0
34105 2
34106 2
34107 2
34108 1
34109 1
34110 2
34111 0
34112 2
34113 1
34114 0
34115 1
34116 1
34117 0
34118 2
34119 1
34120 1
34121 1
34122 0
34123 0
34124 2
34125 1
34126 2
34127 0
34128 2
34129 2
34130 0
34131 0
34132 2
34133 0
34134 3
34135 2
34136 0
34137 0
34138 0
34139 2
34140 2
34141 2
34142 1
34143 1
34144 1
34145 2
34146 2
34147 1
34148 0
34149 1
34150 1
34151 1
34152 0
34153 4
34154 1
34155 0
34156 2
34157 2
34158 0
34159 0
34160 2
34161 2
34162 1
34163 1
34164 2
34165 0
34166 2
34167 1
34168 2
34169 1
34170 2
34171 0
34172 1
34173 0
34174 3
34175 0
34176 0
34177 2
34178 1
34179 2
34180 1
34181 1
34182 0
34183 0
34184 1
34185 2
34186 2
34187 1
34188 2
34189 3
34190 0
34191 2
34192 0
34193 0
34194 0
34195 1
34196 1
34197 2
34198 0
34199 0
34200 2
34201 1
34202 0
34203 1
34204 2
34205 2
34206 1
34207 2
34208 1
34209 0
34210 1
34211 1
34212 1
34213 0
34214 1
34215 1
34216 0
34217 3
34218 2
34219 2
34220 0
34221 0
34222 2
34223 2
34224 3
34225 3
34226 0
34227 0
34228 1
34229 0
34230 2
34231 0
34232 0
34233 0
34234 0
34235 0
34236 1
34237 0
34238 0
34239 2
34240 2
34241 1
34242 3
34243 1
34244 2
34245 3
34246 1
34247 1
34248 0
34249 4
34250 1
34251 0
34252 1
34253 0
34254 0
34255 2
34256 1
34257 0
34258 1
34259 2
34260 1
34261 2
34262 1
34263 2
34264 1
34265 4
34266 0
34267 0
34268 2
34269 1
34270 1
34271 0
34272 1
34273 1
34274 3
34275 0
34276 1
34277 0
34278 1
34279 0
34280 0
34281 1
34282 1
34283 1
34284 0
34285 1
34286 3
34287 2
34288 1
34289 2
34290 0
34291 1
34292 0
34293 1
34294 2
34295 1
34296 3
34297 0
34298 2
34299 3
34300 1
34301 2
34302 0
34303 1
34304 3
34305 1
34306 1
34307 1
34308 1
34309 2
34310 0
34311 0
34312 1
34313 0
34314 2
34315 2
34316 0
34317 0
34318 1
34319 1
34320 0
34321 1
34322 0
34323 0
34324 1
34325 0
34326 0
34327 0
34328 2
34329 1
34330 0
34331 3
34332 2
34333 1
34334 0
34335 0
34336 2
34337 0
34338 0
34339 0
34340 0
34341 0
34342 0
34343 1
34344 0
34345 1
34346 1
34347 2
34348 0
34349 1
34350 2
34351 2
34352 2
34353 0
34354 1
34355 1
34356 1
34357 0
34358 2
34359 3
34360 2
34361 0
34362 0
34363 1
34364 4
34365 2
34366 3
34367 2
34368 1
34369 0
34370 1
34371 2
34372 2
34373 0
34374 0
34375 1
34376 2
34377 0
34378 1
34379 2
34380 0
34381 3
34382 3
34383 1
34384 0
34385 1
34386 1
34387 2
34388 2
34389 0
34390 1
34391 2
34392 1
34393 2
34394 1
34395 1
34396 0
34397 0
34398 3
34399 1
34400 0
34401 1
34402 1
34403 2
34404 1
34405 3
34406 2
34407 2
34408 1
34409 3
34410 0
34411 0
34412 1
34413 1
34414 0
34415 2
34416 4
34417 0
34418 0
34419 1
34420 0
34421 1
34422 3
34423 1
34424 0
34425 1
34426 1
34427 2
34428 2
34429 2
34430 2
34431 2
34432 2
34433 2
34434 1
34435 2
34436 1
34437 2
34438 1
34439 1
34440 1
34441 0
34442 1
34443 1
34444 0
34445 1
34446 2
34447 1
34448 0
34449 1
34450 2
34451 0
34452 2
34453 1
34454 2
34455 0
34456 1
34457 0
34458 0
34459 0
34460 0
34461 1
34462 2
34463 3
34464 1
34465 1
34466 1
34467 2
34468 3
34469 2
34470 1
34471 2
34472 1
34473 0
34474 0
34475 0
34476 2
34477 2
34478 2
34479 3
34480 2
34481 2
34482 1
34483 2
34484 1
34485 2
34486 0
34487 0
34488 1
34489 1
34490 1
34491 0
34492 3
34493 1
34494 2
34495 0
34496 2
34497 3
34498 0
34499 3
34500 1
34501 0
34502 3
34503 1
34504 1
34505 1
34506 0
34507 2
34508 0
34509 0
34510 3
34511 1
34512 2
34513 0
34514 0
34515 1
34516 0
34517 0
34518 0
34519 3
34520 0
34521 2
34522 2
34523 0
34524 1
34525 0
34526 0
34527 1
34528 2
34529 0
34530 1
34531 0
34532 1
34533 1
34534 0
34535 0
34536 0
34537 2
34538 0
34539 1
34540 2
34541 2
34542 1
34543 2
34544 0
34545 1
34546 3
34547 0
34548 1
34549 0
34550 3
34551 1
34552 0
34553 0
34554 1
34555 1
34556 2
34557 2
34558 0
34559 1
34560 2
34561 1
34562 1
34563 2
34564 1
34565 1
34566 1
34567 0
34568 2
34569 1
34570 1
34571 0
34572 3
34573 2
34574 2
34575 2
34576 2
34577 0
34578 1
34579 1
34580 2
34581 1
34582 1
34583 2
34584 0
34585 3
34586 3
34587 2
34588 2
34589 0
34590 0
34591 1
34592 2
34593 0
34594 0
34595 2
34596 1
34597 3
34598 3
34599 2
34600 0
34601 2
34602 0
34603 1
34604 2
34605 2
34606 3
34607 2
34608 0
34609 1
34610 1
34611 0
34612 0
34613 1
34614 1
34615 1
34616 0
34617 0
34618 0
34619 0
34620 1
34621 1
34622 1
34623 1
34624 0
34625 1
34626 2
34627 1
34628 2
34629 1
34630 0
34631 2
34632 2
34633 1
34634 2
34635 0
34636 1
34637 1
34638 2
34639 3
34640 1
34641 1
34642 1
34643 3
34644 2
34645 1
34646 2
34647 1
34648 0
34649 0
34650 0
34651 0
34652 1
34653 2
34654 0
34655 1
34656 2
34657 0
34658 0
34659 0
34660 1
34661 2
34662 1
34663 1
34664 3
34665 2
34666 1
34667 0
34668 3
34669 3
34670 0
34671 2
34672 2
34673 1
34674 1
34675 0
34676 0
34677 0
34678 0
34679 3
34680 0
34681 1
34682 1
34683 0
34684 0
34685 1
34686 1
34687 0
34688 1
34689 0
34690 2
34691 2
34692 2
34693 2
34694 2
34695 2
34696 0
34697 0
34698 2
34699 0
34700 2
34701 3
34702 2
34703 1
34704 1
34705 1
34706 1
34707 1
34708 1
34709 0
34710 2
34711 0
34712 0
34713 2
34714 2
34715 3
34716 1
34717 0
34718 2
34719 0
34720 0
34721 2
34722 2
34723 1
34724 0
34725 2
34726 1
34727 1
34728 1
34729 1
34730 2
34731 2
34732 2
34733 0
34734 1
34735 3
34736 0
34737 1
34738 0
34739 2
34740 0
34741 1
34742 2
34743 0
34744 2
34745 0
34746 2
34747 0
34748 3
34749 2
34750 1
34751 1
34752 2
34753 0
34754 2
34755 1
34756 2
34757 0
34758 1
34759 0
34760 3
34761 1
34762 2
34763 1
34764 1
34765 0
34766 1
34767 1
34768 1
34769 2
34770 2
34771 0
34772 0
34773 1
34774 2
34775 0
34776 1
34777 2
34778 3
34779 3
34780 0
34781 2
34782 2
34783 3
34784 0
34785 0
34786 0
34787 3
34788 2
34789 3
34790 0
34791 1
34792 1
34793 0
34794 0
34795 1
34796 2
34797 2
34798 2
34799 0
34800 1
34801 2
34802 1
34803 0
34804 0
34805 2
34806 2
34807 2
34808 0
34809 0
34810 0
34811 2
34812 1
34813 3
34814 2
34815 0
34816 2
34817 0
34818 2
34819 2
34820 1
34821 2
34822 0
34823 0
34824 2
34825 2
34826 1
34827 0
34828 0
34829 0
34830 1
34831 1
34832 3
34833 0
34834 0
34835 0
34836 1
34837 1
34838 2
34839 1
34840 2
34841 2
34842 0
34843 0
34844 0
34845 0
34846 1
34847 1
34848 0
34849 0
34850 0
34851 1
34852 2
34853 0
34854 1
34855 2
34856 2
34857 0
34858 1
34859 0
34860 2
34861 1
34862 1
34863 1
34864 1
34865 4
34866 0
34867 0
34868 1
34869 0
34870 2
34871 0
34872 2
34873 1
34874 0
34875 3
34876 1
34877 0
34878 0
34879 0
34880 3
34881 0
34882 1
34883 0
34884 3
34885 0
34886 2
34887 2
34888 0
34889 1
34890 0
34891 0
34892 1
34893 1
34894 1
34895 0
34896 2
34897 0
34898 1
34899 0
34900 3
34901 0
34902 0
34903 2
34904 2
34905 0
34906 1
34907 1
34908 0
34909 2
34910 2
34911 2
34912 1
34913 2
34914 2
34915 0
34916 0
34917 2
34918 2
34919 2
34920 0
34921 1
34922 0
34923 1
34924 1
34925 2
34926 1
34927 1
34928 2
34929 1
34930 1
34931 1
34932 1
34933 1
34934 1
34935 2
34936 0
34937 0
34938 1
34939 0
34940 0
34941 0
34942 0
34943 1
34944 0
34945 0
34946 2
34947 0
34948 1
34949 1
34950 1
34951 1
34952 3
34953 2
34954 2
34955 1
34956 0
34957 3
34958 1
34959 1
34960 0
34961 0
34962 0
34963 0
34964 2
34965 2
34966 1
34967 0
34968 1
34969 1
34970 1
34971 0
34972 0
34973 2
34974 1
34975 0
34976 0
34977 3
34978 1
34979 0
34980 0
34981 1
34982 0
34983 0
34984 1
34985 3
34986 3
34987 0
34988 2
34989 1
34990 2
34991 0
34992 1
34993 2
34994 0
34995 1
34996 0
34997 2
34998 1
34999 0
35000 1
35001 3
35002 2
35003 0
35004 2
35005 2
35006 2
35007 0
35008 0
35009 2
35010 1
35011 3
35012 0
35013 2
35014 0
35015 1
35016 2
35017 1
35018 1
35019 2
35020 2
35021 1
35022 1
35023 0
35024 2
35025 1
35026 2
35027 2
35028 0
35029 0
35030 0
35031 1
35032 2
35033 2
35034 0
35035 2
35036 2
35037 1
35038 2
35039 1
35040 1
35041 0
35042 0
35043 3
35044 1
35045 0
35046 2
35047 0
35048 1
35049 2
35050 0
35051 2
35052 1
35053 2
35054 2
35055 0
35056 3
35057 1
35058 2
35059 1
35060 1
35061 2
35062 2
35063 2
35064 0
35065 0
35066 1
35067 1
35068 0
35069 1
35070 0
35071 2
35072 0
35073 0
35074 0
35075 1
35076 2
35077 0
35078 2
35079 3
35080 3
35081 2
35082 1
35083 0
35084 2
35085 1
35086 2
35087 1
35088 2
35089 3
35090 2
35091 3
35092 0
35093 0
35094 0
35095 1
35096 2
35097 2
35098 0
35099 2
35100 0
35101 0
35102 3
35103 1
35104 2
35105 0
35106 1
35107 1
35108 2
35109 2
35110 2
35111 2
35112 1
35113 2
35114 2
35115 2
35116 1
35117 0
35118 2
35119 1
35120 1
35121 2
35122 0
35123 3
35124 0
35125 0
35126 1
35127 0
35128 0
35129 1
35130 0
35131 2
35132 0
35133 1
35134 0
35135 0
35136 0
35137 1
35138 1
35139 0
35140 3
35141 3
35142 0
35143 0
35144 1
35145 2
35146 1
35147 2
35148 3
35149 2
35150 0
35151 0
35152 1
35153 0
35154 2
35155 1
35156 3
35157 3
35158 2
35159 0
35160 2
35161 0
35162 0
35163 0
35164 1
35165 1
35166 2
35167 2
35168 3
35169 1
35170 0
35171 1
35172 0
35173 2
35174 2
35175 2
35176 1
35177 1
35178 2
35179 2
35180 2
35181 0
35182 2
35183 0
35184 1
35185 2
35186 1
35187 1
35188 0
35189 1
35190 1
35191 1
35192 1
35193 0
35194 2
35195 3
35196 3
35197 2
35198 2
35199 2
35200 1
35201 2
35202 2
35203 2
35204 0
35205 1
35206 2
35207 2
35208 0
35209 2
35210 3
35211 0
35212 0
35213 1
35214 1
35215 1
35216 0
35217 1
35218 0
35219 1
35220 1
35221 1
35222 0
35223 0
35224 3
35225 0
35226 2
35227 0
35228 2
35229 1
35230 0
35231 0
35232 1
35233 0
35234 3
35235 2
35236 0
35237 1
35238 2
35239 3
35240 0
35241 1
35242 1
35243 0
35244 2
35245 1
35246 2
35247 1
35248 1
35249 1
35250 1
35251 0
35252 3
35253 2
35254 3
35255 1
35256 0
35257 1
35258 0
35259 1
35260 0
35261 2
35262 2
35263 1
35264 2
35265 0
35266 1
35267 1
35268 0
35269 1
35270 1
35271 2
35272 0
35273 0
35274 2
35275 2
35276 0
35277 0
35278 1
35279 2
35280 0
35281 1
35282 0
35283 1
35284 0
35285 2
35286 2
35287 1
35288 2
35289 1
35290 0
35291 0
35292 2
35293 1
35294 2
35295 0
35296 1
35297 2
35298 1
35299 1
35300 1
35301 1
35302 0
35303 2
35304 3
35305 2
35306 2
35307 0
35308 3
35309 1
35310 3
35311 3
35312 2
35313 0
35314 2
35315 0
35316 0
35317 0
35318 0
35319 0
35320 3
35321 4
35322 2
35323 1
35324 0
35325 0
35326 1
35327 1
35328 2
35329 0
35330 1
35331 1
35332 1
35333 3
35334 1
35335 0
35336 0
35337 0
35338 1
35339 2
35340 0
35341 0
35342 1
35343 3
35344 1
35345 0
35346 1
35347 0
35348 0
35349 1
35350 2
35351 2
35352 0
35353 1
35354 2
35355 1
35356 0
35357 0
35358 2
35359 2
35360 1
35361 2
35362 0
35363 2
35364 1
35365 2
35366 2
35367 1
35368 1
35369 2
35370 1
35371 1
35372 2
35373 2
35374 2
35375 1
35376 0
35377 3
35378 0
35379 0
35380 2
35381 1
35382 2
35383 0
35384 2
35385 0
35386 2
35387 0
35388 0
35389 1
35390 0
35391 0
35392 0
35393 1
35394 1
35395 1
35396 0
35397 1
35398 0
35399 1
35400 0
35401 3
35402 1
35403 2
35404 1
35405 1
35406 1
35407 1
35408 0
35409 3
35410 2
35411 2
35412 1
35413 2
35414 0
35415 0
35416 2
35417 1
35418 2
35419 2
35420 1
35421 1
35422 2
35423 1
35424 2
35425 0
35426 0
35427 2
35428 3
35429 1
35430 2
35431 1
35432 1
35433 0
35434 0
35435 2
35436 1
35437 2
35438 2
35439 1
35440 1
35441 2
35442 2
35443 0
35444 1
35445 0
35446 0
35447 2
35448 0
35449 2
35450 1
35451 1
35452 2
35453 1
35454 0
35455 0
35456 0
35457 0
35458 0
35459 3
35460 2
35461 0
35462 1
35463 2
35464 0
35465 3
35466 1
35467 1
35468 1
35469 1
35470 0
35471 1
35472 2
35473 2
35474 2
35475 0
35476 0
35477 3
35478 2
35479 3
35480 1
35481 2
35482 0
35483 1
35484 1
35485 0
35486 0
35487 3
35488 1
35489 1
35490 0
35491 0
35492 1
35493 0
35494 0
35495 0
35496 3
35497 0
35498 2
35499 1
35500 2
35501 0
35502 1
35503 1
35504 0
35505 3
35506 0
35507 1
35508 0
35509 1
35510 1
35511 2
35512 0
35513 0
35514 0
35515 1
35516 1
35517 0
35518 1
35519 1
35520 0
35521 3
35522 0
35523 1
35524 2
35525 1
35526 2
35527 2
35528 3
35529 2
35530 0
35531 1
35532 2
35533 2
35534 2
35535 2
35536 2
35537 2
35538 0
35539 0
35540 0
35541 1
35542 1
35543 2
35544 0
35545 1
35546 1
35547 0
35548 2
35549 2
35550 1
35551 2
35552 2
35553 2
35554 2
35555 2
35556 1
35557 1
35558 0
35559 2
35560 0
35561 1
35562 0
35563 0
35564 0
35565 0
35566 0
35567 0
35568 3
35569 2
35570 3
35571 1
35572 0
35573 0
35574 1
35575 0
35576 0
35577 0
35578 0
35579 1
35580 0
35581 0
35582 0
35583 1
35584 2
35585 1
35586 0
35587 2
35588 0
35589 0
35590 1
35591 1
35592 1
35593 1
35594 0
35595 0
35596 0
35597 0
35598 0
35599 1
35600 0
35601 2
35602 0
35603 0
35604 1
35605 1
35606 2
35607 1
35608 0
35609 1
35610 0
35611 2
35612 1
35613 1
35614 2
35615 2
35616 3
35617 0
35618 0
35619 2
35620 2
35621 2
35622 1
35623 1
35624 0
35625 0
35626 0
35627 1
35628 0
35629 2
35630 1
35631 1
35632 2
35633 0
35634 1
35635 1
35636 0
35637 0
35638 1
35639 2
35640 0
35641 2
35642 0
35643 1
35644 0
35645 0
35646 1
35647 0
35648 1
35649 0
35650 1
35651 2
35652 1
35653 0
35654 1
35655 1
35656 0
35657 1
35658 1
35659 3
35660 0
35661 1
35662 2
35663 0
35664 0
35665 1
35666 2
35667 3
35668 2
35669 0
35670 1
35671 1
35672 1
35673 1
35674 2
35675 0
35676 1
35677 1
35678 2
35679 0
35680 1
35681 2
35682 0
35683 0
35684 2
35685 2
35686 0
35687 1
35688 0
35689 2
35690 2
35691 3
35692 2
35693 0
35694 2
35695 0
35696 1
35697 0
35698 0
35699 0
35700 3
35701 0
35702 1
35703 2
35704 3
35705 2
35706 3
35707 2
35708 1
35709 1
35710 1
35711 1
35712 3
35713 2
35714 1
35715 1
35716 1
35717 1
35718 3
35719 0
35720 1
35721 1
35722 0
35723 0
35724 2
35725 3
35726 1
35727 0
35728 2
35729 1
35730 0
35731 0
35732 2
35733 1
35734 1
35735 2
35736 0
35737 2
35738 1
35739 2
35740 1
35741 1
35742 3
35743 2
35744 2
35745 2
35746 1
35747 0
35748 3
35749 3
35750 0
35751 1
35752 0
35753 0
35754 2
35755 3
35756 0
35757 1
35758 0
35759 2
35760 0
35761 1
35762 2
35763 3
35764 0
35765 0
35766 1
35767 2
35768 3
35769 2
35770 1
35771 1
35772 1
35773 0
35774 0
35775 2
35776 1
35777 0
35778 1
35779 2
35780 1
35781 3
35782 1
35783 1
35784 2
35785 0
35786 1
35787 1
35788 3
35789 2
35790 3
35791 0
35792 2
35793 0
35794 2
35795 2
35796 1
35797 2
35798 2
35799 0
35800 2
35801 0
35802 1
35803 0
35804 3
35805 1
35806 0
35807 2
35808 2
35809 1
35810 1
35811 3
35812 1
35813 0
35814 0
35815 2
35816 0
35817 0
35818 0
35819 0
35820 2
35821 2
35822 1
35823 1
35824 0
35825 1
35826 0
35827 1
35828 2
35829 2
35830 1
35831 0
35832 1
35833 2
35834 3
35835 0
35836 2
35837 3
35838 3
35839 1
35840 3
35841 1
35842 0
35843 0
35844 2
35845 2
35846 2
35847 1
35848 0
35849 0
35850 1
35851 2
35852 2
35853 2
35854 0
35855 1
35856 2
35857 0
35858 0
35859 2
35860 2
35861 1
35862 1
35863 1
35864 0
35865 2
35866 1
35867 0
35868 0
35869 0
35870 1
35871 2
35872 1
35873 0
35874 1
35875 1
35876 0
35877 0
35878 1
35879 2
35880 0
35881 1
35882 0
35883 0
35884 1
35885 2
35886 4
35887 2
35888 1
35889 2
35890 0
35891 1
35892 1
35893 1
35894 1
35895 0
35896 0
35897 0
35898 1
35899 1
35900 1
35901 2
35902 2
35903 0
35904 2
35905 0
35906 2
35907 0
35908 3
35909 1
35910 2
35911 2
35912 1
35913 0
35914 2
35915 0
35916 2
35917 2
35918 3
35919 0
35920 1
35921 2
35922 1
35923 0
35924 2
35925 1
35926 1
35927 0
35928 1
35929 0
35930 1
35931 1
35932 3
35933 2
35934 0
35935 0
35936 1
35937 1
35938 3
35939 1
35940 1
35941 0
35942 1
35943 2
35944 1
35945 1
35946 2
35947 0
35948 2
35949 2
35950 2
35951 2
35952 1
35953 0
35954 3
35955 0
35956 1
35957 2
35958 2
35959 2
35960 2
35961 1
35962 2
35963 2
35964 1
35965 1
35966 2
35967 1
35968 1
35969 2
35970 0
35971 0
35972 3
35973 0
35974 3
35975 0
35976 0
35977 0
35978 0
35979 2
35980 2
35981 2
35982 0
35983 0
35984 2
35985 1
35986 1
35987 1
35988 1
35989 1
35990 1
35991 1
35992 1
35993 2
35994 0
35995 0
35996 0
35997 0
35998 1
35999 1
36000 0
36001 3
36002 1
36003 0
36004 1
36005 2
36006 1
36007 1
36008 2
36009 0
36010 0
36011 2
36012 2
36013 1
36014 2
36015 0
36016 2
36017 2
36018 3
36019 0
36020 1
36021 1
36022 0
36023 1
36024 1
36025 2
36026 0
36027 0
36028 0
36029 0
36030 2
36031 2
36032 0
36033 0
36034 1
36035 0
36036 2
36037 1
36038 1
36039 1
36040 3
36041 2
36042 2
36043 1
36044 2
36045 2
36046 3
36047 1
36048 1
36049 1
36050 0
36051 0
36052 3
36053 2
36054 2
36055 0
36056 1
36057 0
36058 2
36059 0
36060 0
36061 2
36062 1
36063 0
36064 1
36065 2
36066 2
36067 0
36068 0
36069 2
36070 0
36071 1
36072 1
36073 2
36074 1
36075 1
36076 2
36077 0
36078 0
36079 0
36080 0
36081 1
36082 2
36083 1
36084 1
36085 0
36086 0
36087 1
36088 2
36089 0
36090 0
36091 1
36092 0
36093 1
36094 1
36095 2
36096 2
36097 0
36098 2
36099 1
36100 0
36101 0
36102 0
36103 0
36104 0
36105 4
36106 1
36107 1
36108 2
36109 2
36110 2
36111 3
36112 1
36113 2
36114 0
36115 0
36116 2
36117 1
36118 0
36119 0
36120 1
36121 2
36122 2
36123 1
36124 3
36125 1
36126 0
36127 1
36128 1
36129 3
36130 0
36131 1
36132 2
36133 0
36134 3
36135 0
36136 2
36137 0
36138 0
36139 0
36140 2
36141 2
36142 0
36143 2
36144 1
36145 0
36146 2
36147 0
36148 1
36149 1
36150 2
36151 0
36152 1
36153 2
36154 0
36155 1
36156 1
36157 2
36158 1
36159 4
36160 0
36161 0
36162 0
36163 2
36164 1
36165 1
36166 1
36167 0
36168 1
36169 2
36170 1
36171 0
36172 0
36173 3
36174 3
36175 2
36176 1
36177 0
36178 2
36179 0
36180 2
36181 2
36182 1
36183 2
36184 0
36185 1
36186 1
36187 2
36188 3
36189 2
36190 0
36191 1
36192 1
36193 0
36194 1
36195 3
36196 1
36197 3
36198 0
36199 0
36200 2
36201 1
36202 1
36203 0
36204 0
36205 3
36206 0
36207 1
36208 2
36209 0
36210 3
36211 1
36212 0
36213 2
36214 1
36215 0
36216 0
36217 1
36218 2
36219 2
36220 2
36221 1
36222 1
36223 1
36224 2
36225 2
36226 0
36227 1
36228 1
36229 1
36230 0
36231 1
36232 3
36233 1
36234 3
36235 0
36236 1
36237 2
36238 2
36239 2
36240 0
36241 1
36242 0
36243 3
36244 3
36245 0
36246 1
36247 2
36248 1
36249 2
36250 0
36251 0
36252 1
36253 0
36254 0
36255 0
36256 0
36257 0
36258 3
36259 1
36260 1
36261 2
36262 3
36263 2
36264 2
36265 1
36266 0
36267 1
36268 0
36269 2
36270 0
36271 0
36272 2
36273 1
36274 1
36275 1
36276 1
36277 1
36278 0
36279 2
36280 1
36281 1
36282 1
36283 1
36284 1
36285 1
36286 1
36287 3
36288 0
36289 0
36290 0
36291 2
36292 2
36293 2
36294 2
36295 1
36296 0
36297 2
36298 1
36299 1
36300 0
36301 1
36302 1
36303 2
36304 1
36305 0
36306 1
36307 2
36308 0
36309 1
36310 2
36311 0
36312 2
36313 2
36314 2
36315 1
36316 0
36317 1
36318 0
36319 2
36320 0
36321 3
36322 0
36323 0
36324 2
36325 1
36326 0
36327 0
36328 1
36329 2
36330 1
36331 1
36332 0
36333 0
36334 2
36335 2
36336 0
36337 3
36338 2
36339 2
36340 0
36341 1
36342 1
36343 3
36344 3
36345 0
36346 1
36347 3
36348 0
36349 3
36350 0
36351 3
36352 2
36353 3
36354 3
36355 0
36356 0
36357 3
36358 0
36359 2
36360 2
36361 1
36362 2
36363 1
36364 2
36365 1
36366 3
36367 1
36368 0
36369 3
36370 1
36371 0
36372 3
36373 1
36374 2
36375 2
36376 1
36377 0
36378 2
36379 2
36380 2
36381 3
36382 3
36383 3
36384 1
36385 0
36386 1
36387 1
36388 1
36389 1
36390 1
36391 2
36392 1
36393 0
36394 3
36395 3
36396 1
36397 2
36398 0
36399 2
36400 2
36401 0
36402 0
36403 3
36404 3
36405 2
36406 2
36407 2
36408 2
36409 2
36410 0
36411 0
36412 0
36413 2
36414 3
36415 2
36416 2
36417 0
36418 1
36419 0
36420 1
36421 1
36422 2
36423 2
36424 3
36425 0
36426 2
36427 2
36428 0
36429 1
36430 2
36431 0
36432 2
36433 0
36434 0
36435 0
36436 1
36437 2
36438 1
36439 1
36440 1
36441 0
36442 0
36443 0
36444 1
36445 1
36446 1
36447 1
36448 0
36449 3
36450 1
36451 2
36452 0
36453 0
36454 2
36455 2
36456 1
36457 1
36458 1
36459 1
36460 2
36461 3
36462 0
36463 2
36464 2
36465 2
36466 2
36467 1
36468 3
36469 0
36470 2
36471 4
36472 3
36473 1
36474 1
36475 0
36476 3
36477 1
36478 2
36479 0
36480 1
36481 1
36482 1
36483 0
36484 0
36485 2
36486 1
36487 0
36488 0
36489 3
36490 2
36491 3
36492 1
36493 0
36494 2
36495 0
36496 1
36497 2
36498 0
36499 0
36500 2
36501 0
36502 2
36503 1
36504 0
36505 2
36506 2
36507 1
36508 1
36509 1
36510 1
36511 2
36512 0
36513 2
36514 1
36515 2
36516 1
36517 1
36518 0
36519 0
36520 1
36521 1
36522 1
36523 0
36524 3
36525 1
36526 1
36527 0
36528 1
36529 2
36530 2
36531 2
36532 1
36533 1
36534 2
36535 1
36536 0
36537 1
36538 0
36539 2
36540 0
36541 3
36542 0
36543 1
36544 2
36545 1
36546 2
36547 0
36548 2
36549 2
36550 1
36551 2
36552 1
36553 3
36554 3
36555 0
36556 1
36557 0
36558 2
36559 0
36560 1
36561 0
36562 0
36563 1
36564 2
36565 0
36566 2
36567 1
36568 0
36569 1
36570 2
36571 0
36572 0
36573 1
36574 0
36575 2
36576 2
36577 1
36578 2
36579 1
36580 1
36581 1
36582 2
36583 0
36584 0
36585 0
36586 1
36587 0
36588 2
36589 0
36590 2
36591 1
36592 2
36593 1
36594 1
36595 0
36596 1
36597 0
36598 0
36599 2
36600 1
36601 2
36602 0
36603 1
36604 2
36605 0
36606 0
36607 1
36608 3
36609 1
36610 2
36611 3
36612 3
36613 3
36614 2
36615 0
36616 2
36617 0
36618 3
36619 3
36620 0
36621 2
36622 1
36623 2
36624 0
36625 1
36626 2
36627 2
36628 3
36629 0
36630 2
36631 1
36632 2
36633 1
36634 1
36635 0
36636 1
36637 1
36638 2
36639 1
36640 0
36641 1
36642 4
36643 0
36644 0
36645 1
36646 0
36647 0
36648 3
36649 2
36650 0
36651 1
36652 2
36653 1
36654 3
36655 1
36656 2
36657 1
36658 0
36659 1
36660 1
36661 1
36662 1
36663 0
36664 2
36665 1
36666 1
36667 1
36668 2
36669 2
36670 0
36671 3
36672 0
36673 1
36674 1
36675 3
36676 1
36677 2
36678 0
36679 0
36680 2
36681 1
36682 2
36683 1
36684 1
36685 1
36686 1
36687 1
36688 1
36689 2
36690 2
36691 0
36692 1
36693 3
36694 2
36695 0
36696 3
36697 0
36698 1
36699 1
36700 0
36701 1
36702 2
36703 0
36704 0
36705 0
36706 1
36707 2
36708 1
36709 1
36710 3
36711 0
36712 1
36713 0
36714 3
36715 2
36716 2
36717 2
36718 2
36719 2
36720 1
36721 0
36722 1
36723 0
36724 1
36725 2
36726 2
36727 1
36728 1
36729 1
36730 2
36731 1
36732 1
36733 2
36734 1
36735 0
36736 2
36737 2
36738 3
36739 2
36740 3
36741 1
36742 0
36743 0
36744 2
36745 0
36746 1
36747 0
36748 0
36749 1
36750 3
36751 1
36752 1
36753 2
36754 2
36755 2
36756 1
36757 1
36758 0
36759 1
36760 2
36761 3
36762 1
36763 1
36764 2
36765 2
36766 1
36767 0
36768 2
36769 2
36770 1
36771 2
36772 0
36773 1
36774 1
36775 1
36776 0
36777 3
36778 1
36779 3
36780 1
36781 1
36782 3
36783 1
36784 0
36785 1
36786 2
36787 2
36788 2
36789 2
36790 1
36791 1
36792 1
36793 2
36794 1
36795 1
36796 2
36797 1
36798 2
36799 1
36800 1
36801 1
36802 3
36803 0
36804 0
36805 0
36806 0
36807 1
36808 1
36809 1
36810 2
36811 2
36812 0
36813 2
36814 1
36815 2
36816 0
36817 1
36818 1
36819 1
36820 0
36821 1
36822 1
36823 1
36824 2
36825 0
36826 0
36827 1
36828 0
36829 2
36830 0
36831 2
36832 0
36833 3
36834 0
36835 3
36836 3
36837 1
36838 1
36839 1
36840 0
36841 0
36842 0
36843 1
36844 2
36845 1
36846 2
36847 1
36848 2
36849 1
36850 3
36851 2
36852 1
36853 2
36854 0
36855 2
36856 2
36857 1
36858 1
36859 0
36860 0
36861 1
36862 1
36863 2
36864 2
36865 3
36866 2
36867 1
36868 3
36869 0
36870 2
36871 1
36872 0
36873 1
36874 1
36875 2
36876 1
36877 2
36878 1
36879 1
36880 0
36881 2
36882 1
36883 2
36884 2
36885 0
36886 0
36887 2
36888 1
36889 1
36890 1
36891 1
36892 0
36893 0
36894 0
36895 2
36896 2
36897 0
36898 2
36899 1
36900 1
36901 3
36902 2
36903 3
36904 2
36905 2
36906 2
36907 1
36908 2
36909 0
36910 4
36911 2
36912 2
36913 2
36914 1
36915 0
36916 1
36917 0
36918 3
36919 0
36920 1
36921 0
36922 0
36923 3
36924 0
36925 3
36926 0
36927 2
36928 0
36929 2
36930 2
36931 2
36932 0
36933 1
36934 0
36935 3
36936 1
36937 2
36938 1
36939 0
36940 2
36941 1
36942 0
36943 1
36944 0
36945 2
36946 1
36947 2
36948 1
36949 1
36950 0
36951 2
36952 0
36953 2
36954 0
36955 0
36956 1
36957 2
36958 2
36959 0
36960 1
36961 1
36962 0
36963 3
36964 0
36965 2
36966 3
36967 2
36968 3
36969 0
36970 2
36971 0
36972 2
36973 0
36974 1
36975 1
36976 0
36977 2
36978 0
36979 1
36980 1
36981 1
36982 0
36983 2
36984 1
36985 2
36986 0
36987 2
36988 1
36989 3
36990 0
36991 1
36992 0
36993 1
36994 2
36995 0
36996 0
36997 3
36998 2
36999 2
37000 2
37001 2
37002 0
37003 1
37004 0
37005 2
37006 1
37007 2
37008 1
37009 0
37010 1
37011 2
37012 0
37013 0
37014 1
37015 2
37016 2
37017 1
37018 1
37019 1
37020 0
37021 0
37022 1
37023 0
37024 0
37025 1
37026 3
37027 2
37028 0
37029 2
37030 1
37031 2
37032 0
37033 2
37034 1
37035 2
37036 0
37037 1
37038 2
37039 1
37040 1
37041 0
37042 2
37043 3
37044 1
37045 2
37046 0
37047 2
37048 2
37049 0
37050 2
37051 0
37052 1
37053 1
37054 3
37055 0
37056 1
37057 2
37058 0
37059 2
37060 3
37061 1
37062 1
37063 2
37064 1
37065 1
37066 0
37067 2
37068 1
37069 0
37070 0
37071 1
37072 2
37073 3
37074 0
37075 0
37076 1
37077 1
37078 0
37079 1
37080 1
37081 0
37082 2
37083 2
37084 1
37085 2
37086 1
37087 1
37088 1
37089 1
37090 0
37091 2
37092 2
37093 1
37094 2
37095 3
37096 1
37097 2
37098 0
37099 1
37100 2
37101 2
37102 2
37103 1
37104 0
37105 2
37106 0
37107 3
37108 2
37109 2
37110 1
37111 0
37112 2
37113 1
37114 0
37115 0
37116 2
37117 2
37118 1
37119 0
37120 3
37121 2
37122 1
37123 1
37124 1
37125 2
37126 1
37127 2
37128 2
37129 2
37130 1
37131 0
37132 2
37133 0
37134 2
37135 0
37136 2
37137 1
37138 0
37139 0
37140 0
37141 1
37142 1
37143 0
37144 2
37145 0
37146 1
37147 0
37148 1
37149 0
37150 0
37151 1
37152 1
37153 2
37154 1
37155 1
37156 0
37157 0
37158 0
37159 0
37160 1
37161 1
37162 1
37163 3
37164 1
37165 0
37166 0
37167 2
37168 1
37169 1
37170 1
37171 1
37172 2
37173 1
37174 3
37175 2
37176 1
37177 1
37178 0
37179 2
37180 0
37181 1
37182 2
37183 1
37184 1
37185 1
37186 0
37187 1
37188 0
37189 3
37190 0
37191 0
37192 0
37193 0
37194 3
37195 3
37196 2
37197 0
37198 1
37199 1
37200 2
37201 1
37202 2
37203 0
37204 2
37205 1
37206 0
37207 1
37208 2
37209 0
37210 3
37211 2
37212 1
37213 0
37214 1
37215 2
37216 2
37217 0
37218 2
37219 2
37220 2
37221 0
37222 1
37223 1
37224 1
37225 2
37226 2
37227 2
37228 1
37229 1
37230 1
37231 2
37232 2
37233 3
37234 1
37235 1
37236 2
37237 0
37238 1
37239 1
37240 3
37241 2
37242 2
37243 3
37244 1
37245 1
37246 1
37247 2
37248 2
37249 2
37250 1
37251 1
37252 2
37253 0
37254 0
37255 4
37256 2
37257 2
37258 2
37259 2
37260 3
37261 3
37262 1
37263 0
37264 1
37265 0
37266 2
37267 1
37268 1
37269 2
37270 0
37271 1
37272 2
37273 0
37274 2
37275 1
37276 1
37277 1
37278 0
37279 0
37280 0
37281 2
37282 2
37283 1
37284 1
37285 2
37286 2
37287 0
37288 1
37289 0
37290 2
37291 2
37292 1
37293 0
37294 2
37295 2
37296 1
37297 1
37298 0
37299 3
37300 0
37301 1
37302 2
37303 3
37304 1
37305 1
37306 3
37307 3
37308 2
37309 1
37310 1
37311 1
37312 0
37313 2
37314 2
37315 0
37316 2
37317 1
37318 0
37319 1
37320 0
37321 3
37322 0
37323 1
37324 3
37325 1
37326 2
37327 0
37328 0
37329 3
37330 2
37331 0
37332 1
37333 0
37334 1
37335 0
37336 0
37337 3
37338 0
37339 0
37340 2
37341 1
37342 1
37343 0
37344 1
37345 0
37346 1
37347 2
37348 1
37349 2
37350 2
37351 3
37352 0
37353 3
37354 2
37355 1
37356 0
37357 2
37358 1
37359 0
37360 1
37361 1
37362 0
37363 1
37364 1
37365 2
37366 1
37367 2
37368 1
37369 1
37370 2
37371 2
37372 3
37373 1
37374 0
37375 1
37376 1
37377 1
37378 2
37379 1
37380 2
37381 0
37382 1
37383 3
37384 2
37385 1
37386 0
37387 2
37388 3
37389 2
37390 0
37391 1
37392 1
37393 0
37394 1
37395 0
37396 1
37397 0
37398 1
37399 2
37400 3
37401 2
37402 0
37403 1
37404 2
37405 3
37406 2
37407 0
37408 2
37409 0
37410 0
37411 2
37412 1
37413 0
37414 0
37415 1
37416 2
37417 1
37418 2
37419 0
37420 2
37421 3
37422 1
37423 0
37424 0
37425 0
37426 1
37427 2
37428 0
37429 2
37430 1
37431 3
37432 1
37433 2
37434 1
37435 1
37436 2
37437 0
37438 1
37439 0
37440 0
37441 0
37442 1
37443 2
37444 3
37445 1
37446 0
37447 0
37448 1
37449 3
37450 0
37451 2
37452 0
37453 0
37454 2
37455 2
37456 1
37457 1
37458 0
37459 0
37460 2
37461 0
37462 1
37463 4
37464 0
37465 3
37466 0
37467 2
37468 2
37469 2
37470 2
37471 1
37472 2
37473 1
37474 1
37475 3
37476 1
37477 0
37478 1
37479 2
37480 2
37481 0
37482 4
37483 0
37484 3
37485 2
37486 1
37487 1
37488 2
37489 1
37490 0
37491 2
37492 2
37493 1
37494 0
37495 0
37496 2
37497 0
37498 1
37499 0
37500 1
37501 1
37502 1
37503 1
37504 2
37505 0
37506 0
37507 1
37508 1
37509 2
37510 0
37511 0
37512 1
37513 0
37514 2
37515 2
37516 1
37517 0
37518 0
37519 0
37520 2
37521 2
37522 0
37523 2
37524 3
37525 1
37526 1
37527 0
37528 0
37529 0
37530 1
37531 1
37532 1
37533 1
37534 3
37535 1
37536 2
37537 2
37538 1
37539 2
37540 1
37541 1
37542 0
37543 0
37544 0
37545 1
37546 1
37547 2
37548 1
37549 0
37550 1
37551 1
37552 2
37553 1
37554 2
37555 1
37556 1
37557 2
37558 1
37559 0
37560 1
37561 2
37562 0
37563 1
37564 1
37565 2
37566 2
37567 0
37568 0
37569 2
37570 3
37571 3
37572 1
37573 0
37574 1
37575 1
37576 2
37577 2
37578 0
37579 2
37580 1
37581 2
37582 3
37583 2
37584 3
37585 2
37586 0
37587 2
37588 2
37589 1
37590 0
37591 1
37592 2
37593 1
37594 2
37595 2
37596 2
37597 0
37598 1
37599 0
37600 1
37601 1
37602 1
37603 0
37604 2
37605 2
37606 1
37607 1
37608 0
37609 1
37610 1
37611 1
37612 0
37613 1
37614 1
37615 2
37616 0
37617 0
37618 2
37619 0
37620 0
37621 1
37622 0
37623 1
37624 1
37625 1
37626 1
37627 1
37628 2
37629 2
37630 2
37631 2
37632 0
37633 2
37634 1
37635 0
37636 1
37637 0
37638 2
37639 1
37640 1
37641 1
37642 2
37643 2
37644 2
37645 1
37646 0
37647 0
37648 2
37649 2
37650 2
37651 1
37652 1
37653 1
37654 2
37655 3
37656 1
37657 2
37658 3
37659 2
37660 2
37661 2
37662 2
37663 0
37664 1
37665 0
37666 1
37667 2
37668 1
37669 0
37670 2
37671 3
37672 0
37673 2
37674 1
37675 2
37676 0
37677 0
37678 2
37679 2
37680 3
37681 3
37682 3
37683 2
37684 0
37685 1
37686 2
37687 0
37688 0
37689 1
37690 1
37691 1
37692 2
37693 1
37694 1
37695 3
37696 0
37697 1
37698 3
37699 1
37700 2
37701 0
37702 1
37703 2
37704 1
37705 1
37706 1
37707 3
37708 0
37709 1
37710 0
37711 1
37712 0
37713 1
37714 2
37715 0
37716 1
37717 1
37718 2
37719 2
37720 3
37721 2
37722 1
37723 1
37724 1
37725 0
37726 0
37727 1
37728 2
37729 2
37730 1
37731 0
37732 0
37733 2
37734 1
37735 1
37736 2
37737 2
37738 1
37739 0
37740 3
37741 1
37742 2
37743 1
37744 0
37745 1
37746 2
37747 0
37748 2
37749 1
37750 3
37751 1
37752 1
37753 2
37754 2
37755 0
37756 0
37757 1
37758 3
37759 2
37760 0
37761 0
37762 3
37763 1
37764 0
37765 1
37766 0
37767 1
37768 0
37769 2
37770 3
37771 2
37772 3
37773 1
37774 0
37775 2
37776 2
37777 1
37778 1
37779 2
37780 0
37781 2
37782 1
37783 1
37784 1
37785 0
37786 1
37787 0
37788 1
37789 1
37790 2
37791 0
37792 1
37793 0
37794 0
37795 0
37796 0
37797 3
37798 0
37799 1
37800 1
37801 2
37802 2
37803 1
37804 1
37805 2
37806 0
37807 2
37808 0
37809 0
37810 2
37811 3
37812 1
37813 0
37814 1
37815 1
37816 1
37817 3
37818 3
37819 3
37820 0
37821 2
37822 1
37823 1
37824 0
37825 1
37826 0
37827 2
37828 1
37829 1
37830 1
37831 2
37832 1
37833 0
37834 2
37835 2
37836 0
37837 0
37838 2
37839 2
37840 0
37841 0
37842 3
37843 1
37844 1
37845 0
37846 0
37847 2
37848 1
37849 2
37850 2
37851 2
37852 3
37853 3
37854 0
37855 1
37856 2
37857 0
37858 2
37859 2
37860 1
37861 0
37862 1
37863 1
37864 1
37865 0
37866 2
37867 1
37868 1
37869 2
37870 3
37871 2
37872 1
37873 2
37874 1
37875 1
37876 3
37877 2
37878 0
37879 2
37880 0
37881 1
37882 0
37883 0
37884 1
37885 1
37886 0
37887 0
37888 0
37889 2
37890 0
37891 2
37892 0
37893 2
37894 0
37895 2
37896 1
37897 3
37898 2
37899 2
37900 2
37901 3
37902 1
37903 0
37904 1
37905 1
37906 1
37907 2
37908 2
37909 0
37910 2
37911 0
37912 1
37913 2
37914 2
37915 3
37916 1
37917 1
37918 2
37919 2
37920 1
37921 1
37922 0
37923 2
37924 3
37925 1
37926 2
37927 2
37928 1
37929 1
37930 2
37931 1
37932 2
37933 2
37934 2
37935 2
37936 2
37937 1
37938 1
37939 1
37940 2
37941 3
37942 2
37943 1
37944 3
37945 2
37946 2
37947 1
37948 1
37949 2
37950 2
37951 3
37952 0
37953 3
37954 0
37955 2
37956 1
37957 2
37958 3
37959 1
37960 1
37961 1
37962 0
37963 3
37964 1
37965 2
37966 2
37967 0
37968 0
37969 2
37970 1
37971 0
37972 0
37973 0
37974 0
37975 1
37976 1
37977 1
37978 2
37979 1
37980 1
37981 2
37982 0
37983 1
37984 1
37985 2
37986 1
37987 1
37988 0
37989 2
37990 0
37991 1
37992 3
37993 2
37994 0
37995 3
37996 2
37997 2
37998 2
37999 3
38000 3
38001 3
38002 0
38003 2
38004 1
38005 0
38006 2
38007 1
38008 1
38009 0
38010 0
38011 2
38012 1
38013 2
38014 0
38015 2
38016 2
38017 1
38018 1
38019 0
38020 0
38021 1
38022 0
38023 3
38024 3
38025 2
38026 2
38027 0
38028 3
38029 0
38030 1
38031 2
38032 2
38033 2
38034 0
38035 3
38036 3
38037 1
38038 1
38039 0
38040 2
38041 2
38042 2
38043 3
38044 1
38045 2
38046 1
38047 1
38048 2
38049 1
38050 0
38051 2
38052 1
38053 0
38054 2
38055 1
38056 1
38057 2
38058 3
38059 1
38060 2
38061 1
38062 0
38063 3
38064 2
38065 3
38066 1
38067 2
38068 1
38069 0
38070 2
38071 0
38072 1
38073 2
38074 1
38075 1
38076 1
38077 0
38078 0
38079 1
38080 1
38081 0
38082 2
38083 1
38084 2
38085 1
38086 2
38087 2
38088 0
38089 1
38090 2
38091 1
38092 1
38093 1
38094 2
38095 2
38096 1
38097 0
38098 0
38099 2
38100 1
38101 1
38102 1
38103 3
38104 2
38105 1
38106 0
38107 2
38108 0
38109 1
38110 0
38111 1
38112 3
38113 0
38114 1
38115 0
38116 2
38117 0
38118 1
38119 0
38120 0
38121 3
38122 1
38123 2
38124 1
38125 0
38126 3
38127 1
38128 0
38129 1
38130 2
38131 2
38132 3
38133 0
38134 1
38135 3
38136 2
38137 1
38138 2
38139 1
38140 1
38141 1
38142 0
38143 0
38144 1
38145 0
38146 2
38147 2
38148 0
38149 1
38150 1
38151 1
38152 3
38153 2
38154 0
38155 3
38156 0
38157 3
38158 2
38159 2
38160 3
38161 0
38162 0
38163 0
38164 1
38165 0
38166 3
38167 2
38168 2
38169 3
38170 0
38171 2
38172 2
38173 0
38174 1
38175 2
38176 1
38177 2
38178 1
38179 2
38180 2
38181 2
38182 0
38183 2
38184 3
38185 0
38186 0
38187 0
38188 1
38189 1
38190 2
38191 1
38192 0
38193 3
38194 0
38195 0
38196 2
38197 1
38198 3
38199 2
38200 1
38201 0
38202 1
38203 1
38204 1
38205 1
38206 1
38207 1
38208 0
38209 3
38210 2
38211 1
38212 1
38213 1
38214 2
38215 0
38216 2
38217 0
38218 1
38219 1
38220 1
38221 1
38222 0
38223 1
38224 0
38225 1
38226 2
38227 1
38228 0
38229 1
38230 3
38231 0
38232 0
38233 1
38234 2
38235 2
38236 2
38237 1
38238 3
38239 1
38240 1
38241 1
38242 2
38243 2
38244 0
38245 1
38246 2
38247 0
38248 1
38249 2
38250 2
38251 2
38252 0
38253 1
38254 0
38255 0
38256 0
38257 0
38258 3
38259 2
38260 1
38261 1
38262 1
38263 1
38264 2
38265 1
38266 1
38267 0
38268 0
38269 3
38270 0
38271 2
38272 1
38273 1
38274 2
38275 0
38276 0
38277 0
38278 2
38279 0
38280 1
38281 1
38282 1
38283 0
38284 1
38285 2
38286 0
38287 1
38288 0
38289 1
38290 0
38291 1
38292 0
38293 0
38294 0
38295 2
38296 0
38297 3
38298 0
38299 1
38300 1
38301 1
38302 0
38303 1
38304 0
38305 1
38306 2
38307 0
38308 2
38309 0
38310 0
38311 2
38312 2
38313 0
38314 3
38315 1
38316 2
38317 1
38318 1
38319 0
38320 0
38321 3
38322 0
38323 0
38324 0
38325 0
38326 1
38327 1
38328 0
38329 1
38330 3
38331 3
38332 2
38333 0
38334 0
38335 0
38336 0
38337 0
38338 0
38339 1
38340 1
38341 2
38342 2
38343 1
38344 2
38345 0
38346 0
38347 3
38348 3
38349 0
38350 3
38351 0
38352 1
38353 0
38354 0
38355 2
38356 1
38357 1
38358 1
38359 2
38360 1
38361 2
38362 2
38363 0
38364 0
38365 3
38366 3
38367 2
38368 2
38369 0
38370 0
38371 2
38372 3
38373 0
38374 0
38375 1
38376 2
38377 2
38378 0
38379 1
38380 1
38381 0
38382 2
38383 0
38384 1
38385 0
38386 3
38387 2
38388 2
38389 3
38390 1
38391 1
38392 1
38393 0
38394 2
38395 1
38396 1
38397 1
38398 0
38399 1
38400 3
38401 0
38402 0
38403 3
38404 2
38405 2
38406 0
38407 1
38408 1
38409 1
38410 3
38411 0
38412 2
38413 0
38414 2
38415 2
38416 1
38417 0
38418 2
38419 0
38420 1
38421 0
38422 0
38423 3
38424 2
38425 1
38426 0
38427 1
38428 0
38429 3
38430 1
38431 1
38432 1
38433 1
38434 0
38435 3
38436 2
38437 0
38438 2
38439 3
38440 2
38441 0
38442 0
38443 2
38444 1
38445 3
38446 1
38447 0
38448 2
38449 2
38450 3
38451 2
38452 3
38453 3
38454 1
38455 2
38456 0
38457 0
38458 1
38459 1
38460 0
38461 1
38462 2
38463 0
38464 0
38465 1
38466 2
38467 1
38468 1
38469 0
38470 1
38471 0
38472 1
38473 0
38474 1
38475 1
38476 2
38477 2
38478 1
38479 3
38480 1
38481 0
38482 2
38483 0
38484 1
38485 0
38486 1
38487 0
38488 0
38489 2
38490 0
38491 1
38492 0
38493 3
38494 2
38495 1
38496 0
38497 2
38498 0
38499 1
38500 1
38501 2
38502 3
38503 0
38504 1
38505 1
38506 0
38507 0
38508 3
38509 3
38510 2
38511 0
38512 2
38513 1
38514 1
38515 2
38516 2
38517 2
38518 1
38519 0
38520 1
38521 1
38522 1
38523 0
38524 0
38525 2
38526 2
38527 1
38528 2
38529 0
38530 0
38531 1
38532 1
38533 3
38534 0
38535 0
38536 1
38537 2
38538 0
38539 0
38540 1
38541 0
38542 2
38543 2
38544 1
38545 2
38546 0
38547 0
38548 0
38549 2
38550 2
38551 1
38552 0
38553 1
38554 3
38555 2
38556 3
38557 1
38558 1
38559 4
38560 0
38561 2
38562 1
38563 3
38564 1
38565 0
38566 2
38567 1
38568 1
38569 1
38570 2
38571 3
38572 2
38573 0
38574 0
38575 3
38576 1
38577 1
38578 4
38579 1
38580 1
38581 0
38582 2
38583 0
38584 2
38585 2
38586 1
38587 4
38588 3
38589 2
38590 0
38591 1
38592 0
38593 1
38594 0
38595 0
38596 2
38597 0
38598 0
38599 1
38600 1
38601 1
38602 0
38603 1
38604 2
38605 1
38606 2
38607 0
38608 0
38609 1
38610 2
38611 0
38612 2
38613 0
38614 0
38615 2
38616 2
38617 1
38618 0
38619 2
38620 1
38621 2
38622 1
38623 2
38624 1
38625 2
38626 2
38627 2
38628 1
38629 1
38630 2
38631 0
38632 0
38633 3
38634 0
38635 0
38636 0
38637 2
38638 0
38639 2
38640 0
38641 1
38642 1
38643 0
38644 1
38645 0
38646 2
38647 1
38648 1
38649 0
38650 1
38651 2
38652 0
38653 4
38654 3
38655 1
38656 0
38657 2
38658 2
38659 0
38660 1
38661 3
38662 0
38663 1
38664 2
38665 3
38666 1
38667 1
38668 2
38669 3
38670 0
38671 0
38672 2
38673 1
38674 0
38675 0
38676 3
38677 2
38678 1
38679 0
38680 2
38681 2
38682 0
38683 0
38684 1
38685 0
38686 2
38687 0
38688 2
38689 0
38690 0
38691 3
38692 2
38693 1
38694 3
38695 0
38696 2
38697 1
38698 0
38699 2
38700 0
38701 2
38702 1
38703 1
38704 1
38705 0
38706 1
38707 0
38708 0
38709 2
38710 1
38711 1
38712 1
38713 2
38714 1
38715 1
38716 2
38717 2
38718 3
38719 1
38720 1
38721 3
38722 1
38723 2
38724 0
38725 1
38726 3
38727 1
38728 2
38729 0
38730 0
38731 2
38732 2
38733 1
38734 3
38735 1
38736 2
38737 1
38738 1
38739 2
38740 1
38741 0
38742 2
38743 0
38744 2
38745 0
38746 1
38747 3
38748 1
38749 2
38750 0
38751 0
38752 1
38753 0
38754 2
38755 1
38756 2
38757 2
38758 2
38759 0
38760 3
38761 2
38762 2
38763 3
38764 1
38765 2
38766 2
38767 2
38768 0
38769 2
38770 3
38771 2
38772 2
38773 1
38774 1
38775 0
38776 0
38777 3
38778 1
38779 3
38780 0
38781 0
38782 0
38783 1
38784 1
38785 2
38786 0
38787 1
38788 1
38789 0
38790 2
38791 1
38792 1
38793 1
38794 3
38795 2
38796 3
38797 1
38798 1
38799 1
38800 1
38801 1
38802 0
38803 2
38804 1
38805 0
38806 0
38807 0
38808 0
38809 0
38810 2
38811 1
38812 1
38813 2
38814 0
38815 0
38816 1
38817 3
38818 1
38819 2
38820 1
38821 0
38822 1
38823 1
38824 0
38825 1
38826 0
38827 0
38828 0
38829 2
38830 2
38831 0
38832 0
38833 1
38834 0
38835 1
38836 0
38837 1
38838 0
38839 0
38840 1
38841 2
38842 2
38843 0
38844 2
38845 1
38846 0
38847 1
38848 0
38849 2
38850 1
38851 0
38852 2
38853 1
38854 1
38855 0
38856 0
38857 0
38858 0
38859 0
38860 1
38861 2
38862 2
38863 2
38864 1
38865 0
38866 0
38867 0
38868 2
38869 1
38870 0
38871 2
38872 2
38873 0
38874 1
38875 2
38876 0
38877 2
38878 0
38879 1
38880 1
38881 1
38882 0
38883 2
38884 0
38885 3
38886 0
38887 2
38888 1
38889 0
38890 1
38891 0
38892 2
38893 1
38894 1
38895 3
38896 2
38897 2
38898 1
38899 1
38900 3
38901 2
38902 1
38903 0
38904 0
38905 2
38906 2
38907 2
38908 1
38909 1
38910 0
38911 1
38912 1
38913 2
38914 0
38915 2
38916 1
38917 0
38918 2
38919 1
38920 2
38921 0
38922 0
38923 1
38924 0
38925 2
38926 0
38927 2
38928 0
38929 1
38930 2
38931 3
38932 0
38933 0
38934 2
38935 0
38936 3
38937 2
38938 1
38939 0
38940 2
38941 3
38942 0
38943 1
38944 1
38945 0
38946 2
38947 1
38948 1
38949 0
38950 1
38951 0
38952 2
38953 1
38954 3
38955 2
38956 1
38957 0
38958 0
38959 0
38960 1
38961 3
38962 0
38963 1
38964 0
38965 1
38966 0
38967 1
38968 1
38969 2
38970 3
38971 0
38972 1
38973 3
38974 1
38975 0
38976 1
38977 0
38978 0
38979 0
38980 1
38981 2
38982 1
38983 0
38984 2
38985 1
38986 1
38987 1
38988 3
38989 1
38990 1
38991 0
38992 3
38993 0
38994 0
38995 1
38996 0
38997 0
38998 0
38999 1
39000 1
39001 1
39002 0
39003 0
39004 2
39005 0
39006 0
39007 0
39008 3
39009 1
39010 1
39011 3
39012 1
39013 1
39014 2
39015 2
39016 2
39017 1
39018 1
39019 2
39020 0
39021 3
39022 1
39023 0
39024 2
39025 1
39026 1
39027 0
39028 1
39029 1
39030 0
39031 0
39032 1
39033 1
39034 2
39035 2
39036 0
39037 0
39038 0
39039 2
39040 0
39041 2
39042 2
39043 1
39044 2
39045 0
39046 1
39047 0
39048 1
39049 0
39050 3
39051 1
39052 3
39053 0
39054 3
39055 2
39056 2
39057 1
39058 0
39059 1
39060 2
39061 0
39062 1
39063 2
39064 2
39065 3
39066 1
39067 3
39068 1
39069 0
39070 1
39071 2
39072 0
39073 0
39074 0
39075 0
39076 3
39077 3
39078 0
39079 1
39080 2
39081 3
39082 1
39083 0
39084 3
39085 1
39086 2
39087 2
39088 0
39089 1
39090 0
39091 2
39092 1
39093 1
39094 3
39095 1
39096 2
39097 0
39098 3
39099 0
39100 2
39101 0
39102 2
39103 1
39104 1
39105 0
39106 2
39107 1
39108 0
39109 2
39110 3
39111 0
39112 0
39113 2
39114 1
39115 1
39116 1
39117 2
39118 0
39119 1
39120 3
39121 2
39122 1
39123 0
39124 1
39125 1
39126 2
39127 1
39128 2
39129 2
39130 1
39131 1
39132 1
39133 3
39134 2
39135 1
39136 0
39137 1
39138 0
39139 1
39140 1
39141 2
39142 1
39143 2
39144 0
39145 0
39146 1
39147 1
39148 1
39149 0
39150 0
39151 0
39152 1
39153 0
39154 1
39155 0
39156 2
39157 1
39158 1
39159 1
39160 2
39161 1
39162 0
39163 2
39164 1
39165 2
39166 1
39167 1
39168 0
39169 2
39170 1
39171 3
39172 0
39173 0
39174 1
39175 1
39176 2
39177 0
39178 2
39179 2
39180 2
39181 1
39182 4
39183 1
39184 0
39185 2
39186 3
39187 1
39188 2
39189 1
39190 2
39191 1
39192 0
39193 1
39194 2
39195 0
39196 0
39197 2
39198 3
39199 2
39200 2
39201 1
39202 2
39203 0
39204 0
39205 0
39206 0
39207 2
39208 2
39209 0
39210 1
39211 3
39212 0
39213 4
39214 0
39215 1
39216 2
39217 3
39218 1
39219 0
39220 2
39221 2
39222 0
39223 1
39224 1
39225 0
39226 2
39227 0
39228 0
39229 2
39230 3
39231 0
39232 0
39233 0
39234 1
39235 0
39236 0
39237 2
39238 1
39239 0
39240 2
39241 0
39242 2
39243 2
39244 3
39245 1
39246 2
39247 0
39248 0
39249 0
39250 2
39251 1
39252 1
39253 1
39254 0
39255 2
39256 3
39257 0
39258 1
39259 1
39260 0
39261 1
39262 2
39263 1
39264 0
39265 1
39266 1
39267 0
39268 0
39269 0
39270 0
39271 0
39272 1
39273 1
39274 3
39275 2
39276 1
39277 1
39278 2
39279 1
39280 2
39281 0
39282 1
39283 1
39284 0
39285 1
39286 2
39287 1
39288 2
39289 0
39290 3
39291 1
39292 2
39293 0
39294 3
39295 3
39296 2
39297 0
39298 0
39299 1
39300 2
39301 1
39302 1
39303 0
39304 0
39305 2
39306 0
39307 0
39308 3
39309 2
39310 1
39311 1
39312 0
39313 0
39314 1
39315 2
39316 0
39317 3
39318 1
39319 0
39320 2
39321 0
39322 0
39323 0
39324 1
39325 1
39326 1
39327 3
39328 1
39329 3
39330 0
39331 2
39332 2
39333 1
39334 2
39335 2
39336 2
39337 2
39338 0
39339 3
39340 0
39341 1
39342 0
39343 1
39344 0
39345 2
39346 1
39347 2
39348 2
39349 1
39350 1
39351 2
39352 1
39353 0
39354 1
39355 1
39356 2
39357 0
39358 0
39359 0
39360 1
39361 2
39362 1
39363 2
39364 0
39365 1
39366 1
39367 1
39368 2
39369 0
39370 0
39371 2
39372 2
39373 1
39374 0
39375 2
39376 2
39377 1
39378 2
39379 1
39380 2
39381 1
39382 2
39383 1
39384 3
39385 2
39386 1
39387 0
39388 0
39389 1
39390 2
39391 0
39392 0
39393 0
39394 0
39395 1
39396 0
39397 0
39398 3
39399 3
39400 2
39401 2
39402 2
39403 1
39404 2
39405 3
39406 3
39407 0
39408 2
39409 1
39410 1
39411 1
39412 0
39413 2
39414 2
39415 0
39416 1
39417 0
39418 2
39419 0
39420 1
39421 0
39422 1
39423 2
39424 0
39425 2
39426 2
39427 0
39428 1
39429 1
39430 0
39431 2
39432 2
39433 1
39434 2
39435 2
39436 2
39437 2
39438 2
39439 2
39440 2
39441 2
39442 1
39443 3
39444 1
39445 1
39446 1
39447 0
39448 2
39449 1
39450 3
39451 0
39452 0
39453 2
39454 1
39455 0
39456 0
39457 0
39458 2
39459 4
39460 1
39461 2
39462 1
39463 2
39464 2
39465 0
39466 3
39467 3
39468 1
39469 0
39470 1
39471 1
39472 3
39473 0
39474 0
39475 1
39476 0
39477 2
39478 0
39479 1
39480 0
39481 1
39482 2
39483 2
39484 0
39485 0
39486 1
39487 1
39488 0
39489 1
39490 2
39491 4
39492 1
39493 2
39494 0
39495 1
39496 3
39497 1
39498 1
39499 1
39500 3
39501 0
39502 1
39503 2
39504 1
39505 0
39506 0
39507 1
39508 4
39509 1
39510 1
39511 2
39512 0
39513 2
39514 2
39515 2
39516 0
39517 2
39518 1
39519 1
39520 1
39521 2
39522 2
39523 2
39524 0
39525 2
39526 1
39527 0
39528 0
39529 0
39530 1
39531 1
39532 2
39533 2
39534 1
39535 1
39536 0
39537 2
39538 1
39539 2
39540 3
39541 0
39542 0
39543 1
39544 0
39545 0
39546 1
39547 2
39548 0
39549 1
39550 1
39551 2
39552 2
39553 4
39554 0
39555 2
39556 1
39557 0
39558 0
39559 2
39560 1
39561 0
39562 2
39563 1
39564 0
39565 1
39566 0
39567 0
39568 3
39569 2
39570 0
39571 2
39572 0
39573 0
39574 3
39575 0
39576 1
39577 0
39578 2
39579 1
39580 1
39581 2
39582 2
39583 0
39584 0
39585 1
39586 1
39587 2
39588 3
39589 0
39590 2
39591 2
39592 3
39593 0
39594 3
39595 0
39596 1
39597 3
39598 1
39599 2
39600 1
39601 0
39602 3
39603 2
39604 0
39605 3
39606 0
39607 0
39608 2
39609 1
39610 1
39611 1
39612 1
39613 1
39614 2
39615 1
39616 2
39617 0
39618 2
39619 0
39620 2
39621 1
39622 1
39623 2
39624 0
39625 2
39626 3
39627 1
39628 3
39629 2
39630 0
39631 2
39632 0
39633 1
39634 0
39635 0
39636 0
39637 1
39638 2
39639 1
39640 3
39641 2
39642 0
39643 3
39644 0
39645 1
39646 1
39647 3
39648 0
39649 1
39650 3
39651 1
39652 2
39653 2
39654 2
39655 1
39656 1
39657 1
39658 1
39659 1
39660 2
39661 1
39662 1
39663 0
39664 1
39665 2
39666 3
39667 1
39668 2
39669 2
39670 1
39671 0
39672 0
39673 3
39674 0
39675 1
39676 1
39677 2
39678 0
39679 2
39680 3
39681 0
39682 2
39683 2
39684 2
39685 0
39686 2
39687 2
39688 0
39689 0
39690 2
39691 0
39692 1
39693 0
39694 1
39695 2
39696 3
39697 3
39698 1
39699 1
39700 1
39701 3
39702 2
39703 1
39704 1
39705 2
39706 0
39707 1
39708 2
39709 3
39710 1
39711 3
39712 1
39713 1
39714 3
39715 2
39716 0
39717 2
39718 0
39719 2
39720 3
39721 1
39722 1
39723 2
39724 1
39725 1
39726 2
39727 0
39728 1
39729 1
39730 2
39731 1
39732 2
39733 3
39734 1
39735 3
39736 1
39737 1
39738 0
39739 3
39740 3
39741 1
39742 0
39743 1
39744 2
39745 1
39746 1
39747 1
39748 0
39749 0
39750 0
39751 2
39752 2
39753 1
39754 2
39755 0
39756 0
39757 2
39758 0
39759 3
39760 1
39761 2
39762 1
39763 3
39764 1
39765 1
39766 1
39767 1
39768 1
39769 3
39770 2
39771 1
39772 3
39773 1
39774 1
39775 1
39776 1
39777 0
39778 1
39779 0
39780 2
39781 1
39782 2
39783 2
39784 0
39785 0
39786 1
39787 1
39788 3
39789 2
39790 3
39791 2
39792 0
39793 0
39794 0
39795 1
39796 1
39797 2
39798 0
39799 1
39800 1
39801 2
39802 1
39803 1
39804 4
39805 3
39806 1
39807 2
39808 1
39809 3
39810 0
39811 2
39812 2
39813 1
39814 2
39815 2
39816 3
39817 1
39818 1
39819 1
39820 0
39821 1
39822 0
39823 3
39824 2
39825 0
39826 2
39827 1
39828 1
39829 0
39830 1
39831 0
39832 1
39833 2
39834 0
39835 1
39836 2
39837 3
39838 1
39839 2
39840 0
39841 1
39842 0
39843 3
39844 2
39845 2
39846 1
39847 2
39848 2
39849 2
39850 3
39851 2
39852 1
39853 1
39854 1
39855 0
39856 2
39857 1
39858 0
39859 2
39860 2
39861 0
39862 3
39863 2
39864 3
39865 1
39866 2
39867 0
39868 0
39869 2
39870 2
39871 0
39872 1
39873 0
39874 2
39875 1
39876 1
39877 0
39878 3
39879 2
39880 0
39881 1
39882 0
39883 3
39884 2
39885 0
39886 1
39887 2
39888 0
39889 0
39890 1
39891 0
39892 1
39893 3
39894 1
39895 1
39896 0
39897 0
39898 2
39899 1
39900 0
39901 1
39902 2
39903 3
39904 0
39905 0
39906 2
39907 0
39908 2
39909 3
39910 1
39911 0
39912 0
39913 1
39914 0
39915 1
39916 3
39917 1
39918 4
39919 0
39920 3
39921 0
39922 2
39923 2
39924 0
39925 3
39926 0
39927 0
39928 1
39929 2
39930 1
39931 2
39932 2
39933 0
39934 2
39935 1
39936 1
39937 1
39938 0
39939 0
39940 3
39941 0
39942 0
39943 2
39944 1
39945 1
39946 0
39947 2
39948 3
39949 0
39950 1
39951 0
39952 0
39953 1
39954 2
39955 2
39956 0
39957 2
39958 2
39959 2
39960 2
39961 0
39962 0
39963 2
39964 0
39965 1
39966 0
39967 2
39968 0
39969 0
39970 1
39971 0
39972 2
39973 0
39974 1
39975 0
39976 2
39977 2
39978 1
39979 3
39980 1
39981 2
39982 0
39983 2
39984 1
39985 1
39986 2
39987 0
39988 1
39989 0
39990 0
39991 1
39992 0
39993 0
39994 2
39995 2
39996 1
39997 1
39998 1
39999 0
40000 1
40001 1
40002 1
40003 0
40004 1
40005 2
40006 0
40007 2
40008 1
40009 2
40010 1
40011 3
40012 1
40013 3
40014 0
40015 2
40016 2
40017 1
40018 0
40019 1
40020 2
40021 1
40022 1
40023 1
40024 0
40025 2
40026 1
40027 1
40028 1
40029 3
40030 2
40031 3
40032 0
40033 2
40034 2
40035 2
40036 1
40037 0
40038 1
40039 0
40040 0
40041 3
40042 0
40043 1
40044 1
40045 2
40046 1
40047 0
40048 0
40049 2
40050 1
40051 2
40052 0
40053 1
40054 1
40055 1
40056 1
40057 3
40058 1
40059 2
40060 2
40061 0
40062 2
40063 0
40064 2
40065 3
40066 2
40067 0
40068 0
40069 3
40070 3
40071 1
40072 0
40073 1
40074 2
40075 1
40076 0
40077 0
40078 2
40079 3
40080 0
40081 1
40082 1
40083 1
40084 0
40085 2
40086 2
40087 1
40088 2
40089 1
40090 3
40091 1
40092 1
40093 2
40094 0
40095 0
40096 2
40097 0
40098 1
40099 0
40100 0
40101 2
40102 3
40103 1
40104 1
40105 3
40106 2
40107 0
40108 1
40109 2
40110 0
40111 3
40112 2
40113 1
40114 0
40115 0
40116 2
40117 2
40118 0
40119 1
40120 0
40121 1
40122 0
40123 3
40124 0
40125 0
40126 0
40127 1
40128 1
40129 2
40130 1
40131 0
40132 1
40133 2
40134 0
40135 0
40136 3
40137 3
40138 4
40139 1
40140 1
40141 2
40142 1
40143 1
40144 2
40145 1
40146 0
40147 0
40148 1
40149 2
40150 3
40151 0
40152 0
40153 1
40154 2
40155 1
40156 2
40157 0
40158 0
40159 3
40160 0
40161 2
40162 0
40163 0
40164 0
40165 1
40166 2
40167 1
40168 2
40169 0
40170 2
40171 0
40172 3
40173 1
40174 1
40175 1
40176 1
40177 1
40178 2
40179 1
40180 2
40181 1
40182 1
40183 1
40184 2
40185 1
40186 1
40187 0
40188 0
40189 2
40190 0
40191 1
40192 0
40193 3
40194 3
40195 2
40196 0
40197 2
40198 1
40199 2
40200 0
40201 1
40202 2
40203 0
40204 1
40205 1
40206 0
40207 1
40208 2
40209 1
40210 0
40211 3
40212 0
40213 2
40214 3
40215 1
40216 3
40217 3
40218 3
40219 1
40220 0
40221 2
40222 0
40223 3
40224 2
40225 1
40226 1
40227 2
40228 1
40229 0
40230 1
40231 1
40232 0
40233 0
40234 2
40235 3
40236 1
40237 0
40238 0
40239 2
40240 1
40241 0
40242 2
40243 0
40244 3
40245 1
40246 0
40247 3
40248 2
40249 0
40250 0
40251 0
40252 0
40253 0
40254 3
40255 1
40256 0
40257 0
40258 1
40259 3
40260 1
40261 2
40262 2
40263 1
40264 1
40265 2
40266 0
40267 1
40268 2
40269 2
40270 1
40271 0
40272 0
40273 2
40274 0
40275 2
40276 0
40277 0
40278 0
40279 0
40280 1
40281 3
40282 1
40283 1
40284 1
40285 3
40286 0
40287 2
40288 2
40289 0
40290 4
40291 2
40292 1
40293 0
40294 0
40295 3
40296 1
40297 1
40298 3
40299 2
40300 0
40301 2
40302 3
40303 1
40304 3
40305 1
40306 1
40307 1
40308 1
40309 2
40310 1
40311 1
40312 2
40313 1
40314 1
40315 1
40316 0
40317 0
40318 1
40319 1
40320 0
40321 1
40322 2
40323 0
40324 1
40325 1
40326 0
40327 0
40328 0
40329 1
40330 1
40331 1
40332 3
40333 3
40334 2
40335 1
40336 1
40337 1
40338 2
40339 1
40340 1
40341 2
40342 1
40343 0
40344 1
40345 1
40346 1
40347 0
40348 0
40349 0
40350 3
40351 2
40352 2
40353 1
40354 2
40355 2
40356 1
40357 1
40358 0
40359 2
40360 1
40361 0
40362 2
40363 2
40364 2
40365 1
40366 0
40367 1
40368 2
40369 0
40370 1
40371 2
40372 1
40373 2
40374 0
40375 1
40376 0
40377 0
40378 0
40379 0
40380 1
40381 1
40382 0
40383 1
40384 2
40385 0
40386 3
40387 1
40388 1
40389 1
40390 0
40391 1
40392 1
40393 1
40394 1
40395 1
40396 3
40397 2
40398 2
40399 1
40400 2
40401 2
40402 0
40403 3
40404 2
40405 2
40406 0
40407 0
40408 2
40409 2
40410 2
40411 2
40412 0
40413 1
40414 2
40415 1
40416 2
40417 0
40418 1
40419 2
40420 0
40421 0
40422 1
40423 0
40424 1
40425 3
40426 0
40427 0
40428 2
40429 0
40430 3
40431 3
40432 1
40433 3
40434 1
40435 2
40436 2
40437 1
40438 1
40439 0
40440 3
40441 2
40442 1
40443 0
40444 0
40445 1
40446 1
40447 0
40448 3
40449 3
40450 1
40451 1
40452 0
40453 0
40454 0
40455 2
40456 1
40457 1
40458 0
40459 2
40460 1
40461 3
40462 3
40463 2
40464 2
40465 0
40466 3
40467 2
40468 0
40469 2
40470 3
40471 4
40472 0
40473 1
40474 1
40475 1
40476 1
40477 0
40478 0
40479 3
40480 0
40481 2
40482 0
40483 0
40484 1
40485 2
40486 0
40487 0
40488 1
40489 1
40490 0
40491 2
40492 2
40493 2
40494 1
40495 1
40496 1
40497 1
40498 1
40499 1
40500 0
40501 2
40502 0
40503 0
40504 1
40505 1
40506 1
40507 0
40508 1
40509 1
40510 0
40511 1
40512 2
40513 2
40514 2
40515 2
40516 1
40517 0
40518 0
40519 1
40520 2
40521 0
40522 2
40523 3
40524 1
40525 2
40526 3
40527 0
40528 2
40529 2
40530 2
40531 1
40532 2
40533 1
40534 2
40535 0
40536 0
40537 1
40538 1
40539 2
40540 2
40541 2
40542 0
40543 1
40544 0
40545 2
40546 0
40547 2
40548 3
40549 1
40550 0
40551 1
40552 0
40553 2
40554 1
40555 0
40556 0
40557 2
40558 2
40559 0
40560 1
40561 2
40562 1
40563 0
40564 2
40565 0
40566 3
40567 1
40568 1
40569 1
40570 1
40571 0
40572 2
40573 2
40574 3
40575 2
40576 2
40577 3
40578 2
40579 0
40580 2
40581 2
40582 1
40583 0
40584 2
40585 1
40586 2
40587 2
40588 3
40589 1
40590 1
40591 1
40592 1
40593 1
40594 0
40595 3
40596 2
40597 0
40598 2
40599 0
40600 1
40601 3
40602 1
40603 1
40604 1
40605 3
40606 1
40607 2
40608 0
40609 3
40610 0
40611 2
40612 0
40613 0
40614 2
40615 1
40616 1
40617 0
40618 0
40619 0
40620 1
40621 1
40622 2
40623 0
40624 3
40625 2
40626 0
40627 0
40628 1
40629 2
40630 0
40631 2
40632 1
40633 1
40634 0
40635 0
40636 1
40637 0
40638 3
40639 0
40640 1
40641 0
40642 3
40643 2
40644 1
40645 1
40646 2
40647 2
40648 1
40649 0
40650 2
40651 0
40652 2
40653 2
40654 2
40655 1
40656 1
40657 1
40658 1
40659 2
40660 2
40661 2
40662 0
40663 0
40664 2
40665 2
40666 2
40667 1
40668 1
40669 0
40670 2
40671 1
40672 2
40673 1
40674 1
40675 0
40676 2
40677 0
40678 1
40679 1
40680 0
40681 3
40682 1
40683 0
40684 0
40685 3
40686 1
40687 1
40688 0
40689 0
40690 0
40691 0
40692 2
40693 1
40694 2
40695 2
40696 1
40697 1
40698 1
40699 1
40700 2
40701 1
40702 1
40703 1
40704 0
40705 3
40706 2
40707 1
40708 1
40709 3
40710 2
40711 3
40712 1
40713 2
40714 0
40715 2
40716 3
40717 1
40718 1
40719 1
40720 0
40721 1
40722 2
40723 1
40724 2
40725 1
40726 1
40727 2
40728 3
40729 2
40730 2
40731 3
40732 0
40733 1
40734 2
40735 1
40736 0
40737 2
40738 2
40739 3
40740 2
40741 1
40742 1
40743 0
40744 0
40745 2
40746 0
40747 1
40748 0
40749 0
40750 1
40751 0
40752 2
40753 0
40754 2
40755 1
40756 1
40757 1
40758 2
40759 1
40760 2
40761 0
40762 2
40763 0
40764 2
40765 1
40766 2
40767 1
40768 1
40769 2
40770 2
40771 3
40772 2
40773 0
40774 0
40775 2
40776 3
40777 1
40778 2
40779 3
40780 3
40781 2
40782 2
40783 0
40784 1
40785 1
40786 2
40787 0
40788 0
40789 1
40790 1
40791 3
40792 3
40793 1
40794 2
40795 3
40796 2
40797 0
40798 0
40799 0
40800 2
40801 1
40802 2
40803 0
40804 0
40805 1
40806 0
40807 2
40808 0
40809 2
40810 1
40811 1
40812 1
40813 1
40814 2
40815 2
40816 0
40817 0
40818 3
40819 1
40820 2
40821 2
40822 0
40823 2
40824 3
40825 2
40826 2
40827 2
40828 1
40829 1
40830 1
40831 1
40832 1
40833 1
40834 3
40835 1
40836 0
40837 3
40838 3
40839 0
40840 0
40841 3
40842 1
40843 3
40844 0
40845 1
40846 0
40847 2
40848 2
40849 3
40850 0
40851 0
40852 0
40853 0
40854 1
40855 0
40856 2
40857 2
40858 2
40859 1
40860 1
40861 0
40862 1
40863 2
40864 1
40865 2
40866 0
40867 2
40868 0
40869 2
40870 0
40871 2
40872 0
40873 0
40874 2
40875 2
40876 2
40877 3
40878 1
40879 1
40880 1
40881 1
40882 0
40883 1
40884 1
40885 1
40886 2
40887 0
40888 2
40889 3
40890 1
40891 1
40892 0
40893 0
40894 1
40895 1
40896 0
40897 1
40898 2
40899 1
40900 1
40901 2
40902 0
40903 0
40904 3
40905 1
40906 0
40907 2
40908 2
40909 1
40910 2
40911 0
40912 2
40913 3
40914 1
40915 1
40916 0
40917 1
40918 1
40919 0
40920 2
40921 2
40922 2
40923 1
40924 0
40925 0
40926 3
40927 2
40928 2
40929 4
40930 1
40931 1
40932 3
40933 3
40934 2
40935 2
40936 1
40937 1
40938 1
40939 0
40940 0
40941 0
40942 2
40943 2
40944 3
40945 0
40946 2
40947 0
40948 2
40949 0
40950 4
40951 0
40952 1
40953 0
40954 3
40955 3
40956 0
40957 2
40958 2
40959 2
40960 0
40961 0
40962 2
40963 0
40964 1
40965 2
40966 2
40967 2
40968 1
40969 3
40970 1
40971 1
40972 2
40973 2
40974 1
40975 1
40976 1
40977 0
40978 2
40979 1
40980 3
40981 0
40982 3
40983 2
40984 1
40985 1
40986 0
40987 2
40988 1
40989 3
40990 0
40991 2
40992 1
40993 2
40994 2
40995 1
40996 0
40997 1
40998 0
40999 0
41000 1
41001 1
41002 0
41003 2
41004 1
41005 0
41006 0
41007 2
41008 1
41009 3
41010 2
41011 0
41012 2
41013 0
41014 1
41015 0
41016 0
41017 2
41018 1
41019 2
41020 1
41021 1
41022 0
41023 1
41024 2
41025 2
41026 0
41027 3
41028 0
41029 0
41030 0
41031 2
41032 2
41033 1
41034 2
41035 2
41036 1
41037 0
41038 2
41039 2
41040 0
41041 2
41042 2
41043 0
41044 0
41045 0
41046 2
41047 1
41048 1
41049 1
41050 1
41051 2
41052 2
41053 2
41054 2
41055 0
41056 0
41057 1
41058 3
41059 0
41060 1
41061 2
41062 1
41063 0
41064 3
41065 2
41066 3
41067 2
41068 1
41069 2
41070 0
41071 4
41072 0
41073 0
41074 0
41075 2
41076 1
41077 2
41078 1
41079 1
41080 2
41081 1
41082 0
41083 2
41084 1
41085 2
41086 0
41087 0
41088 2
41089 1
41090 1
41091 2
41092 0
41093 1
41094 1
41095 2
41096 2
41097 1
41098 2
41099 0
41100 1
41101 2
41102 0
41103 1
41104 2
41105 1
41106 3
41107 0
41108 1
41109 2
41110 0
41111 3
41112 2
41113 2
41114 4
41115 3
41116 1
41117 1
41118 1
41119 1
41120 1
41121 0
41122 0
41123 3
41124 0
41125 0
41126 3
41127 2
41128 2
41129 0
41130 0
41131 0
41132 1
41133 2
41134 1
41135 0
41136 3
41137 0
41138 2
41139 3
41140 2
41141 1
41142 1
41143 0
41144 2
41145 1
41146 2
41147 1
41148 0
41149 0
41150 1
41151 1
41152 3
41153 0
41154 2
41155 0
41156 1
41157 2
41158 1
41159 2
41160 0
41161 1
41162 2
41163 2
41164 1
41165 1
41166 2
41167 1
41168 2
41169 1
41170 1
41171 0
41172 0
41173 0
41174 1
41175 1
41176 0
41177 1
41178 0
41179 2
41180 0
41181 1
41182 3
41183 1
41184 2
41185 0
41186 1
41187 2
41188 0
41189 0
41190 1
41191 3
41192 1
41193 2
41194 0
41195 2
41196 2
41197 1
41198 1
41199 1
41200 0
41201 0
41202 2
41203 2
41204 1
41205 2
41206 2
41207 1
41208 3
41209 0
41210 2
41211 1
41212 3
41213 1
41214 4
41215 1
41216 3
41217 0
41218 2
41219 2
41220 1
41221 1
41222 3
41223 3
41224 0
41225 0
41226 2
41227 0
41228 1
41229 1
41230 3
41231 0
41232 2
41233 0
41234 3
41235 0
41236 3
41237 2
41238 2
41239 3
41240 2
41241 0
41242 0
41243 1
41244 1
41245 2
41246 2
41247 3
41248 1
41249 3
41250 0
41251 0
41252 3
41253 2
41254 1
41255 2
41256 0
41257 2
41258 0
41259 1
41260 2
41261 0
41262 2
41263 2
41264 0
41265 0
41266 1
41267 1
41268 0
41269 1
41270 1
41271 2
41272 0
41273 2
41274 1
41275 1
41276 1
41277 2
41278 0
41279 3
41280 1
41281 2
41282 0
41283 4
41284 0
41285 1
41286 3
41287 0
41288 2
41289 0
41290 0
41291 0
41292 1
41293 2
41294 0
41295 4
41296 2
41297 2
41298 1
41299 0
41300 1
41301 0
41302 2
41303 2
41304 1
41305 1
41306 1
41307 2
41308 0
41309 0
41310 1
41311 0
41312 3
41313 3
41314 2
41315 1
41316 0
41317 1
41318 2
41319 1
41320 2
41321 0
41322 2
41323 1
41324 0
41325 1
41326 1
41327 2
41328 2
41329 2
41330 0
41331 3
41332 0
41333 2
41334 1
41335 1
41336 3
41337 1
41338 1
41339 2
41340 1
41341 1
41342 1
41343 3
41344 1
41345 0
41346 1
41347 1
41348 1
41349 1
41350 2
41351 0
41352 2
41353 0
41354 2
41355 1
41356 0
41357 3
41358 0
41359 3
41360 2
41361 1
41362 1
41363 0
41364 0
41365 3
41366 0
41367 1
41368 1
41369 0
41370 2
41371 3
41372 1
41373 1
41374 2
41375 0
41376 2
41377 4
41378 1
41379 1
41380 0
41381 4
41382 1
41383 1
41384 1
41385 1
41386 2
41387 1
41388 0
41389 1
41390 2
41391 0
41392 2
41393 3
41394 1
41395 2
41396 3
41397 0
41398 1
41399 2
41400 1
41401 0
41402 0
41403 2
41404 0
41405 0
41406 1
41407 0
41408 1
41409 3
41410 1
41411 1
41412 1
41413 0
41414 3
41415 0
41416 1
41417 2
41418 2
41419 2
41420 3
41421 1
41422 1
41423 0
41424 0
41425 0
41426 1
41427 2
41428 2
41429 2
41430 3
41431 2
41432 1
41433 2
41434 0
41435 3
41436 2
41437 0
41438 1
41439 1
41440 0
41441 2
41442 2
41443 0
41444 3
41445 0
41446 2
41447 0
41448 1
41449 0
41450 1
41451 0
41452 2
41453 1
41454 1
41455 0
41456 0
41457 2
41458 1
41459 1
41460 4
41461 0
41462 1
41463 1
41464 2
41465 2
41466 1
41467 0
41468 0
41469 1
41470 2
41471 1
41472 3
41473 1
41474 1
41475 2
41476 1
41477 2
41478 2
41479 0
41480 0
41481 0
41482 3
41483 3
41484 2
41485 0
41486 2
41487 2
41488 3
41489 0
41490 0
41491 3
41492 1
41493 1
41494 0
41495 2
41496 1
41497 1
41498 1
41499 2
41500 2
41501 2
41502 1
41503 3
41504 2
41505 0
41506 2
41507 0
41508 1
41509 2
41510 1
41511 2
41512 1
41513 1
41514 2
41515 3
41516 0
41517 2
41518 2
41519 2
41520 0
41521 0
41522 2
41523 1
41524 3
41525 0
41526 0
41527 0
41528 2
41529 2
41530 2
41531 0
41532 1
41533 1
41534 1
41535 0
41536 0
41537 2
41538 1
41539 0
41540 0
41541 1
41542 2
41543 2
41544 2
41545 2
41546 1
41547 0
41548 2
41549 1
41550 0
41551 0
41552 0
41553 0
41554 0
41555 1
41556 1
41557 1
41558 0
41559 2
41560 0
41561 2
41562 0
41563 1
41564 2
41565 1
41566 2
41567 3
41568 0
41569 2
41570 1
41571 3
41572 3
41573 2
41574 2
41575 2
41576 1
41577 1
41578 2
41579 2
41580 1
41581 3
41582 1
41583 0
41584 2
41585 2
41586 1
41587 2
41588 3
41589 0
41590 3
41591 1
41592 1
41593 3
41594 1
41595 3
41596 2
41597 1
41598 0
41599 2
41600 1
41601 0
41602 0
41603 1
41604 3
41605 1
41606 0
41607 2
41608 0
41609 0
41610 2
41611 1
41612 0
41613 2
41614 1
41615 2
41616 0
41617 0
41618 1
41619 2
41620 1
41621 0
41622 2
41623 1
41624 2
41625 2
41626 2
41627 2
41628 3
41629 0
41630 0
41631 0
41632 0
41633 1
41634 2
41635 0
41636 0
41637 1
41638 0
41639 0
41640 2
41641 0
41642 1
41643 2
41644 1
41645 0
41646 2
41647 2
41648 1
41649 0
41650 4
41651 0
41652 3
41653 2
41654 4
41655 3
41656 2
41657 2
41658 2
41659 0
41660 1
41661 2
41662 0
41663 3
41664 0
41665 1
41666 3
41667 1
41668 0
41669 2
41670 4
41671 0
41672 0
41673 4
41674 0
41675 1
41676 0
41677 1
41678 3
41679 3
41680 2
41681 2
41682 2
41683 0
41684 0
41685 3
41686 2
41687 0
41688 2
41689 3
41690 1
41691 0
41692 4
41693 2
41694 1
41695 2
41696 1
41697 1
41698 1
41699 1
41700 1
41701 0
41702 2
41703 2
41704 1
41705 0
41706 3
41707 2
41708 2
41709 1
41710 1
41711 0
41712 2
41713 3
41714 1
41715 2
41716 3
41717 2
41718 1
41719 1
41720 1
41721 1
41722 1
41723 1
41724 0
41725 1
41726 1
41727 1
41728 1
41729 2
41730 3
41731 0
41732 1
41733 3
41734 2
41735 3
41736 2
41737 2
41738 1
41739 0
41740 1
41741 0
41742 1
41743 2
41744 2
41745 0
41746 2
41747 2
41748 2
41749 0
41750 3
41751 1
41752 3
41753 2
41754 1
41755 2
41756 3
41757 0
41758 2
41759 3
41760 1
41761 0
41762 1
41763 2
41764 0
41765 2
41766 2
41767 2
41768 1
41769 3
41770 1
41771 3
41772 2
41773 1
41774 1
41775 2
41776 1
41777 2
41778 2
41779 3
41780 1
41781 2
41782 2
41783 0
41784 0
41785 2
41786 2
41787 2
41788 1
41789 1
41790 0
41791 1
41792 2
41793 2
41794 3
41795 2
41796 0
41797 0
41798 2
41799 2
41800 2
41801 1
41802 0
41803 2
41804 1
41805 2
41806 0
41807 3
41808 2
41809 2
41810 1
41811 0
41812 2
41813 1
41814 2
41815 2
41816 2
41817 1
41818 2
41819 0
41820 1
41821 1
41822 1
41823 2
41824 2
41825 2
41826 0
41827 0
41828 1
41829 2
41830 2
41831 1
41832 3
41833 2
41834 2
41835 1
41836 3
41837 1
41838 2
41839 3
41840 1
41841 2
41842 0
41843 2
41844 2
41845 2
41846 2
41847 1
41848 2
41849 0
41850 1
41851 0
41852 0
41853 2
41854 1
41855 2
41856 2
41857 0
41858 2
41859 2
41860 1
41861 0
41862 2
41863 0
41864 0
41865 0
41866 2
41867 2
41868 2
41869 0
41870 0
41871 2
41872 2
41873 0
41874 1
41875 1
41876 0
41877 2
41878 2
41879 2
41880 2
41881 2
41882 0
41883 1
41884 2
41885 2
41886 0
41887 1
41888 0
41889 1
41890 2
41891 0
41892 1
41893 1
41894 0
41895 3
41896 0
41897 2
41898 1
41899 1
41900 2
41901 2
41902 1
41903 0
41904 2
41905 1
41906 2
41907 0
41908 1
41909 2
41910 0
41911 0
41912 2
41913 2
41914 1
41915 0
41916 2
41917 1
41918 2
41919 0
41920 2
41921 0
41922 3
41923 2
41924 2
41925 0
41926 0
41927 2
41928 1
41929 0
41930 4
41931 1
41932 3
41933 1
41934 3
41935 0
41936 2
41937 0
41938 0
41939 2
41940 1
41941 2
41942 1
41943 1
41944 1
41945 0
41946 2
41947 1
41948 3
41949 1
41950 2
41951 2
41952 3
41953 0
41954 1
41955 2
41956 0
41957 1
41958 0
41959 2
41960 1
41961 2
41962 1
41963 0
41964 1
41965 1
41966 1
41967 0
41968 1
41969 3
41970 2
41971 3
41972 2
41973 3
41974 0
41975 0
41976 1
41977 0
41978 2
41979 2
41980 0
41981 1
41982 1
41983 2
41984 1
41985 2
41986 0
41987 3
41988 0
41989 1
41990 1
41991 2
41992 3
41993 1
41994 0
41995 2
41996 0
41997 3
41998 3
41999 0
42000 1
42001 1
42002 1
42003 0
42004 1
42005 1
42006 3
42007 1
42008 3
42009 3
42010 3
42011 3
42012 0
42013 1
42014 0
42015 1
42016 1
42017 1
42018 2
42019 0
42020 1
42021 2
42022 0
42023 0
42024 0
42025 0
42026 1
42027 1
42028 3
42029 0
42030 1
42031 0
42032 1
42033 3
42034 2
42035 1
42036 2
42037 2
42038 2
42039 1
42040 0
42041 2
42042 0
42043 1
42044 1
42045 2
42046 2
42047 0
42048 0
42049 2
42050 1
42051 2
42052 2
42053 0
42054 2
42055 1
42056 3
42057 2
42058 2
42059 1
42060 1
42061 3
42062 2
42063 3
42064 0
42065 2
42066 2
42067 1
42068 3
42069 0
42070 2
42071 1
42072 0
42073 2
42074 1
42075 2
42076 2
42077 1
42078 2
42079 0
42080 2
42081 2
42082 0
42083 1
42084 1
42085 0
42086 1
42087 1
42088 0
42089 0
42090 2
42091 0
42092 0
42093 2
42094 1
42095 1
42096 4
42097 3
42098 1
42099 4
42100 0
42101 0
42102 3
42103 2
42104 0
42105 0
42106 1
42107 2
42108 1
42109 0
42110 2
42111 3
42112 2
42113 0
42114 1
42115 2
42116 2
42117 0
42118 1
42119 1
42120 2
42121 2
42122 2
42123 0
42124 3
42125 1
42126 3
42127 2
42128 1
42129 0
42130 1
42131 1
42132 0
42133 2
42134 1
42135 1
42136 0
42137 1
42138 1
42139 0
42140 1
42141 3
42142 3
42143 0
42144 3
42145 2
42146 3
42147 1
42148 4
42149 0
42150 2
42151 3
42152 2
42153 0
42154 0
42155 1
42156 3
42157 0
42158 0
42159 3
42160 2
42161 2
42162 0
42163 1
42164 3
42165 1
42166 0
42167 2
42168 1
42169 2
42170 1
42171 2
42172 1
42173 0
42174 3
42175 2
42176 2
42177 0
42178 3
42179 3
42180 1
42181 1
42182 2
42183 0
42184 2
42185 1
42186 2
42187 1
42188 1
42189 1
42190 0
42191 2
42192 1
42193 3
42194 0
42195 0
42196 1
42197 1
42198 0
42199 0
42200 0
42201 2
42202 3
42203 0
42204 2
42205 0
42206 1
42207 0
42208 3
42209 1
42210 1
42211 0
42212 2
42213 1
42214 1
42215 2
42216 3
42217 0
42218 2
42219 3
42220 2
42221 2
42222 0
42223 0
42224 3
42225 1
42226 2
42227 1
42228 2
42229 0
42230 1
42231 4
42232 1
42233 1
42234 0
42235 1
42236 2
42237 2
42238 2
42239 1
42240 0
42241 1
42242 0
42243 2
42244 1
42245 2
42246 1
42247 0
42248 3
42249 0
42250 0
42251 1
42252 1
42253 0
42254 1
42255 2
42256 3
42257 0
42258 0
42259 1
42260 1
42261 1
42262 1
42263 1
42264 1
42265 0
42266 0
42267 2
42268 2
42269 3
42270 2
42271 1
42272 1
42273 2
42274 0
42275 2
42276 1
42277 2
42278 3
42279 1
42280 0
42281 2
42282 3
42283 2
42284 1
42285 2
42286 1
42287 1
42288 1
42289 0
42290 0
42291 2
42292 2
42293 1
42294 1
42295 1
42296 2
42297 2
42298 1
42299 0
42300 2
42301 1
42302 0
42303 2
42304 1
42305 1
42306 3
42307 2
42308 0
42309 0
42310 3
42311 1
42312 1
42313 0
42314 2
42315 2
42316 1
42317 2
42318 0
42319 0
42320 0
42321 3
42322 2
42323 1
42324 2
42325 2
42326 2
42327 0
42328 2
42329 1
42330 0
42331 4
42332 2
42333 3
42334 0
42335 1
42336 2
42337 0
42338 1
42339 2
42340 3
42341 1
42342 1
42343 0
42344 1
42345 0
42346 1
42347 0
42348 3
42349 0
42350 1
42351 1
42352 3
42353 2
42354 1
42355 3
42356 1
42357 2
42358 2
42359 1
42360 1
42361 0
42362 1
42363 1
42364 2
42365 0
42366 1
42367 1
42368 0
42369 1
42370 2
42371 2
42372 3
42373 2
42374 3
42375 1
42376 0
42377 2
42378 2
42379 0
42380 2
42381 0
42382 2
42383 0
42384 2
42385 1
42386 1
42387 3
42388 1
42389 1
42390 1
42391 2
42392 0
42393 3
42394 2
42395 0
42396 1
42397 2
42398 0
42399 1
42400 3
42401 0
42402 1
42403 1
42404 0
42405 3
42406 1
42407 0
42408 3
42409 2
42410 0
42411 0
42412 2
42413 3
42414 0
42415 1
42416 1
42417 3
42418 2
42419 1
42420 2
42421 2
42422 3
42423 0
42424 3
42425 0
42426 1
42427 1
42428 1
42429 2
42430 2
42431 1
42432 3
42433 0
42434 1
42435 0
42436 3
42437 2
42438 2
42439 0
42440 0
42441 1
42442 2
42443 0
42444 1
42445 0
42446 2
42447 0
42448 2
42449 0
42450 0
42451 0
42452 0
42453 1
42454 0
42455 0
42456 2
42457 1
42458 1
42459 0
42460 0
42461 0
42462 1
42463 0
42464 0
42465 0
42466 0
42467 3
42468 1
42469 1
42470 0
42471 2
42472 2
42473 1
42474 0
42475 0
42476 2
42477 0
42478 1
42479 0
42480 0
42481 1
42482 1
42483 1
42484 0
42485 1
42486 0
42487 1
42488 1
42489 0
42490 2
42491 3
42492 0
42493 2
42494 2
42495 0
42496 0
42497 2
42498 1
42499 1
42500 3
42501 2
42502 2
42503 2
42504 1
42505 1
42506 2
42507 3
42508 0
42509 1
42510 1
42511 0
42512 1
42513 1
42514 1
42515 1
42516 3
42517 1
42518 2
42519 2
42520 0
42521 2
42522 1
42523 3
42524 1
42525 3
42526 0
42527 0
42528 0
42529 1
42530 2
42531 0
42532 3
42533 2
42534 0
42535 1
42536 0
42537 2
42538 3
42539 0
42540 3
42541 3
42542 2
42543 0
42544 1
42545 1
42546 2
42547 2
42548 0
42549 1
42550 2
42551 2
42552 3
42553 1
42554 1
42555 0
42556 0
42557 2
42558 2
42559 2
42560 0
42561 2
42562 1
42563 0
42564 0
42565 3
42566 0
42567 2
42568 3
42569 0
42570 2
42571 0
42572 2
42573 0
42574 3
42575 0
42576 2
42577 2
42578 2
42579 3
42580 0
42581 0
42582 0
42583 3
42584 0
42585 1
42586 3
42587 1
42588 1
42589 1
42590 2
42591 1
42592 1
42593 0
42594 1
42595 3
42596 0
42597 2
42598 1
42599 1
42600 1
42601 2
42602 0
42603 2
42604 2
42605 2
42606 0
42607 0
42608 1
42609 2
42610 0
42611 3
42612 2
42613 0
42614 2
42615 1
42616 2
42617 1
42618 1
42619 2
42620 1
42621 0
42622 0
42623 2
42624 0
42625 1
42626 2
42627 3
42628 2
42629 1
42630 1
42631 2
42632 0
42633 0
42634 1
42635 2
42636 3
42637 1
42638 3
42639 1
42640 1
42641 2
42642 3
42643 2
42644 2
42645 2
42646 0
42647 2
42648 1
42649 0
42650 3
42651 2
42652 0
42653 2
42654 2
42655 1
42656 1
42657 3
42658 2
42659 2
42660 1
42661 2
42662 0
42663 3
42664 2
42665 0
42666 1
42667 2
42668 1
42669 0
42670 3
42671 0
42672 1
42673 3
42674 0
42675 3
42676 3
42677 1
42678 0
42679 1
42680 0
42681 0
42682 1
42683 0
42684 4
42685 1
42686 0
42687 1
42688 1
42689 1
42690 1
42691 1
42692 0
42693 1
42694 1
42695 1
42696 3
42697 1
42698 1
42699 0
42700 0
42701 2
42702 0
42703 0
42704 3
42705 1
42706 1
42707 0
42708 1
42709 2
42710 3
42711 0
42712 3
42713 1
42714 2
42715 2
42716 1
42717 1
42718 2
42719 1
42720 1
42721 0
42722 2
42723 0
42724 1
42725 2
42726 2
42727 3
42728 2
42729 2
42730 2
42731 0
42732 0
42733 2
42734 2
42735 0
42736 0
42737 0
42738 3
42739 1
42740 0
42741 0
42742 1
42743 2
42744 4
42745 0
42746 3
42747 3
42748 2
42749 1
42750 1
42751 2
42752 0
42753 1
42754 2
42755 0
42756 1
42757 1
42758 0
42759 3
42760 1
42761 1
42762 3
42763 2
42764 0
42765 1
42766 0
42767 2
42768 1
42769 0
42770 1
42771 0
42772 2
42773 2
42774 0
42775 0
42776 3
42777 1
42778 3
42779 2
42780 2
42781 1
42782 2
42783 1
42784 0
42785 2
42786 0
42787 1
42788 1
42789 2
42790 0
42791 0
42792 1
42793 2
42794 0
42795 3
42796 2
42797 2
42798 1
42799 1
42800 2
42801 1
42802 2
42803 3
42804 0
42805 1
42806 1
42807 0
42808 2
42809 2
42810 1
42811 2
42812 1
42813 2
42814 4
42815 2
42816 0
42817 0
42818 1
42819 1
42820 1
42821 0
42822 1
42823 1
42824 1
42825 1
42826 0
42827 0
42828 3
42829 2
42830 1
42831 1
42832 2
42833 2
42834 0
42835 1
42836 2
42837 3
42838 2
42839 1
42840 2
42841 2
42842 2
42843 3
42844 2
42845 1
42846 1
42847 3
42848 1
42849 0
42850 1
42851 1
42852 3
42853 0
42854 2
42855 0
42856 2
42857 0
42858 1
42859 0
42860 2
42861 1
42862 3
42863 1
42864 1
42865 1
42866 0
42867 1
42868 0
42869 2
42870 2
42871 0
42872 3
42873 3
42874 0
42875 2
42876 2
42877 0
42878 1
42879 2
42880 2
42881 1
42882 2
42883 2
42884 1
42885 0
42886 3
42887 0
42888 1
42889 0
42890 2
42891 0
42892 2
42893 2
42894 1
42895 1
42896 3
42897 0
42898 1
42899 3
42900 1
42901 2
42902 0
42903 1
42904 2
42905 0
42906 1
42907 2
42908 0
42909 2
42910 2
42911 1
42912 1
42913 0
42914 0
42915 2
42916 2
42917 2
42918 2
42919 1
42920 2
42921 0
42922 1
42923 1
42924 1
42925 2
42926 0
42927 0
42928 1
42929 2
42930 2
42931 1
42932 2
42933 2
42934 4
42935 0
42936 2
42937 1
42938 1
42939 2
42940 1
42941 0
42942 1
42943 1
42944 2
42945 3
42946 1
42947 1
42948 0
42949 3
42950 1
42951 0
42952 0
42953 1
42954 0
42955 1
42956 1
42957 2
42958 2
42959 2
42960 3
42961 0
42962 0
42963 0
42964 2
42965 1
42966 0
42967 1
42968 1
42969 0
42970 0
42971 0
42972 1
42973 1
42974 1
42975 3
42976 0
42977 0
42978 1
42979 1
42980 1
42981 2
42982 2
42983 0
42984 3
42985 3
42986 1
42987 2
42988 0
42989 1
42990 0
42991 0
42992 2
42993 3
42994 3
42995 0
42996 1
42997 2
42998 2
42999 1
43000 1
43001 1
43002 3
43003 0
43004 1
43005 1
43006 3
43007 1
43008 1
43009 3
43010 0
43011 3
43012 0
43013 1
43014 3
43015 0
43016 3
43017 3
43018 4
43019 1
43020 1
43021 2
43022 1
43023 1
43024 1
43025 2
43026 2
43027 1
43028 2
43029 0
43030 0
43031 4
43032 3
43033 0
43034 0
43035 3
43036 2
43037 0
43038 3
43039 2
43040 1
43041 0
43042 0
43043 2
43044 3
43045 1
43046 3
43047 1
43048 0
43049 0
43050 3
43051 0
43052 0
43053 1
43054 0
43055 2
43056 1
43057 4
43058 0
43059 1
43060 1
43061 3
43062 0
43063 1
43064 3
43065 1
43066 2
43067 1
43068 3
43069 0
43070 0
43071 1
43072 2
43073 2
43074 2
43075 2
43076 3
43077 1
43078 0
43079 2
43080 0
43081 1
43082 3
43083 2
43084 1
43085 1
43086 3
43087 1
43088 0
43089 0
43090 3
43091 0
43092 0
43093 0
43094 0
43095 1
43096 2
43097 0
43098 1
43099 1
43100 1
43101 1
43102 0
43103 2
43104 2
43105 1
43106 2
43107 0
43108 2
43109 1
43110 0
43111 2
43112 0
43113 0
43114 2
43115 0
43116 2
43117 3
43118 4
43119 2
43120 1
43121 1
43122 0
43123 1
43124 1
43125 0
43126 3
43127 1
43128 0
43129 2
43130 0
43131 3
43132 2
43133 1
43134 2
43135 0
43136 0
43137 1
43138 3
43139 1
43140 1
43141 0
43142 1
43143 3
43144 0
43145 2
43146 1
43147 2
43148 2
43149 0
43150 1
43151 2
43152 1
43153 2
43154 0
43155 3
43156 3
43157 1
43158 2
43159 2
43160 0
43161 0
43162 1
43163 2
43164 2
43165 3
43166 1
43167 0
43168 1
43169 3
43170 2
43171 2
43172 1
43173 1
43174 1
43175 0
43176 1
43177 2
43178 2
43179 1
43180 0
43181 3
43182 1
43183 0
43184 1
43185 2
43186 0
43187 0
43188 3
43189 1
43190 2
43191 2
43192 1
43193 1
43194 1
43195 0
43196 2
43197 1
43198 0
43199 1
43200 1
43201 0
43202 3
43203 1
43204 0
43205 0
43206 1
43207 1
43208 0
43209 2
43210 0
43211 0
43212 1
43213 0
43214 2
43215 1
43216 2
43217 0
43218 3
43219 3
43220 2
43221 1
43222 2
43223 0
43224 2
43225 1
43226 0
43227 0
43228 2
43229 2
43230 0
43231 1
43232 0
43233 1
43234 1
43235 0
43236 3
43237 0
43238 2
43239 0
43240 3
43241 4
43242 2
43243 1
43244 0
43245 1
43246 1
43247 0
43248 1
43249 2
43250 1
43251 2
43252 2
43253 1
43254 2
43255 2
43256 1
43257 0
43258 1
43259 0
43260 2
43261 1
43262 1
43263 1
43264 2
43265 0
43266 0
43267 0
43268 0
43269 0
43270 0
43271 3
43272 1
43273 2
43274 0
43275 2
43276 2
43277 2
43278 3
43279 1
43280 1
43281 3
43282 0
43283 3
43284 1
43285 2
43286 2
43287 3
43288 1
43289 1
43290 0
43291 1
43292 1
43293 0
43294 0
43295 2
43296 1
43297 3
43298 0
43299 1
43300 3
43301 0
43302 2
43303 2
43304 0
43305 1
43306 0
43307 0
43308 1
43309 1
43310 1
43311 1
43312 1
43313 4
43314 1
43315 2
43316 1
43317 1
43318 2
43319 0
43320 2
43321 2
43322 2
43323 2
43324 0
43325 1
43326 2
43327 0
43328 1
43329 1
43330 0
43331 2
43332 2
43333 0
43334 2
43335 2
43336 2
43337 2
43338 2
43339 0
43340 0
43341 1
43342 1
43343 0
43344 2
43345 2
43346 0
43347 0
43348 0
43349 2
43350 2
43351 2
43352 2
43353 0
43354 0
43355 2
43356 0
43357 1
43358 1
43359 0
43360 1
43361 0
43362 0
43363 1
43364 2
43365 1
43366 0
43367 2
43368 0
43369 3
43370 2
43371 3
43372 2
43373 0
43374 1
43375 1
43376 2
43377 0
43378 0
43379 2
43380 2
43381 4
43382 1
43383 0
43384 2
43385 1
43386 3
43387 0
43388 2
43389 1
43390 1
43391 1
43392 1
43393 2
43394 1
43395 1
43396 0
43397 1
43398 1
43399 2
43400 2
43401 1
43402 1
43403 0
43404 2
43405 2
43406 1
43407 3
43408 2
43409 2
43410 1
43411 2
43412 2
43413 3
43414 1
43415 3
43416 0
43417 1
43418 1
43419 1
43420 2
43421 0
43422 2
43423 2
43424 0
43425 2
43426 1
43427 0
43428 1
43429 0
43430 0
43431 3
43432 2
43433 1
43434 2
43435 0
43436 0
43437 2
43438 3
43439 2
43440 0
43441 3
43442 1
43443 4
43444 3
43445 1
43446 0
43447 1
43448 0
43449 2
43450 1
43451 2
43452 0
43453 0
43454 4
43455 1
43456 2
43457 1
43458 0
43459 2
43460 0
43461 2
43462 0
43463 3
43464 0
43465 2
43466 2
43467 2
43468 2
43469 1
43470 0
43471 0
43472 1
43473 2
43474 2
43475 2
43476 1
43477 0
43478 2
43479 0
43480 0
43481 1
43482 2
43483 1
43484 2
43485 2
43486 1
43487 3
43488 3
43489 1
43490 2
43491 3
43492 1
43493 1
43494 0
43495 0
43496 2
43497 1
43498 2
43499 2
43500 1
43501 1
43502 0
43503 0
43504 3
43505 1
43506 0
43507 3
43508 0
43509 1
43510 1
43511 0
43512 0
43513 3
43514 0
43515 1
43516 2
43517 2
43518 0
43519 1
43520 3
43521 0
43522 0
43523 1
43524 1
43525 4
43526 3
43527 0
43528 1
43529 2
43530 0
43531 2
43532 3
43533 0
43534 2
43535 0
43536 3
43537 0
43538 3
43539 3
43540 1
43541 2
43542 0
43543 0
43544 2
43545 0
43546 1
43547 2
43548 3
43549 3
43550 0
43551 0
43552 1
43553 2
43554 1
43555 2
43556 0
43557 0
43558 0
43559 3
43560 3
43561 2
43562 0
43563 1
43564 1
43565 2
43566 2
43567 1
43568 2
43569 1
43570 0
43571 2
43572 2
43573 1
43574 0
43575 3
43576 0
43577 1
43578 2
43579 2
43580 2
43581 1
43582 1
43583 3
43584 2
43585 1
43586 0
43587 2
43588 2
43589 1
43590 1
43591 0
43592 1
43593 2
43594 3
43595 2
43596 1
43597 0
43598 2
43599 1
43600 3
43601 0
43602 0
43603 1
43604 1
43605 2
43606 2
43607 1
43608 0
43609 0
43610 0
43611 2
43612 1
43613 0
43614 0
43615 1
43616 1
43617 1
43618 0
43619 3
43620 0
43621 0
43622 1
43623 3
43624 2
43625 2
43626 2
43627 0
43628 2
43629 3
43630 2
43631 3
43632 0
43633 3
43634 1
43635 1
43636 2
43637 1
43638 0
43639 2
43640 0
43641 0
43642 2
43643 1
43644 0
43645 3
43646 2
43647 2
43648 1
43649 1
43650 1
43651 0
43652 3
43653 2
43654 0
43655 2
43656 3
43657 1
43658 0
43659 3
43660 4
43661 0
43662 0
43663 0
43664 2
43665 2
43666 2
43667 2
43668 2
43669 2
43670 0
43671 0
43672 4
43673 3
43674 0
43675 1
43676 2
43677 2
43678 2
43679 0
43680 1
43681 3
43682 0
43683 1
43684 1
43685 2
43686 3
43687 1
43688 1
43689 2
43690 1
43691 3
43692 1
43693 0
43694 3
43695 2
43696 0
43697 2
43698 0
43699 1
43700 1
43701 0
43702 1
43703 0
43704 2
43705 1
43706 2
43707 0
43708 0
43709 1
43710 2
43711 2
43712 1
43713 3
43714 3
43715 1
43716 0
43717 2
43718 0
43719 0
43720 2
43721 4
43722 0
43723 2
43724 2
43725 1
43726 1
43727 0
43728 2
43729 0
43730 2
43731 2
43732 2
43733 0
43734 0
43735 2
43736 1
43737 2
43738 0
43739 0
43740 0
43741 0
43742 1
43743 2
43744 1
43745 1
43746 3
43747 0
43748 0
43749 0
43750 0
43751 0
43752 3
43753 2
43754 1
43755 2
43756 2
43757 2
43758 2
43759 0
43760 0
43761 1
43762 2
43763 0
43764 3
43765 1
43766 1
43767 1
43768 1
43769 2
43770 1
43771 1
43772 2
43773 2
43774 1
43775 3
43776 0
43777 4
43778 1
43779 2
43780 2
43781 0
43782 1
43783 1
43784 1
43785 1
43786 1
43787 2
43788 2
43789 0
43790 0
43791 1
43792 1
43793 3
43794 0
43795 2
43796 0
43797 0
43798 2
43799 2
43800 1
43801 0
43802 2
43803 2
43804 3
43805 3
43806 0
43807 1
43808 2
43809 1
43810 1
43811 2
43812 0
43813 1
43814 2
43815 1
43816 2
43817 0
43818 1
43819 2
43820 3
43821 2
43822 0
43823 1
43824 1
43825 2
43826 1
43827 2
43828 0
43829 1
43830 2
43831 0
43832 0
43833 0
43834 0
43835 0
43836 3
43837 0
43838 1
43839 3
43840 1
43841 2
43842 0
43843 2
43844 1
43845 1
43846 3
43847 1
43848 2
43849 2
43850 2
43851 1
43852 0
43853 1
43854 2
43855 3
43856 1
43857 2
43858 0
43859 0
43860 1
43861 2
43862 0
43863 1
43864 2
43865 2
43866 3
43867 1
43868 2
43869 0
43870 1
43871 2
43872 1
43873 2
43874 0
43875 0
43876 2
43877 1
43878 2
43879 0
43880 0
43881 2
43882 0
43883 0
43884 1
43885 0
43886 3
43887 0
43888 3
43889 2
43890 1
43891 0
43892 1
43893 3
43894 2
43895 1
43896 0
43897 2
43898 1
43899 1
43900 3
43901 1
43902 0
43903 1
43904 0
43905 3
43906 3
43907 0
43908 0
43909 1
43910 3
43911 3
43912 1
43913 3
43914 2
43915 1
43916 2
43917 0
43918 0
43919 0
43920 2
43921 1
43922 2
43923 0
43924 0
43925 2
43926 1
43927 1
43928 1
43929 1
43930 0
43931 3
43932 3
43933 2
43934 2
43935 3
43936 2
43937 1
43938 1
43939 1
43940 1
43941 2
43942 0
43943 3
43944 3
43945 2
43946 2
43947 1
43948 2
43949 1
43950 0
43951 1
43952 3
43953 2
43954 3
43955 0
43956 2
43957 3
43958 0
43959 0
43960 1
43961 2
43962 1
43963 1
43964 3
43965 2
43966 0
43967 1
43968 0
43969 0
43970 1
43971 1
43972 0
43973 0
43974 0
43975 1
43976 0
43977 1
43978 2
43979 3
43980 0
43981 1
43982 1
43983 0
43984 0
43985 0
43986 1
43987 3
43988 3
43989 1
43990 3
43991 2
43992 2
43993 2
43994 0
43995 0
43996 2
43997 3
43998 4
43999 0
44000 0
44001 3
44002 1
44003 0
44004 0
44005 2
44006 2
44007 0
44008 3
44009 1
44010 2
44011 2
44012 0
44013 0
44014 2
44015 2
44016 3
44017 2
44018 1
44019 1
44020 3
44021 1
44022 2
44023 0
44024 2
44025 3
44026 1
44027 0
44028 0
44029 2
44030 2
44031 0
44032 0
44033 0
44034 0
44035 0
44036 1
44037 3
44038 3
44039 1
44040 1
44041 3
44042 0
44043 3
44044 1
44045 1
44046 2
44047 2
44048 1
44049 2
44050 3
44051 1
44052 0
44053 2
44054 2
44055 1
44056 1
44057 1
44058 0
44059 1
44060 3
44061 0
44062 2
44063 0
44064 0
44065 1
44066 1
44067 1
44068 2
44069 1
44070 2
44071 2
44072 3
44073 2
44074 2
44075 3
44076 1
44077 3
44078 0
44079 0
44080 1
44081 1
44082 2
44083 1
44084 0
44085 1
44086 1
44087 3
44088 2
44089 0
44090 2
44091 2
44092 2
44093 2
44094 2
44095 0
44096 0
44097 0
44098 3
44099 0
44100 0
44101 2
44102 1
44103 1
44104 2
44105 2
44106 2
44107 1
44108 1
44109 0
44110 0
44111 2
44112 3
44113 3
44114 3
44115 1
44116 1
44117 1
44118 1
44119 2
44120 1
44121 0
44122 2
44123 4
44124 0
44125 1
44126 0
44127 3
44128 2
44129 1
44130 1
44131 1
44132 3
44133 1
44134 2
44135 2
44136 2
44137 1
44138 0
44139 1
44140 3
44141 3
44142 1
44143 2
44144 3
44145 0
44146 2
44147 0
44148 0
44149 0
44150 1
44151 0
44152 0
44153 0
44154 0
44155 1
44156 2
44157 0
44158 1
44159 2
44160 0
44161 0
44162 1
44163 0
44164 1
44165 1
44166 0
44167 1
44168 0
44169 1
44170 2
44171 1
44172 1
44173 2
44174 0
44175 0
44176 1
44177 0
44178 0
44179 2
44180 1
44181 1
44182 0
44183 1
44184 0
44185 0
44186 3
44187 2
44188 4
44189 1
44190 2
44191 1
44192 0
44193 3
44194 2
44195 1
44196 3
44197 0
44198 0
44199 1
44200 0
44201 2
44202 2
44203 1
44204 1
44205 0
44206 1
44207 0
44208 3
44209 3
44210 2
44211 0
44212 1
44213 1
44214 0
44215 2
44216 0
44217 2
44218 2
44219 1
44220 2
44221 3
44222 1
44223 2
44224 0
44225 1
44226 0
44227 0
44228 1
44229 1
44230 2
44231 2
44232 0
44233 2
44234 0
44235 0
44236 3
44237 1
44238 2
44239 2
44240 0
44241 2
44242 4
44243 2
44244 2
44245 1
44246 0
44247 0
44248 2
44249 2
44250 0
44251 2
44252 3
44253 0
44254 0
44255 0
44256 1
44257 0
44258 2
44259 2
44260 3
44261 0
44262 0
44263 0
44264 1
44265 3
44266 0
44267 1
44268 0
44269 0
44270 3
44271 0
44272 1
44273 1
44274 2
44275 1
44276 0
44277 3
44278 0
44279 2
44280 0
44281 1
44282 1
44283 0
44284 0
44285 2
44286 3
44287 0
44288 1
44289 1
44290 1
44291 0
44292 0
44293 1
44294 1
44295 2
44296 2
44297 1
44298 2
44299 3
44300 0
44301 1
44302 0
44303 1
44304 2
44305 1
44306 3
44307 1
44308 2
44309 1
44310 2
44311 2
44312 1
44313 3
44314 0
44315 2
44316 1
44317 0
44318 3
44319 1
44320 3
44321 0
44322 3
44323 2
44324 1
44325 2
44326 1
44327 1
44328 2
44329 0
44330 1
44331 3
44332 0
44333 1
44334 0
44335 1
44336 3
44337 1
44338 1
44339 0
44340 2
44341 2
44342 1
44343 3
44344 0
44345 2
44346 3
44347 2
44348 2
44349 0
44350 4
44351 2
44352 3
44353 0
44354 0
44355 1
44356 1
44357 1
44358 2
44359 0
44360 2
44361 1
44362 2
44363 0
44364 2
44365 0
44366 0
44367 0
44368 0
44369 0
44370 1
44371 3
44372 0
44373 1
44374 1
44375 0
44376 1
44377 2
44378 3
44379 2
44380 1
44381 3
44382 1
44383 1
44384 3
44385 2
44386 3
44387 1
44388 0
44389 0
44390 2
44391 2
44392 0
44393 0
44394 3
44395 1
44396 2
44397 1
44398 0
44399 0
44400 1
44401 2
44402 0
44403 0
44404 2
44405 2
44406 0
44407 1
44408 2
44409 3
44410 1
44411 3
44412 2
44413 1
44414 0
44415 3
44416 1
44417 0
44418 1
44419 2
44420 4
44421 0
44422 0
44423 1
44424 1
44425 2
44426 0
44427 1
44428 2
44429 1
44430 2
44431 1
44432 3
44433 2
44434 0
44435 0
44436 2
44437 2
44438 1
44439 0
44440 2
44441 0
44442 1
44443 3
44444 0
44445 0
44446 1
44447 2
44448 1
44449 0
44450 1
44451 0
44452 1
44453 1
44454 0
44455 0
44456 1
44457 1
44458 1
44459 2
44460 2
44461 1
44462 1
44463 3
44464 0
44465 3
44466 2
44467 0
44468 1
44469 0
44470 1
44471 2
44472 0
44473 2
44474 0
44475 1
44476 0
44477 2
44478 1
44479 0
44480 2
44481 1
44482 0
44483 4
44484 1
44485 1
44486 1
44487 2
44488 0
44489 2
44490 2
44491 3
44492 3
44493 3
44494 1
44495 0
44496 1
44497 0
44498 1
44499 2
44500 1
44501 1
44502 0
44503 0
44504 2
44505 2
44506 3
44507 1
44508 2
44509 2
44510 0
44511 1
44512 2
44513 2
44514 1
44515 2
44516 1
44517 0
44518 2
44519 0
44520 1
44521 2
44522 1
44523 1
44524 0
44525 2
44526 0
44527 2
44528 1
44529 1
44530 2
44531 0
44532 2
44533 0
44534 1
44535 2
44536 0
44537 3
44538 0
44539 2
44540 2
44541 2
44542 1
44543 2
44544 1
44545 1
44546 2
44547 1
44548 2
44549 1
44550 1
44551 1
44552 0
44553 1
44554 1
44555 1
44556 3
44557 0
44558 0
44559 2
44560 1
44561 2
44562 2
44563 1
44564 2
44565 1
44566 1
44567 1
44568 0
44569 2
44570 2
44571 3
44572 1
44573 2
44574 3
44575 0
44576 1
44577 2
44578 0
44579 2
44580 2
44581 3
44582 2
44583 2
44584 2
44585 1
44586 1
44587 2
44588 3
44589 1
44590 0
44591 3
44592 1
44593 1
44594 0
44595 2
44596 0
44597 2
44598 1
44599 3
44600 1
44601 2
44602 0
44603 1
44604 0
44605 3
44606 2
44607 0
44608 1
44609 3
44610 1
44611 0
44612 4
44613 3
44614 3
44615 2
44616 0
44617 2
44618 1
44619 2
44620 0
44621 2
44622 1
44623 2
44624 1
44625 2
44626 2
44627 3
44628 1
44629 2
44630 1
44631 3
44632 3
44633 1
44634 1
44635 0
44636 3
44637 2
44638 0
44639 2
44640 0
44641 1
44642 2
44643 4
44644 0
44645 3
44646 0
44647 2
44648 3
44649 0
44650 2
44651 1
44652 1
44653 0
44654 1
44655 4
44656 1
44657 2
44658 0
44659 0
44660 1
44661 1
44662 2
44663 2
44664 1
44665 0
44666 0
44667 1
44668 1
44669 2
44670 2
44671 2
44672 1
44673 1
44674 0
44675 3
44676 0
44677 0
44678 1
44679 2
44680 2
44681 0
44682 3
44683 0
44684 0
44685 2
44686 3
44687 1
44688 2
44689 0
44690 0
44691 0
44692 1
44693 1
44694 0
44695 0
44696 3
44697 0
44698 0
44699 0
44700 1
44701 2
44702 3
44703 3
44704 2
44705 1
44706 0
44707 3
44708 2
44709 0
44710 2
44711 4
44712 2
44713 0
44714 0
44715 1
44716 2
44717 2
44718 1
44719 0
44720 2
44721 1
44722 1
44723 2
44724 0
44725 2
44726 2
44727 1
44728 0
44729 0
44730 1
44731 2
44732 2
44733 2
44734 2
44735 1
44736 1
44737 3
44738 0
44739 0
44740 3
44741 2
44742 4
44743 2
44744 2
44745 1
44746 2
44747 2
44748 1
44749 1
44750 2
44751 0
44752 0
44753 1
44754 3
44755 1
44756 1
44757 0
44758 1
44759 1
44760 2
44761 2
44762 0
44763 3
44764 2
44765 2
44766 1
44767 2
44768 2
44769 1
44770 0
44771 2
44772 2
44773 1
44774 3
44775 3
44776 0
44777 2
44778 2
44779 3
44780 2
44781 1
44782 0
44783 1
44784 1
44785 2
44786 3
44787 1
44788 0
44789 1
44790 3
44791 3
44792 0
44793 1
44794 0
44795 3
44796 0
44797 3
44798 0
44799 3
44800 0
44801 3
44802 0
44803 0
44804 1
44805 0
44806 1
44807 2
44808 1
44809 0
44810 2
44811 0
44812 3
44813 0
44814 0
44815 2
44816 1
44817 1
44818 1
44819 0
44820 2
44821 1
44822 0
44823 1
44824 0
44825 0
44826 1
44827 3
44828 0
44829 3
44830 0
44831 2
44832 1
44833 0
44834 2
44835 1
44836 1
44837 1
44838 1
44839 3
44840 0
44841 1
44842 2
44843 1
44844 4
44845 2
44846 1
44847 1
44848 3
44849 1
44850 2
44851 1
44852 1
44853 1
44854 3
44855 2
44856 1
44857 1
44858 1
44859 3
44860 1
44861 2
44862 2
44863 3
44864 0
44865 2
44866 0
44867 1
44868 2
44869 2
44870 0
44871 2
44872 2
44873 1
44874 3
44875 0
44876 1
44877 3
44878 0
44879 3
44880 2
44881 1
44882 0
44883 2
44884 2
44885 1
44886 0
44887 3
44888 2
44889 0
44890 0
44891 0
44892 2
44893 0
44894 3
44895 2
44896 1
44897 2
44898 1
44899 3
44900 1
44901 0
44902 0
44903 0
44904 0
44905 3
44906 0
44907 0
44908 0
44909 1
44910 2
44911 2
44912 1
44913 1
44914 2
44915 2
44916 2
44917 3
44918 0
44919 1
44920 1
44921 1
44922 1
44923 1
44924 1
44925 3
44926 2
44927 2
44928 0
44929 2
44930 1
44931 3
44932 2
44933 1
44934 2
44935 3
44936 2
44937 3
44938 0
44939 2
44940 3
44941 1
44942 0
44943 0
44944 0
44945 3
44946 2
44947 1
44948 4
44949 1
44950 2
44951 3
44952 1
44953 0
44954 0
44955 0
44956 1
44957 0
44958 0
44959 1
44960 2
44961 0
44962 0
44963 1
44964 3
44965 0
44966 4
44967 2
44968 1
44969 1
44970 1
44971 1
44972 2
44973 1
44974 0
44975 3
44976 1
44977 0
44978 3
44979 0
44980 0
44981 0
44982 2
44983 0
44984 2
44985 0
44986 1
44987 1
44988 2
44989 3
44990 3
44991 3
44992 2
44993 1
44994 0
44995 0
44996 3
44997 2
44998 1
44999 1
45000 1
45001 0
45002 2
45003 1
45004 1
45005 4
45006 1
45007 1
45008 1
45009 1
45010 3
45011 2
45012 2
45013 2
45014 3
45015 1
45016 2
45017 4
45018 3
45019 3
45020 2
45021 0
45022 2
45023 0
45024 1
45025 0
45026 1
45027 2
45028 3
45029 2
45030 2
45031 2
45032 3
45033 3
45034 0
45035 0
45036 3
45037 2
45038 1
45039 1
45040 1
45041 1
45042 2
45043 3
45044 3
45045 2
45046 2
45047 1
45048 2
45049 2
45050 0
45051 0
45052 1
45053 2
45054 3
45055 0
45056 2
45057 2
45058 0
45059 1
45060 3
45061 1
45062 0
45063 1
45064 1
45065 2
45066 3
45067 2
45068 3
45069 1
45070 2
45071 3
45072 0
45073 1
45074 1
45075 2
45076 2
45077 0
45078 3
45079 0
45080 2
45081 2
45082 1
45083 2
45084 2
45085 3
45086 2
45087 2
45088 1
45089 1
45090 1
45091 2
45092 0
45093 3
45094 0
45095 3
45096 1
45097 2
45098 1
45099 1
45100 0
45101 1
45102 1
45103 2
45104 0
45105 1
45106 2
45107 1
45108 1
45109 1
45110 2
45111 0
45112 2
45113 0
45114 3
45115 0
45116 2
45117 3
45118 3
45119 4
45120 0
45121 2
45122 0
45123 3
45124 0
45125 1
45126 0
45127 2
45128 2
45129 3
45130 1
45131 1
45132 0
45133 1
45134 0
45135 3
45136 1
45137 1
45138 1
45139 0
45140 2
45141 0
45142 1
45143 2
45144 0
45145 3
45146 1
45147 2
45148 2
45149 1
45150 1
45151 0
45152 0
45153 2
45154 0
45155 2
45156 0
45157 2
45158 0
45159 3
45160 2
45161 2
45162 1
45163 1
45164 0
45165 2
45166 0
45167 0
45168 2
45169 0
45170 2
45171 4
45172 2
45173 2
45174 2
45175 3
45176 2
45177 2
45178 1
45179 1
45180 0
45181 1
45182 3
45183 0
45184 2
45185 1
45186 0
45187 1
45188 0
45189 2
45190 0
45191 2
45192 1
45193 2
45194 1
45195 1
45196 2
45197 1
45198 2
45199 1
45200 2
45201 3
45202 0
45203 1
45204 1
45205 1
45206 4
45207 3
45208 2
45209 3
45210 3
45211 1
45212 1
45213 2
45214 3
45215 1
45216 1
45217 1
45218 1
45219 0
45220 3
45221 2
45222 4
45223 3
45224 3
45225 2
45226 3
45227 1
45228 0
45229 3
45230 1
45231 2
45232 0
45233 2
45234 1
45235 3
45236 2
45237 2
45238 0
45239 0
45240 2
45241 1
45242 2
45243 1
45244 1
45245 2
45246 3
45247 3
45248 1
45249 2
45250 1
45251 2
45252 0
45253 3
45254 1
45255 1
45256 0
45257 3
45258 1
45259 3
45260 2
45261 1
45262 1
45263 2
45264 1
45265 2
45266 0
45267 1
45268 0
45269 1
45270 0
45271 1
45272 1
45273 3
45274 2
45275 2
45276 2
45277 2
45278 1
45279 1
45280 3
45281 0
45282 3
45283 0
45284 1
45285 1
45286 1
45287 0
45288 2
45289 2
45290 2
45291 0
45292 0
45293 1
45294 3
45295 2
45296 0
45297 2
45298 0
45299 0
45300 2
45301 0
45302 2
45303 1
45304 3
45305 0
45306 2
45307 0
45308 2
45309 1
45310 3
45311 0
45312 1
45313 0
45314 2
45315 1
45316 3
45317 3
45318 0
45319 1
45320 0
45321 3
45322 2
45323 0
45324 1
45325 2
45326 0
45327 0
45328 2
45329 0
45330 1
45331 1
45332 4
45333 2
45334 2
45335 1
45336 0
45337 1
45338 0
45339 3
45340 1
45341 1
45342 0
45343 3
45344 4
45345 0
45346 0
45347 1
45348 1
45349 0
45350 0
45351 2
45352 2
45353 0
45354 0
45355 1
45356 1
45357 1
45358 1
45359 2
45360 1
45361 1
45362 1
45363 0
45364 2
45365 2
45366 0
45367 1
45368 1
45369 3
45370 2
45371 3
45372 2
45373 0
45374 1
45375 1
45376 0
45377 0
45378 1
45379 1
45380 0
45381 2
45382 2
45383 2
45384 2
45385 3
45386 1
45387 0
45388 1
45389 2
45390 2
45391 0
45392 1
45393 1
45394 0
45395 1
45396 1
45397 3
45398 2
45399 1
45400 2
45401 1
45402 1
45403 0
45404 3
45405 3
45406 0
45407 1
45408 1
45409 2
45410 0
45411 2
45412 0
45413 0
45414 1
45415 3
45416 2
45417 3
45418 3
45419 0
45420 2
45421 1
45422 3
45423 2
45424 0
45425 1
45426 2
45427 1
45428 2
45429 1
45430 2
45431 0
45432 2
45433 1
45434 1
45435 0
45436 3
45437 0
45438 0
45439 3
45440 1
45441 1
45442 0
45443 1
45444 1
45445 0
45446 2
45447 0
45448 2
45449 1
45450 0
45451 3
45452 0
45453 3
45454 3
45455 1
45456 0
45457 3
45458 3
45459 2
45460 2
45461 2
45462 1
45463 1
45464 3
45465 1
45466 3
45467 2
45468 0
45469 2
45470 1
45471 2
45472 0
45473 1
45474 2
45475 1
45476 1
45477 1
45478 1
45479 1
45480 2
45481 2
45482 2
45483 2
45484 0
45485 3
45486 0
45487 1
45488 0
45489 3
45490 1
45491 0
45492 0
45493 1
45494 0
45495 1
45496 1
45497 2
45498 0
45499 2
45500 0
45501 1
45502 2
45503 0
45504 3
45505 2
45506 1
45507 3
45508 0
45509 1
45510 4
45511 0
45512 0
45513 0
45514 0
45515 3
45516 0
45517 3
45518 0
45519 1
45520 3
45521 2
45522 1
45523 2
45524 1
45525 0
45526 3
45527 2
45528 0
45529 2
45530 2
45531 1
45532 2
45533 2
45534 3
45535 1
45536 3
45537 2
45538 1
45539 1
45540 2
45541 2
45542 0
45543 2
45544 1
45545 2
45546 0
45547 2
45548 1
45549 0
45550 1
45551 1
45552 3
45553 2
45554 1
45555 1
45556 2
45557 1
45558 0
45559 1
45560 1
45561 2
45562 1
45563 2
45564 0
45565 2
45566 2
45567 1
45568 3
45569 0
45570 1
45571 2
45572 1
45573 2
45574 0
45575 0
45576 2
45577 1
45578 2
45579 0
45580 1
45581 3
45582 1
45583 1
45584 1
45585 3
45586 0
45587 1
45588 0
45589 0
45590 1
45591 2
45592 0
45593 0
45594 1
45595 3
45596 0
45597 3
45598 2
45599 0
45600 2
45601 2
45602 1
45603 0
45604 1
45605 2
45606 2
45607 2
45608 0
45609 2
45610 0
45611 3
45612 2
45613 0
45614 0
45615 2
45616 4
45617 1
45618 0
45619 1
45620 2
45621 0
45622 1
45623 0
45624 3
45625 1
45626 2
45627 2
45628 4
45629 0
45630 2
45631 1
45632 1
45633 2
45634 1
45635 1
45636 1
45637 0
45638 2
45639 1
45640 1
45641 0
45642 1
45643 1
45644 1
45645 3
45646 0
45647 0
45648 0
45649 1
45650 0
45651 1
45652 2
45653 2
45654 2
45655 0
45656 2
45657 0
45658 0
45659 1
45660 1
45661 1
45662 0
45663 3
45664 2
45665 2
45666 0
45667 2
45668 3
45669 1
45670 2
45671 1
45672 2
45673 0
45674 2
45675 3
45676 3
45677 2
45678 1
45679 1
45680 3
45681 2
45682 2
45683 0
45684 1
45685 2
45686 2
45687 1
45688 0
45689 0
45690 1
45691 0
45692 0
45693 1
45694 2
45695 2
45696 0
45697 1
45698 3
45699 2
45700 2
45701 1
45702 2
45703 2
45704 1
45705 2
45706 1
45707 0
45708 0
45709 3
45710 1
45711 1
45712 1
45713 0
45714 2
45715 1
45716 0
45717 1
45718 4
45719 1
45720 1
45721 2
45722 2
45723 0
45724 2
45725 1
45726 0
45727 2
45728 1
45729 2
45730 3
45731 3
45732 0
45733 0
45734 1
45735 1
45736 0
45737 3
45738 1
45739 3
45740 1
45741 0
45742 1
45743 0
45744 1
45745 3
45746 2
45747 2
45748 0
45749 2
45750 1
45751 3
45752 1
45753 2
45754 1
45755 1
45756 1
45757 2
45758 1
45759 3
45760 1
45761 0
45762 1
45763 3
45764 2
45765 2
45766 1
45767 3
45768 1
45769 0
45770 0
45771 0
45772 1
45773 3
45774 1
45775 3
45776 0
45777 1
45778 1
45779 1
45780 1
45781 1
45782 1
45783 1
45784 3
45785 3
45786 1
45787 2
45788 0
45789 1
45790 0
45791 2
45792 0
45793 3
45794 1
45795 1
45796 0
45797 2
45798 1
45799 2
45800 2
45801 2
45802 1
45803 2
45804 0
45805 3
45806 1
45807 1
45808 3
45809 1
45810 2
45811 3
45812 2
45813 1
45814 0
45815 2
45816 0
45817 3
45818 4
45819 0
45820 2
45821 0
45822 3
45823 2
45824 2
45825 1
45826 2
45827 2
45828 1
45829 3
45830 3
45831 1
45832 1
45833 2
45834 0
45835 0
45836 2
45837 1
45838 3
45839 0
45840 0
45841 0
45842 2
45843 1
45844 1
45845 2
45846 1
45847 1
45848 1
45849 0
45850 2
45851 3
45852 1
45853 0
45854 2
45855 2
45856 0
45857 3
45858 0
45859 1
45860 0
45861 1
45862 2
45863 2
45864 0
45865 2
45866 1
45867 3
45868 1
45869 3
45870 0
45871 1
45872 2
45873 3
45874 1
45875 0
45876 2
45877 0
45878 1
45879 1
45880 0
45881 0
45882 1
45883 3
45884 0
45885 0
45886 2
45887 2
45888 0
45889 0
45890 1
45891 0
45892 1
45893 3
45894 2
45895 0
45896 1
45897 1
45898 2
45899 0
45900 1
45901 1
45902 2
45903 3
45904 3
45905 2
45906 3
45907 1
45908 1
45909 1
45910 2
45911 0
45912 0
45913 0
45914 2
45915 1
45916 1
45917 0
45918 1
45919 0
45920 0
45921 2
45922 1
45923 0
45924 2
45925 0
45926 0
45927 1
45928 2
45929 1
45930 2
45931 3
45932 1
45933 0
45934 3
45935 1
45936 2
45937 0
45938 3
45939 0
45940 0
45941 0
45942 0
45943 2
45944 2
45945 0
45946 0
45947 1
45948 1
45949 1
45950 0
45951 2
45952 0
45953 2
45954 2
45955 0
45956 1
45957 0
45958 3
45959 0
45960 1
45961 2
45962 1
45963 3
45964 3
45965 1
45966 0
45967 1
45968 0
45969 2
45970 0
45971 3
45972 1
45973 0
45974 2
45975 1
45976 2
45977 3
45978 2
45979 2
45980 1
45981 4
45982 1
45983 1
45984 2
45985 1
45986 2
45987 3
45988 2
45989 3
45990 4
45991 1
45992 3
45993 2
45994 1
45995 1
45996 1
45997 1
45998 3
45999 2
46000 2
46001 2
46002 2
46003 0
46004 1
46005 1
46006 2
46007 2
46008 0
46009 3
46010 2
46011 2
46012 4
46013 1
46014 1
46015 1
46016 1
46017 2
46018 3
46019 0
46020 0
46021 0
46022 0
46023 0
46024 1
46025 3
46026 2
46027 3
46028 2
46029 2
46030 2
46031 1
46032 0
46033 1
46034 3
46035 0
46036 0
46037 0
46038 1
46039 1
46040 2
46041 1
46042 1
46043 2
46044 1
46045 0
46046 2
46047 2
46048 0
46049 1
46050 0
46051 0
46052 0
46053 2
46054 2
46055 1
46056 1
46057 2
46058 2
46059 1
46060 1
46061 1
46062 0
46063 1
46064 3
46065 0
46066 2
46067 1
46068 0
46069 2
46070 2
46071 1
46072 1
46073 0
46074 0
46075 0
46076 2
46077 2
46078 1
46079 1
46080 1
46081 0
46082 2
46083 0
46084 0
46085 2
46086 1
46087 1
46088 2
46089 1
46090 1
46091 1
46092 0
46093 0
46094 2
46095 2
46096 0
46097 2
46098 3
46099 2
46100 0
46101 1
46102 1
46103 1
46104 0
46105 2
46106 0
46107 2
46108 0
46109 0
46110 2
46111 3
46112 0
46113 0
46114 0
46115 0
46116 0
46117 1
46118 1
46119 3
46120 1
46121 0
46122 0
46123 1
46124 1
46125 1
46126 0
46127 1
46128 3
46129 2
46130 0
46131 2
46132 1
46133 0
46134 0
46135 2
46136 1
46137 2
46138 0
46139 1
46140 0
46141 2
46142 1
46143 1
46144 0
46145 3
46146 2
46147 0
46148 0
46149 2
46150 1
46151 1
46152 1
46153 0
46154 2
46155 1
46156 2
46157 0
46158 0
46159 2
46160 1
46161 1
46162 2
46163 1
46164 3
46165 2
46166 2
46167 1
46168 0
46169 3
46170 2
46171 0
46172 0
46173 3
46174 1
46175 0
46176 0
46177 3
46178 3
46179 0
46180 0
46181 2
46182 1
46183 1
46184 0
46185 0
46186 0
46187 3
46188 1
46189 3
46190 2
46191 3
46192 1
46193 1
46194 2
46195 2
46196 2
46197 0
46198 2
46199 2
46200 3
46201 2
46202 3
46203 1
46204 0
46205 2
46206 3
46207 1
46208 2
46209 3
46210 0
46211 2
46212 1
46213 0
46214 1
46215 1
46216 1
46217 1
46218 1
46219 2
46220 1
46221 4
46222 0
46223 0
46224 2
46225 2
46226 1
46227 1
46228 0
46229 1
46230 1
46231 0
46232 4
46233 2
46234 2
46235 3
46236 1
46237 1
46238 2
46239 1
46240 1
46241 0
46242 1
46243 0
46244 2
46245 1
46246 0
46247 2
46248 1
46249 1
46250 2
46251 0
46252 2
46253 2
46254 2
46255 1
46256 3
46257 3
46258 1
46259 1
46260 0
46261 0
46262 0
46263 0
46264 1
46265 3
46266 0
46267 2
46268 0
46269 2
46270 2
46271 2
46272 0
46273 3
46274 1
46275 2
46276 1
46277 0
46278 1
46279 1
46280 2
46281 1
46282 0
46283 2
46284 4
46285 3
46286 0
46287 0
46288 2
46289 2
46290 1
46291 3
46292 3
46293 0
46294 0
46295 1
46296 0
46297 2
46298 2
46299 2
46300 1
46301 0
46302 0
46303 2
46304 2
46305 1
46306 1
46307 2
46308 2
46309 0
46310 2
46311 0
46312 1
46313 0
46314 3
46315 1
46316 2
46317 1
46318 0
46319 1
46320 2
46321 1
46322 3
46323 1
46324 1
46325 2
46326 0
46327 2
46328 2
46329 0
46330 0
46331 3
46332 0
46333 2
46334 1
46335 1
46336 2
46337 1
46338 3
46339 2
46340 2
46341 2
46342 0
46343 3
46344 3
46345 1
46346 2
46347 1
46348 0
46349 0
46350 2
46351 1
46352 2
46353 0
46354 1
46355 0
46356 1
46357 0
46358 2
46359 3
46360 2
46361 2
46362 1
46363 0
46364 0
46365 0
46366 2
46367 0
46368 1
46369 1
46370 4
46371 1
46372 1
46373 0
46374 0
46375 1
46376 2
46377 1
46378 0
46379 1
46380 2
46381 1
46382 2
46383 1
46384 1
46385 1
46386 1
46387 0
46388 3
46389 0
46390 0
46391 2
46392 1
46393 0
46394 3
46395 1
46396 1
46397 1
46398 1
46399 3
46400 2
46401 1
46402 1
46403 0
46404 3
46405 2
46406 1
46407 1
46408 0
46409 2
46410 1
46411 2
46412 2
46413 0
46414 3
46415 1
46416 3
46417 1
46418 1
46419 1
46420 1
46421 3
46422 1
46423 1
46424 3
46425 1
46426 0
46427 2
46428 3
46429 0
46430 1
46431 1
46432 3
46433 2
46434 1
46435 2
46436 2
46437 1
46438 2
46439 0
46440 1
46441 4
46442 0
46443 1
46444 0
46445 2
46446 0
46447 2
46448 0
46449 0
46450 2
46451 2
46452 1
46453 2
46454 2
46455 1
46456 1
46457 3
46458 1
46459 3
46460 0
46461 2
46462 2
46463 3
46464 0
46465 3
46466 4
46467 2
46468 1
46469 2
46470 0
46471 0
46472 3
46473 0
46474 3
46475 0
46476 0
46477 2
46478 3
46479 3
46480 1
46481 1
46482 1
46483 2
46484 0
46485 0
46486 1
46487 0
46488 2
46489 2
46490 2
46491 0
46492 1
46493 1
46494 2
46495 0
46496 2
46497 1
46498 2
46499 0
46500 2
46501 0
46502 2
46503 0
46504 2
46505 0
46506 0
46507 3
46508 3
46509 1
46510 2
46511 0
46512 0
46513 1
46514 2
46515 0
46516 1
46517 0
46518 1
46519 1
46520 0
46521 1
46522 2
46523 3
46524 0
46525 1
46526 2
46527 0
46528 0
46529 0
46530 0
46531 1
46532 3
46533 2
46534 0
46535 3
46536 0
46537 2
46538 2
46539 2
46540 1
46541 0
46542 2
46543 1
46544 2
46545 3
46546 0
46547 1
46548 2
46549 0
46550 0
46551 3
46552 0
46553 2
46554 1
46555 3
46556 0
46557 0
46558 1
46559 2
46560 3
46561 1
46562 0
46563 3
46564 1
46565 2
46566 2
46567 3
46568 2
46569 1
46570 2
46571 1
46572 1
46573 2
46574 1
46575 0
46576 0
46577 1
46578 2
46579 0
46580 0
46581 3
46582 0
46583 3
46584 1
46585 1
46586 2
46587 3
46588 1
46589 3
46590 2
46591 2
46592 0
46593 2
46594 1
46595 2
46596 1
46597 3
46598 3
46599 1
46600 0
46601 2
46602 0
46603 1
46604 0
46605 1
46606 2
46607 1
46608 2
46609 0
46610 1
46611 2
46612 2
46613 0
46614 0
46615 1
46616 0
46617 1
46618 3
46619 1
46620 3
46621 2
46622 0
46623 1
46624 2
46625 0
46626 2
46627 2
46628 2
46629 1
46630 0
46631 1
46632 1
46633 3
46634 2
46635 1
46636 3
46637 1
46638 1
46639 1
46640 3
46641 0
46642 1
46643 3
46644 2
46645 0
46646 1
46647 0
46648 0
46649 0
46650 2
46651 3
46652 0
46653 0
46654 1
46655 2
46656 1
46657 2
46658 1
46659 1
46660 1
46661 0
46662 2
46663 0
46664 2
46665 1
46666 0
46667 3
46668 0
46669 1
46670 0
46671 1
46672 2
46673 0
46674 2
46675 2
46676 0
46677 0
46678 0
46679 2
46680 1
46681 2
46682 0
46683 3
46684 2
46685 2
46686 0
46687 3
46688 0
46689 2
46690 1
46691 1
46692 3
46693 1
46694 0
46695 2
46696 2
46697 0
46698 1
46699 2
46700 2
46701 2
46702 2
46703 1
46704 2
46705 2
46706 2
46707 0
46708 0
46709 0
46710 0
46711 1
46712 1
46713 4
46714 2
46715 2
46716 2
46717 2
46718 0
46719 1
46720 0
46721 2
46722 1
46723 1
46724 3
46725 1
46726 3
46727 1
46728 3
46729 1
46730 2
46731 3
46732 0
46733 4
46734 1
46735 0
46736 0
46737 2
46738 0
46739 0
46740 3
46741 2
46742 2
46743 3
46744 0
46745 2
46746 2
46747 0
46748 1
46749 0
46750 0
46751 1
46752 1
46753 1
46754 0
46755 2
46756 1
46757 1
46758 3
46759 0
46760 0
46761 1
46762 1
46763 0
46764 2
46765 1
46766 3
46767 1
46768 2
46769 2
46770 3
46771 3
46772 1
46773 2
46774 0
46775 1
46776 2
46777 2
46778 1
46779 0
46780 0
46781 2
46782 3
46783 1
46784 0
46785 0
46786 2
46787 2
46788 2
46789 2
46790 0
46791 1
46792 1
46793 1
46794 0
46795 0
46796 1
46797 1
46798 0
46799 2
46800 3
46801 2
46802 3
46803 4
46804 3
46805 2
46806 2
46807 0
46808 2
46809 1
46810 0
46811 1
46812 2
46813 1
46814 2
46815 1
46816 2
46817 1
46818 2
46819 1
46820 0
46821 1
46822 0
46823 2
46824 1
46825 0
46826 0
46827 0
46828 2
46829 3
46830 0
46831 0
46832 1
46833 3
46834 0
46835 2
46836 0
46837 1
46838 2
46839 2
46840 2
46841 1
46842 0
46843 2
46844 1
46845 1
46846 0
46847 0
46848 2
46849 2
46850 0
46851 1
46852 3
46853 2
46854 1
46855 1
46856 3
46857 1
46858 0
46859 0
46860 4
46861 1
46862 3
46863 3
46864 1
46865 1
46866 0
46867 1
46868 2
46869 2
46870 3
46871 2
46872 0
46873 3
46874 1
46875 1
46876 3
46877 1
46878 3
46879 1
46880 0
46881 1
46882 3
46883 0
46884 1
46885 0
46886 2
46887 3
46888 1
46889 0
46890 2
46891 2
46892 3
46893 2
46894 1
46895 0
46896 0
46897 0
46898 3
46899 3
46900 0
46901 2
46902 1
46903 2
46904 0
46905 0
46906 2
46907 0
46908 2
46909 1
46910 0
46911 1
46912 0
46913 3
46914 2
46915 2
46916 1
46917 2
46918 2
46919 2
46920 0
46921 0
46922 2
46923 1
46924 4
46925 0
46926 1
46927 2
46928 0
46929 1
46930 0
46931 3
46932 2
46933 3
46934 3
46935 3
46936 1
46937 2
46938 3
46939 1
46940 1
46941 1
46942 1
46943 3
46944 1
46945 0
46946 0
46947 3
46948 2
46949 1
46950 1
46951 3
46952 3
46953 0
46954 0
46955 2
46956 2
46957 2
46958 2
46959 1
46960 2
46961 1
46962 2
46963 1
46964 1
46965 2
46966 3
46967 1
46968 1
46969 2
46970 0
46971 2
46972 2
46973 0
46974 1
46975 0
46976 1
46977 1
46978 0
46979 1
46980 1
46981 0
46982 0
46983 3
46984 1
46985 1
46986 2
46987 2
46988 0
46989 2
46990 2
46991 3
46992 0
46993 2
46994 0
46995 2
46996 3
46997 1
46998 0
46999 1
47000 2
47001 3
47002 1
47003 0
47004 1
47005 0
47006 2
47007 1
47008 2
47009 0
47010 1
47011 1
47012 0
47013 4
47014 1
47015 1
47016 2
47017 2
47018 2
47019 0
47020 3
47021 3
47022 2
47023 2
47024 0
47025 3
47026 1
47027 1
47028 2
47029 0
47030 3
47031 2
47032 1
47033 0
47034 1
47035 3
47036 1
47037 0
47038 1
47039 2
47040 0
47041 2
47042 1
47043 2
47044 1
47045 0
47046 0
47047 3
47048 0
47049 1
47050 3
47051 2
47052 2
47053 1
47054 1
47055 0
47056 2
47057 1
47058 0
47059 3
47060 0
47061 2
47062 2
47063 1
47064 3
47065 3
47066 0
47067 2
47068 1
47069 1
47070 0
47071 0
47072 2
47073 0
47074 2
47075 3
47076 2
47077 3
47078 2
47079 1
47080 1
47081 1
47082 2
47083 1
47084 3
47085 0
47086 1
47087 1
47088 0
47089 2
47090 0
47091 1
47092 3
47093 0
47094 1
47095 0
47096 3
47097 1
47098 3
47099 1
47100 1
47101 2
47102 0
47103 2
47104 1
47105 1
47106 1
47107 1
47108 2
47109 3
47110 1
47111 1
47112 1
47113 1
47114 2
47115 3
47116 2
47117 2
47118 3
47119 1
47120 3
47121 1
47122 0
47123 2
47124 3
47125 0
47126 1
47127 3
47128 3
47129 1
47130 2
47131 2
47132 1
47133 1
47134 1
47135 0
47136 3
47137 2
47138 1
47139 2
47140 0
47141 0
47142 1
47143 1
47144 1
47145 0
47146 2
47147 2
47148 1
47149 1
47150 1
47151 1
47152 3
47153 2
47154 0
47155 1
47156 1
47157 0
47158 2
47159 0
47160 1
47161 3
47162 1
47163 2
47164 3
47165 2
47166 1
47167 2
47168 2
47169 2
47170 0
47171 2
47172 1
47173 1
47174 3
47175 3
47176 3
47177 1
47178 0
47179 3
47180 2
47181 2
47182 1
47183 2
47184 0
47185 1
47186 0
47187 0
47188 0
47189 3
47190 1
47191 0
47192 2
47193 2
47194 0
47195 0
47196 3
47197 3
47198 2
47199 3
47200 0
47201 0
47202 3
47203 3
47204 2
47205 1
47206 3
47207 2
47208 0
47209 3
47210 2
47211 2
47212 0
47213 2
47214 3
47215 1
47216 1
47217 2
47218 2
47219 0
47220 1
47221 2
47222 1
47223 3
47224 2
47225 1
47226 0
47227 3
47228 2
47229 2
47230 2
47231 0
47232 3
47233 1
47234 1
47235 3
47236 1
47237 1
47238 0
47239 1
47240 2
47241 4
47242 0
47243 0
47244 0
47245 1
47246 2
47247 1
47248 3
47249 1
47250 2
47251 2
47252 0
47253 0
47254 2
47255 2
47256 3
47257 2
47258 0
47259 1
47260 1
47261 1
47262 2
47263 3
47264 1
47265 3
47266 2
47267 0
47268 1
47269 2
47270 0
47271 0
47272 0
47273 2
47274 2
47275 2
47276 1
47277 1
47278 3
47279 1
47280 3
47281 0
47282 1
47283 0
47284 0
47285 3
47286 2
47287 3
47288 1
47289 0
47290 4
47291 0
47292 0
47293 2
47294 3
47295 0
47296 0
47297 2
47298 2
47299 3
47300 3
47301 2
47302 1
47303 1
47304 0
47305 2
47306 0
47307 2
47308 1
47309 1
47310 0
47311 1
47312 3
47313 1
47314 1
47315 2
47316 1
47317 0
47318 2
47319 0
47320 0
47321 2
47322 3
47323 1
47324 1
47325 1
47326 0
47327 1
47328 0
47329 2
47330 2
47331 3
47332 2
47333 3
47334 3
47335 1
47336 0
47337 2
47338 2
47339 1
47340 3
47341 0
47342 3
47343 0
47344 2
47345 2
47346 0
47347 2
47348 0
47349 2
47350 3
47351 0
47352 2
47353 0
47354 1
47355 1
47356 3
47357 1
47358 2
47359 2
47360 1
47361 2
47362 1
47363 2
47364 2
47365 3
47366 2
47367 1
47368 1
47369 2
47370 0
47371 2
47372 1
47373 0
47374 0
47375 1
47376 2
47377 3
47378 1
47379 3
47380 1
47381 0
47382 0
47383 1
47384 1
47385 3
47386 3
47387 4
47388 1
47389 0
47390 3
47391 2
47392 1
47393 0
47394 2
47395 3
47396 3
47397 1
47398 0
47399 3
47400 2
47401 2
47402 0
47403 2
47404 4
47405 0
47406 0
47407 0
47408 2
47409 1
47410 1
47411 2
47412 0
47413 1
47414 0
47415 1
47416 1
47417 3
47418 0
47419 1
47420 2
47421 1
47422 3
47423 1
47424 0
47425 2
47426 1
47427 0
47428 1
47429 1
47430 1
47431 2
47432 2
47433 2
47434 3
47435 0
47436 0
47437 1
47438 0
47439 1
47440 0
47441 0
47442 1
47443 0
47444 0
47445 2
47446 1
47447 0
47448 2
47449 0
47450 2
47451 4
47452 3
47453 0
47454 5
47455 4
47456 0
47457 1
47458 1
47459 1
47460 2
47461 2
47462 4
47463 0
47464 1
47465 1
47466 0
47467 1
47468 2
47469 3
47470 0
47471 1
47472 2
47473 1
47474 3
47475 0
47476 3
47477 2
47478 3
47479 0
47480 0
47481 1
47482 0
47483 3
47484 0
47485 2
47486 1
47487 0
47488 0
47489 0
47490 1
47491 2
47492 2
47493 0
47494 0
47495 1
47496 2
47497 2
47498 0
47499 2
47500 2
47501 0
47502 3
47503 3
47504 0
47505 2
47506 1
47507 3
47508 0
47509 2
47510 1
47511 1
47512 0
47513 2
47514 1
47515 3
47516 2
47517 2
47518 2
47519 1
47520 2
47521 0
47522 3
47523 3
47524 1
47525 0
47526 1
47527 3
47528 0
47529 2
47530 1
47531 2
47532 2
47533 3
47534 0
47535 2
47536 1
47537 2
47538 0
47539 1
47540 2
47541 0
47542 1
47543 3
47544 0
47545 1
47546 3
47547 1
47548 3
47549 1
47550 0
47551 3
47552 4
47553 2
47554 1
47555 2
47556 2
47557 1
47558 2
47559 0
47560 1
47561 2
47562 3
47563 1
47564 0
47565 3
47566 1
47567 2
47568 2
47569 2
47570 1
47571 1
47572 3
47573 0
47574 2
47575 1
47576 3
47577 0
47578 2
47579 1
47580 2
47581 1
47582 0
47583 1
47584 1
47585 3
47586 1
47587 2
47588 0
47589 0
47590 2
47591 1
47592 0
47593 0
47594 2
47595 3
47596 0
47597 0
47598 1
47599 0
47600 2
47601 2
47602 1
47603 3
47604 1
47605 0
47606 0
47607 0
47608 1
47609 0
47610 0
47611 1
47612 1
47613 1
47614 2
47615 1
47616 2
47617 0
47618 2
47619 1
47620 0
47621 0
47622 0
47623 0
47624 1
47625 0
47626 0
47627 2
47628 3
47629 2
47630 2
47631 2
47632 2
47633 1
47634 0
47635 1
47636 1
47637 1
47638 3
47639 0
47640 2
47641 1
47642 1
47643 0
47644 2
47645 2
47646 1
47647 2
47648 1
47649 0
47650 1
47651 2
47652 2
47653 2
47654 1
47655 2
47656 1
47657 1
47658 2
47659 2
47660 2
47661 2
47662 0
47663 1
47664 2
47665 2
47666 1
47667 0
47668 3
47669 3
47670 1
47671 2
47672 2
47673 1
47674 0
47675 0
47676 0
47677 3
47678 1
47679 1
47680 0
47681 2
47682 1
47683 0
47684 1
47685 2
47686 2
47687 1
47688 3
47689 2
47690 3
47691 2
47692 1
47693 2
47694 1
47695 2
47696 3
47697 0
47698 2
47699 3
47700 2
47701 2
47702 2
47703 2
47704 3
47705 2
47706 3
47707 2
47708 2
47709 3
47710 1
47711 0
47712 2
47713 2
47714 2
47715 2
47716 3
47717 1
47718 2
47719 0
47720 1
47721 3
47722 3
47723 0
47724 1
47725 1
47726 0
47727 1
47728 2
47729 3
47730 0
47731 3
47732 1
47733 1
47734 0
47735 2
47736 3
47737 3
47738 0
47739 2
47740 1
47741 1
47742 2
47743 2
47744 2
47745 0
47746 0
47747 1
47748 3
47749 1
47750 3
47751 2
47752 0
47753 3
47754 0
47755 4
47756 0
47757 0
47758 0
47759 0
47760 0
47761 3
47762 1
47763 3
47764 0
47765 1
47766 3
47767 0
47768 1
47769 1
47770 0
47771 3
47772 2
47773 1
47774 2
47775 2
47776 2
47777 1
47778 0
47779 1
47780 3
47781 1
47782 0
47783 0
47784 3
47785 2
47786 0
47787 0
47788 2
47789 2
47790 0
47791 1
47792 1
47793 1
47794 1
47795 2
47796 2
47797 2
47798 0
47799 2
47800 2
47801 2
47802 3
47803 3
47804 0
47805 2
47806 2
47807 2
47808 3
47809 1
47810 0
47811 2
47812 1
47813 1
47814 1
47815 2
47816 0
47817 0
47818 1
47819 4
47820 0
47821 0
47822 2
47823 3
47824 3
47825 0
47826 0
47827 0
47828 3
47829 1
47830 3
47831 3
47832 3
47833 0
47834 3
47835 0
47836 1
47837 3
47838 2
47839 1
47840 0
47841 2
47842 1
47843 2
47844 1
47845 1
47846 0
47847 1
47848 1
47849 2
47850 1
47851 3
47852 1
47853 2
47854 1
47855 2
47856 0
47857 0
47858 1
47859 1
47860 1
47861 1
47862 1
47863 3
47864 0
47865 2
47866 3
47867 4
47868 2
47869 0
47870 2
47871 1
47872 0
47873 1
47874 1
47875 0
47876 2
47877 3
47878 1
47879 3
47880 1
47881 1
47882 3
47883 1
47884 0
47885 0
47886 2
47887 3
47888 0
47889 1
47890 2
47891 2
47892 2
47893 1
47894 3
47895 1
47896 1
47897 3
47898 2
47899 0
47900 0
47901 0
47902 1
47903 0
47904 3
47905 0
47906 0
47907 1
47908 2
47909 3
47910 3
47911 2
47912 2
47913 0
47914 0
47915 2
47916 1
47917 0
47918 2
47919 2
47920 1
47921 0
47922 4
47923 3
47924 2
47925 0
47926 2
47927 0
47928 0
47929 1
47930 1
47931 1
47932 0
47933 3
47934 3
47935 1
47936 1
47937 0
47938 0
47939 1
47940 2
47941 3
47942 0
47943 0
47944 1
47945 3
47946 1
47947 2
47948 2
47949 2
47950 1
47951 0
47952 3
47953 1
47954 0
47955 3
47956 2
47957 1
47958 3
47959 1
47960 0
47961 2
47962 2
47963 1
47964 0
47965 1
47966 0
47967 2
47968 3
47969 1
47970 2
47971 0
47972 1
47973 2
47974 0
47975 1
47976 1
47977 0
47978 1
47979 0
47980 2
47981 1
47982 1
47983 1
47984 1
47985 1
47986 0
47987 3
47988 1
47989 2
47990 1
47991 0
47992 1
47993 2
47994 0
47995 1
47996 0
47997 0
47998 0
47999 2
48000 1
48001 3
48002 4
48003 2
48004 2
48005 2
48006 3
48007 2
48008 1
48009 1
48010 0
48011 0
48012 0
48013 1
48014 0
48015 0
48016 2
48017 1
48018 1
48019 2
48020 0
48021 3
48022 3
48023 3
48024 0
48025 0
48026 0
48027 2
48028 3
48029 2
48030 3
48031 2
48032 1
48033 0
48034 0
48035 0
48036 2
48037 0
48038 2
48039 0
48040 1
48041 0
48042 0
48043 3
48044 2
48045 0
48046 1
48047 2
48048 3
48049 2
48050 3
48051 2
48052 3
48053 0
48054 1
48055 1
48056 2
48057 0
48058 3
48059 1
48060 1
48061 1
48062 0
48063 1
48064 1
48065 0
48066 3
48067 3
48068 1
48069 2
48070 0
48071 1
48072 1
48073 2
48074 3
48075 0
48076 1
48077 0
48078 0
48079 0
48080 0
48081 2
48082 1
48083 0
48084 1
48085 2
48086 1
48087 0
48088 2
48089 1
48090 1
48091 0
48092 1
48093 0
48094 0
48095 1
48096 0
48097 0
48098 1
48099 1
48100 1
48101 0
48102 0
48103 0
48104 2
48105 3
48106 3
48107 1
48108 0
48109 2
48110 1
48111 0
48112 0
48113 1
48114 1
48115 1
48116 0
48117 0
48118 0
48119 0
48120 2
48121 2
48122 0
48123 1
48124 2
48125 0
48126 1
48127 1
48128 1
48129 1
48130 1
48131 0
48132 2
48133 1
48134 1
48135 2
48136 0
48137 0
48138 2
48139 3
48140 0
48141 1
48142 1
48143 1
48144 2
48145 2
48146 1
48147 0
48148 1
48149 0
48150 0
48151 2
48152 1
48153 1
48154 1
48155 0
48156 0
48157 0
48158 0
48159 0
48160 2
48161 3
48162 3
48163 2
48164 1
48165 1
48166 1
48167 1
48168 1
48169 3
48170 2
48171 0
48172 1
48173 0
48174 2
48175 2
48176 2
48177 3
48178 3
48179 2
48180 1
48181 2
48182 1
48183 2
48184 3
48185 0
48186 0
48187 2
48188 2
48189 1
48190 0
48191 1
48192 0
48193 2
48194 2
48195 1
48196 2
48197 1
48198 2
48199 1
48200 2
48201 3
48202 1
48203 1
48204 1
48205 2
48206 1
48207 2
48208 2
48209 2
48210 1
48211 1
48212 1
48213 3
48214 2
48215 1
48216 2
48217 1
48218 0
48219 0
48220 3
48221 3
48222 1
48223 1
48224 2
48225 0
48226 1
48227 0
48228 0
48229 1
48230 1
48231 0
48232 2
48233 1
48234 2
48235 2
48236 3
48237 3
48238 1
48239 0
48240 0
48241 3
48242 0
48243 1
48244 0
48245 2
48246 2
48247 2
48248 2
48249 1
48250 1
48251 1
48252 2
48253 2
48254 3
48255 3
48256 0
48257 1
48258 1
48259 1
48260 3
48261 1
48262 3
48263 0
48264 0
48265 2
48266 1
48267 0
48268 0
48269 0
48270 1
48271 2
48272 1
48273 1
48274 3
48275 1
48276 1
48277 2
48278 0
48279 3
48280 3
48281 1
48282 0
48283 2
48284 0
48285 2
48286 1
48287 1
48288 3
48289 2
48290 3
48291 3
48292 0
48293 2
48294 2
48295 0
48296 2
48297 1
48298 0
48299 2
48300 2
48301 0
48302 2
48303 0
48304 0
48305 2
48306 0
48307 1
48308 2
48309 2
48310 3
48311 3
48312 1
48313 2
48314 0
48315 1
48316 0
48317 2
48318 0
48319 2
48320 0
48321 1
48322 1
48323 0
48324 0
48325 1
48326 3
48327 2
48328 1
48329 0
48330 1
48331 2
48332 0
48333 2
48334 3
48335 0
48336 0
48337 2
48338 3
48339 2
48340 0
48341 2
48342 2
48343 2
48344 3
48345 0
48346 0
48347 3
48348 1
48349 2
48350 1
48351 2
48352 2
48353 0
48354 2
48355 0
48356 0
48357 1
48358 3
48359 1
48360 0
48361 0
48362 1
48363 0
48364 3
48365 2
48366 2
48367 0
48368 0
48369 0
48370 0
48371 3
48372 3
48373 2
48374 1
48375 1
48376 3
48377 0
48378 0
48379 2
48380 2
48381 2
48382 1
48383 1
48384 1
48385 1
48386 0
48387 3
48388 0
48389 3
48390 2
48391 1
48392 1
48393 2
48394 0
48395 2
48396 0
48397 0
48398 2
48399 2
48400 0
48401 0
48402 2
48403 0
48404 3
48405 0
48406 1
48407 1
48408 1
48409 2
48410 3
48411 0
48412 2
48413 0
48414 2
48415 0
48416 1
48417 2
48418 0
48419 3
48420 0
48421 2
48422 1
48423 1
48424 3
48425 1
48426 0
48427 3
48428 1
48429 2
48430 0
48431 2
48432 1
48433 2
48434 0
48435 2
48436 1
48437 2
48438 1
48439 3
48440 2
48441 3
48442 2
48443 2
48444 2
48445 0
48446 0
48447 2
48448 2
48449 2
48450 3
48451 0
48452 0
48453 1
48454 2
48455 3
48456 2
48457 1
48458 2
48459 1
48460 2
48461 2
48462 2
48463 2
48464 1
48465 0
48466 0
48467 0
48468 1
48469 1
48470 0
48471 2
48472 1
48473 3
48474 0
48475 2
48476 1
48477 0
48478 2
48479 0
48480 1
48481 0
48482 2
48483 3
48484 2
48485 0
48486 3
48487 3
48488 1
48489 0
48490 3
48491 1
48492 1
48493 3
48494 0
48495 2
48496 0
48497 2
48498 0
48499 1
48500 3
48501 2
48502 1
48503 3
48504 3
48505 1
48506 2
48507 2
48508 0
48509 2
48510 3
48511 1
48512 0
48513 1
48514 2
48515 3
48516 0
48517 1
48518 1
48519 1
48520 0
48521 0
48522 2
48523 0
48524 2
48525 2
48526 0
48527 2
48528 1
48529 0
48530 2
48531 1
48532 2
48533 2
48534 0
48535 0
48536 2
48537 2
48538 2
48539 2
48540 2
48541 1
48542 1
48543 1
48544 2
48545 2
48546 1
48547 1
48548 3
48549 2
48550 0
48551 1
48552 1
48553 2
48554 0
48555 1
48556 2
48557 2
48558 1
48559 3
48560 0
48561 4
48562 2
48563 1
48564 3
48565 1
48566 3
48567 2
48568 1
48569 2
48570 0
48571 1
48572 1
48573 1
48574 2
48575 1
48576 2
48577 2
48578 3
48579 4
48580 2
48581 0
48582 3
48583 2
48584 2
48585 3
48586 0
48587 2
48588 0
48589 2
48590 0
48591 3
48592 3
48593 0
48594 1
48595 1
48596 0
48597 0
48598 1
48599 2
48600 3
48601 3
48602 1
48603 3
48604 2
48605 0
48606 3
48607 0
48608 2
48609 2
48610 1
48611 2
48612 0
48613 0
48614 1
48615 3
48616 1
48617 2
48618 0
48619 2
48620 0
48621 0
48622 3
48623 3
48624 2
48625 1
48626 3
48627 3
48628 1
48629 0
48630 1
48631 0
48632 0
48633 1
48634 2
48635 3
48636 2
48637 1
48638 0
48639 0
48640 0
48641 0
48642 2
48643 1
48644 0
48645 0
48646 4
48647 0
48648 3
48649 3
48650 1
48651 3
48652 0
48653 3
48654 1
48655 3
48656 1
48657 3
48658 1
48659 0
48660 2
48661 0
48662 2
48663 1
48664 2
48665 1
48666 1
48667 3
48668 1
48669 0
48670 0
48671 2
48672 0
48673 3
48674 3
48675 0
48676 2
48677 2
48678 2
48679 2
48680 1
48681 3
48682 2
48683 1
48684 3
48685 0
48686 2
48687 0
48688 3
48689 0
48690 2
48691 1
48692 3
48693 1
48694 2
48695 1
48696 3
48697 3
48698 2
48699 2
48700 1
48701 1
48702 3
48703 2
48704 2
48705 2
48706 0
48707 0
48708 3
48709 0
48710 1
48711 3
48712 1
48713 2
48714 1
48715 2
48716 0
48717 0
48718 1
48719 3
48720 1
48721 0
48722 0
48723 0
48724 1
48725 1
48726 0
48727 1
48728 1
48729 0
48730 1
48731 2
48732 1
48733 2
48734 2
48735 0
48736 1
48737 1
48738 2
48739 0
48740 2
48741 1
48742 2
48743 2
48744 1
48745 2
48746 3
48747 3
48748 0
48749 1
48750 0
48751 0
48752 3
48753 1
48754 3
48755 1
48756 1
48757 2
48758 2
48759 3
48760 4
48761 0
48762 0
48763 2
48764 2
48765 2
48766 3
48767 2
48768 0
48769 2
48770 0
48771 0
48772 0
48773 3
48774 0
48775 2
48776 1
48777 0
48778 3
48779 0
48780 0
48781 2
48782 1
48783 1
48784 1
48785 2
48786 2
48787 4
48788 3
48789 0
48790 2
48791 1
48792 3
48793 2
48794 2
48795 0
48796 2
48797 3
48798 0
48799 1
48800 1
48801 1
48802 3
48803 1
48804 1
48805 3
48806 0
48807 2
48808 2
48809 2
48810 0
48811 3
48812 0
48813 1
48814 2
48815 1
48816 2
48817 1
48818 0
48819 1
48820 2
48821 3
48822 3
48823 1
48824 0
48825 0
48826 2
48827 0
48828 2
48829 0
48830 2
48831 0
48832 3
48833 2
48834 2
48835 2
48836 0
48837 0
48838 2
48839 0
48840 2
48841 0
48842 3
48843 1
48844 1
48845 2
48846 0
48847 1
48848 1
48849 0
48850 2
48851 0
48852 0
48853 0
48854 2
48855 0
48856 3
48857 1
48858 0
48859 2
48860 1
48861 0
48862 1
48863 1
48864 3
48865 3
48866 3
48867 1
48868 2
48869 1
48870 2
48871 1
48872 0
48873 1
48874 2
48875 3
48876 1
48877 2
48878 2
48879 0
48880 0
48881 2
48882 0
48883 1
48884 3
48885 1
48886 1
48887 1
48888 1
48889 0
48890 1
48891 3
48892 0
48893 2
48894 3
48895 0
48896 0
48897 0
48898 1
48899 3
48900 0
48901 0
48902 3
48903 0
48904 2
48905 0
48906 0
48907 3
48908 0
48909 0
48910 3
48911 1
48912 2
48913 1
48914 2
48915 3
48916 1
48917 1
48918 2
48919 1
48920 2
48921 1
48922 2
48923 3
48924 1
48925 1
48926 2
48927 2
48928 0
48929 3
48930 2
48931 0
48932 2
48933 0
48934 0
48935 0
48936 1
48937 2
48938 0
48939 3
48940 3
48941 3
48942 2
48943 2
48944 1
48945 2
48946 1
48947 2
48948 1
48949 1
48950 0
48951 1
48952 1
48953 3
48954 3
48955 2
48956 0
48957 1
48958 1
48959 0
48960 1
48961 3
48962 1
48963 1
48964 2
48965 2
48966 1
48967 0
48968 2
48969 0
48970 1
48971 1
48972 2
48973 2
48974 2
48975 0
48976 3
48977 3
48978 1
48979 3
48980 2
48981 0
48982 2
48983 1
48984 2
48985 1
48986 3
48987 2
48988 0
48989 2
48990 2
48991 0
48992 2
48993 2
48994 1
48995 2
48996 1
48997 0
48998 2
48999 1
49000 3
49001 0
49002 3
49003 0
49004 0
49005 2
49006 3
49007 2
49008 1
49009 1
49010 3
49011 1
49012 2
49013 0
49014 3
49015 1
49016 2
49017 0
49018 0
49019 2
49020 1
49021 0
49022 2
49023 0
49024 0
49025 2
49026 2
49027 1
49028 3
49029 2
49030 2
49031 1
49032 0
49033 3
49034 0
49035 2
49036 1
49037 1
49038 2
49039 2
49040 0
49041 3
49042 0
49043 0
49044 1
49045 3
49046 2
49047 1
49048 1
49049 2
49050 2
49051 3
49052 2
49053 3
49054 2
49055 2
49056 1
49057 1
49058 0
49059 0
49060 2
49061 2
49062 1
49063 1
49064 2
49065 0
49066 2
49067 0
49068 2
49069 2
49070 1
49071 3
49072 2
49073 1
49074 2
49075 1
49076 1
49077 0
49078 2
49079 1
49080 0
49081 3
49082 1
49083 1
49084 2
49085 2
49086 0
49087 2
49088 0
49089 2
49090 3
49091 1
49092 1
49093 0
49094 3
49095 2
49096 2
49097 3
49098 3
49099 3
49100 1
49101 0
49102 2
49103 0
49104 0
49105 3
49106 3
49107 0
49108 1
49109 1
49110 0
49111 1
49112 3
49113 2
49114 1
49115 0
49116 0
49117 0
49118 2
49119 0
49120 0
49121 1
49122 2
49123 1
49124 1
49125 3
49126 0
49127 0
49128 0
49129 1
49130 0
49131 2
49132 0
49133 0
49134 4
49135 3
49136 2
49137 1
49138 0
49139 1
49140 0
49141 0
49142 2
49143 1
49144 0
49145 2
49146 2
49147 2
49148 2
49149 3
49150 2
49151 1
49152 0
49153 1
49154 1
49155 1
49156 0
49157 0
49158 0
49159 0
49160 1
49161 2
49162 1
49163 0
49164 2
49165 3
49166 2
49167 3
49168 1
49169 1
49170 1
49171 2
49172 0
49173 1
49174 0
49175 1
49176 2
49177 0
49178 3
49179 2
49180 1
49181 0
49182 0
49183 1
49184 3
49185 1
49186 3
49187 3
49188 1
49189 1
49190 2
49191 3
49192 0
49193 1
49194 2
49195 1
49196 0
49197 1
49198 0
49199 3
49200 1
49201 2
49202 2
49203 3
49204 0
49205 2
49206 0
49207 0
49208 1
49209 2
49210 1
49211 0
49212 3
49213 1
49214 2
49215 1
49216 3
49217 2
49218 2
49219 2
49220 3
49221 1
49222 2
49223 1
49224 0
49225 0
49226 4
49227 2
49228 3
49229 0
49230 2
49231 3
49232 1
49233 3
49234 3
49235 0
49236 1
49237 2
49238 0
49239 2
49240 1
49241 3
49242 4
49243 1
49244 3
49245 3
49246 2
49247 0
49248 0
49249 1
49250 4
49251 1
49252 1
49253 1
49254 1
49255 0
49256 4
49257 2
49258 2
49259 2
49260 2
49261 2
49262 2
49263 3
49264 1
49265 2
49266 0
49267 1
49268 0
49269 1
49270 2
49271 1
49272 2
49273 2
49274 0
49275 0
49276 1
49277 2
49278 3
49279 3
49280 3
49281 3
49282 0
49283 0
49284 1
49285 3
49286 0
49287 1
49288 3
49289 1
49290 3
49291 1
49292 0
49293 1
49294 3
49295 3
49296 3
49297 2
49298 1
49299 3
49300 2
49301 2
49302 2
49303 2
49304 1
49305 2
49306 2
49307 0
49308 2
49309 2
49310 0
49311 0
49312 0
49313 3
49314 0
49315 3
49316 0
49317 1
49318 0
49319 0
49320 3
49321 0
49322 2
49323 1
49324 2
49325 0
49326 2
49327 2
49328 1
49329 0
49330 2
49331 2
49332 0
49333 1
49334 0
49335 3
49336 2
49337 2
49338 0
49339 2
49340 1
49341 1
49342 3
49343 2
49344 1
49345 2
49346 0
49347 0
49348 0
49349 2
49350 1
49351 0
49352 2
49353 2
49354 1
49355 0
49356 1
49357 2
49358 0
49359 1
49360 0
49361 2
49362 3
49363 0
49364 0
49365 1
49366 2
49367 0
49368 0
49369 1
49370 1
49371 2
49372 1
49373 2
49374 1
49375 1
49376 1
49377 1
49378 3
49379 2
49380 1
49381 3
49382 0
49383 1
49384 1
49385 3
49386 0
49387 2
49388 0
49389 0
49390 0
49391 3
49392 3
49393 2
49394 3
49395 1
49396 1
49397 0
49398 2
49399 1
49400 1
49401 3
49402 1
49403 1
49404 1
49405 1
49406 2
49407 2
49408 3
49409 1
49410 2
49411 0
49412 2
49413 1
49414 2
49415 3
49416 0
49417 1
49418 1
49419 0
49420 4
49421 1
49422 3
49423 3
49424 1
49425 2
49426 1
49427 2
49428 2
49429 1
49430 4
49431 0
49432 2
49433 3
49434 1
49435 0
49436 1
49437 1
49438 2
49439 3
49440 1
49441 2
49442 1
49443 1
49444 0
49445 0
49446 1
49447 2
49448 1
49449 3
49450 1
49451 0
49452 2
49453 0
49454 0
49455 2
49456 2
49457 2
49458 0
49459 0
49460 2
49461 1
49462 1
49463 1
49464 3
49465 2
49466 2
49467 1
49468 3
49469 1
49470 2
49471 3
49472 1
49473 1
49474 4
49475 1
49476 0
49477 2
49478 1
49479 2
49480 3
49481 0
49482 0
49483 1
49484 2
49485 1
49486 1
49487 4
49488 2
49489 0
49490 1
49491 0
49492 0
49493 1
49494 3
49495 1
49496 1
49497 1
49498 3
49499 1
49500 1
49501 3
49502 3
49503 0
49504 2
49505 2
49506 1
49507 1
49508 1
49509 2
49510 3
49511 3
49512 0
49513 3
49514 0
49515 0
49516 3
49517 1
49518 0
49519 3
49520 3
49521 0
49522 3
49523 1
49524 2
49525 1
49526 2
49527 3
49528 3
49529 2
49530 1
49531 2
49532 1
49533 2
49534 3
49535 3
49536 3
49537 1
49538 1
49539 0
49540 1
49541 0
49542 0
49543 2
49544 0
49545 1
49546 3
49547 2
49548 2
49549 1
49550 2
49551 1
49552 2
49553 2
49554 2
49555 3
49556 0
49557 0
49558 0
49559 0
49560 0
49561 2
49562 2
49563 1
49564 3
49565 1
49566 1
49567 1
49568 1
49569 1
49570 2
49571 1
49572 0
49573 4
49574 2
49575 1
49576 2
49577 1
49578 1
49579 0
49580 0
49581 1
49582 2
49583 0
49584 1
49585 1
49586 2
49587 2
49588 3
49589 2
49590 1
49591 2
49592 3
49593 1
49594 0
49595 2
49596 0
49597 0
49598 3
49599 0
49600 1
49601 3
49602 1
49603 1
49604 1
49605 1
49606 3
49607 1
49608 1
49609 3
49610 0
49611 3
49612 0
49613 0
49614 0
49615 0
49616 1
49617 1
49618 3
49619 2
49620 0
49621 3
49622 0
49623 3
49624 0
49625 0
49626 0
49627 0
49628 2
49629 1
49630 0
49631 1
49632 1
49633 0
49634 0
49635 0
49636 0
49637 3
49638 0
49639 1
49640 2
49641 0
49642 1
49643 0
49644 2
49645 2
49646 0
49647 1
49648 1
49649 2
49650 3
49651 1
49652 2
49653 0
49654 2
49655 0
49656 3
49657 1
49658 1
49659 3
49660 2
49661 2
49662 0
49663 3
49664 3
49665 2
49666 4
49667 3
49668 1
49669 2
49670 3
49671 0
49672 1
49673 2
49674 1
49675 1
49676 0
49677 2
49678 0
49679 3
49680 1
49681 1
49682 3
49683 2
49684 1
49685 3
49686 3
49687 3
49688 0
49689 2
49690 3
49691 1
49692 0
49693 2
49694 2
49695 0
49696 1
49697 4
49698 2
49699 2
49700 2
49701 0
49702 1
49703 2
49704 0
49705 2
49706 1
49707 2
49708 2
49709 2
49710 0
49711 1
49712 1
49713 1
49714 0
49715 1
49716 0
49717 0
49718 3
49719 3
49720 1
49721 2
49722 3
49723 0
49724 1
49725 2
49726 1
49727 3
49728 0
49729 0
49730 2
49731 4
49732 1
49733 2
49734 2
49735 2
49736 2
49737 2
49738 1
49739 3
49740 2
49741 2
49742 3
49743 0
49744 0
49745 0
49746 3
49747 1
49748 1
49749 0
49750 0
49751 2
49752 1
49753 3
49754 2
49755 2
49756 2
49757 2
49758 1
49759 0
49760 1
49761 3
49762 2
49763 0
49764 2
49765 2
49766 2
49767 1
49768 4
49769 0
49770 1
49771 0
49772 3
49773 3
49774 2
49775 0
49776 1
49777 3
49778 0
49779 2
49780 2
49781 1
49782 1
49783 3
49784 0
49785 2
49786 1
49787 1
49788 0
49789 2
49790 3
49791 1
49792 1
49793 1
49794 3
49795 0
49796 0
49797 3
49798 0
49799 2
49800 1
49801 1
49802 0
49803 2
49804 1
49805 0
49806 3
49807 3
49808 3
49809 2
49810 3
49811 2
49812 2
49813 1
49814 1
49815 0
49816 0
49817 2
49818 3
49819 0
49820 2
49821 0
49822 2
49823 1
49824 2
49825 0
49826 3
49827 1
49828 3
49829 2
49830 2
49831 1
49832 2
49833 1
49834 2
49835 2
49836 0
49837 0
49838 3
49839 1
49840 2
49841 1
49842 2
49843 0
49844 3
49845 1
49846 2
49847 0
49848 2
49849 0
49850 2
49851 1
49852 2
49853 0
49854 4
49855 2
49856 0
49857 2
49858 2
49859 2
49860 2
49861 2
49862 3
49863 1
49864 2
49865 0
49866 0
49867 0
49868 0
49869 1
49870 2
49871 3
49872 0
49873 0
49874 2
49875 1
49876 1
49877 2
49878 1
49879 1
49880 1
49881 0
49882 1
49883 2
49884 0
49885 0
49886 0
49887 0
49888 1
49889 2
49890 2
49891 1
49892 2
49893 1
49894 3
49895 2
49896 0
49897 2
49898 0
49899 0
49900 0
49901 3
49902 0
49903 2
49904 0
49905 1
49906 0
49907 0
49908 3
49909 4
49910 1
49911 1
49912 0
49913 1
49914 2
49915 0
49916 2
49917 3
49918 0
49919 1
49920 2
49921 1
49922 2
49923 1
49924 2
49925 2
49926 0
49927 3
49928 2
49929 2
49930 1
49931 1
49932 2
49933 2
49934 3
49935 1
49936 3
49937 1
49938 2
49939 0
49940 0
49941 1
49942 0
49943 3
49944 1
49945 0
49946 0
49947 3
49948 0
49949 1
49950 1
49951 0
49952 0
49953 2
49954 1
49955 2
49956 2
49957 2
49958 2
49959 2
49960 2
49961 2
49962 1
49963 2
49964 1
49965 2
49966 1
49967 0
49968 2
49969 2
49970 1
49971 2
49972 1
49973 3
49974 3
49975 0
49976 2
49977 1
49978 1
49979 0
49980 0
49981 2
49982 2
49983 1
49984 0
49985 0
49986 2
49987 3
49988 3
49989 1
49990 2
49991 3
49992 2
49993 0
49994 1
49995 3
49996 3
49997 2
49998 3
49999 2
50000 0
50001 2
50002 2
50003 1
50004 3
50005 1
50006 2
50007 2
50008 1
50009 2
50010 1
50011 0
50012 1
50013 3
50014 3
50015 3
50016 1
50017 1
50018 2
50019 3
50020 0
50021 0
50022 4
50023 1
50024 3
50025 1
50026 1
50027 0
50028 1
50029 1
50030 2
50031 2
50032 1
50033 0
50034 0
50035 2
50036 1
50037 1
50038 0
50039 2
50040 2
50041 2
50042 2
50043 0
50044 1
50045 3
50046 3
50047 3
50048 0
50049 1
50050 3
50051 1
50052 2
50053 0
50054 1
50055 0
50056 0
50057 2
50058 1
50059 0
50060 0
50061 2
50062 1
50063 3
50064 3
50065 2
50066 1
50067 1
50068 2
50069 3
50070 3
50071 2
50072 1
50073 2
50074 2
50075 0
50076 2
50077 0
50078 0
50079 1
50080 2
50081 1
50082 3
50083 2
50084 3
50085 2
50086 3
50087 2
50088 0
50089 0
50090 2
50091 3
50092 3
50093 2
50094 2
50095 2
50096 0
50097 0
50098 0
50099 2
50100 0
50101 2
50102 1
50103 0
50104 0
50105 1
50106 1
50107 0
50108 0
50109 1
50110 3
50111 2
50112 1
50113 2
50114 0
50115 0
50116 2
50117 2
50118 2
50119 3
50120 1
50121 2
50122 3
50123 2
50124 1
50125 2
50126 0
50127 2
50128 0
50129 0
50130 1
50131 0
50132 0
50133 4
50134 2
50135 3
50136 1
50137 0
50138 1
50139 3
50140 0
50141 1
50142 0
50143 2
50144 1
50145 1
50146 0
50147 2
50148 1
50149 0
50150 2
50151 1
50152 1
50153 2
50154 0
50155 0
50156 1
50157 1
50158 2
50159 0
50160 1
50161 4
50162 0
50163 2
50164 1
50165 0
50166 0
50167 2
50168 4
50169 1
50170 2
50171 3
50172 2
50173 0
50174 1
50175 1
50176 0
50177 2
50178 3
50179 1
50180 1
50181 2
50182 2
50183 1
50184 2
50185 1
50186 1
50187 0
50188 0
50189 1
50190 2
50191 1
50192 0
50193 3
50194 2
50195 0
50196 1
50197 2
50198 1
50199 1
50200 1
50201 2
50202 3
50203 1
50204 0
50205 2
50206 0
50207 0
50208 1
50209 1
50210 4
50211 0
50212 2
50213 2
50214 1
50215 0
50216 3
50217 3
50218 1
50219 3
50220 0
50221 0
50222 2
50223 3
50224 4
50225 2
50226 2
50227 3
50228 2
50229 2
50230 2
50231 1
50232 3
50233 2
50234 3
50235 3
50236 1
50237 0
50238 3
50239 0
50240 2
50241 2
50242 4
50243 0
50244 1
50245 2
50246 3
50247 1
50248 3
50249 0
50250 3
50251 2
50252 2
50253 2
50254 3
50255 2
50256 3
50257 3
50258 0
50259 0
50260 1
50261 2
50262 1
50263 3
50264 2
50265 1
50266 0
50267 2
50268 0
50269 3
50270 0
50271 0
50272 3
50273 2
50274 2
50275 0
50276 3
50277 1
50278 0
50279 2
50280 1
50281 2
50282 1
50283 2
50284 3
50285 1
50286 1
50287 0
50288 2
50289 1
50290 0
50291 1
50292 0
50293 4
50294 3
50295 0
50296 3
50297 3
50298 0
50299 0
50300 2
50301 2
50302 2
50303 1
50304 3
50305 1
50306 2
50307 2
50308 0
50309 3
50310 3
50311 3
50312 1
50313 1
50314 0
50315 3
50316 1
50317 2
50318 0
50319 2
50320 3
50321 2
50322 3
50323 3
50324 0
50325 3
50326 1
50327 2
50328 2
50329 1
50330 1
50331 1
50332 0
50333 1
50334 1
50335 1
50336 2
50337 4
50338 2
50339 2
50340 1
50341 1
50342 1
50343 1
50344 1
50345 1
50346 4
50347 0
50348 0
50349 2
50350 2
50351 3
50352 3
50353 2
50354 2
50355 1
50356 0
50357 0
50358 2
50359 4
50360 2
50361 3
50362 2
50363 1
50364 3
50365 1
50366 1
50367 2
50368 1
50369 1
50370 0
50371 1
50372 0
50373 2
50374 3
50375 1
50376 0
50377 0
50378 2
50379 1
50380 1
50381 3
50382 2
50383 2
50384 3
50385 0
50386 1
50387 3
50388 1
50389 3
50390 1
50391 3
50392 0
50393 3
50394 2
50395 3
50396 3
50397 1
50398 3
50399 1
50400 1
50401 3
50402 2
50403 0
50404 2
50405 2
50406 2
50407 2
50408 1
50409 1
50410 2
50411 0
50412 0
50413 0
50414 0
50415 0
50416 1
50417 0
50418 1
50419 1
50420 3
50421 0
50422 3
50423 3
50424 1
50425 3
50426 0
50427 2
50428 1
50429 3
50430 3
50431 3
50432 3
50433 1
50434 3
50435 2
50436 3
50437 2
50438 0
50439 1
50440 2
50441 0
50442 1
50443 0
50444 0
50445 1
50446 1
50447 2
50448 1
50449 2
50450 3
50451 2
50452 3
50453 2
50454 2
50455 1
50456 0
50457 1
50458 2
50459 2
50460 0
50461 1
50462 0
50463 0
50464 2
50465 4
50466 2
50467 4
50468 2
50469 1
50470 0
50471 3
50472 3
50473 3
50474 0
50475 1
50476 2
50477 3
50478 1
50479 2
50480 0
50481 1
50482 1
50483 1
50484 0
50485 0
50486 0
50487 0
50488 0
50489 0
50490 2
50491 2
50492 2
50493 1
50494 3
50495 3
50496 3
50497 1
50498 2
50499 1
50500 2
50501 2
50502 2
50503 2
50504 2
50505 2
50506 1
50507 0
50508 3
50509 3
50510 0
50511 1
50512 2
50513 1
50514 0
50515 0
50516 3
50517 1
50518 3
50519 1
50520 3
50521 1
50522 2
50523 2
50524 2
50525 3
50526 0
50527 3
50528 1
50529 2
50530 3
50531 1
50532 2
50533 2
50534 1
50535 3
50536 1
50537 3
50538 0
50539 2
50540 2
50541 2
50542 0
50543 0
50544 1
50545 1
50546 3
50547 0
50548 2
50549 2
50550 4
50551 3
50552 0
50553 1
50554 1
50555 2
50556 0
50557 0
50558 1
50559 1
50560 2
50561 0
50562 2
50563 1
50564 0
50565 2
50566 0
50567 1
50568 0
50569 0
50570 3
50571 1
50572 3
50573 2
50574 3
50575 0
50576 1
50577 3
50578 0
50579 1
50580 3
50581 2
50582 2
50583 1
50584 2
50585 1
50586 1
50587 2
50588 0
50589 1
50590 1
50591 0
50592 1
50593 0
50594 1
50595 1
50596 0
50597 3
50598 1
50599 2
50600 2
50601 0
50602 1
50603 0
50604 3
50605 1
50606 1
50607 1
50608 0
50609 3
50610 2
50611 3
50612 1
50613 0
50614 3
50615 2
50616 2
50617 1
50618 1
50619 1
50620 0
50621 2
50622 1
50623 1
50624 2
50625 1
50626 0
50627 2
50628 2
50629 0
50630 3
50631 1
50632 1
50633 1
50634 1
50635 2
50636 2
50637 2
50638 3
50639 0
50640 0
50641 3
50642 1
50643 2
50644 1
50645 0
50646 1
50647 0
50648 0
50649 0
50650 1
50651 3
50652 0
50653 0
50654 0
50655 0
50656 1
50657 2
50658 2
50659 2
50660 1
50661 3
50662 1
50663 1
50664 1
50665 0
50666 1
50667 1
50668 4
50669 1
50670 0
50671 4
50672 1
50673 3
50674 3
50675 0
50676 3
50677 1
50678 2
50679 0
50680 2
50681 0
50682 0
50683 1
50684 1
50685 0
50686 2
50687 2
50688 4
50689 0
50690 2
50691 2
50692 1
50693 1
50694 0
50695 1
50696 0
50697 2
50698 2
50699 2
50700 0
50701 3
50702 0
50703 2
50704 1
50705 0
50706 2
50707 2
50708 0
50709 3
50710 3
50711 4
50712 1
50713 2
50714 1
50715 0
50716 1
50717 2
50718 2
50719 2
50720 1
50721 2
50722 1
50723 1
50724 2
50725 0
50726 1
50727 0
50728 2
50729 3
50730 2
50731 1
50732 0
50733 2
50734 2
50735 1
50736 0
50737 2
50738 1
50739 1
50740 3
50741 1
50742 0
50743 3
50744 1
50745 0
50746 0
50747 2
50748 1
50749 4
50750 2
50751 3
50752 2
50753 1
50754 0
50755 1
50756 0
50757 3
50758 1
50759 0
50760 2
50761 2
50762 3
50763 0
50764 0
50765 1
50766 1
50767 1
50768 1
50769 2
50770 0
50771 2
50772 1
50773 2
50774 1
50775 2
50776 2
50777 0
50778 2
50779 2
50780 1
50781 0
50782 0
50783 1
50784 1
50785 2
50786 1
50787 2
50788 1
50789 4
50790 1
50791 3
50792 3
50793 3
50794 3
50795 0
50796 2
50797 1
50798 3
50799 0
50800 0
50801 2
50802 0
50803 1
50804 1
50805 1
50806 3
50807 3
50808 1
50809 1
50810 0
50811 1
50812 1
50813 0
50814 0
50815 1
50816 1
50817 3
50818 0
50819 2
50820 3
50821 2
50822 4
50823 2
50824 0
50825 0
50826 2
50827 0
50828 1
50829 1
50830 1
50831 3
50832 0
50833 1
50834 2
50835 2
50836 2
50837 1
50838 1
50839 3
50840 3
50841 2
50842 1
50843 2
50844 0
50845 0
50846 0
50847 0
50848 2
50849 2
50850 3
50851 2
50852 3
50853 2
50854 1
50855 1
50856 2
50857 2
50858 0
50859 1
50860 3
50861 0
50862 3
50863 1
50864 2
50865 3
50866 0
50867 3
50868 3
50869 4
50870 2
50871 0
50872 2
50873 1
50874 0
50875 2
50876 2
50877 2
50878 3
50879 2
50880 3
50881 2
50882 1
50883 3
50884 2
50885 3
50886 2
50887 2
50888 0
50889 1
50890 1
50891 3
50892 4
50893 3
50894 1
50895 2
50896 2
50897 0
50898 3
50899 3
50900 2
50901 0
50902 1
50903 3
50904 2
50905 1
50906 0
50907 0
50908 3
50909 0
50910 2
50911 0
50912 1
50913 0
50914 0
50915 2
50916 2
50917 1
50918 1
50919 0
50920 2
50921 1
50922 2
50923 1
50924 0
50925 2
50926 2
50927 3
50928 1
50929 2
50930 2
50931 0
50932 0
50933 0
50934 3
50935 3
50936 1
50937 0
50938 0
50939 2
50940 1
50941 0
50942 2
50943 1
50944 0
50945 1
50946 0
50947 2
50948 0
50949 1
50950 1
50951 2
50952 1
50953 1
50954 0
50955 3
50956 2
50957 3
50958 2
50959 0
50960 4
50961 1
50962 1
50963 2
50964 4
50965 2
50966 2
50967 2
50968 1
50969 1
50970 1
50971 3
50972 0
50973 0
50974 1
50975 0
50976 2
50977 1
50978 2
50979 3
50980 0
50981 2
50982 2
50983 1
50984 2
50985 0
50986 3
50987 2
50988 0
50989 0
50990 0
50991 2
50992 1
50993 0
50994 3
50995 3
50996 2
50997 2
50998 4
50999 0
51000 0
51001 0
51002 2
51003 0
51004 3
51005 2
51006 0
51007 1
51008 2
51009 2
51010 0
51011 2
51012 3
51013 0
51014 4
51015 0
51016 1
51017 2
51018 1
51019 0
51020 1
51021 1
51022 1
51023 2
51024 1
51025 0
51026 3
51027 1
51028 3
51029 0
51030 0
51031 3
51032 1
51033 2
51034 4
51035 0
51036 1
51037 0
51038 1
51039 2
51040 2
51041 0
51042 3
51043 2
51044 2
51045 1
51046 2
51047 2
51048 3
51049 1
51050 0
51051 1
51052 1
51053 0
51054 0
51055 2
51056 2
51057 1
51058 3
51059 3
51060 2
51061 3
51062 1
51063 1
51064 1
51065 2
51066 0
51067 3
51068 0
51069 3
51070 0
51071 3
51072 1
51073 0
51074 1
51075 1
51076 0
51077 1
51078 1
51079 2
51080 1
51081 1
51082 0
51083 1
51084 3
51085 2
51086 0
51087 2
51088 0
51089 0
51090 3
51091 3
51092 1
51093 0
51094 1
51095 0
51096 3
51097 1
51098 2
51099 0
51100 2
51101 2
51102 2
51103 0
51104 0
51105 1
51106 0
51107 2
51108 2
51109 0
51110 1
51111 1
51112 0
51113 0
51114 1
51115 0
51116 2
51117 0
51118 3
51119 2
51120 1
51121 3
51122 2
51123 3
51124 1
51125 1
51126 2
51127 0
51128 2
51129 0
51130 2
51131 2
51132 0
51133 1
51134 0
51135 1
51136 1
51137 0
51138 3
51139 0
51140 0
51141 2
51142 2
51143 2
51144 2
51145 2
51146 1
51147 2
51148 3
51149 0
51150 1
51151 0
51152 1
51153 2
51154 3
51155 2
51156 2
51157 2
51158 2
51159 0
51160 1
51161 0
51162 2
51163 3
51164 3
51165 3
51166 1
51167 3
51168 2
51169 2
51170 1
51171 1
51172 2
51173 0
51174 1
51175 1
51176 2
51177 3
51178 1
51179 1
51180 0
51181 1
51182 2
51183 0
51184 1
51185 2
51186 0
51187 2
51188 2
51189 2
51190 0
51191 2
51192 1
51193 1
51194 2
51195 1
51196 1
51197 2
51198 1
51199 2
51200 2
51201 1
51202 3
51203 3
51204 1
51205 2
51206 2
51207 1
51208 3
51209 0
51210 2
51211 3
51212 0
51213 0
51214 3
51215 1
51216 1
51217 0
51218 0
51219 0
51220 3
51221 2
51222 2
51223 2
51224 1
51225 3
51226 0
51227 1
51228 2
51229 3
51230 2
51231 0
51232 4
51233 1
51234 2
51235 2
51236 1
51237 2
51238 1
51239 1
51240 1
51241 1
51242 1
51243 0
51244 2
51245 1
51246 2
51247 3
51248 1
51249 3
51250 1
51251 3
51252 3
51253 3
51254 1
51255 1
51256 2
51257 2
51258 2
51259 2
51260 3
51261 2
51262 0
51263 1
51264 2
51265 2
51266 4
51267 0
51268 0
51269 4
51270 2
51271 2
51272 0
51273 1
51274 0
51275 1
51276 2
51277 0
51278 0
51279 1
51280 4
51281 2
51282 0
51283 0
51284 2
51285 2
51286 2
51287 3
51288 2
51289 0
51290 2
51291 2
51292 2
51293 0
51294 0
51295 3
51296 3
51297 2
51298 2
51299 2
51300 1
51301 1
51302 1
51303 2
51304 0
51305 1
51306 1
51307 1
51308 0
51309 0
51310 1
51311 3
51312 1
51313 1
51314 3
51315 1
51316 1
51317 3
51318 1
51319 1
51320 2
51321 2
51322 3
51323 3
51324 2
51325 2
51326 1
51327 1
51328 2
51329 1
51330 2
51331 1
51332 1
51333 2
51334 2
51335 0
51336 1
51337 3
51338 3
51339 1
51340 3
51341 2
51342 2
51343 0
51344 1
51345 2
51346 1
51347 0
51348 3
51349 1
51350 0
51351 3
51352 0
51353 2
51354 0
51355 1
51356 1
51357 0
51358 2
51359 2
51360 2
51361 1
51362 2
51363 2
51364 2
51365 4
51366 2
51367 0
51368 0
51369 2
51370 2
51371 2
51372 1
51373 3
51374 0
51375 1
51376 0
51377 2
51378 0
51379 0
51380 0
51381 0
51382 3
51383 3
51384 3
51385 1
51386 2
51387 1
51388 3
51389 1
51390 1
51391 0
51392 0
51393 3
51394 1
51395 2
51396 0
51397 2
51398 3
51399 0
51400 1
51401 2
51402 2
51403 1
51404 0
51405 0
51406 0
51407 3
51408 1
51409 1
51410 1
51411 2
51412 1
51413 2
51414 1
51415 2
51416 4
51417 1
51418 2
51419 2
51420 0
51421 0
51422 2
51423 2
51424 2
51425 1
51426 3
51427 2
51428 0
51429 1
51430 2
51431 4
51432 0
51433 1
51434 2
51435 2
51436 2
51437 3
51438 2
51439 0
51440 1
51441 1
51442 1
51443 4
51444 2
51445 4
51446 0
51447 0
51448 1
51449 1
51450 1
51451 3
51452 0
51453 0
51454 1
51455 1
51456 2
51457 0
51458 2
51459 1
51460 1
51461 1
51462 1
51463 3
51464 0
51465 2
51466 1
51467 0
51468 0
51469 1
51470 3
51471 2
51472 2
51473 2
51474 2
51475 2
51476 0
51477 0
51478 2
51479 1
51480 2
51481 1
51482 0
51483 0
51484 3
51485 2
51486 2
51487 3
51488 1
51489 2
51490 1
51491 2
51492 1
51493 0
51494 2
51495 0
51496 4
51497 2
51498 0
51499 2
51500 1
51501 0
51502 0
51503 0
51504 1
51505 4
51506 0
51507 2
51508 3
51509 1
51510 2
51511 3
51512 0
51513 2
51514 2
51515 2
51516 1
51517 2
51518 1
51519 1
51520 3
51521 2
51522 2
51523 0
51524 2
51525 2
51526 0
51527 3
51528 0
51529 0
51530 2
51531 0
51532 1
51533 1
51534 4
51535 2
51536 0
51537 2
51538 1
51539 2
51540 1
51541 2
51542 1
51543 1
51544 1
51545 1
51546 2
51547 1
51548 1
51549 1
51550 1
51551 3
51552 1
51553 3
51554 3
51555 2
51556 0
51557 1
51558 0
51559 4
51560 3
51561 1
51562 2
51563 0
51564 1
51565 0
51566 1
51567 1
51568 2
51569 2
51570 1
51571 0
51572 1
51573 1
51574 0
51575 0
51576 0
51577 2
51578 2
51579 0
51580 0
51581 3
51582 1
51583 2
51584 1
51585 3
51586 3
51587 3
51588 3
51589 2
51590 0
51591 3
51592 3
51593 1
51594 0
51595 2
51596 3
51597 2
51598 2
51599 1
51600 2
51601 1
51602 2
51603 1
51604 0
51605 2
51606 2
51607 1
51608 0
51609 2
51610 2
51611 1
51612 2
51613 3
51614 2
51615 1
51616 0
51617 0
51618 0
51619 1
51620 0
51621 0
51622 2
51623 1
51624 1
51625 2
51626 2
51627 3
51628 1
51629 1
51630 0
51631 4
51632 1
51633 0
51634 0
51635 3
51636 2
51637 2
51638 0
51639 0
51640 1
51641 1
51642 3
51643 1
51644 1
51645 1
51646 1
51647 2
51648 0
51649 1
51650 0
51651 2
51652 3
51653 2
51654 2
51655 0
51656 3
51657 2
51658 0
51659 4
51660 0
51661 1
51662 3
51663 0
51664 0
51665 0
51666 2
51667 1
51668 0
51669 1
51670 0
51671 2
51672 1
51673 1
51674 1
51675 1
51676 2
51677 2
51678 0
51679 1
51680 3
51681 2
51682 1
51683 1
51684 2
51685 3
51686 2
51687 3
51688 1
51689 1
51690 1
51691 0
51692 1
51693 1
51694 3
51695 1
51696 3
51697 0
51698 2
51699 2
51700 3
51701 1
51702 2
51703 0
51704 3
51705 3
51706 0
51707 1
51708 4
51709 3
51710 2
51711 2
51712 3
51713 0
51714 2
51715 1
51716 2
51717 0
51718 2
51719 0
51720 1
51721 1
51722 0
51723 2
51724 1
51725 2
51726 0
51727 0
51728 2
51729 2
51730 2
51731 0
51732 2
51733 1
51734 1
51735 1
51736 2
51737 3
51738 1
51739 0
51740 1
51741 1
51742 3
51743 1
51744 0
51745 1
51746 0
51747 2
51748 2
51749 0
51750 0
51751 1
51752 0
51753 1
51754 1
51755 1
51756 1
51757 3
51758 1
51759 2
51760 0
51761 3
51762 0
51763 2
51764 3
51765 1
51766 2
51767 2
51768 2
51769 4
51770 1
51771 2
51772 1
51773 3
51774 3
51775 2
51776 3
51777 2
51778 3
51779 1
51780 3
51781 1
51782 2
51783 0
51784 0
51785 2
51786 2
51787 0
51788 4
51789 1
51790 4
51791 1
51792 0
51793 0
51794 1
51795 0
51796 1
51797 0
51798 2
51799 0
51800 0
51801 1
51802 0
51803 0
51804 3
51805 2
51806 1
51807 0
51808 0
51809 3
51810 3
51811 0
51812 2
51813 3
51814 1
51815 1
51816 1
51817 0
51818 1
51819 0
51820 1
51821 0
51822 3
51823 0
51824 1
51825 0
51826 0
51827 2
51828 1
51829 2
51830 0
51831 2
51832 1
51833 0
51834 2
51835 3
51836 1
51837 3
51838 1
51839 0
51840 2
51841 2
51842 1
51843 1
51844 0
51845 0
51846 2
51847 0
51848 3
51849 1
51850 0
51851 2
51852 2
51853 2
51854 0
51855 1
51856 1
51857 2
51858 3
51859 0
51860 2
51861 0
51862 1
51863 2
51864 1
51865 2
51866 1
51867 0
51868 1
51869 0
51870 2
51871 0
51872 4
51873 1
51874 0
51875 1
51876 1
51877 1
51878 3
51879 2
51880 1
51881 2
51882 2
51883 2
51884 3
51885 0
51886 1
51887 2
51888 1
51889 3
51890 1
51891 1
51892 2
51893 2
51894 2
51895 1
51896 0
51897 5
51898 3
51899 0
51900 0
51901 0
51902 3
51903 2
51904 4
51905 0
51906 2
51907 2
51908 3
51909 2
51910 0
51911 3
51912 1
51913 1
51914 0
51915 3
51916 0
51917 0
51918 1
51919 1
51920 2
51921 1
51922 0
51923 2
51924 1
51925 1
51926 1
51927 3
51928 2
51929 1
51930 1
51931 0
51932 2
51933 2
51934 3
51935 3
51936 3
51937 0
51938 1
51939 1
51940 1
51941 0
51942 3
51943 3
51944 2
51945 2
51946 2
51947 0
51948 2
51949 1
51950 0
51951 2
51952 0
51953 1
51954 3
51955 2
51956 0
51957 1
51958 0
51959 1
51960 2
51961 3
51962 0
51963 1
51964 1
51965 0
51966 0
51967 0
51968 1
51969 1
51970 3
51971 0
51972 0
51973 3
51974 1
51975 2
51976 2
51977 1
51978 0
51979 1
51980 0
51981 1
51982 1
51983 2
51984 2
51985 0
51986 2
51987 2
51988 2
51989 0
51990 1
51991 1
51992 2
51993 2
51994 1
51995 0
51996 4
51997 1
51998 4
51999 3
52000 2
52001 4
52002 3
52003 1
52004 1
52005 3
52006 2
52007 2
52008 0
52009 0
52010 1
52011 1
52012 2
52013 2
52014 1
52015 0
52016 3
52017 4
52018 1
52019 2
52020 2
52021 0
52022 1
52023 1
52024 1
52025 2
52026 2
52027 1
52028 1
52029 0
52030 1
52031 0
52032 1
52033 0
52034 1
52035 0
52036 0
52037 2
52038 0
52039 0
52040 1
52041 3
52042 1
52043 0
52044 2
52045 3
52046 2
52047 1
52048 0
52049 3
52050 0
52051 3
52052 2
52053 1
52054 2
52055 2
52056 2
52057 1
52058 1
52059 3
52060 2
52061 0
52062 2
52063 0
52064 1
52065 1
52066 1
52067 3
52068 0
52069 1
52070 2
52071 0
52072 0
52073 0
52074 1
52075 2
52076 1
52077 1
52078 1
52079 1
52080 1
52081 1
52082 0
52083 1
52084 0
52085 3
52086 1
52087 0
52088 1
52089 1
52090 0
52091 0
52092 1
52093 1
52094 0
52095 1
52096 1
52097 2
52098 1
52099 0
52100 3
52101 2
52102 0
52103 0
52104 0
52105 0
52106 2
52107 0
52108 3
52109 2
52110 3
52111 2
52112 2
52113 3
52114 1
52115 0
52116 0
52117 0
52118 0
52119 2
52120 2
52121 3
52122 3
52123 1
52124 1
52125 1
52126 2
52127 1
52128 2
52129 1
52130 3
52131 1
52132 3
52133 0
52134 0
52135 2
52136 0
52137 0
52138 1
52139 0
52140 2
52141 2
52142 3
52143 3
52144 3
52145 3
52146 1
52147 0
52148 3
52149 4
52150 1
52151 4
52152 2
52153 1
52154 3
52155 1
52156 2
52157 2
52158 1
52159 4
52160 0
52161 2
52162 0
52163 2
52164 1
52165 2
52166 3
52167 2
52168 4
52169 1
52170 1
52171 2
52172 0
52173 2
52174 2
52175 1
52176 0
52177 1
52178 4
52179 0
52180 1
52181 2
52182 1
52183 1
52184 3
52185 3
52186 2
52187 0
52188 2
52189 3
52190 0
52191 1
52192 2
52193 3
52194 1
52195 0
52196 0
52197 0
52198 3
52199 1
52200 0
52201 3
52202 2
52203 2
52204 3
52205 1
52206 1
52207 2
52208 0
52209 2
52210 2
52211 3
52212 2
52213 3
52214 1
52215 1
52216 0
52217 1
52218 2
52219 2
52220 0
52221 4
52222 2
52223 0
52224 2
52225 2
52226 0
52227 2
52228 3
52229 0
52230 0
52231 0
52232 2
52233 3
52234 3
52235 2
52236 0
52237 2
52238 1
52239 0
52240 2
52241 1
52242 0
52243 2
52244 3
52245 2
52246 3
52247 1
52248 3
52249 0
52250 3
52251 4
52252 0
52253 0
52254 2
52255 3
52256 3
52257 1
52258 3
52259 2
52260 2
52261 1
52262 2
52263 1
52264 0
52265 1
52266 1
52267 2
52268 1
52269 2
52270 1
52271 0
52272 1
52273 2
52274 2
52275 1
52276 3
52277 0
52278 1
52279 3
52280 0
52281 3
52282 0
52283 3
52284 1
52285 2
52286 3
52287 1
52288 3
52289 2
52290 1
52291 2
52292 1
52293 3
52294 2
52295 0
52296 0
52297 2
52298 1
52299 0
52300 1
52301 1
52302 2
52303 0
52304 1
52305 0
52306 1
52307 1
52308 1
52309 0
52310 4
52311 0
52312 4
52313 0
52314 1
52315 2
52316 2
52317 2
52318 0
52319 1
52320 0
52321 2
52322 4
52323 2
52324 0
52325 1
52326 3
52327 2
52328 3
52329 3
52330 3
52331 0
52332 2
52333 2
52334 3
52335 2
52336 3
52337 0
52338 0
52339 0
52340 0
52341 0
52342 2
52343 2
52344 0
52345 2
52346 0
52347 1
52348 0
52349 2
52350 1
52351 1
52352 0
52353 2
52354 1
52355 2
52356 2
52357 1
52358 3
52359 1
52360 0
52361 2
52362 2
52363 2
52364 0
52365 1
52366 1
52367 0
52368 0
52369 0
52370 0
52371 1
52372 2
52373 0
52374 2
52375 2
52376 0
52377 1
52378 2
52379 1
52380 3
52381 0
52382 0
52383 1
52384 3
52385 2
52386 3
52387 1
52388 2
52389 0
52390 3
52391 0
52392 3
52393 1
52394 3
52395 2
52396 3
52397 2
52398 2
52399 0
52400 1
52401 2
52402 0
52403 1
52404 2
52405 2
52406 0
52407 2
52408 0
52409 0
52410 2
52411 2
52412 2
52413 3
52414 0
52415 0
52416 1
52417 2
52418 3
52419 1
52420 3
52421 4
52422 0
52423 2
52424 3
52425 0
52426 1
52427 0
52428 2
52429 2
52430 0
52431 2
52432 0
52433 1
52434 0
52435 3
52436 2
52437 2
52438 2
52439 1
52440 0
52441 2
52442 1
52443 4
52444 1
52445 0
52446 2
52447 0
52448 1
52449 3
52450 1
52451 0
52452 2
52453 2
52454 3
52455 3
52456 2
52457 4
52458 1
52459 0
52460 0
52461 0
52462 1
52463 0
52464 3
52465 1
52466 2
52467 1
52468 1
52469 2
52470 1
52471 1
52472 0
52473 0
52474 1
52475 0
52476 0
52477 1
52478 3
52479 3
52480 0
52481 0
52482 1
52483 2
52484 0
52485 3
52486 2
52487 0
52488 2
52489 2
52490 2
52491 1
52492 2
52493 0
52494 0
52495 0
52496 0
52497 3
52498 2
52499 2
52500 3
52501 2
52502 2
52503 0
52504 3
52505 3
52506 2
52507 3
52508 0
52509 2
52510 3
52511 1
52512 2
52513 0
52514 1
52515 1
52516 1
52517 2
52518 2
52519 2
52520 1
52521 4
52522 3
52523 0
52524 1
52525 1
52526 1
52527 1
52528 0
52529 3
52530 3
52531 3
52532 1
52533 0
52534 0
52535 4
52536 1
52537 2
52538 4
52539 0
52540 2
52541 2
52542 0
52543 0
52544 0
52545 1
52546 0
52547 1
52548 1
52549 1
52550 2
52551 3
52552 2
52553 2
52554 0
52555 0
52556 0
52557 2
52558 1
52559 1
52560 0
52561 2
52562 1
52563 2
52564 2
52565 0
52566 0
52567 0
52568 1
52569 2
52570 2
52571 1
52572 0
52573 1
52574 1
52575 2
52576 2
52577 1
52578 4
52579 4
52580 1
52581 0
52582 3
52583 3
52584 2
52585 1
52586 1
52587 2
52588 3
52589 1
52590 1
52591 2
52592 1
52593 0
52594 3
52595 2
52596 3
52597 3
52598 2
52599 3
52600 0
52601 1
52602 4
52603 2
52604 0
52605 1
52606 1
52607 2
52608 1
52609 1
52610 0
52611 0
52612 3
52613 0
52614 2
52615 2
52616 4
52617 2
52618 3
52619 2
52620 1
52621 1
52622 1
52623 2
52624 3
52625 1
52626 3
52627 0
52628 2
52629 1
52630 0
52631 2
52632 1
52633 2
52634 0
52635 3
52636 0
52637 1
52638 1
52639 2
52640 0
52641 2
52642 1
52643 2
52644 1
52645 2
52646 2
52647 0
52648 1
52649 2
52650 3
52651 1
52652 3
52653 2
52654 0
52655 0
52656 2
52657 2
52658 0
52659 2
52660 1
52661 1
52662 1
52663 1
52664 1
52665 3
52666 2
52667 3
52668 1
52669 3
52670 1
52671 0
52672 0
52673 2
52674 0
52675 1
52676 4
52677 0
52678 0
52679 3
52680 2
52681 1
52682 4
52683 2
52684 2
52685 2
52686 2
52687 4
52688 0
52689 4
52690 2
52691 1
52692 0
52693 2
52694 2
52695 0
52696 3
52697 0
52698 3
52699 0
52700 2
52701 1
52702 0
52703 0
52704 3
52705 2
52706 2
52707 2
52708 2
52709 3
52710 0
52711 2
52712 0
52713 2
52714 1
52715 2
52716 0
52717 3
52718 2
52719 2
52720 3
52721 2
52722 1
52723 3
52724 2
52725 4
52726 0
52727 1
52728 0
52729 2
52730 2
52731 2
52732 2
52733 3
52734 3
52735 1
52736 1
52737 4
52738 3
52739 2
52740 3
52741 1
52742 0
52743 1
52744 3
52745 1
52746 3
52747 2
52748 2
52749 0
52750 1
52751 2
52752 3
52753 1
52754 2
52755 3
52756 0
52757 2
52758 0
52759 2
52760 1
52761 2
52762 1
52763 0
52764 3
52765 3
52766 1
52767 0
52768 0
52769 0
52770 0
52771 2
52772 0
52773 0
52774 2
52775 2
52776 3
52777 4
52778 1
52779 1
52780 2
52781 3
52782 3
52783 0
52784 2
52785 1
52786 1
52787 2
52788 1
52789 2
52790 1
52791 2
52792 2
52793 2
52794 3
52795 1
52796 2
52797 2
52798 3
52799 3
52800 1
52801 0
52802 3
52803 0
52804 1
52805 3
52806 2
52807 0
52808 1
52809 0
52810 0
52811 0
52812 1
52813 1
52814 2
52815 2
52816 0
52817 0
52818 1
52819 3
52820 1
52821 1
52822 1
52823 1
52824 1
52825 1
52826 1
52827 1
52828 1
52829 0
52830 2
52831 2
52832 2
52833 1
52834 0
52835 2
52836 0
52837 1
52838 1
52839 0
52840 1
52841 1
52842 1
52843 4
52844 2
52845 2
52846 2
52847 0
52848 3
52849 0
52850 2
52851 1
52852 2
52853 0
52854 1
52855 1
52856 0
52857 2
52858 1
52859 2
52860 3
52861 1
52862 0
52863 2
52864 0
52865 1
52866 1
52867 0
52868 0
52869 2
52870 3
52871 0
52872 2
52873 0
52874 2
52875 2
52876 1
52877 1
52878 1
52879 1
52880 1
52881 3
52882 0
52883 2
52884 0
52885 0
52886 3
52887 0
52888 2
52889 3
52890 2
52891 2
52892 2
52893 1
52894 2
52895 0
52896 1
52897 0
52898 0
52899 2
52900 3
52901 1
52902 0
52903 1
52904 0
52905 0
52906 0
52907 1
52908 1
52909 2
52910 0
52911 2
52912 2
52913 0
52914 1
52915 1
52916 2
52917 2
52918 2
52919 1
52920 0
52921 0
52922 1
52923 2
52924 0
52925 3
52926 3
52927 0
52928 1
52929 0
52930 1
52931 0
52932 2
52933 1
52934 1
52935 4
52936 0
52937 1
52938 3
52939 2
52940 1
52941 1
52942 0
52943 1
52944 0
52945 2
52946 1
52947 3
52948 1
52949 2
52950 2
52951 1
52952 0
52953 1
52954 2
52955 0
52956 4
52957 0
52958 0
52959 2
52960 2
52961 0
52962 3
52963 1
52964 3
52965 1
52966 1
52967 1
52968 2
52969 1
52970 2
52971 3
52972 2
52973 2
52974 3
52975 0
52976 2
52977 0
52978 3
52979 1
52980 2
52981 0
52982 2
52983 0
52984 2
52985 1
52986 0
52987 1
52988 0
52989 3
52990 2
52991 3
52992 0
52993 1
52994 0
52995 2
52996 1
52997 4
52998 3
52999 1
53000 0
53001 0
53002 1
53003 1
53004 2
53005 1
53006 0
53007 1
53008 0
53009 1
53010 0
53011 3
53012 2
53013 3
53014 0
53015 1
53016 3
53017 1
53018 2
53019 1
53020 2
53021 0
53022 2
53023 2
53024 2
53025 2
53026 0
53027 2
53028 2
53029 2
53030 0
53031 4
53032 2
53033 1
53034 0
53035 4
53036 4
53037 0
53038 0
53039 2
53040 2
53041 0
53042 2
53043 0
53044 3
53045 4
53046 2
53047 0
53048 2
53049 2
53050 0
53051 3
53052 1
53053 0
53054 2
53055 3
53056 0
53057 2
53058 3
53059 0
53060 3
53061 3
53062 0
53063 1
53064 1
53065 2
53066 3
53067 2
53068 1
53069 1
53070 1
53071 0
53072 2
53073 1
53074 0
53075 3
53076 0
53077 2
53078 1
53079 2
53080 4
53081 1
53082 1
53083 3
53084 2
53085 1
53086 2
53087 2
53088 4
53089 3
53090 2
53091 1
53092 2
53093 2
53094 0
53095 3
53096 1
53097 3
53098 1
53099 2
53100 3
53101 3
53102 0
53103 2
53104 1
53105 0
53106 2
53107 0
53108 2
53109 0
53110 3
53111 3
53112 2
53113 2
53114 2
53115 0
53116 0
53117 2
53118 2
53119 0
53120 1
53121 4
53122 2
53123 2
53124 2
53125 2
53126 3
53127 0
53128 1
53129 1
53130 2
53131 3
53132 0
53133 3
53134 0
53135 1
53136 2
53137 1
53138 2
53139 0
53140 0
53141 2
53142 2
53143 1
53144 1
53145 2
53146 1
53147 2
53148 2
53149 3
53150 4
53151 2
53152 2
53153 1
53154 1
53155 0
53156 0
53157 3
53158 1
53159 0
53160 1
53161 2
53162 2
53163 3
53164 0
53165 3
53166 3
53167 0
53168 1
53169 2
53170 3
53171 2
53172 1
53173 0
53174 2
53175 1
53176 1
53177 0
53178 3
53179 1
53180 0
53181 1
53182 2
53183 3
53184 1
53185 1
53186 2
53187 3
53188 2
53189 2
53190 0
53191 3
53192 1
53193 2
53194 3
53195 3
53196 0
53197 2
53198 0
53199 2
53200 0
53201 3
53202 1
53203 0
53204 1
53205 1
53206 1
53207 4
53208 3
53209 0
53210 3
53211 1
53212 1
53213 2
53214 0
53215 2
53216 3
53217 1
53218 1
53219 4
53220 2
53221 1
53222 2
53223 2
53224 1
53225 3
53226 1
53227 2
53228 1
53229 0
53230 1
53231 0
53232 2
53233 2
53234 2
53235 1
53236 1
53237 4
53238 1
53239 2
53240 2
53241 2
53242 1
53243 3
53244 1
53245 4
53246 2
53247 2
53248 0
53249 0
53250 0
53251 1
53252 2
53253 2
53254 0
53255 0
53256 1
53257 2
53258 3
53259 2
53260 0
53261 0
53262 4
53263 3
53264 0
53265 1
53266 2
53267 3
53268 3
53269 1
53270 3
53271 2
53272 3
53273 2
53274 1
53275 3
53276 0
53277 1
53278 0
53279 0
53280 1
53281 1
53282 3
53283 0
53284 0
53285 0
53286 1
53287 1
53288 3
53289 0
53290 4
53291 3
53292 0
53293 1
53294 0
53295 0
53296 1
53297 1
53298 1
53299 1
53300 2
53301 0
53302 3
53303 1
53304 0
53305 1
53306 1
53307 2
53308 0
53309 2
53310 1
53311 3
53312 2
53313 4
53314 4
53315 3
53316 2
53317 2
53318 0
53319 1
53320 3
53321 1
53322 1
53323 0
53324 0
53325 2
53326 1
53327 0
53328 0
53329 1
53330 1
53331 2
53332 1
53333 0
53334 3
53335 0
53336 0
53337 0
53338 3
53339 0
53340 2
53341 2
53342 3
53343 0
53344 3
53345 1
53346 1
53347 0
53348 2
53349 4
53350 1
53351 2
53352 2
53353 4
53354 2
53355 1
53356 2
53357 3
53358 1
53359 3
53360 1
53361 0
53362 0
53363 1
53364 0
53365 2
53366 0
53367 2
53368 0
53369 3
53370 3
53371 0
53372 0
53373 2
53374 2
53375 1
53376 3
53377 1
53378 3
53379 2
53380 0
53381 3
53382 2
53383 2
53384 2
53385 3
53386 0
53387 3
53388 1
53389 3
53390 2
53391 1
53392 4
53393 3
53394 0
53395 1
53396 2
53397 3
53398 0
53399 2
53400 1
53401 3
53402 3
53403 2
53404 2
53405 0
53406 3
53407 1
53408 2
53409 0
53410 1
53411 2
53412 3
53413 3
53414 0
53415 1
53416 1
53417 2
53418 2
53419 2
53420 0
53421 2
53422 4
53423 0
53424 0
53425 0
53426 2
53427 2
53428 1
53429 2
53430 2
53431 0
53432 1
53433 2
53434 0
53435 1
53436 0
53437 1
53438 3
53439 2
53440 2
53441 3
53442 1
53443 1
53444 0
53445 0
53446 1
53447 1
53448 0
53449 1
53450 0
53451 3
53452 1
53453 0
53454 2
53455 0
53456 0
53457 0
53458 1
53459 0
53460 0
53461 0
53462 3
53463 2
53464 2
53465 2
53466 0
53467 1
53468 1
53469 1
53470 2
53471 1
53472 2
53473 2
53474 1
53475 2
53476 1
53477 1
53478 2
53479 1
53480 0
53481 1
53482 3
53483 1
53484 1
53485 1
53486 0
53487 3
53488 1
53489 2
53490 2
53491 0
53492 0
53493 1
53494 2
53495 0
53496 2
53497 1
53498 2
53499 0
53500 3
53501 0
53502 0
53503 0
53504 3
53505 2
53506 0
53507 3
53508 1
53509 1
53510 3
53511 1
53512 0
53513 0
53514 2
53515 3
53516 0
53517 0
53518 2
53519 3
53520 3
53521 1
53522 0
53523 0
53524 1
53525 0
53526 2
53527 1
53528 2
53529 0
53530 3
53531 1
53532 0
53533 1
53534 3
53535 0
53536 3
53537 1
53538 0
53539 4
53540 3
53541 2
53542 1
53543 1
53544 1
53545 1
53546 0
53547 2
53548 1
53549 3
53550 0
53551 4
53552 0
53553 4
53554 2
53555 2
53556 0
53557 1
53558 4
53559 0
53560 2
53561 1
53562 4
53563 3
53564 0
53565 2
53566 1
53567 2
53568 0
53569 1
53570 0
53571 0
53572 1
53573 0
53574 1
53575 3
53576 2
53577 2
53578 1
53579 2
53580 2
53581 2
53582 2
53583 2
53584 0
53585 2
53586 1
53587 0
53588 2
53589 0
53590 1
53591 1
53592 3
53593 2
53594 1
53595 1
53596 1
53597 1
53598 1
53599 2
53600 3
53601 2
53602 3
53603 1
53604 2
53605 0
53606 4
53607 0
53608 2
53609 0
53610 3
53611 0
53612 0
53613 3
53614 2
53615 0
53616 1
53617 2
53618 1
53619 0
53620 1
53621 1
53622 2
53623 0
53624 2
53625 1
53626 1
53627 2
53628 1
53629 3
53630 0
53631 2
53632 3
53633 2
53634 1
53635 0
53636 3
53637 4
53638 2
53639 3
53640 1
53641 3
53642 2
53643 0
53644 0
53645 3
53646 3
53647 2
53648 2
53649 2
53650 4
53651 3
53652 2
53653 0
53654 2
53655 2
53656 1
53657 0
53658 1
53659 1
53660 0
53661 3
53662 3
53663 1
53664 2
53665 2
53666 2
53667 2
53668 2
53669 2
53670 2
53671 1
53672 0
53673 2
53674 3
53675 0
53676 2
53677 2
53678 2
53679 1
53680 0
53681 0
53682 0
53683 1
53684 2
53685 0
53686 3
53687 1
53688 1
53689 1
53690 1
53691 3
53692 2
53693 2
53694 3
53695 2
53696 0
53697 2
53698 2
53699 1
53700 1
53701 3
53702 1
53703 1
53704 1
53705 1
53706 2
53707 0
53708 0
53709 0
53710 0
53711 0
53712 2
53713 2
53714 3
53715 0
53716 1
53717 2
53718 1
53719 0
53720 4
53721 1
53722 0
53723 0
53724 1
53725 3
53726 1
53727 3
53728 2
53729 0
53730 2
53731 1
53732 0
53733 0
53734 1
53735 0
53736 0
53737 2
53738 2
53739 3
53740 1
53741 1
53742 0
53743 0
53744 3
53745 1
53746 3
53747 0
53748 2
53749 2
53750 1
53751 3
53752 1
53753 0
53754 1
53755 0
53756 0
53757 3
53758 2
53759 1
53760 0
53761 0
53762 0
53763 3
53764 0
53765 3
53766 2
53767 1
53768 1
53769 1
53770 1
53771 0
53772 0
53773 1
53774 0
53775 2
53776 2
53777 2
53778 3
53779 3
53780 1
53781 0
53782 2
53783 1
53784 1
53785 2
53786 1
53787 0
53788 2
53789 3
53790 3
53791 2
53792 1
53793 3
53794 1
53795 2
53796 1
53797 2
53798 1
53799 3
53800 0
53801 3
53802 1
53803 1
53804 3
53805 3
53806 3
53807 1
53808 0
53809 3
53810 3
53811 3
53812 2
53813 1
53814 1
53815 0
53816 2
53817 0
53818 2
53819 2
53820 0
53821 0
53822 3
53823 3
53824 1
53825 1
53826 3
53827 1
53828 0
53829 0
53830 0
53831 0
53832 3
53833 2
53834 2
53835 3
53836 3
53837 1
53838 3
53839 0
53840 1
53841 2
53842 2
53843 1
53844 1
53845 2
53846 1
53847 1
53848 1
53849 2
53850 3
53851 0
53852 3
53853 1
53854 1
53855 2
53856 1
53857 1
53858 0
53859 1
53860 1
53861 3
53862 0
53863 2
53864 2
53865 0
53866 1
53867 3
53868 1
53869 2
53870 1
53871 2
53872 0
53873 0
53874 0
53875 0
53876 1
53877 0
53878 2
53879 1
53880 3
53881 1
53882 4
53883 3
53884 4
53885 1
53886 0
53887 1
53888 2
53889 1
53890 0
53891 2
53892 1
53893 1
53894 2
53895 2
53896 1
53897 0
53898 4
53899 1
53900 2
53901 0
53902 1
53903 2
53904 1
53905 3
53906 3
53907 0
53908 2
53909 2
53910 1
53911 2
53912 3
53913 1
53914 1
53915 1
53916 4
53917 1
53918 1
53919 3
53920 2
53921 0
53922 0
53923 1
53924 3
53925 1
53926 2
53927 1
53928 1
53929 2
53930 0
53931 2
53932 2
53933 0
53934 1
53935 3
53936 2
53937 2
53938 0
53939 2
53940 0
53941 1
53942 3
53943 1
53944 1
53945 1
53946 2
53947 3
53948 2
53949 2
53950 0
53951 2
53952 2
53953 0
53954 0
53955 3
53956 0
53957 2
53958 3
53959 3
53960 1
53961 1
53962 2
53963 4
53964 2
53965 4
53966 1
53967 3
53968 2
53969 1
53970 1
53971 3
53972 1
53973 0
53974 2
53975 0
53976 2
53977 1
53978 1
53979 1
53980 2
53981 0
53982 0
53983 0
53984 0
53985 3
53986 2
53987 0
53988 1
53989 0
53990 2
53991 3
53992 2
53993 2
53994 1
53995 2
53996 0
53997 0
53998 3
53999 2
54000 1
54001 1
54002 2
54003 0
54004 2
54005 3
54006 1
54007 0
54008 3
54009 1
54010 0
54011 1
54012 2
54013 2
54014 1
54015 1
54016 1
54017 1
54018 0
54019 3
54020 1
54021 0
54022 2
54023 2
54024 0
54025 2
54026 2
54027 2
54028 4
54029 2
54030 0
54031 1
54032 1
54033 2
54034 2
54035 3
54036 3
54037 3
54038 2
54039 3
54040 1
54041 3
54042 3
54043 1
54044 1
54045 3
54046 2
54047 0
54048 1
54049 0
54050 3
54051 1
54052 2
54053 1
54054 2
54055 3
54056 4
54057 2
54058 1
54059 2
54060 2
54061 1
54062 0
54063 1
54064 1
54065 0
54066 1
54067 2
54068 3
54069 2
54070 3
54071 1
54072 1
54073 1
54074 2
54075 1
54076 0
54077 2
54078 0
54079 3
54080 1
54081 2
54082 3
54083 1
54084 2
54085 0
54086 1
54087 2
54088 3
54089 0
54090 0
54091 0
54092 0
54093 2
54094 2
54095 1
54096 1
54097 1
54098 1
54099 2
54100 3
54101 2
54102 0
54103 1
54104 1
54105 0
54106 3
54107 0
54108 2
54109 1
54110 2
54111 0
54112 0
54113 3
54114 0
54115 1
54116 3
54117 1
54118 3
54119 2
54120 2
54121 2
54122 1
54123 3
54124 2
54125 0
54126 0
54127 1
54128 0
54129 0
54130 3
54131 2
54132 1
54133 1
54134 2
54135 1
54136 2
54137 2
54138 3
54139 0
54140 2
54141 0
54142 1
54143 3
54144 2
54145 2
54146 3
54147 2
54148 0
54149 0
54150 0
54151 1
54152 0
54153 3
54154 0
54155 0
54156 2
54157 3
54158 0
54159 2
54160 2
54161 3
54162 2
54163 2
54164 3
54165 2
54166 1
54167 3
54168 1
54169 3
54170 1
54171 3
54172 0
54173 0
54174 3
54175 2
54176 0
54177 1
54178 4
54179 2
54180 3
54181 2
54182 0
54183 0
54184 4
54185 0
54186 0
54187 2
54188 2
54189 1
54190 2
54191 0
54192 1
54193 0
54194 2
54195 3
54196 0
54197 2
54198 3
54199 1
54200 0
54201 1
54202 2
54203 0
54204 0
54205 2
54206 2
54207 3
54208 2
54209 1
54210 0
54211 2
54212 0
54213 2
54214 3
54215 1
54216 3
54217 2
54218 2
54219 1
54220 2
54221 2
54222 0
54223 1
54224 2
54225 2
54226 0
54227 2
54228 2
54229 1
54230 2
54231 3
54232 3
54233 0
54234 2
54235 0
54236 2
54237 1
54238 3
54239 0
54240 2
54241 2
54242 1
54243 2
54244 2
54245 0
54246 0
54247 3
54248 2
54249 1
54250 0
54251 0
54252 0
54253 2
54254 3
54255 3
54256 0
54257 0
54258 2
54259 3
54260 0
54261 1
54262 2
54263 2
54264 0
54265 1
54266 2
54267 0
54268 1
54269 3
54270 2
54271 2
54272 1
54273 3
54274 1
54275 3
54276 1
54277 0
54278 0
54279 1
54280 1
54281 3
54282 1
54283 1
54284 3
54285 2
54286 0
54287 0
54288 2
54289 1
54290 0
54291 2
54292 4
54293 1
54294 0
54295 1
54296 2
54297 0
54298 2
54299 0
54300 0
54301 0
54302 0
54303 0
54304 3
54305 1
54306 2
54307 2
54308 2
54309 2
54310 3
54311 2
54312 0
54313 3
54314 0
54315 1
54316 3
54317 2
54318 1
54319 2
54320 1
54321 0
54322 2
54323 1
54324 4
54325 2
54326 1
54327 3
54328 3
54329 1
54330 2
54331 0
54332 2
54333 1
54334 3
54335 3
54336 3
54337 3
54338 1
54339 2
54340 2
54341 1
54342 2
54343 2
54344 1
54345 2
54346 2
54347 2
54348 1
54349 1
54350 1
54351 0
54352 0
54353 2
54354 1
54355 0
54356 4
54357 0
54358 3
54359 3
54360 1
54361 2
54362 2
54363 2
54364 2
54365 3
54366 1
54367 1
54368 2
54369 1
54370 2
54371 0
54372 4
54373 0
54374 2
54375 2
54376 0
54377 1
54378 2
54379 2
54380 0
54381 1
54382 1
54383 1
54384 2
54385 3
54386 3
54387 3
54388 0
54389 2
54390 3
54391 2
54392 2
54393 0
54394 1
54395 3
54396 2
54397 1
54398 2
54399 0
54400 3
54401 3
54402 3
54403 1
54404 2
54405 1
54406 0
54407 0
54408 1
54409 1
54410 0
54411 2
54412 0
54413 2
54414 3
54415 2
54416 2
54417 0
54418 2
54419 0
54420 0
54421 0
54422 0
54423 4
54424 0
54425 2
54426 3
54427 1
54428 2
54429 0
54430 0
54431 3
54432 3
54433 0
54434 4
54435 2
54436 0
54437 3
54438 1
54439 0
54440 1
54441 2
54442 0
54443 0
54444 2
54445 0
54446 1
54447 0
54448 2
54449 1
54450 0
54451 2
54452 4
54453 0
54454 1
54455 1
54456 0
54457 2
54458 0
54459 2
54460 1
54461 1
54462 4
54463 2
54464 3
54465 2
54466 4
54467 0
54468 1
54469 0
54470 3
54471 1
54472 2
54473 1
54474 0
54475 1
54476 1
54477 0
54478 2
54479 0
54480 1
54481 0
54482 0
54483 0
54484 1
54485 2
54486 2
54487 2
54488 2
54489 0
54490 3
54491 1
54492 3
54493 2
54494 3
54495 2
54496 0
54497 0
54498 0
54499 3
54500 0
54501 2
54502 0
54503 0
54504 0
54505 1
54506 2
54507 2
54508 2
54509 2
54510 1
54511 1
54512 2
54513 1
54514 0
54515 1
54516 3
54517 1
54518 0
54519 3
54520 3
54521 2
54522 2
54523 3
54524 3
54525 1
54526 4
54527 1
54528 2
54529 2
54530 3
54531 1
54532 2
54533 2
54534 3
54535 0
54536 1
54537 1
54538 2
54539 2
54540 2
54541 2
54542 1
54543 0
54544 0
54545 0
54546 1
54547 1
54548 1
54549 1
54550 1
54551 1
54552 1
54553 3
54554 1
54555 1
54556 0
54557 0
54558 2
54559 0
54560 2
54561 3
54562 1
54563 1
54564 2
54565 0
54566 2
54567 0
54568 1
54569 2
54570 0
54571 3
54572 0
54573 1
54574 3
54575 0
54576 2
54577 2
54578 0
54579 1
54580 3
54581 0
54582 0
54583 3
54584 3
54585 2
54586 0
54587 4
54588 2
54589 2
54590 1
54591 1
54592 1
54593 3
54594 2
54595 2
54596 2
54597 1
54598 0
54599 2
54600 0
54601 1
54602 1
54603 1
54604 0
54605 1
54606 0
54607 0
54608 2
54609 2
54610 1
54611 0
54612 1
54613 2
54614 4
54615 2
54616 0
54617 1
54618 2
54619 1
54620 2
54621 1
54622 1
54623 1
54624 1
54625 1
54626 2
54627 3
54628 0
54629 1
54630 0
54631 2
54632 2
54633 0
54634 0
54635 0
54636 0
54637 1
54638 2
54639 0
54640 0
54641 2
54642 1
54643 3
54644 2
54645 1
54646 2
54647 3
54648 0
54649 0
54650 2
54651 2
54652 2
54653 4
54654 1
54655 2
54656 3
54657 0
54658 2
54659 0
54660 3
54661 1
54662 2
54663 2
54664 3
54665 2
54666 1
54667 1
54668 2
54669 2
54670 0
54671 2
54672 2
54673 2
54674 3
54675 0
54676 2
54677 0
54678 0
54679 2
54680 3
54681 1
54682 3
54683 3
54684 2
54685 3
54686 2
54687 2
54688 1
54689 0
54690 3
54691 3
54692 0
54693 2
54694 0
54695 2
54696 1
54697 3
54698 2
54699 1
54700 0
54701 3
54702 2
54703 2
54704 1
54705 3
54706 1
54707 3
54708 0
54709 2
54710 2
54711 3
54712 0
54713 3
54714 0
54715 0
54716 2
54717 1
54718 1
54719 1
54720 2
54721 2
54722 2
54723 2
54724 1
54725 1
54726 3
54727 3
54728 1
54729 2
54730 3
54731 0
54732 1
54733 3
54734 3
54735 3
54736 4
54737 0
54738 3
54739 1
54740 1
54741 1
54742 1
54743 1
54744 3
54745 0
54746 2
54747 2
54748 0
54749 1
54750 1
54751 1
54752 0
54753 2
54754 1
54755 1
54756 2
54757 2
54758 2
54759 2
54760 2
54761 2
54762 0
54763 2
54764 1
54765 2
54766 2
54767 0
54768 0
54769 2
54770 0
54771 2
54772 2
54773 3
54774 2
54775 0
54776 0
54777 1
54778 2
54779 0
54780 3
54781 0
54782 2
54783 0
54784 3
54785 1
54786 0
54787 4
54788 0
54789 2
54790 2
54791 2
54792 1
54793 4
54794 4
54795 1
54796 2
54797 0
54798 0
54799 2
54800 2
54801 2
54802 3
54803 2
54804 3
54805 0
54806 1
54807 1
54808 2
54809 1
54810 0
54811 2
54812 0
54813 1
54814 2
54815 0
54816 1
54817 1
54818 0
54819 2
54820 1
54821 1
54822 1
54823 1
54824 0
54825 1
54826 1
54827 0
54828 0
54829 3
54830 0
54831 1
54832 2
54833 0
54834 2
54835 1
54836 4
54837 1
54838 0
54839 2
54840 1
54841 2
54842 1
54843 2
54844 3
54845 3
54846 1
54847 3
54848 4
54849 1
54850 2
54851 1
54852 1
54853 0
54854 3
54855 1
54856 1
54857 1
54858 2
54859 3
54860 1
54861 1
54862 3
54863 2
54864 2
54865 1
54866 1
54867 0
54868 2
54869 3
54870 0
54871 2
54872 2
54873 2
54874 4
54875 2
54876 2
54877 0
54878 0
54879 1
54880 3
54881 1
54882 2
54883 3
54884 3
54885 1
54886 0
54887 0
54888 1
54889 0
54890 4
54891 1
54892 0
54893 1
54894 1
54895 1
54896 1
54897 1
54898 1
54899 0
54900 2
54901 1
54902 1
54903 1
54904 0
54905 2
54906 1
54907 1
54908 2
54909 2
54910 2
54911 2
54912 1
54913 0
54914 1
54915 3
54916 4
54917 1
54918 0
54919 2
54920 1
54921 3
54922 1
54923 2
54924 1
54925 2
54926 3
54927 1
54928 3
54929 1
54930 2
54931 3
54932 2
54933 3
54934 1
54935 0
54936 3
54937 1
54938 0
54939 1
54940 2
54941 0
54942 1
54943 0
54944 0
54945 1
54946 2
54947 2
54948 0
54949 0
54950 1
54951 1
54952 2
54953 1
54954 0
54955 1
54956 2
54957 2
54958 0
54959 3
54960 3
54961 2
54962 2
54963 1
54964 0
54965 2
54966 1
54967 4
54968 0
54969 0
54970 0
54971 2
54972 2
54973 1
54974 3
54975 3
54976 1
54977 0
54978 2
54979 2
54980 3
54981 0
54982 2
54983 2
54984 2
54985 3
54986 3
54987 2
54988 0
54989 1
54990 4
54991 3
54992 1
54993 0
54994 3
54995 4
54996 2
54997 3
54998 4
54999 0
55000 3
55001 3
55002 1
55003 0
55004 0
55005 3
55006 1
55007 2
55008 2
55009 3
55010 2
55011 2
55012 2
55013 2
55014 1
55015 2
55016 1
55017 0
55018 2
55019 3
55020 2
55021 3
55022 3
55023 3
55024 0
55025 0
55026 2
55027 2
55028 0
55029 1
55030 0
55031 2
55032 2
55033 3
55034 2
55035 2
55036 0
55037 1
55038 2
55039 3
55040 1
55041 2
55042 2
55043 1
55044 0
55045 1
55046 2
55047 2
55048 1
55049 2
55050 3
55051 0
55052 0
55053 1
55054 1
55055 0
55056 1
55057 2
55058 1
55059 3
55060 2
55061 3
55062 1
55063 1
55064 2
55065 3
55066 2
55067 2
55068 2
55069 0
55070 0
55071 0
55072 2
55073 0
55074 2
55075 1
55076 0
55077 2
55078 1
55079 2
55080 2
55081 0
55082 1
55083 0
55084 2
55085 0
55086 0
55087 2
55088 1
55089 0
55090 3
55091 1
55092 0
55093 0
55094 2
55095 3
55096 1
55097 1
55098 1
55099 1
55100 2
55101 1
55102 1
55103 3
55104 2
55105 3
55106 1
55107 3
55108 1
55109 3
55110 2
55111 1
55112 2
55113 0
55114 4
55115 2
55116 3
55117 0
55118 1
55119 2
55120 0
55121 1
55122 0
55123 0
55124 1
55125 2
55126 2
55127 1
55128 2
55129 2
55130 0
55131 1
55132 3
55133 0
55134 2
55135 1
55136 0
55137 2
55138 2
55139 3
55140 1
55141 1
55142 0
55143 3
55144 3
55145 0
55146 0
55147 2
55148 0
55149 2
55150 2
55151 1
55152 2
55153 2
55154 1
55155 1
55156 1
55157 0
55158 2
55159 0
55160 3
55161 0
55162 2
55163 1
55164 2
55165 0
55166 0
55167 2
55168 0
55169 1
55170 4
55171 3
55172 1
55173 3
55174 0
55175 0
55176 2
55177 0
55178 1
55179 2
55180 3
55181 3
55182 1
55183 3
55184 1
55185 2
55186 0
55187 2
55188 2
55189 1
55190 1
55191 1
55192 3
55193 1
55194 2
55195 1
55196 1
55197 1
55198 0
55199 1
55200 1
55201 0
55202 2
55203 3
55204 1
55205 2
55206 3
55207 4
55208 1
55209 4
55210 0
55211 0
55212 0
55213 3
55214 3
55215 3
55216 2
55217 2
55218 1
55219 1
55220 3
55221 0
55222 2
55223 0
55224 0
55225 1
55226 4
55227 2
55228 3
55229 1
55230 1
55231 0
55232 1
55233 2
55234 1
55235 1
55236 2
55237 2
55238 1
55239 2
55240 0
55241 2
55242 3
55243 0
55244 0
55245 4
55246 0
55247 2
55248 1
55249 0
55250 0
55251 2
55252 3
55253 3
55254 0
55255 2
55256 0
55257 3
55258 0
55259 1
55260 2
55261 0
55262 1
55263 0
55264 1
55265 1
55266 1
55267 2
55268 1
55269 2
55270 2
55271 1
55272 2
55273 2
55274 4
55275 1
55276 2
55277 2
55278 1
55279 2
55280 0
55281 2
55282 3
55283 2
55284 1
55285 0
55286 2
55287 2
55288 2
55289 0
55290 1
55291 1
55292 0
55293 2
55294 2
55295 3
55296 0
55297 2
55298 2
55299 1
55300 3
55301 2
55302 2
55303 1
55304 3
55305 4
55306 4
55307 0
55308 3
55309 2
55310 4
55311 1
55312 1
55313 0
55314 2
55315 1
55316 3
55317 3
55318 0
55319 2
55320 2
55321 0
55322 1
55323 2
55324 1
55325 2
55326 0
55327 3
55328 4
55329 3
55330 1
55331 3
55332 3
55333 4
55334 1
55335 1
55336 2
55337 4
55338 1
55339 0
55340 3
55341 1
55342 2
55343 2
55344 3
55345 1
55346 0
55347 3
55348 3
55349 2
55350 1
55351 1
55352 1
55353 1
55354 0
55355 3
55356 2
55357 1
55358 3
55359 4
55360 1
55361 1
55362 0
55363 1
55364 1
55365 3
55366 0
55367 2
55368 3
55369 2
55370 1
55371 3
55372 4
55373 4
55374 1
55375 0
55376 0
55377 1
55378 1
55379 0
55380 1
55381 0
55382 2
55383 0
55384 2
55385 0
55386 1
55387 3
55388 1
55389 0
55390 2
55391 0
55392 2
55393 0
55394 4
55395 0
55396 1
55397 2
55398 1
55399 2
55400 1
55401 0
55402 1
55403 0
55404 0
55405 0
55406 0
55407 1
55408 3
55409 3
55410 0
55411 3
55412 3
55413 2
55414 2
55415 3
55416 0
55417 2
55418 2
55419 0
55420 0
55421 2
55422 3
55423 0
55424 1
55425 4
55426 2
55427 1
55428 0
55429 1
55430 2
55431 1
55432 1
55433 0
55434 3
55435 3
55436 1
55437 2
55438 1
55439 0
55440 1
55441 2
55442 2
55443 0
55444 1
55445 1
55446 3
55447 0
55448 1
55449 0
55450 3
55451 0
55452 1
55453 1
55454 4
55455 2
55456 0
55457 0
55458 0
55459 2
55460 1
55461 2
55462 2
55463 1
55464 2
55465 1
55466 0
55467 0
55468 0
55469 2
55470 0
55471 0
55472 1
55473 1
55474 0
55475 1
55476 4
55477 0
55478 4
55479 1
55480 1
55481 3
55482 1
55483 0
55484 4
55485 2
55486 0
55487 2
55488 2
55489 1
55490 0
55491 2
55492 2
55493 0
55494 0
55495 3
55496 3
55497 1
55498 2
55499 2
55500 3
55501 1
55502 3
55503 3
55504 1
55505 1
55506 2
55507 2
55508 0
55509 1
55510 1
55511 2
55512 1
55513 2
55514 4
55515 0
55516 1
55517 0
55518 2
55519 0
55520 2
55521 2
55522 0
55523 1
55524 1
55525 3
55526 2
55527 0
55528 0
55529 4
55530 2
55531 2
55532 0
55533 1
55534 1
55535 4
55536 3
55537 3
55538 2
55539 1
55540 2
55541 3
55542 1
55543 1
55544 1
55545 4
55546 2
55547 2
55548 0
55549 1
55550 1
55551 3
55552 0
55553 1
55554 0
55555 0
55556 1
55557 0
55558 2
55559 1
55560 1
55561 1
55562 3
55563 2
55564 0
55565 2
55566 1
55567 2
55568 3
55569 3
55570 0
55571 1
55572 3
55573 2
55574 0
55575 3
55576 1
55577 2
55578 1
55579 3
55580 0
55581 2
55582 2
55583 2
55584 0
55585 3
55586 3
55587 2
55588 3
55589 0
55590 0
55591 3
55592 2
55593 0
55594 2
55595 1
55596 3
55597 0
55598 0
55599 2
55600 1
55601 4
55602 2
55603 0
55604 1
55605 4
55606 1
55607 2
55608 2
55609 2
55610 1
55611 2
55612 2
55613 2
55614 3
55615 1
55616 2
55617 0
55618 0
55619 0
55620 2
55621 2
55622 3
55623 1
55624 1
55625 3
55626 0
55627 2
55628 2
55629 2
55630 1
55631 0
55632 2
55633 1
55634 1
55635 1
55636 2
55637 1
55638 2
55639 3
55640 2
55641 2
55642 3
55643 3
55644 0
55645 1
55646 4
55647 3
55648 1
55649 3
55650 0
55651 1
55652 3
55653 3
55654 1
55655 3
55656 3
55657 1
55658 0
55659 1
55660 3
55661 2
55662 2
55663 0
55664 3
55665 2
55666 1
55667 1
55668 1
55669 3
55670 0
55671 1
55672 3
55673 1
55674 0
55675 1
55676 0
55677 1
55678 0
55679 2
55680 3
55681 4
55682 1
55683 2
55684 3
55685 1
55686 0
55687 2
55688 2
55689 1
55690 2
55691 0
55692 3
55693 1
55694 0
55695 2
55696 0
55697 0
55698 3
55699 1
55700 1
55701 2
55702 0
55703 3
55704 2
55705 1
55706 0
55707 1
55708 3
55709 0
55710 2
55711 0
55712 1
55713 1
55714 1
55715 1
55716 0
55717 1
55718 2
55719 0
55720 1
55721 3
55722 2
55723 1
55724 2
55725 2
55726 0
55727 2
55728 0
55729 1
55730 0
55731 2
55732 0
55733 2
55734 1
55735 3
55736 0
55737 2
55738 3
55739 1
55740 3
55741 0
55742 3
55743 1
55744 3
55745 1
55746 3
55747 0
55748 0
55749 0
55750 1
55751 3
55752 2
55753 2
55754 3
55755 1
55756 0
55757 0
55758 2
55759 1
55760 3
55761 1
55762 1
55763 3
55764 0
55765 3
55766 1
55767 3
55768 2
55769 1
55770 3
55771 0
55772 2
55773 3
55774 1
55775 2
55776 0
55777 3
55778 0
55779 3
55780 1
55781 0
55782 0
55783 1
55784 3
55785 2
55786 2
55787 1
55788 4
55789 2
55790 0
55791 1
55792 3
55793 3
55794 2
55795 4
55796 2
55797 2
55798 2
55799 2
55800 1
55801 2
55802 3
55803 1
55804 0
55805 3
55806 2
55807 2
55808 3
55809 1
55810 2
55811 2
55812 3
55813 2
55814 0
55815 0
55816 2
55817 1
55818 1
55819 3
55820 1
55821 3
55822 0
55823 3
55824 0
55825 1
55826 2
55827 0
55828 1
55829 2
55830 3
55831 0
55832 3
55833 2
55834 3
55835 1
55836 1
55837 3
55838 4
55839 0
55840 2
55841 1
55842 3
55843 4
55844 2
55845 1
55846 3
55847 3
55848 1
55849 1
55850 2
55851 3
55852 2
55853 2
55854 2
55855 1
55856 2
55857 1
55858 2
55859 1
55860 2
55861 2
55862 1
55863 1
55864 2
55865 1
55866 1
55867 3
55868 2
55869 3
55870 2
55871 1
55872 1
55873 3
55874 0
55875 0
55876 2
55877 1
55878 0
55879 2
55880 1
55881 0
55882 2
55883 2
55884 3
55885 1
55886 2
55887 0
55888 3
55889 3
55890 0
55891 2
55892 0
55893 2
55894 2
55895 0
55896 2
55897 4
55898 2
55899 1
55900 2
55901 3
55902 2
55903 0
55904 0
55905 3
55906 2
55907 3
55908 1
55909 1
55910 0
55911 1
55912 1
55913 0
55914 2
55915 3
55916 0
55917 2
55918 1
55919 3
55920 2
55921 2
55922 1
55923 2
55924 1
55925 0
55926 2
55927 0
55928 2
55929 1
55930 1
55931 2
55932 1
55933 2
55934 0
55935 1
55936 0
55937 3
55938 1
55939 2
55940 1
55941 2
55942 2
55943 1
55944 2
55945 2
55946 3
55947 0
55948 2
55949 1
55950 3
55951 2
55952 2
55953 2
55954 3
55955 1
55956 0
55957 3
55958 2
55959 2
55960 1
55961 2
55962 3
55963 1
55964 1
55965 3
55966 1
55967 2
55968 0
55969 1
55970 2
55971 1
55972 3
55973 0
55974 0
55975 3
55976 3
55977 2
55978 0
55979 2
55980 0
55981 2
55982 2
55983 0
55984 0
55985 3
55986 2
55987 2
55988 4
55989 2
55990 2
55991 2
55992 2
55993 2
55994 3
55995 1
55996 0
55997 2
55998 4
55999 3
56000 2
56001 0
56002 1
56003 3
56004 0
56005 2
56006 0
56007 2
56008 0
56009 2
56010 3
56011 3
56012 0
56013 3
56014 0
56015 1
56016 0
56017 3
56018 2
56019 1
56020 3
56021 3
56022 3
56023 3
56024 0
56025 1
56026 0
56027 1
56028 1
56029 0
56030 1
56031 2
56032 2
56033 1
56034 0
56035 0
56036 1
56037 1
56038 1
56039 0
56040 0
56041 1
56042 1
56043 4
56044 1
56045 2
56046 0
56047 2
56048 1
56049 3
56050 2
56051 0
56052 0
56053 1
56054 1
56055 3
56056 1
56057 2
56058 2
56059 0
56060 2
56061 2
56062 2
56063 1
56064 2
56065 3
56066 1
56067 2
56068 1
56069 1
56070 1
56071 1
56072 3
56073 1
56074 3
56075 3
56076 0
56077 3
56078 1
56079 0
56080 2
56081 2
56082 1
56083 0
56084 3
56085 2
56086 1
56087 1
56088 2
56089 0
56090 2
56091 3
56092 1
56093 1
56094 0
56095 3
56096 0
56097 2
56098 2
56099 3
56100 2
56101 1
56102 0
56103 2
56104 3
56105 1
56106 3
56107 2
56108 0
56109 0
56110 2
56111 2
56112 3
56113 2
56114 3
56115 0
56116 0
56117 0
56118 2
56119 0
56120 2
56121 1
56122 1
56123 2
56124 0
56125 2
56126 3
56127 0
56128 0
56129 1
56130 2
56131 2
56132 3
56133 3
56134 2
56135 1
56136 4
56137 0
56138 0
56139 2
56140 0
56141 3
56142 3
56143 0
56144 0
56145 3
56146 3
56147 0
56148 1
56149 3
56150 3
56151 3
56152 3
56153 3
56154 0
56155 2
56156 3
56157 1
56158 0
56159 2
56160 2
56161 0
56162 0
56163 0
56164 3
56165 2
56166 0
56167 3
56168 2
56169 1
56170 2
56171 1
56172 3
56173 3
56174 4
56175 2
56176 2
56177 0
56178 3
56179 2
56180 3
56181 0
56182 0
56183 3
56184 4
56185 2
56186 1
56187 2
56188 2
56189 1
56190 4
56191 1
56192 0
56193 2
56194 2
56195 1
56196 2
56197 3
56198 1
56199 0
56200 2
56201 1
56202 1
56203 2
56204 2
56205 3
56206 3
56207 2
56208 0
56209 0
56210 0
56211 3
56212 4
56213 0
56214 1
56215 4
56216 0
56217 1
56218 2
56219 3
56220 0
56221 1
56222 0
56223 3
56224 4
56225 4
56226 0
56227 1
56228 0
56229 0
56230 1
56231 2
56232 2
56233 2
56234 1
56235 2
56236 2
56237 3
56238 1
56239 0
56240 1
56241 3
56242 0
56243 1
56244 0
56245 2
56246 2
56247 1
56248 0
56249 2
56250 2
56251 1
56252 3
56253 2
56254 2
56255 1
56256 1
56257 3
56258 3
56259 0
56260 3
56261 3
56262 0
56263 2
56264 1
56265 2
56266 3
56267 0
56268 2
56269 1
56270 1
56271 1
56272 2
56273 2
56274 0
56275 2
56276 1
56277 3
56278 0
56279 1
56280 3
56281 2
56282 1
56283 0
56284 1
56285 2
56286 1
56287 1
56288 1
56289 0
56290 2
56291 0
56292 0
56293 1
56294 0
56295 4
56296 2
56297 0
56298 2
56299 4
56300 2
56301 1
56302 2
56303 3
56304 0
56305 0
56306 2
56307 2
56308 2
56309 1
56310 1
56311 1
56312 0
56313 1
56314 3
56315 2
56316 2
56317 2
56318 1
56319 3
56320 0
56321 2
56322 1
56323 0
56324 2
56325 1
56326 3
56327 3
56328 3
56329 0
56330 3
56331 3
56332 4
56333 3
56334 1
56335 0
56336 2
56337 0
56338 0
56339 3
56340 1
56341 2
56342 2
56343 1
56344 2
56345 1
56346 0
56347 2
56348 3
56349 1
56350 2
56351 2
56352 1
56353 0
56354 0
56355 2
56356 2
56357 2
56358 2
56359 1
56360 4
56361 0
56362 1
56363 2
56364 0
56365 1
56366 3
56367 0
56368 3
56369 3
56370 3
56371 2
56372 2
56373 1
56374 1
56375 1
56376 4
56377 1
56378 0
56379 1
56380 1
56381 0
56382 2
56383 2
56384 0
56385 0
56386 2
56387 3
56388 3
56389 2
56390 2
56391 2
56392 3
56393 2
56394 4
56395 2
56396 0
56397 2
56398 2
56399 2
56400 3
56401 2
56402 2
56403 1
56404 1
56405 0
56406 2
56407 0
56408 0
56409 0
56410 0
56411 0
56412 0
56413 0
56414 4
56415 2
56416 3
56417 0
56418 3
56419 2
56420 2
56421 1
56422 1
56423 1
56424 0
56425 0
56426 0
56427 0
56428 1
56429 0
56430 0
56431 0
56432 3
56433 3
56434 1
56435 2
56436 2
56437 4
56438 1
56439 3
56440 0
56441 2
56442 0
56443 0
56444 3
56445 1
56446 1
56447 1
56448 0
56449 1
56450 3
56451 3
56452 0
56453 1
56454 2
56455 2
56456 2
56457 3
56458 2
56459 0
56460 1
56461 1
56462 1
56463 0
56464 2
56465 1
56466 3
56467 3
56468 2
56469 0
56470 1
56471 3
56472 2
56473 1
56474 0
56475 1
56476 2
56477 3
56478 2
56479 3
56480 3
56481 0
56482 1
56483 2
56484 4
56485 0
56486 0
56487 0
56488 2
56489 1
56490 3
56491 3
56492 1
56493 1
56494 2
56495 1
56496 3
56497 0
56498 1
56499 3
56500 3
56501 0
56502 4
56503 2
56504 3
56505 3
56506 2
56507 3
56508 1
56509 0
56510 2
56511 0
56512 1
56513 1
56514 2
56515 3
56516 1
56517 0
56518 3
56519 2
56520 0
56521 3
56522 3
56523 3
56524 2
56525 3
56526 2
56527 2
56528 0
56529 0
56530 2
56531 0
56532 0
56533 1
56534 2
56535 2
56536 1
56537 3
56538 2
56539 2
56540 2
56541 1
56542 1
56543 0
56544 0
56545 0
56546 0
56547 2
56548 3
56549 3
56550 4
56551 0
56552 1
56553 1
56554 2
56555 3
56556 1
56557 3
56558 2
56559 1
56560 2
56561 4
56562 2
56563 1
56564 0
56565 1
56566 3
56567 0
56568 2
56569 2
56570 0
56571 1
56572 2
56573 1
56574 1
56575 2
56576 2
56577 2
56578 2
56579 1
56580 0
56581 0
56582 3
56583 0
56584 2
56585 0
56586 1
56587 0
56588 2
56589 1
56590 3
56591 2
56592 2
56593 0
56594 3
56595 0
56596 2
56597 1
56598 0
56599 2
56600 0
56601 0
56602 1
56603 2
56604 0
56605 1
56606 3
56607 1
56608 2
56609 1
56610 2
56611 2
56612 1
56613 0
56614 2
56615 3
56616 0
56617 0
56618 1
56619 2
56620 1
56621 2
56622 3
56623 1
56624 0
56625 4
56626 1
56627 3
56628 1
56629 3
56630 0
56631 1
56632 3
56633 2
56634 1
56635 2
56636 3
56637 3
56638 2
56639 2
56640 0
56641 0
56642 0
56643 3
56644 2
56645 2
56646 0
56647 0
56648 1
56649 3
56650 2
56651 0
56652 2
56653 1
56654 1
56655 3
56656 2
56657 4
56658 3
56659 0
56660 2
56661 2
56662 2
56663 2
56664 2
56665 2
56666 1
56667 2
56668 3
56669 3
56670 2
56671 1
56672 1
56673 2
56674 4
56675 2
56676 3
56677 1
56678 1
56679 2
56680 2
56681 3
56682 1
56683 1
56684 2
56685 1
56686 3
56687 2
56688 2
56689 1
56690 2
56691 1
56692 2
56693 3
56694 0
56695 1
56696 1
56697 0
56698 3
56699 1
56700 1
56701 0
56702 0
56703 1
56704 0
56705 2
56706 2
56707 1
56708 3
56709 0
56710 1
56711 0
56712 3
56713 0
56714 2
56715 2
56716 2
56717 1
56718 1
56719 2
56720 2
56721 0
56722 3
56723 0
56724 0
56725 3
56726 1
56727 2
56728 2
56729 0
56730 3
56731 3
56732 2
56733 0
56734 1
56735 2
56736 3
56737 1
56738 3
56739 2
56740 1
56741 1
56742 3
56743 2
56744 2
56745 0
56746 0
56747 4
56748 0
56749 1
56750 1
56751 1
56752 0
56753 3
56754 2
56755 3
56756 2
56757 4
56758 1
56759 3
56760 2
56761 2
56762 1
56763 1
56764 1
56765 3
56766 2
56767 0
56768 3
56769 0
56770 1
56771 3
56772 4
56773 1
56774 4
56775 1
56776 3
56777 1
56778 4
56779 2
56780 3
56781 2
56782 3
56783 1
56784 1
56785 2
56786 1
56787 2
56788 1
56789 3
56790 0
56791 3
56792 1
56793 3
56794 3
56795 4
56796 2
56797 0
56798 0
56799 0
56800 1
56801 4
56802 1
56803 3
56804 2
56805 2
56806 1
56807 4
56808 1
56809 4
56810 4
56811 2
56812 1
56813 2
56814 1
56815 3
56816 3
56817 2
56818 0
56819 1
56820 1
56821 4
56822 0
56823 0
56824 1
56825 1
56826 1
56827 3
56828 1
56829 3
56830 2
56831 0
56832 1
56833 1
56834 1
56835 1
56836 0
56837 4
56838 2
56839 3
56840 3
56841 1
56842 0
56843 0
56844 0
56845 3
56846 0
56847 1
56848 1
56849 1
56850 0
56851 0
56852 0
56853 1
56854 2
56855 3
56856 1
56857 1
56858 2
56859 1
56860 2
56861 2
56862 1
56863 3
56864 0
56865 3
56866 1
56867 0
56868 2
56869 3
56870 1
56871 0
56872 1
56873 1
56874 3
56875 2
56876 5
56877 2
56878 1
56879 2
56880 1
56881 4
56882 1
56883 1
56884 3
56885 4
56886 2
56887 3
56888 1
56889 1
56890 3
56891 3
56892 1
56893 3
56894 3
56895 1
56896 2
56897 3
56898 4
56899 3
56900 1
56901 1
56902 2
56903 2
56904 0
56905 3
56906 1
56907 2
56908 2
56909 1
56910 1
56911 3
56912 0
56913 2
56914 2
56915 0
56916 3
56917 1
56918 1
56919 1
56920 2
56921 2
56922 0
56923 3
56924 1
56925 2
56926 3
56927 2
56928 0
56929 1
56930 0
56931 3
56932 2
56933 3
56934 1
56935 1
56936 2
56937 0
56938 2
56939 0
56940 3
56941 0
56942 0
56943 1
56944 0
56945 2
56946 3
56947 0
56948 4
56949 0
56950 1
56951 0
56952 2
56953 2
56954 1
56955 2
56956 1
56957 3
56958 1
56959 0
56960 1
56961 3
56962 0
56963 2
56964 3
56965 2
56966 1
56967 1
56968 2
56969 2
56970 1
56971 1
56972 2
56973 4
56974 3
56975 0
56976 3
56977 2
56978 1
56979 3
56980 2
56981 3
56982 2
56983 1
56984 2
56985 1
56986 3
56987 3
56988 2
56989 1
56990 2
56991 0
56992 2
56993 4
56994 1
56995 0
56996 0
56997 0
56998 0
56999 1
57000 1
57001 1
57002 3
57003 3
57004 0
57005 1
57006 2
57007 1
57008 3
57009 4
57010 0
57011 4
57012 0
57013 2
57014 1
57015 0
57016 0
57017 1
57018 1
57019 1
57020 4
57021 2
57022 1
57023 1
57024 2
57025 0
57026 0
57027 1
57028 1
57029 3
57030 1
57031 2
57032 2
57033 3
57034 3
57035 3
57036 3
57037 2
57038 3
57039 0
57040 2
57041 0
57042 2
57043 2
57044 1
57045 2
57046 1
57047 2
57048 1
57049 0
57050 1
57051 1
57052 3
57053 2
57054 1
57055 1
57056 0
57057 1
57058 0
57059 0
57060 0
57061 4
57062 1
57063 0
57064 2
57065 3
57066 2
57067 3
57068 1
57069 4
57070 0
57071 0
57072 1
57073 2
57074 3
57075 3
57076 0
57077 4
57078 2
57079 0
57080 3
57081 1
57082 3
57083 1
57084 3
57085 2
57086 1
57087 0
57088 2
57089 3
57090 1
57091 0
57092 2
57093 2
57094 2
57095 1
57096 1
57097 1
57098 2
57099 1
57100 2
57101 2
57102 2
57103 2
57104 1
57105 1
57106 2
57107 1
57108 0
57109 3
57110 2
57111 1
57112 1
57113 2
57114 3
57115 3
57116 1
57117 1
57118 1
57119 2
57120 2
57121 1
57122 3
57123 2
57124 0
57125 2
57126 3
57127 0
57128 0
57129 3
57130 4
57131 0
57132 1
57133 3
57134 0
57135 4
57136 3
57137 4
57138 3
57139 3
57140 1
57141 2
57142 0
57143 2
57144 2
57145 1
57146 3
57147 0
57148 1
57149 2
57150 1
57151 3
57152 0
57153 4
57154 1
57155 1
57156 3
57157 3
57158 0
57159 2
57160 2
57161 2
57162 4
57163 3
57164 1
57165 3
57166 1
57167 1
57168 1
57169 1
57170 0
57171 1
57172 0
57173 2
57174 1
57175 3
57176 1
57177 2
57178 4
57179 1
57180 0
57181 1
57182 3
57183 2
57184 0
57185 0
57186 1
57187 1
57188 2
57189 2
57190 0
57191 2
57192 1
57193 0
57194 3
57195 0
57196 0
57197 2
57198 1
57199 2
57200 2
57201 1
57202 1
57203 2
57204 2
57205 0
57206 1
57207 1
57208 1
57209 3
57210 3
57211 2
57212 2
57213 3
57214 2
57215 1
57216 1
57217 1
57218 2
57219 2
57220 0
57221 1
57222 3
57223 1
57224 2
57225 3
57226 3
57227 0
57228 3
57229 1
57230 2
57231 3
57232 2
57233 2
57234 2
57235 1
57236 4
57237 0
57238 2
57239 0
57240 1
57241 0
57242 4
57243 1
57244 2
57245 2
57246 3
57247 0
57248 0
57249 1
57250 0
57251 2
57252 2
57253 2
57254 0
57255 0
57256 0
57257 3
57258 2
57259 3
57260 2
57261 0
57262 2
57263 2
57264 1
57265 3
57266 3
57267 0
57268 0
57269 1
57270 0
57271 4
57272 0
57273 2
57274 0
57275 2
57276 4
57277 3
57278 4
57279 1
57280 2
57281 3
57282 2
57283 2
57284 0
57285 3
57286 0
57287 1
57288 0
57289 0
57290 2
57291 2
57292 1
57293 1
57294 0
57295 0
57296 0
57297 1
57298 0
57299 1
57300 1
57301 3
57302 2
57303 1
57304 1
57305 3
57306 2
57307 1
57308 2
57309 0
57310 2
57311 3
57312 4
57313 3
57314 1
57315 3
57316 2
57317 0
57318 4
57319 2
57320 0
57321 0
57322 0
57323 2
57324 1
57325 2
57326 1
57327 0
57328 0
57329 1
57330 0
57331 0
57332 2
57333 2
57334 1
57335 1
57336 2
57337 4
57338 1
57339 1
57340 2
57341 3
57342 2
57343 2
57344 2
57345 1
57346 3
57347 1
57348 1
57349 0
57350 3
57351 1
57352 0
57353 2
57354 2
57355 2
57356 1
57357 3
57358 3
57359 1
57360 4
57361 4
57362 2
57363 0
57364 3
57365 2
57366 2
57367 4
57368 2
57369 1
57370 3
57371 3
57372 3
57373 1
57374 0
57375 1
57376 1
57377 0
57378 1
57379 2
57380 2
57381 2
57382 1
57383 2
57384 4
57385 1
57386 1
57387 3
57388 2
57389 2
57390 3
57391 1
57392 2
57393 4
57394 2
57395 1
57396 0
57397 2
57398 3
57399 2
57400 2
57401 0
57402 1
57403 3
57404 2
57405 2
57406 3
57407 1
57408 0
57409 1
57410 1
57411 0
57412 2
57413 1
57414 3
57415 0
57416 0
57417 1
57418 0
57419 1
57420 0
57421 2
57422 0
57423 3
57424 4
57425 0
57426 1
57427 2
57428 2
57429 0
57430 1
57431 2
57432 0
57433 0
57434 1
57435 1
57436 3
57437 1
57438 2
57439 3
57440 1
57441 1
57442 2
57443 0
57444 2
57445 0
57446 1
57447 2
57448 1
57449 1
57450 1
57451 2
57452 2
57453 0
57454 1
57455 1
57456 1
57457 2
57458 0
57459 2
57460 1
57461 4
57462 2
57463 2
57464 1
57465 0
57466 2
57467 0
57468 4
57469 2
57470 0
57471 2
57472 3
57473 1
57474 2
57475 3
57476 2
57477 0
57478 2
57479 3
57480 1
57481 2
57482 3
57483 3
57484 1
57485 1
57486 4
57487 0
57488 1
57489 1
57490 0
57491 1
57492 2
57493 1
57494 0
57495 3
57496 3
57497 4
57498 1
57499 1
57500 3
57501 2
57502 2
57503 1
57504 2
57505 0
57506 0
57507 0
57508 0
57509 2
57510 1
57511 4
57512 0
57513 2
57514 0
57515 2
57516 3
57517 2
57518 3
57519 3
57520 1
57521 2
57522 1
57523 3
57524 3
57525 1
57526 1
57527 2
57528 2
57529 0
57530 0
57531 0
57532 3
57533 3
57534 1
57535 2
57536 3
57537 2
57538 1
57539 1
57540 0
57541 0
57542 0
57543 4
57544 1
57545 2
57546 3
57547 2
57548 1
57549 3
57550 3
57551 3
57552 0
57553 1
57554 3
57555 0
57556 1
57557 1
57558 1
57559 1
57560 0
57561 1
57562 3
57563 3
57564 1
57565 4
57566 3
57567 2
57568 2
57569 3
57570 2
57571 0
57572 3
57573 2
57574 0
57575 3
57576 2
57577 3
57578 0
57579 0
57580 0
57581 1
57582 4
57583 3
57584 2
57585 2
57586 2
57587 2
57588 3
57589 3
57590 4
57591 2
57592 0
57593 0
57594 1
57595 2
57596 0
57597 0
57598 1
57599 0
57600 0
57601 1
57602 2
57603 2
57604 0
57605 0
57606 0
57607 0
57608 0
57609 4
57610 1
57611 3
57612 0
57613 1
57614 4
57615 0
57616 3
57617 2
57618 4
57619 0
57620 1
57621 3
57622 2
57623 1
57624 4
57625 0
57626 1
57627 1
57628 2
57629 0
57630 0
57631 1
57632 0
57633 3
57634 3
57635 0
57636 1
57637 0
57638 3
57639 2
57640 3
57641 2
57642 2
57643 2
57644 1
57645 0
57646 3
57647 1
57648 3
57649 2
57650 2
57651 2
57652 3
57653 0
57654 2
57655 2
57656 3
57657 1
57658 0
57659 3
57660 0
57661 2
57662 2
57663 1
57664 2
57665 2
57666 3
57667 2
57668 3
57669 0
57670 4
57671 2
57672 0
57673 0
57674 2
57675 1
57676 0
57677 3
57678 2
57679 2
57680 3
57681 2
57682 0
57683 3
57684 3
57685 0
57686 3
57687 1
57688 2
57689 1
57690 0
57691 2
57692 2
57693 3
57694 1
57695 2
57696 1
57697 0
57698 2
57699 2
57700 2
57701 2
57702 1
57703 0
57704 4
57705 0
57706 3
57707 2
57708 1
57709 3
57710 2
57711 2
57712 3
57713 1
57714 2
57715 2
57716 1
57717 0
57718 1
57719 0
57720 1
57721 1
57722 2
57723 1
57724 0
57725 3
57726 1
57727 3
57728 2
57729 0
57730 3
57731 3
57732 2
57733 0
57734 1
57735 3
57736 2
57737 2
57738 1
57739 0
57740 1
57741 2
57742 1
57743 0
57744 0
57745 1
57746 0
57747 1
57748 1
57749 3
57750 2
57751 2
57752 1
57753 0
57754 0
57755 1
57756 0
57757 4
57758 3
57759 3
57760 1
57761 1
57762 0
57763 3
57764 0
57765 2
57766 0
57767 3
57768 0
57769 2
57770 2
57771 4
57772 1
57773 0
57774 2
57775 0
57776 2
57777 1
57778 3
57779 4
57780 3
57781 0
57782 3
57783 0
57784 1
57785 0
57786 1
57787 0
57788 1
57789 1
57790 3
57791 3
57792 0
57793 2
57794 2
57795 2
57796 2
57797 2
57798 1
57799 4
57800 4
57801 2
57802 0
57803 3
57804 3
57805 1
57806 2
57807 2
57808 1
57809 3
57810 3
57811 0
57812 3
57813 0
57814 2
57815 0
57816 1
57817 0
57818 1
57819 2
57820 2
57821 0
57822 0
57823 0
57824 0
57825 0
57826 2
57827 2
57828 0
57829 1
57830 2
57831 2
57832 2
57833 3
57834 3
57835 0
57836 0
57837 0
57838 0
57839 0
57840 0
57841 2
57842 0
57843 1
57844 1
57845 0
57846 2
57847 1
57848 2
57849 0
57850 3
57851 1
57852 4
57853 0
57854 3
57855 0
57856 0
57857 2
57858 0
57859 3
57860 2
57861 0
57862 2
57863 2
57864 3
57865 3
57866 1
57867 2
57868 0
57869 3
57870 2
57871 0
57872 2
57873 1
57874 1
57875 1
57876 5
57877 3
57878 1
57879 0
57880 2
57881 1
57882 3
57883 2
57884 2
57885 4
57886 4
57887 3
57888 1
57889 2
57890 1
57891 0
57892 2
57893 2
57894 2
57895 2
57896 3
57897 2
57898 0
57899 0
57900 2
57901 0
57902 2
57903 0
57904 1
57905 2
57906 2
57907 2
57908 1
57909 1
57910 0
57911 1
57912 2
57913 3
57914 1
57915 0
57916 0
57917 2
57918 3
57919 1
57920 2
57921 2
57922 0
57923 1
57924 3
57925 2
57926 1
57927 3
57928 3
57929 0
57930 4
57931 0
57932 4
57933 3
57934 1
57935 3
57936 1
57937 2
57938 2
57939 1
57940 0
57941 1
57942 1
57943 1
57944 0
57945 1
57946 2
57947 1
57948 2
57949 1
57950 2
57951 2
57952 2
57953 1
57954 3
57955 0
57956 2
57957 3
57958 2
57959 3
57960 0
57961 0
57962 2
57963 1
57964 1
57965 0
57966 2
57967 3
57968 1
57969 0
57970 1
57971 0
57972 1
57973 3
57974 0
57975 2
57976 2
57977 2
57978 2
57979 3
57980 2
57981 3
57982 1
57983 4
57984 0
57985 0
57986 1
57987 3
57988 1
57989 4
57990 2
57991 3
57992 3
57993 2
57994 3
57995 1
57996 2
57997 2
57998 2
57999 1
58000 3
58001 2
58002 3
58003 2
58004 4
58005 2
58006 0
58007 3
58008 1
58009 0
58010 1
58011 1
58012 1
58013 3
58014 1
58015 3
58016 2
58017 0
58018 1
58019 0
58020 0
58021 0
58022 2
58023 0
58024 3
58025 1
58026 2
58027 3
58028 0
58029 4
58030 3
58031 0
58032 1
58033 2
58034 0
58035 0
58036 2
58037 0
58038 2
58039 2
58040 2
58041 2
58042 3
58043 0
58044 2
58045 0
58046 2
58047 4
58048 2
58049 0
58050 3
58051 3
58052 2
58053 2
58054 0
58055 0
58056 0
58057 0
58058 4
58059 3
58060 3
58061 3
58062 2
58063 2
58064 2
58065 5
58066 3
58067 1
58068 1
58069 1
58070 1
58071 1
58072 1
58073 0
58074 4
58075 2
58076 2
58077 0
58078 1
58079 2
58080 1
58081 1
58082 1
58083 3
58084 2
58085 1
58086 0
58087 0
58088 4
58089 1
58090 2
58091 0
58092 2
58093 1
58094 0
58095 0
58096 1
58097 3
58098 0
58099 0
58100 3
58101 1
58102 2
58103 3
58104 2
58105 1
58106 0
58107 0
58108 2
58109 1
58110 0
58111 2
58112 3
58113 2
58114 2
58115 2
58116 2
58117 4
58118 3
58119 2
58120 3
58121 3
58122 1
58123 0
58124 0
58125 0
58126 1
58127 3
58128 0
58129 1
58130 1
58131 0
58132 0
58133 0
58134 1
58135 2
58136 0
58137 1
58138 1
58139 0
58140 2
58141 2
58142 2
58143 0
58144 3
58145 2
58146 1
58147 3
58148 1
58149 2
58150 2
58151 0
58152 2
58153 4
58154 0
58155 1
58156 0
58157 3
58158 3
58159 2
58160 0
58161 2
58162 0
58163 2
58164 2
58165 0
58166 0
58167 3
58168 5
58169 3
58170 2
58171 4
58172 3
58173 2
58174 2
58175 1
58176 1
58177 2
58178 3
58179 0
58180 2
58181 3
58182 3
58183 0
58184 3
58185 0
58186 1
58187 3
58188 4
58189 3
58190 2
58191 0
58192 2
58193 2
58194 1
58195 3
58196 2
58197 1
58198 2
58199 1
58200 0
58201 1
58202 1
58203 2
58204 0
58205 1
58206 1
58207 3
58208 3
58209 0
58210 1
58211 1
58212 1
58213 2
58214 2
58215 0
58216 3
58217 1
58218 3
58219 1
58220 2
58221 2
58222 3
58223 0
58224 2
58225 4
58226 1
58227 3
58228 1
58229 0
58230 0
58231 2
58232 2
58233 0
58234 0
58235 1
58236 0
58237 1
58238 0
58239 3
58240 1
58241 1
58242 1
58243 2
58244 1
58245 3
58246 3
58247 0
58248 0
58249 1
58250 3
58251 0
58252 3
58253 1
58254 3
58255 1
58256 1
58257 2
58258 1
58259 3
58260 1
58261 3
58262 0
58263 3
58264 0
58265 2
58266 2
58267 2
58268 1
58269 1
58270 1
58271 2
58272 1
58273 1
58274 2
58275 3
58276 1
58277 1
58278 3
58279 1
58280 1
58281 3
58282 2
58283 2
58284 1
58285 2
58286 0
58287 3
58288 4
58289 0
58290 0
58291 2
58292 2
58293 2
58294 2
58295 2
58296 1
58297 1
58298 2
58299 3
58300 1
58301 3
58302 0
58303 2
58304 0
58305 4
58306 3
58307 0
58308 2
58309 3
58310 2
58311 2
58312 2
58313 3
58314 3
58315 1
58316 1
58317 0
58318 2
58319 3
58320 4
58321 3
58322 1
58323 2
58324 1
58325 4
58326 0
58327 1
58328 0
58329 0
58330 2
58331 1
58332 1
58333 1
58334 2
58335 1
58336 2
58337 2
58338 3
58339 1
58340 2
58341 1
58342 1
58343 4
58344 1
58345 3
58346 0
58347 0
58348 2
58349 0
58350 2
58351 2
58352 2
58353 2
58354 2
58355 3
58356 0
58357 1
58358 2
58359 0
58360 0
58361 0
58362 2
58363 3
58364 1
58365 2
58366 3
58367 3
58368 2
58369 0
58370 2
58371 2
58372 0
58373 3
58374 0
58375 2
58376 0
58377 2
58378 1
58379 4
58380 2
58381 4
58382 1
58383 2
58384 2
58385 2
58386 2
58387 3
58388 1
58389 1
58390 0
58391 2
58392 0
58393 4
58394 1
58395 3
58396 3
58397 4
58398 3
58399 1
58400 0
58401 2
58402 2
58403 1
58404 2
58405 0
58406 3
58407 1
58408 1
58409 1
58410 2
58411 0
58412 2
58413 3
58414 0
58415 1
58416 1
58417 2
58418 2
58419 3
58420 2
58421 3
58422 1
58423 3
58424 4
58425 2
58426 3
58427 1
58428 3
58429 3
58430 0
58431 1
58432 2
58433 0
58434 0
58435 1
58436 2
58437 0
58438 2
58439 2
58440 2
58441 4
58442 0
58443 1
58444 3
58445 3
58446 2
58447 2
58448 1
58449 2
58450 3
58451 1
58452 1
58453 2
58454 0
58455 5
58456 2
58457 2
58458 2
58459 3
58460 1
58461 2
58462 2
58463 3
58464 2
58465 3
58466 2
58467 0
58468 1
58469 2
58470 0
58471 3
58472 2
58473 2
58474 1
58475 0
58476 1
58477 3
58478 2
58479 2
58480 3
58481 3
58482 1
58483 1
58484 0
58485 2
58486 1
58487 2
58488 0
58489 1
58490 1
58491 1
58492 1
58493 2
58494 3
58495 2
58496 1
58497 3
58498 4
58499 1
58500 3
58501 0
58502 2
58503 1
58504 4
58505 0
58506 0
58507 1
58508 2
58509 0
58510 0
58511 2
58512 2
58513 2
58514 0
58515 0
58516 4
58517 3
58518 3
58519 3
58520 2
58521 4
58522 0
58523 2
58524 1
58525 2
58526 0
58527 2
58528 0
58529 3
58530 4
58531 2
58532 3
58533 0
58534 2
58535 0
58536 3
58537 0
58538 2
58539 1
58540 3
58541 0
58542 2
58543 2
58544 1
58545 1
58546 1
58547 2
58548 0
58549 3
58550 1
58551 1
58552 3
58553 2
58554 0
58555 3
58556 0
58557 1
58558 1
58559 2
58560 0
58561 3
58562 0
58563 0
58564 4
58565 0
58566 1
58567 2
58568 1
58569 4
58570 1
58571 2
58572 2
58573 0
58574 2
58575 3
58576 0
58577 2
58578 3
58579 0
58580 1
58581 2
58582 1
58583 0
58584 1
58585 2
58586 1
58587 3
58588 3
58589 0
58590 1
58591 2
58592 1
58593 0
58594 1
58595 1
58596 2
58597 0
58598 3
58599 3
58600 2
58601 0
58602 2
58603 0
58604 2
58605 1
58606 3
58607 1
58608 1
58609 0
58610 0
58611 0
58612 2
58613 3
58614 2
58615 3
58616 2
58617 2
58618 3
58619 1
58620 0
58621 1
58622 2
58623 0
58624 0
58625 0
58626 0
58627 1
58628 1
58629 1
58630 2
58631 3
58632 2
58633 0
58634 3
58635 3
58636 1
58637 3
58638 3
58639 2
58640 2
58641 2
58642 1
58643 2
58644 0
58645 3
58646 2
58647 2
58648 1
58649 1
58650 1
58651 0
58652 0
58653 2
58654 3
58655 2
58656 3
58657 1
58658 0
58659 3
58660 3
58661 1
58662 3
58663 1
58664 3
58665 1
58666 3
58667 0
58668 1
58669 0
58670 2
58671 1
58672 4
58673 2
58674 3
58675 0
58676 1
58677 3
58678 1
58679 3
58680 2
58681 3
58682 3
58683 0
58684 3
58685 0
58686 0
58687 3
58688 3
58689 2
58690 0
58691 3
58692 3
58693 1
58694 3
58695 1
58696 3
58697 0
58698 1
58699 1
58700 2
58701 0
58702 0
58703 3
58704 3
58705 2
58706 4
58707 1
58708 4
58709 1
58710 0
58711 3
58712 2
58713 3
58714 0
58715 1
58716 2
58717 1
58718 4
58719 2
58720 2
58721 1
58722 0
58723 2
58724 3
58725 3
58726 2
58727 3
58728 1
58729 2
58730 2
58731 4
58732 0
58733 0
58734 0
58735 0
58736 0
58737 1
58738 2
58739 0
58740 4
58741 2
58742 1
58743 3
58744 2
58745 3
58746 0
58747 0
58748 2
58749 1
58750 1
58751 2
58752 2
58753 3
58754 1
58755 2
58756 3
58757 3
58758 1
58759 1
58760 2
58761 0
58762 4
58763 2
58764 1
58765 1
58766 2
58767 2
58768 3
58769 3
58770 2
58771 1
58772 0
58773 2
58774 2
58775 0
58776 3
58777 1
58778 2
58779 2
58780 1
58781 1
58782 0
58783 3
58784 1
58785 3
58786 1
58787 1
58788 2
58789 1
58790 3
58791 1
58792 2
58793 3
58794 1
58795 2
58796 0
58797 1
58798 1
58799 1
58800 3
58801 0
58802 1
58803 2
58804 3
58805 1
58806 1
58807 1
58808 3
58809 3
58810 2
58811 1
58812 2
58813 2
58814 0
58815 0
58816 3
58817 2
58818 1
58819 0
58820 0
58821 1
58822 2
58823 2
58824 1
58825 0
58826 3
58827 4
58828 1
58829 2
58830 2
58831 1
58832 3
58833 3
58834 0
58835 2
58836 1
58837 0
58838 1
58839 3
58840 3
58841 3
58842 1
58843 1
58844 0
58845 4
58846 1
58847 1
58848 0
58849 1
58850 0
58851 2
58852 1
58853 3
58854 3
58855 1
58856 2
58857 0
58858 2
58859 3
58860 0
58861 4
58862 0
58863 1
58864 3
58865 0
58866 1
58867 1
58868 3
58869 0
58870 2
58871 0
58872 2
58873 2
58874 2
58875 2
58876 0
58877 3
58878 1
58879 2
58880 3
58881 2
58882 1
58883 0
58884 3
58885 3
58886 0
58887 2
58888 3
58889 3
58890 1
58891 2
58892 0
58893 2
58894 2
58895 0
58896 2
58897 1
58898 0
58899 0
58900 3
58901 1
58902 2
58903 1
58904 0
58905 3
58906 0
58907 3
58908 0
58909 1
58910 2
58911 3
58912 1
58913 1
58914 3
58915 4
58916 3
58917 3
58918 2
58919 2
58920 2
58921 2
58922 3
58923 2
58924 1
58925 2
58926 2
58927 2
58928 3
58929 0
58930 2
58931 3
58932 1
58933 0
58934 2
58935 2
58936 3
58937 3
58938 1
58939 3
58940 2
58941 3
58942 0
58943 1
58944 1
58945 0
58946 4
58947 3
58948 2
58949 0
58950 2
58951 3
58952 0
58953 2
58954 3
58955 3
58956 1
58957 1
58958 0
58959 2
58960 0
58961 1
58962 0
58963 1
58964 0
58965 2
58966 2
58967 2
58968 2
58969 1
58970 3
58971 1
58972 1
58973 2
58974 3
58975 3
58976 3
58977 2
58978 3
58979 3
58980 0
58981 0
58982 2
58983 4
58984 0
58985 4
58986 0
58987 2
58988 1
58989 3
58990 0
58991 0
58992 1
58993 2
58994 3
58995 1
58996 1
58997 2
58998 2
58999 3
59000 2
59001 2
59002 3
59003 1
59004 2
59005 2
59006 0
59007 2
59008 1
59009 1
59010 1
59011 1
59012 2
59013 3
59014 3
59015 3
59016 0
59017 3
59018 0
59019 1
59020 1
59021 0
59022 3
59023 2
59024 1
59025 1
59026 0
59027 1
59028 0
59029 0
59030 0
59031 1
59032 4
59033 0
59034 3
59035 1
59036 0
59037 1
59038 1
59039 1
59040 0
59041 2
59042 1
59043 3
59044 0
59045 1
59046 2
59047 1
59048 2
59049 4
59050 3
59051 2
59052 3
59053 0
59054 3
59055 1
59056 1
59057 0
59058 3
59059 2
59060 3
59061 2
59062 0
59063 0
59064 3
59065 2
59066 2
59067 0
59068 0
59069 3
59070 1
59071 4
59072 1
59073 2
59074 2
59075 1
59076 0
59077 2
59078 2
59079 1
59080 2
59081 0
59082 1
59083 2
59084 1
59085 2
59086 1
59087 3
59088 0
59089 0
59090 2
59091 2
59092 4
59093 0
59094 0
59095 1
59096 0
59097 1
59098 1
59099 3
59100 1
59101 0
59102 0
59103 0
59104 3
59105 3
59106 2
59107 0
59108 1
59109 0
59110 0
59111 4
59112 2
59113 4
59114 1
59115 3
59116 2
59117 2
59118 2
59119 1
59120 2
59121 2
59122 0
59123 0
59124 2
59125 2
59126 2
59127 0
59128 0
59129 1
59130 2
59131 1
59132 1
59133 3
59134 1
59135 1
59136 0
59137 1
59138 3
59139 2
59140 2
59141 0
59142 1
59143 2
59144 1
59145 3
59146 2
59147 2
59148 0
59149 0
59150 1
59151 3
59152 0
59153 2
59154 4
59155 1
59156 1
59157 0
59158 4
59159 3
59160 2
59161 2
59162 0
59163 1
59164 0
59165 2
59166 3
59167 2
59168 3
59169 0
59170 2
59171 1
59172 3
59173 0
59174 1
59175 4
59176 2
59177 1
59178 0
59179 2
59180 2
59181 0
59182 0
59183 1
59184 2
59185 2
59186 1
59187 1
59188 2
59189 3
59190 2
59191 0
59192 3
59193 1
59194 0
59195 2
59196 0
59197 1
59198 4
59199 1
59200 4
59201 1
59202 0
59203 3
59204 1
59205 4
59206 4
59207 0
59208 1
59209 0
59210 3
59211 1
59212 0
59213 3
59214 0
59215 1
59216 1
59217 1
59218 2
59219 2
59220 0
59221 0
59222 3
59223 1
59224 3
59225 2
59226 1
59227 2
59228 1
59229 0
59230 1
59231 0
59232 1
59233 4
59234 2
59235 0
59236 3
59237 0
59238 0
59239 2
59240 1
59241 1
59242 1
59243 3
59244 2
59245 4
59246 1
59247 2
59248 1
59249 2
59250 2
59251 0
59252 2
59253 2
59254 1
59255 0
59256 0
59257 2
59258 1
59259 0
59260 2
59261 2
59262 1
59263 1
59264 2
59265 3
59266 0
59267 4
59268 1
59269 1
59270 1
59271 3
59272 1
59273 3
59274 2
59275 2
59276 0
59277 2
59278 0
59279 3
59280 3
59281 0
59282 2
59283 4
59284 0
59285 2
59286 1
59287 2
59288 1
59289 2
59290 3
59291 2
59292 0
59293 3
59294 1
59295 1
59296 1
59297 3
59298 4
59299 3
59300 1
59301 1
59302 1
59303 0
59304 3
59305 0
59306 2
59307 1
59308 2
59309 0
59310 0
59311 3
59312 2
59313 2
59314 0
59315 0
59316 2
59317 2
59318 1
59319 3
59320 1
59321 1
59322 2
59323 3
59324 4
59325 2
59326 2
59327 0
59328 2
59329 3
59330 0
59331 0
59332 2
59333 0
59334 1
59335 1
59336 2
59337 2
59338 0
59339 2
59340 1
59341 1
59342 1
59343 3
59344 3
59345 2
59346 2
59347 2
59348 3
59349 2
59350 3
59351 0
59352 3
59353 3
59354 2
59355 2
59356 0
59357 3
59358 3
59359 2
59360 1
59361 3
59362 2
59363 2
59364 2
59365 1
59366 3
59367 2
59368 2
59369 0
59370 1
59371 1
59372 2
59373 1
59374 1
59375 3
59376 4
59377 1
59378 4
59379 1
59380 0
59381 2
59382 3
59383 1
59384 3
59385 1
59386 0
59387 3
59388 3
59389 1
59390 1
59391 0
59392 2
59393 3
59394 3
59395 3
59396 4
59397 2
59398 3
59399 1
59400 1
59401 2
59402 3
59403 0
59404 2
59405 0
59406 1
59407 2
59408 0
59409 3
59410 1
59411 0
59412 1
59413 3
59414 1
59415 2
59416 0
59417 0
59418 3
59419 1
59420 2
59421 2
59422 2
59423 2
59424 2
59425 1
59426 0
59427 1
59428 2
59429 1
59430 0
59431 0
59432 2
59433 1
59434 1
59435 0
59436 0
59437 1
59438 2
59439 0
59440 2
59441 2
59442 2
59443 2
59444 0
59445 2
59446 2
59447 3
59448 3
59449 1
59450 3
59451 1
59452 3
59453 2
59454 4
59455 2
59456 2
59457 0
59458 3
59459 2
59460 1
59461 2
59462 2
59463 3
59464 1
59465 3
59466 0
59467 1
59468 2
59469 3
59470 1
59471 1
59472 3
59473 0
59474 0
59475 2
59476 0
59477 0
59478 0
59479 1
59480 0
59481 0
59482 1
59483 1
59484 3
59485 0
59486 2
59487 3
59488 2
59489 3
59490 0
59491 2
59492 2
59493 1
59494 1
59495 1
59496 0
59497 1
59498 3
59499 2
59500 3
59501 1
59502 1
59503 2
59504 1
59505 0
59506 2
59507 3
59508 2
59509 3
59510 4
59511 1
59512 2
59513 2
59514 4
59515 2
59516 1
59517 1
59518 4
59519 0
59520 1
59521 2
59522 0
59523 2
59524 0
59525 0
59526 0
59527 0
59528 0
59529 0
59530 0
59531 2
59532 2
59533 0
59534 3
59535 2
59536 2
59537 2
59538 0
59539 2
59540 1
59541 0
59542 0
59543 3
59544 2
59545 3
59546 1
59547 0
59548 0
59549 0
59550 1
59551 1
59552 1
59553 1
59554 3
59555 1
59556 1
59557 2
59558 3
59559 1
59560 0
59561 3
59562 0
59563 1
59564 2
59565 1
59566 1
59567 0
59568 3
59569 1
59570 1
59571 0
59572 2
59573 0
59574 3
59575 3
59576 1
59577 3
59578 1
59579 1
59580 4
59581 3
59582 2
59583 2
59584 1
59585 2
59586 1
59587 0
59588 1
59589 0
59590 3
59591 2
59592 3
59593 2
59594 1
59595 3
59596 4
59597 0
59598 1
59599 2
59600 1
59601 1
59602 1
59603 0
59604 0
59605 0
59606 0
59607 1
59608 2
59609 0
59610 0
59611 2
59612 2
59613 2
59614 3
59615 0
59616 2
59617 0
59618 3
59619 0
59620 2
59621 1
59622 3
59623 3
59624 1
59625 0
59626 2
59627 4
59628 3
59629 4
59630 2
59631 1
59632 2
59633 2
59634 0
59635 3
59636 3
59637 0
59638 2
59639 1
59640 4
59641 2
59642 2
59643 3
59644 2
59645 1
59646 0
59647 2
59648 3
59649 2
59650 1
59651 1
59652 1
59653 4
59654 1
59655 3
59656 0
59657 3
59658 3
59659 0
59660 3
59661 2
59662 2
59663 4
59664 2
59665 0
59666 3
59667 2
59668 0
59669 2
59670 1
59671 1
59672 0
59673 2
59674 0
59675 2
59676 2
59677 1
59678 1
59679 2
59680 2
59681 1
59682 4
59683 2
59684 0
59685 0
59686 3
59687 0
59688 3
59689 1
59690 3
59691 3
59692 4
59693 0
59694 0
59695 3
59696 2
59697 1
59698 2
59699 2
59700 0
59701 1
59702 3
59703 1
59704 1
59705 3
59706 1
59707 1
59708 4
59709 0
59710 0
59711 1
59712 4
59713 3
59714 2
59715 1
59716 3
59717 4
59718 2
59719 1
59720 2
59721 1
59722 2
59723 1
59724 1
59725 3
59726 1
59727 2
59728 0
59729 3
59730 3
59731 2
59732 0
59733 3
59734 0
59735 2
59736 1
59737 2
59738 1
59739 0
59740 0
59741 3
59742 0
59743 0
59744 3
59745 1
59746 2
59747 1
59748 1
59749 1
59750 1
59751 1
59752 1
59753 0
59754 0
59755 1
59756 3
59757 2
59758 0
59759 3
59760 1
59761 2
59762 2
59763 0
59764 3
59765 0
59766 1
59767 1
59768 1
59769 1
59770 1
59771 1
59772 4
59773 3
59774 2
59775 2
59776 0
59777 3
59778 0
59779 1
59780 3
59781 1
59782 0
59783 2
59784 2
59785 0
59786 3
59787 2
59788 2
59789 2
59790 1
59791 2
59792 2
59793 2
59794 0
59795 3
59796 2
59797 1
59798 0
59799 1
59800 0
59801 0
59802 3
59803 0
59804 2
59805 2
59806 1
59807 0
59808 3
59809 1
59810 2
59811 1
59812 1
59813 3
59814 2
59815 3
59816 3
59817 1
59818 5
59819 3
59820 4
59821 0
59822 0
59823 2
59824 3
59825 0
59826 1
59827 1
59828 3
59829 2
59830 0
59831 4
59832 2
59833 2
59834 3
59835 3
59836 1
59837 3
59838 3
59839 3
59840 3
59841 1
59842 4
59843 0
59844 2
59845 1
59846 3
59847 1
59848 3
59849 1
59850 3
59851 0
59852 1
59853 2
59854 3
59855 1
59856 0
59857 2
59858 2
59859 0
59860 0
59861 2
59862 3
59863 0
59864 0
59865 1
59866 1
59867 3
59868 4
59869 1
59870 2
59871 1
59872 2
59873 2
59874 1
59875 0
59876 1
59877 0
59878 0
59879 4
59880 2
59881 2
59882 0
59883 2
59884 1
59885 3
59886 4
59887 0
59888 1
59889 2
59890 3
59891 2
59892 3
59893 1
59894 3
59895 3
59896 0
59897 3
59898 0
59899 1
59900 0
59901 3
59902 0
59903 0
59904 4
59905 2
59906 3
59907 2
59908 3
59909 0
59910 2
59911 2
59912 2
59913 0
59914 0
59915 2
59916 1
59917 1
59918 3
59919 2
59920 5
59921 2
59922 0
59923 2
59924 1
59925 0
59926 2
59927 0
59928 2
59929 3
59930 0
59931 2
59932 0
59933 3
59934 3
59935 0
59936 2
59937 3
59938 0
59939 1
59940 2
59941 1
59942 4
59943 1
59944 2
59945 3
59946 2
59947 0
59948 3
59949 0
59950 3
59951 3
59952 2
59953 2
59954 1
59955 2
59956 3
59957 3
59958 3
59959 2
59960 3
59961 1
59962 2
59963 2
59964 2
59965 0
59966 3
59967 3
59968 2
59969 2
59970 1
59971 0
59972 4
59973 0
59974 2
59975 3
59976 3
59977 0
59978 1
59979 2
59980 2
59981 2
59982 1
59983 3
59984 1
59985 1
59986 2
59987 1
59988 4
59989 2
59990 3
59991 2
59992 0
59993 3
59994 4
59995 2
59996 0
59997 2
59998 3
59999 1
60000 2
60001 0
60002 0
60003 2
60004 1
60005 3
60006 3
60007 2
60008 2
60009 2
60010 0
60011 1
60012 2
60013 0
60014 4
60015 4
60016 0
60017 1
60018 1
60019 3
60020 3
60021 3
60022 1
60023 2
60024 1
60025 3
60026 0
60027 1
60028 1
60029 0
60030 1
60031 2
60032 3
60033 2
60034 2
60035 1
60036 3
60037 2
60038 2
60039 2
60040 4
60041 4
60042 1
60043 0
60044 3
60045 3
60046 2
60047 2
60048 0
60049 0
60050 0
60051 2
60052 2
60053 4
60054 0
60055 2
60056 3
60057 3
60058 1
60059 4
60060 0
60061 2
60062 1
60063 1
60064 0
60065 3
60066 2
60067 2
60068 0
60069 3
60070 2
60071 1
60072 0
60073 1
60074 4
60075 3
60076 3
60077 2
60078 0
60079 0
60080 2
60081 4
60082 3
60083 3
60084 0
60085 0
60086 1
60087 3
60088 2
60089 1
60090 3
60091 4
60092 3
60093 2
60094 0
60095 2
60096 0
60097 3
60098 1
60099 3
60100 2
60101 2
60102 2
60103 1
60104 1
60105 2
60106 0
60107 3
60108 2
60109 4
60110 1
60111 0
60112 1
60113 1
60114 3
60115 1
60116 3
60117 2
60118 3
60119 0
60120 4
60121 2
60122 2
60123 3
60124 1
60125 1
60126 2
60127 1
60128 1
60129 1
60130 1
60131 1
60132 4
60133 1
60134 0
60135 1
60136 1
60137 0
60138 1
60139 1
60140 4
60141 1
60142 3
60143 0
60144 3
60145 3
60146 3
60147 1
60148 3
60149 2
60150 0
60151 1
60152 2
60153 3
60154 2
60155 2
60156 3
60157 0
60158 2
60159 2
60160 3
60161 2
60162 0
60163 3
60164 0
60165 2
60166 0
60167 2
60168 2
60169 2
60170 4
60171 1
60172 0
60173 4
60174 3
60175 0
60176 3
60177 2
60178 2
60179 3
60180 0
60181 3
60182 2
60183 0
60184 2
60185 0
60186 0
60187 3
60188 0
60189 0
60190 2
60191 1
60192 0
60193 3
60194 0
60195 0
60196 2
60197 3
60198 0
60199 2
60200 3
60201 0
60202 0
60203 0
60204 1
60205 2
60206 2
60207 0
60208 2
60209 2
60210 3
60211 2
60212 2
60213 0
60214 3
60215 2
60216 2
60217 1
60218 4
60219 0
60220 1
60221 1
60222 0
60223 0
60224 1
60225 1
60226 3
60227 0
60228 2
60229 1
60230 2
60231 1
60232 1
60233 3
60234 1
60235 1
60236 3
60237 2
60238 3
60239 2
60240 0
60241 0
60242 0
60243 3
60244 2
60245 2
60246 2
60247 0
60248 1
60249 3
60250 2
60251 2
60252 1
60253 0
60254 1
60255 0
60256 3
60257 2
60258 1
60259 2
60260 2
60261 1
60262 1
60263 2
60264 2
60265 0
60266 2
60267 0
60268 2
60269 0
60270 2
60271 0
60272 1
60273 2
60274 4
60275 1
60276 3
60277 2
60278 3
60279 2
60280 3
60281 1
60282 0
60283 0
60284 4
60285 2
60286 1
60287 0
60288 2
60289 1
60290 1
60291 2
60292 1
60293 0
60294 4
60295 0
60296 2
60297 2
60298 4
60299 1
60300 4
60301 1
60302 1
60303 3
60304 2
60305 2
60306 1
60307 3
60308 3
60309 4
60310 1
60311 0
60312 0
60313 2
60314 0
60315 0
60316 1
60317 0
60318 2
60319 1
60320 2
60321 3
60322 0
60323 1
60324 3
60325 1
60326 2
60327 0
60328 0
60329 4
60330 0
60331 1
60332 3
60333 2
60334 0
60335 0
60336 1
60337 2
60338 2
60339 4
60340 0
60341 0
60342 2
60343 1
60344 4
60345 0
60346 0
60347 2
60348 0
60349 1
60350 2
60351 0
60352 1
60353 2
60354 4
60355 1
60356 1
60357 0
60358 2
60359 0
60360 0
60361 0
60362 0
60363 2
60364 0
60365 5
60366 1
60367 3
60368 2
60369 2
60370 3
60371 1
60372 1
60373 2
60374 0
60375 2
60376 1
60377 2
60378 3
60379 3
60380 1
60381 0
60382 0
60383 0
60384 0
60385 0
60386 3
60387 1
60388 1
60389 1
60390 2
60391 0
60392 1
60393 0
60394 3
60395 3
60396 1
60397 1
60398 3
60399 1
60400 0
60401 1
60402 2
60403 1
60404 2
60405 0
60406 3
60407 1
60408 0
60409 4
60410 3
60411 2
60412 3
60413 2
60414 2
60415 0
60416 2
60417 1
60418 3
60419 1
60420 3
60421 0
60422 1
60423 2
60424 3
60425 0
60426 0
60427 1
60428 1
60429 0
60430 0
60431 4
60432 2
60433 2
60434 2
60435 2
60436 3
60437 1
60438 3
60439 2
60440 2
60441 4
60442 0
60443 0
60444 1
60445 0
60446 4
60447 2
60448 1
60449 0
60450 1
60451 2
60452 3
60453 0
60454 1
60455 3
60456 2
60457 0
60458 1
60459 2
60460 2
60461 4
60462 1
60463 0
60464 0
60465 3
60466 0
60467 1
60468 1
60469 3
60470 3
60471 3
60472 3
60473 1
60474 1
60475 3
60476 1
60477 1
60478 1
60479 3
60480 1
60481 2
60482 1
60483 1
60484 2
60485 3
60486 3
60487 2
60488 2
60489 2
60490 2
60491 4
60492 2
60493 2
60494 3
60495 1
60496 0
60497 2
60498 3
60499 4
60500 3
60501 1
60502 1
60503 2
60504 0
60505 2
60506 0
60507 2
60508 2
60509 2
60510 3
60511 2
60512 1
60513 4
60514 0
60515 2
60516 1
60517 1
60518 1
60519 1
60520 3
60521 4
60522 2
60523 0
60524 3
60525 1
60526 2
60527 1
60528 2
60529 2
60530 1
60531 3
60532 2
60533 2
60534 2
60535 3
60536 4
60537 1
60538 2
60539 3
60540 2
60541 0
60542 2
60543 2
60544 3
60545 1
60546 2
60547 1
60548 0
60549 0
60550 1
60551 2
60552 1
60553 1
60554 0
60555 3
60556 4
60557 3
60558 0
60559 2
60560 4
60561 1
60562 3
60563 1
60564 3
60565 0
60566 3
60567 4
60568 3
60569 3
60570 1
60571 2
60572 1
60573 3
60574 0
60575 2
60576 2
60577 2
60578 2
60579 4
60580 3
60581 1
60582 2
60583 3
60584 1
60585 0
60586 0
60587 0
60588 1
60589 0
60590 2
60591 0
60592 2
60593 1
60594 2
60595 2
60596 0
60597 0
60598 2
60599 1
60600 1
60601 3
60602 4
60603 2
60604 1
60605 1
60606 0
60607 0
60608 3
60609 0
60610 3
60611 3
60612 3
60613 1
60614 2
60615 1
60616 2
60617 3
60618 3
60619 1
60620 4
60621 3
60622 2
60623 2
60624 0
60625 0
60626 0
60627 2
60628 1
60629 1
60630 2
60631 4
60632 2
60633 0
60634 3
60635 2
60636 0
60637 2
60638 0
60639 1
60640 0
60641 1
60642 2
60643 2
60644 1
60645 0
60646 2
60647 2
60648 2
60649 0
60650 3
60651 0
60652 3
60653 3
60654 3
60655 0
60656 2
60657 0
60658 3
60659 1
60660 3
60661 2
60662 2
60663 0
60664 2
60665 3
60666 2
60667 2
60668 0
60669 0
60670 3
60671 1
60672 1
60673 0
60674 4
60675 1
60676 3
60677 3
60678 1
60679 1
60680 1
60681 0
60682 2
60683 0
60684 3
60685 0
60686 3
60687 3
60688 4
60689 0
60690 2
60691 2
60692 2
60693 3
60694 1
60695 0
60696 1
60697 0
60698 2
60699 3
60700 1
60701 2
60702 0
60703 1
60704 3
60705 1
60706 3
60707 1
60708 3
60709 4
60710 1
60711 1
60712 3
60713 1
60714 1
60715 2
60716 1
60717 2
60718 3
60719 0
60720 1
60721 3
60722 4
60723 0
60724 0
60725 3
60726 2
60727 2
60728 3
60729 4
60730 3
60731 3
60732 2
60733 2
60734 4
60735 2
60736 0
60737 2
60738 0
60739 0
60740 2
60741 2
60742 3
60743 1
60744 1
60745 1
60746 4
60747 2
60748 0
60749 2
60750 0
60751 3
60752 0
60753 3
60754 3
60755 2
60756 0
60757 1
60758 2
60759 0
60760 3
60761 1
60762 4
60763 3
60764 1
60765 0
60766 3
60767 2
60768 2
60769 3
60770 1
60771 2
60772 0
60773 1
60774 2
60775 2
60776 2
60777 2
60778 0
60779 4
60780 3
60781 1
60782 0
60783 1
60784 3
60785 1
60786 3
60787 3
60788 0
60789 3
60790 1
60791 2
60792 3
60793 4
60794 2
60795 3
60796 0
60797 2
60798 2
60799 0
60800 1
60801 0
60802 2
60803 1
60804 0
60805 2
60806 2
60807 2
60808 0
60809 3
60810 2
60811 0
60812 0
60813 0
60814 1
60815 2
60816 0
60817 3
60818 1
60819 3
60820 1
60821 3
60822 3
60823 0
60824 0
60825 1
60826 1
60827 1
60828 1
60829 1
60830 3
60831 4
60832 0
60833 3
60834 1
60835 1
60836 4
60837 1
60838 0
60839 0
60840 0
60841 3
60842 4
60843 3
60844 2
60845 1
60846 2
60847 1
60848 2
60849 2
60850 2
60851 0
60852 3
60853 4
60854 2
60855 3
60856 3
60857 1
60858 2
60859 3
60860 3
60861 1
60862 3
60863 1
60864 1
60865 3
60866 2
60867 2
60868 1
60869 2
60870 0
60871 0
60872 0
60873 1
60874 2
60875 3
60876 3
60877 2
60878 0
60879 3
60880 2
60881 1
60882 1
60883 1
60884 2
60885 2
60886 3
60887 2
60888 1
60889 1
60890 0
60891 0
60892 1
60893 1
60894 1
60895 2
60896 2
60897 3
60898 1
60899 2
60900 1
60901 3
60902 1
60903 1
60904 1
60905 3
60906 2
60907 1
60908 4
60909 4
60910 2
60911 4
60912 1
60913 4
60914 0
60915 0
60916 1
60917 3
60918 3
60919 4
60920 4
60921 0
60922 1
60923 1
60924 2
60925 3
60926 3
60927 1
60928 1
60929 2
60930 1
60931 2
60932 0
60933 3
60934 0
60935 3
60936 3
60937 2
60938 1
60939 2
60940 2
60941 1
60942 2
60943 1
60944 1
60945 2
60946 1
60947 2
60948 2
60949 3
60950 1
60951 1
60952 0
60953 3
60954 3
60955 4
60956 2
60957 4
60958 3
60959 1
60960 3
60961 1
60962 3
60963 1
60964 1
60965 2
60966 1
60967 1
60968 3
60969 1
60970 1
60971 0
60972 1
60973 0
60974 4
60975 4
60976 1
60977 1
60978 1
60979 1
60980 0
60981 4
60982 3
60983 1
60984 0
60985 1
60986 3
60987 1
60988 0
60989 0
60990 0
60991 2
60992 1
60993 0
60994 3
60995 0
60996 1
60997 4
60998 2
60999 1
61000 3
61001 2
61002 3
61003 0
61004 3
61005 2
61006 3
61007 0
61008 2
61009 1
61010 3
61011 1
61012 0
61013 2
61014 2
61015 1
61016 2
61017 0
61018 3
61019 0
61020 1
61021 1
61022 1
61023 0
61024 0
61025 2
61026 3
61027 2
61028 0
61029 1
61030 1
61031 2
61032 3
61033 1
61034 4
61035 1
61036 0
61037 0
61038 0
61039 1
61040 3
61041 3
61042 4
61043 1
61044 1
61045 1
61046 0
61047 0
61048 2
61049 0
61050 1
61051 3
61052 3
61053 1
61054 3
61055 2
61056 3
61057 0
61058 1
61059 2
61060 2
61061 0
61062 1
61063 1
61064 0
61065 0
61066 2
61067 1
61068 0
61069 1
61070 4
61071 1
61072 1
61073 1
61074 1
61075 0
61076 1
61077 2
61078 1
61079 2
61080 1
61081 0
61082 4
61083 1
61084 3
61085 2
61086 2
61087 1
61088 2
61089 0
61090 0
61091 2
61092 0
61093 2
61094 0
61095 2
61096 2
61097 4
61098 0
61099 0
61100 3
61101 2
61102 2
61103 0
61104 2
61105 2
61106 3
61107 1
61108 1
61109 2
61110 2
61111 2
61112 2
61113 2
61114 1
61115 2
61116 2
61117 0
61118 3
61119 0
61120 0
61121 0
61122 2
61123 0
61124 3
61125 3
61126 0
61127 3
61128 2
61129 0
61130 1
61131 1
61132 2
61133 2
61134 1
61135 2
61136 1
61137 1
61138 2
61139 0
61140 2
61141 0
61142 1
61143 2
61144 0
61145 0
61146 2
61147 0
61148 3
61149 0
61150 3
61151 1
61152 1
61153 0
61154 2
61155 1
61156 0
61157 2
61158 4
61159 3
61160 0
61161 3
61162 1
61163 1
61164 1
61165 0
61166 1
61167 3
61168 2
61169 3
61170 2
61171 0
61172 0
61173 2
61174 2
61175 0
61176 2
61177 2
61178 0
61179 3
61180 1
61181 2
61182 2
61183 1
61184 0
61185 2
61186 2
61187 1
61188 0
61189 4
61190 2
61191 1
61192 1
61193 0
61194 3
61195 2
61196 2
61197 0
61198 2
61199 2
61200 0
61201 0
61202 2
61203 4
61204 3
61205 3
61206 1
61207 0
61208 0
61209 1
61210 0
61211 1
61212 2
61213 1
61214 2
61215 0
61216 4
61217 2
61218 0
61219 2
61220 1
61221 3
61222 1
61223 4
61224 1
61225 1
61226 1
61227 3
61228 3
61229 3
61230 0
61231 0
61232 0
61233 1
61234 4
61235 3
61236 1
61237 1
61238 0
61239 3
61240 1
61241 3
61242 1
61243 1
61244 0
61245 3
61246 3
61247 3
61248 2
61249 2
61250 3
61251 0
61252 2
61253 0
61254 2
61255 2
61256 2
61257 0
61258 0
61259 2
61260 1
61261 2
61262 2
61263 1
61264 1
61265 0
61266 1
61267 3
61268 4
61269 2
61270 3
61271 0
61272 2
61273 0
61274 0
61275 3
61276 1
61277 1
61278 2
61279 4
61280 2
61281 0
61282 2
61283 3
61284 1
61285 3
61286 2
61287 0
61288 1
61289 1
61290 3
61291 4
61292 3
61293 0
61294 3
61295 0
61296 1
61297 4
61298 0
61299 3
61300 2
61301 1
61302 3
61303 2
61304 0
61305 0
61306 1
61307 2
61308 1
61309 2
61310 2
61311 2
61312 1
61313 4
61314 0
61315 0
61316 2
61317 0
61318 1
61319 0
61320 1
61321 1
61322 0
61323 0
61324 1
61325 0
61326 1
61327 0
61328 1
61329 1
61330 2
61331 3
61332 2
61333 1
61334 4
61335 1
61336 1
61337 1
61338 0
61339 0
61340 1
61341 2
61342 4
61343 3
61344 3
61345 3
61346 1
61347 3
61348 2
61349 2
61350 2
61351 2
61352 2
61353 0
61354 1
61355 3
61356 4
61357 1
61358 3
61359 2
61360 0
61361 2
61362 1
61363 1
61364 0
61365 2
61366 0
61367 0
61368 0
61369 2
61370 3
61371 1
61372 0
61373 1
61374 0
61375 0
61376 3
61377 3
61378 0
61379 2
61380 3
61381 3
61382 0
61383 2
61384 1
61385 3
61386 1
61387 1
61388 1
61389 0
61390 0
61391 2
61392 1
61393 4
61394 1
61395 0
61396 3
61397 2
61398 0
61399 0
61400 4
61401 2
61402 1
61403 2
61404 0
61405 0
61406 0
61407 2
61408 0
61409 2
61410 1
61411 2
61412 0
61413 1
61414 2
61415 2
61416 2
61417 1
61418 1
61419 3
61420 2
61421 0
61422 0
61423 3
61424 1
61425 0
61426 1
61427 3
61428 4
61429 3
61430 0
61431 2
61432 3
61433 2
61434 3
61435 1
61436 0
61437 2
61438 0
61439 1
61440 1
61441 2
61442 1
61443 2
61444 1
61445 3
61446 2
61447 3
61448 0
61449 3
61450 1
61451 1
61452 0
61453 0
61454 2
61455 0
61456 2
61457 0
61458 3
61459 2
61460 0
61461 3
61462 1
61463 3
61464 2
61465 1
61466 1
61467 4
61468 2
61469 3
61470 3
61471 2
61472 0
61473 1
61474 2
61475 2
61476 1
61477 2
61478 2
61479 1
61480 2
61481 1
61482 3
61483 1
61484 2
61485 3
61486 2
61487 0
61488 0
61489 0
61490 0
61491 3
61492 0
61493 3
61494 1
61495 0
61496 2
61497 0
61498 1
61499 1
61500 2
61501 1
61502 4
61503 0
61504 1
61505 1
61506 0
61507 0
61508 0
61509 2
61510 3
61511 2
61512 2
61513 1
61514 2
61515 2
61516 2
61517 2
61518 1
61519 0
61520 2
61521 3
61522 1
61523 3
61524 0
61525 2
61526 2
61527 4
61528 0
61529 3
61530 2
61531 2
61532 1
61533 1
61534 1
61535 2
61536 3
61537 0
61538 0
61539 3
61540 0
61541 1
61542 2
61543 2
61544 1
61545 1
61546 3
61547 1
61548 1
61549 4
61550 3
61551 3
61552 2
61553 1
61554 2
61555 1
61556 0
61557 3
61558 1
61559 1
61560 2
61561 1
61562 3
61563 2
61564 4
61565 0
61566 2
61567 0
61568 0
61569 0
61570 4
61571 2
61572 2
61573 2
61574 0
61575 0
61576 2
61577 2
61578 2
61579 0
61580 1
61581 3
61582 2
61583 1
61584 2
61585 3
61586 0
61587 2
61588 0
61589 1
61590 3
61591 3
61592 0
61593 1
61594 0
61595 4
61596 2
61597 0
61598 3
61599 1
61600 1
61601 0
61602 1
61603 3
61604 1
61605 1
61606 0
61607 0
61608 1
61609 1
61610 1
61611 0
61612 1
61613 1
61614 2
61615 2
61616 3
61617 2
61618 1
61619 3
61620 4
61621 2
61622 3
61623 3
61624 1
61625 3
61626 2
61627 0
61628 3
61629 2
61630 2
61631 3
61632 0
61633 2
61634 4
61635 2
61636 3
61637 2
61638 3
61639 1
61640 1
61641 3
61642 3
61643 0
61644 3
61645 1
61646 3
61647 0
61648 2
61649 0
61650 1
61651 1
61652 2
61653 0
61654 2
61655 1
61656 0
61657 0
61658 4
61659 1
61660 1
61661 1
61662 3
61663 3
61664 3
61665 0
61666 1
61667 4
61668 2
61669 4
61670 1
61671 0
61672 2
61673 4
61674 4
61675 4
61676 3
61677 1
61678 2
61679 1
61680 2
61681 2
61682 0
61683 0
61684 2
61685 1
61686 1
61687 3
61688 1
61689 2
61690 3
61691 1
61692 0
61693 2
61694 2
61695 1
61696 2
61697 2
61698 2
61699 2
61700 3
61701 2
61702 0
61703 2
61704 3
61705 0
61706 1
61707 1
61708 0
61709 2
61710 3
61711 0
61712 2
61713 2
61714 1
61715 1
61716 3
61717 0
61718 0
61719 3
61720 1
61721 4
61722 2
61723 1
61724 2
61725 2
61726 2
61727 0
61728 1
61729 0
61730 2
61731 3
61732 0
61733 1
61734 1
61735 1
61736 2
61737 3
61738 1
61739 2
61740 3
61741 3
61742 1
61743 3
61744 4
61745 4
61746 1
61747 1
61748 0
61749 2
61750 2
61751 1
61752 2
61753 0
61754 1
61755 3
61756 1
61757 1
61758 3
61759 2
61760 0
61761 1
61762 3
61763 4
61764 1
61765 1
61766 2
61767 3
61768 1
61769 4
61770 0
61771 3
61772 1
61773 0
61774 1
61775 1
61776 4
61777 2
61778 3
61779 3
61780 2
61781 2
61782 3
61783 1
61784 2
61785 2
61786 2
61787 1
61788 2
61789 2
61790 2
61791 1
61792 4
61793 1
61794 3
61795 4
61796 2
61797 4
61798 2
61799 1
61800 3
61801 3
61802 1
61803 1
61804 1
61805 3
61806 0
61807 2
61808 0
61809 3
61810 1
61811 1
61812 1
61813 3
61814 3
61815 1
61816 1
61817 2
61818 1
61819 4
61820 0
61821 2
61822 3
61823 2
61824 0
61825 2
61826 1
61827 2
61828 1
61829 1
61830 1
61831 2
61832 3
61833 0
61834 3
61835 1
61836 1
61837 2
61838 2
61839 3
61840 1
61841 1
61842 1
61843 1
61844 3
61845 4
61846 0
61847 1
61848 0
61849 0
61850 0
61851 0
61852 2
61853 3
61854 2
61855 3
61856 0
61857 2
61858 0
61859 4
61860 2
61861 2
61862 1
61863 3
61864 0
61865 0
61866 0
61867 1
61868 1
61869 2
61870 0
61871 4
61872 1
61873 2
61874 0
61875 2
61876 2
61877 1
61878 2
61879 0
61880 0
61881 1
61882 0
61883 2
61884 2
61885 2
61886 0
61887 1
61888 1
61889 0
61890 3
61891 0
61892 2
61893 2
61894 3
61895 3
61896 2
61897 0
61898 1
61899 0
61900 2
61901 0
61902 3
61903 1
61904 3
61905 0
61906 0
61907 3
61908 2
61909 2
61910 2
61911 1
61912 2
61913 1
61914 0
61915 2
61916 2
61917 1
61918 2
61919 1
61920 2
61921 0
61922 0
61923 2
61924 2
61925 1
61926 0
61927 0
61928 1
61929 1
61930 2
61931 1
61932 0
61933 4
61934 3
61935 1
61936 1
61937 1
61938 0
61939 0
61940 3
61941 3
61942 0
61943 2
61944 3
61945 1
61946 3
61947 0
61948 0
61949 2
61950 2
61951 3
61952 0
61953 1
61954 1
61955 2
61956 2
61957 1
61958 1
61959 1
61960 4
61961 4
61962 3
61963 0
61964 0
61965 3
61966 1
61967 2
61968 0
61969 3
61970 2
61971 0
61972 0
61973 1
61974 2
61975 3
61976 2
61977 0
61978 2
61979 1
61980 1
61981 3
61982 2
61983 1
61984 2
61985 1
61986 4
61987 1
61988 1
61989 1
61990 0
61991 1
61992 1
61993 0
61994 2
61995 0
61996 0
61997 3
61998 0
61999 1
62000 3
62001 1
62002 2
62003 1
62004 1
62005 2
62006 3
62007 1
62008 2
62009 0
62010 0
62011 2
62012 3
62013 4
62014 2
62015 1
62016 0
62017 1
62018 2
62019 2
62020 2
62021 3
62022 3
62023 2
62024 3
62025 3
62026 2
62027 0
62028 3
62029 3
62030 2
62031 2
62032 3
62033 1
62034 3
62035 1
62036 1
62037 2
62038 3
62039 1
62040 0
62041 3
62042 2
62043 4
62044 3
62045 1
62046 0
62047 2
62048 0
62049 2
62050 2
62051 3
62052 1
62053 0
62054 3
62055 2
62056 0
62057 3
62058 0
62059 0
62060 0
62061 1
62062 2
62063 2
62064 0
62065 2
62066 0
62067 1
62068 1
62069 3
62070 2
62071 3
62072 3
62073 4
62074 1
62075 2
62076 0
62077 3
62078 1
62079 2
62080 4
62081 1
62082 2
62083 2
62084 2
62085 2
62086 2
62087 1
62088 1
62089 3
62090 3
62091 3
62092 1
62093 0
62094 2
62095 1
62096 3
62097 3
62098 2
62099 1
62100 0
62101 1
62102 3
62103 0
62104 0
62105 3
62106 1
62107 2
62108 1
62109 1
62110 1
62111 3
62112 3
62113 2
62114 2
62115 3
62116 2
62117 1
62118 2
62119 2
62120 1
62121 2
62122 1
62123 3
62124 3
62125 2
62126 2
62127 1
62128 2
62129 2
62130 2
62131 1
62132 2
62133 1
62134 0
62135 2
62136 1
62137 2
62138 3
62139 1
62140 2
62141 1
62142 0
62143 1
62144 0
62145 1
62146 0
62147 2
62148 1
62149 0
62150 0
62151 0
62152 2
62153 3
62154 2
62155 1
62156 4
62157 4
62158 2
62159 0
62160 0
62161 1
62162 1
62163 3
62164 4
62165 2
62166 1
62167 1
62168 4
62169 3
62170 1
62171 0
62172 1
62173 2
62174 2
62175 4
62176 4
62177 1
62178 1
62179 1
62180 1
62181 3
62182 2
62183 4
62184 0
62185 3
62186 4
62187 2
62188 2
62189 3
62190 3
62191 2
62192 1
62193 2
62194 2
62195 3
62196 1
62197 0
62198 2
62199 1
62200 3
62201 0
62202 3
62203 1
62204 4
62205 3
62206 1
62207 2
62208 0
62209 2
62210 4
62211 3
62212 2
62213 2
62214 0
62215 3
62216 3
62217 2
62218 2
62219 0
62220 3
62221 3
62222 0
62223 0
62224 2
62225 2
62226 4
62227 0
62228 1
62229 3
62230 2
62231 2
62232 1
62233 2
62234 0
62235 3
62236 2
62237 3
62238 2
62239 1
62240 3
62241 1
62242 3
62243 3
62244 3
62245 1
62246 1
62247 1
62248 2
62249 1
62250 2
62251 1
62252 3
62253 0
62254 1
62255 0
62256 0
62257 2
62258 0
62259 1
62260 1
62261 2
62262 1
62263 1
62264 1
62265 0
62266 3
62267 2
62268 1
62269 1
62270 0
62271 0
62272 0
62273 2
62274 2
62275 3
62276 1
62277 0
62278 3
62279 3
62280 1
62281 1
62282 0
62283 0
62284 2
62285 2
62286 3
62287 3
62288 1
62289 1
62290 2
62291 0
62292 0
62293 1
62294 1
62295 2
62296 0
62297 1
62298 2
62299 3
62300 0
62301 3
62302 0
62303 2
62304 1
62305 0
62306 2
62307 3
62308 3
62309 0
62310 0
62311 2
62312 3
62313 1
62314 2
62315 1
62316 3
62317 0
62318 0
62319 2
62320 3
62321 3
62322 2
62323 2
62324 4
62325 0
62326 4
62327 3
62328 0
62329 2
62330 3
62331 1
62332 2
62333 4
62334 3
62335 3
62336 3
62337 3
62338 3
62339 1
62340 3
62341 3
62342 3
62343 3
62344 4
62345 1
62346 3
62347 1
62348 0
62349 0
62350 1
62351 1
62352 4
62353 1
62354 4
62355 0
62356 2
62357 2
62358 1
62359 3
62360 1
62361 3
62362 1
62363 1
62364 2
62365 3
62366 0
62367 0
62368 2
62369 2
62370 0
62371 0
62372 1
62373 2
62374 1
62375 2
62376 2
62377 1
62378 1
62379 0
62380 3
62381 0
62382 1
62383 2
62384 0
62385 2
62386 2
62387 1
62388 0
62389 0
62390 3
62391 1
62392 1
62393 3
62394 1
62395 2
62396 3
62397 0
62398 1
62399 4
62400 1
62401 0
62402 4
62403 2
62404 4
62405 1
62406 3
62407 0
62408 0
62409 2
62410 1
62411 5
62412 0
62413 3
62414 3
62415 0
62416 1
62417 2
62418 3
62419 2
62420 0
62421 0
62422 1
62423 3
62424 1
62425 1
62426 2
62427 2
62428 0
62429 1
62430 2
62431 2
62432 2
62433 3
62434 0
62435 2
62436 1
62437 2
62438 1
62439 0
62440 0
62441 0
62442 1
62443 3
62444 1
62445 1
62446 1
62447 0
62448 0
62449 2
62450 3
62451 0
62452 0
62453 0
62454 4
62455 0
62456 1
62457 2
62458 2
62459 1
62460 1
62461 0
62462 2
62463 1
62464 2
62465 3
62466 1
62467 2
62468 3
62469 1
62470 3
62471 1
62472 1
62473 0
62474 0
62475 2
62476 1
62477 0
62478 2
62479 3
62480 1
62481 1
62482 2
62483 3
62484 0
62485 3
62486 1
62487 0
62488 3
62489 1
62490 3
62491 1
62492 3
62493 2
62494 0
62495 1
62496 1
62497 4
62498 2
62499 4
62500 2
62501 1
62502 0
62503 3
62504 1
62505 2
62506 3
62507 1
62508 2
62509 1
62510 3
62511 1
62512 0
62513 1
62514 1
62515 1
62516 2
62517 4
62518 3
62519 2
62520 0
62521 2
62522 3
62523 0
62524 2
62525 1
62526 0
62527 1
62528 2
62529 3
62530 1
62531 0
62532 2
62533 1
62534 1
62535 3
62536 0
62537 4
62538 2
62539 2
62540 3
62541 0
62542 2
62543 0
62544 3
62545 0
62546 1
62547 1
62548 2
62549 1
62550 2
62551 2
62552 3
62553 1
62554 1
62555 3
62556 2
62557 1
62558 0
62559 1
62560 3
62561 1
62562 1
62563 3
62564 1
62565 3
62566 4
62567 4
62568 3
62569 2
62570 3
62571 4
62572 3
62573 3
62574 1
62575 1
62576 2
62577 0
62578 3
62579 3
62580 2
62581 3
62582 2
62583 1
62584 0
62585 3
62586 2
62587 0
62588 0
62589 4
62590 2
62591 1
62592 2
62593 0
62594 2
62595 3
62596 2
62597 3
62598 1
62599 2
62600 2
62601 1
62602 0
62603 2
62604 0
62605 2
62606 1
62607 3
62608 0
62609 1
62610 2
62611 4
62612 3
62613 2
62614 0
62615 0
62616 4
62617 0
62618 3
62619 3
62620 4
62621 2
62622 0
62623 1
62624 2
62625 0
62626 2
62627 0
62628 1
62629 2
62630 1
62631 0
62632 3
62633 3
62634 3
62635 2
62636 3
62637 2
62638 2
62639 2
62640 0
62641 4
62642 3
62643 1
62644 0
62645 1
62646 1
62647 3
62648 3
62649 1
62650 1
62651 4
62652 0
62653 1
62654 3
62655 1
62656 3
62657 2
62658 0
62659 2
62660 0
62661 2
62662 1
62663 1
62664 1
62665 0
62666 3
62667 4
62668 1
62669 0
62670 3
62671 3
62672 2
62673 2
62674 2
62675 1
62676 2
62677 2
62678 4
62679 3
62680 1
62681 1
62682 3
62683 4
62684 3
62685 2
62686 1
62687 3
62688 1
62689 1
62690 3
62691 2
62692 2
62693 4
62694 3
62695 2
62696 3
62697 1
62698 0
62699 1
62700 0
62701 2
62702 0
62703 4
62704 3
62705 0
62706 1
62707 3
62708 2
62709 3
62710 1
62711 1
62712 3
62713 0
62714 3
62715 2
62716 0
62717 0
62718 1
62719 3
62720 1
62721 1
62722 2
62723 0
62724 2
62725 1
62726 2
62727 3
62728 2
62729 0
62730 3
62731 3
62732 2
62733 0
62734 1
62735 0
62736 2
62737 1
62738 1
62739 1
62740 2
62741 1
62742 2
62743 4
62744 4
62745 2
62746 2
62747 2
62748 0
62749 0
62750 4
62751 3
62752 3
62753 1
62754 3
62755 2
62756 2
62757 1
62758 0
62759 2
62760 1
62761 2
62762 2
62763 2
62764 3
62765 3
62766 0
62767 0
62768 3
62769 2
62770 3
62771 3
62772 2
62773 0
62774 1
62775 0
62776 3
62777 4
62778 0
62779 2
62780 3
62781 4
62782 2
62783 1
62784 1
62785 1
62786 1
62787 2
62788 2
62789 1
62790 2
62791 0
62792 2
62793 0
62794 2
62795 0
62796 2
62797 4
62798 1
62799 2
62800 0
62801 2
62802 0
62803 0
62804 2
62805 2
62806 1
62807 0
62808 2
62809 1
62810 2
62811 0
62812 1
62813 1
62814 2
62815 3
62816 2
62817 2
62818 0
62819 2
62820 2
62821 2
62822 1
62823 2
62824 2
62825 1
62826 1
62827 3
62828 3
62829 0
62830 0
62831 3
62832 2
62833 2
62834 1
62835 0
62836 4
62837 0
62838 0
62839 0
62840 0
62841 2
62842 2
62843 2
62844 0
62845 0
62846 2
62847 4
62848 2
62849 4
62850 3
62851 2
62852 3
62853 1
62854 1
62855 2
62856 1
62857 2
62858 4
62859 2
62860 0
62861 1
62862 2
62863 2
62864 3
62865 0
62866 3
62867 3
62868 4
62869 3
62870 2
62871 0
62872 1
62873 2
62874 0
62875 0
62876 3
62877 0
62878 2
62879 3
62880 3
62881 3
62882 1
62883 2
62884 2
62885 2
62886 1
62887 0
62888 3
62889 3
62890 3
62891 0
62892 2
62893 1
62894 0
62895 0
62896 1
62897 1
62898 1
62899 3
62900 1
62901 1
62902 4
62903 3
62904 1
62905 1
62906 3
62907 0
62908 2
62909 4
62910 1
62911 3
62912 0
62913 0
62914 0
62915 0
62916 1
62917 2
62918 3
62919 3
62920 1
62921 2
62922 4
62923 2
62924 3
62925 2
62926 2
62927 0
62928 1
62929 3
62930 2
62931 4
62932 3
62933 1
62934 0
62935 2
62936 2
62937 0
62938 3
62939 3
62940 2
62941 1
62942 2
62943 1
62944 1
62945 2
62946 0
62947 2
62948 4
62949 0
62950 3
62951 0
62952 1
62953 2
62954 0
62955 0
62956 0
62957 3
62958 3
62959 2
62960 0
62961 1
62962 1
62963 0
62964 1
62965 3
62966 3
62967 2
62968 1
62969 0
62970 3
62971 1
62972 0
62973 2
62974 3
62975 0
62976 3
62977 4
62978 2
62979 2
62980 3
62981 1
62982 1
62983 2
62984 2
62985 1
62986 1
62987 0
62988 0
62989 0
62990 1
62991 1
62992 1
62993 3
62994 1
62995 1
62996 2
62997 2
62998 1
62999 2
63000 0
63001 3
63002 1
63003 0
63004 0
63005 2
63006 2
63007 0
63008 2
63009 0
63010 4
63011 1
63012 0
63013 3
63014 3
63015 3
63016 1
63017 2
63018 3
63019 1
63020 3
63021 1
63022 0
63023 3
63024 1
63025 1
63026 1
63027 2
63028 2
63029 1
63030 2
63031 1
63032 2
63033 3
63034 2
63035 2
63036 5
63037 1
63038 0
63039 2
63040 0
63041 1
63042 3
63043 1
63044 3
63045 3
63046 3
63047 0
63048 0
63049 1
63050 3
63051 2
63052 3
63053 1
63054 1
63055 1
63056 2
63057 2
63058 0
63059 1
63060 2
63061 1
63062 0
63063 2
63064 2
63065 3
63066 2
63067 0
63068 1
63069 2
63070 1
63071 2
63072 2
63073 1
63074 1
63075 1
63076 1
63077 2
63078 0
63079 2
63080 3
63081 0
63082 1
63083 3
63084 2
63085 1
63086 2
63087 3
63088 1
63089 1
63090 2
63091 0
63092 0
63093 0
63094 1
63095 4
63096 2
63097 3
63098 3
63099 1
63100 2
63101 4
63102 3
63103 3
63104 0
63105 3
63106 0
63107 3
63108 1
63109 3
63110 3
63111 0
63112 3
63113 0
63114 1
63115 1
63116 3
63117 4
63118 0
63119 0
63120 0
63121 2
63122 2
63123 1
63124 1
63125 4
63126 3
63127 3
63128 1
63129 2
63130 3
63131 1
63132 0
63133 0
63134 1
63135 1
63136 1
63137 2
63138 1
63139 2
63140 0
63141 1
63142 1
63143 5
63144 2
63145 3
63146 0
63147 1
63148 3
63149 1
63150 3
63151 1
63152 2
63153 1
63154 2
63155 0
63156 0
63157 3
63158 1
63159 2
63160 2
63161 2
63162 1
63163 3
63164 2
63165 2
63166 5
63167 1
63168 2
63169 2
63170 0
63171 0
63172 2
63173 0
63174 0
63175 2
63176 2
63177 2
63178 1
63179 1
63180 3
63181 2
63182 2
63183 1
63184 2
63185 3
63186 4
63187 2
63188 0
63189 2
63190 0
63191 0
63192 3
63193 2
63194 2
63195 3
63196 1
63197 1
63198 3
63199 2
63200 0
63201 3
63202 2
63203 0
63204 3
63205 0
63206 0
63207 3
63208 1
63209 1
63210 2
63211 1
63212 1
63213 0
63214 2
63215 4
63216 4
63217 0
63218 3
63219 0
63220 4
63221 3
63222 1
63223 1
63224 2
63225 2
63226 4
63227 3
63228 1
63229 2
63230 0
63231 1
63232 2
63233 2
63234 2
63235 0
63236 0
63237 2
63238 2
63239 1
63240 2
63241 1
63242 3
63243 0
63244 3
63245 3
63246 4
63247 3
63248 0
63249 0
63250 2
63251 1
63252 3
63253 0
63254 3
63255 2
63256 1
63257 1
63258 2
63259 3
63260 1
63261 2
63262 3
63263 1
63264 0
63265 3
63266 3
63267 0
63268 3
63269 2
63270 0
63271 1
63272 3
63273 0
63274 0
63275 4
63276 1
63277 0
63278 3
63279 0
63280 2
63281 2
63282 1
63283 2
63284 2
63285 3
63286 1
63287 3
63288 1
63289 0
63290 2
63291 1
63292 0
63293 0
63294 4
63295 2
63296 0
63297 2
63298 3
63299 3
63300 3
63301 3
63302 3
63303 1
63304 2
63305 2
63306 0
63307 3
63308 2
63309 3
63310 0
63311 1
63312 1
63313 1
63314 1
63315 3
63316 0
63317 2
63318 2
63319 2
63320 3
63321 1
63322 0
63323 2
63324 2
63325 0
63326 1
63327 2
63328 0
63329 1
63330 1
63331 1
63332 0
63333 3
63334 3
63335 1
63336 4
63337 3
63338 0
63339 3
63340 0
63341 0
63342 2
63343 0
63344 0
63345 2
63346 3
63347 3
63348 0
63349 0
63350 3
63351 0
63352 0
63353 2
63354 0
63355 2
63356 2
63357 5
63358 1
63359 2
63360 0
63361 2
63362 0
63363 0
63364 3
63365 0
63366 2
63367 2
63368 4
63369 3
63370 3
63371 1
63372 3
63373 0
63374 2
63375 2
63376 2
63377 1
63378 3
63379 3
63380 2
63381 3
63382 0
63383 1
63384 2
63385 2
63386 1
63387 1
63388 0
63389 1
63390 4
63391 3
63392 3
63393 0
63394 2
63395 0
63396 2
63397 2
63398 2
63399 4
63400 3
63401 0
63402 2
63403 1
63404 0
63405 1
63406 2
63407 3
63408 3
63409 3
63410 3
63411 4
63412 3
63413 4
63414 3
63415 1
63416 3
63417 3
63418 2
63419 1
63420 2
63421 1
63422 0
63423 2
63424 1
63425 2
63426 2
63427 4
63428 0
63429 1
63430 0
63431 4
63432 2
63433 1
63434 0
63435 3
63436 0
63437 0
63438 2
63439 0
63440 0
63441 1
63442 2
63443 1
63444 3
63445 4
63446 0
63447 1
63448 3
63449 0
63450 1
63451 3
63452 0
63453 0
63454 4
63455 2
63456 1
63457 0
63458 3
63459 0
63460 2
63461 1
63462 4
63463 0
63464 0
63465 1
63466 1
63467 0
63468 0
63469 3
63470 0
63471 5
63472 2
63473 2
63474 1
63475 3
63476 1
63477 0
63478 3
63479 4
63480 3
63481 4
63482 3
63483 3
63484 3
63485 1
63486 2
63487 2
63488 3
63489 2
63490 3
63491 2
63492 1
63493 2
63494 2
63495 2
63496 3
63497 1
63498 3
63499 1
63500 2
63501 3
63502 0
63503 2
63504 0
63505 1
63506 0
63507 0
63508 2
63509 3
63510 3
63511 4
63512 0
63513 2
63514 2
63515 3
63516 4
63517 0
63518 2
63519 0
63520 1
63521 1
63522 0
63523 0
63524 3
63525 3
63526 2
63527 4
63528 3
63529 0
63530 2
63531 4
63532 5
63533 2
63534 1
63535 0
63536 2
63537 2
63538 4
63539 2
63540 3
63541 1
63542 2
63543 2
63544 4
63545 1
63546 0
63547 3
63548 2
63549 3
63550 0
63551 1
63552 2
63553 1
63554 1
63555 1
63556 2
63557 3
63558 1
63559 3
63560 0
63561 2
63562 2
63563 3
63564 2
63565 3
63566 3
63567 1
63568 1
63569 4
63570 1
63571 3
63572 0
63573 1
63574 5
63575 0
63576 1
63577 2
63578 1
63579 2
63580 1
63581 1
63582 4
63583 1
63584 4
63585 3
63586 0
63587 1
63588 1
63589 3
63590 3
63591 0
63592 3
63593 3
63594 3
63595 1
63596 2
63597 1
63598 2
63599 2
63600 3
63601 1
63602 1
63603 0
63604 1
63605 0
63606 1
63607 0
63608 2
63609 2
63610 2
63611 1
63612 1
63613 3
63614 4
63615 0
63616 1
63617 1
63618 4
63619 1
63620 2
63621 3
63622 1
63623 0
63624 2
63625 4
63626 1
63627 2
63628 1
63629 2
63630 3
63631 2
63632 0
63633 0
63634 0
63635 1
63636 4
63637 2
63638 3
63639 3
63640 1
63641 1
63642 3
63643 3
63644 1
63645 1
63646 1
63647 1
63648 4
63649 0
63650 1
63651 2
63652 0
63653 2
63654 1
63655 0
63656 3
63657 1
63658 0
63659 1
63660 0
63661 3
63662 2
63663 1
63664 3
63665 2
63666 1
63667 3
63668 1
63669 0
63670 3
63671 2
63672 1
63673 1
63674 3
63675 3
63676 1
63677 0
63678 3
63679 0
63680 1
63681 3
63682 1
63683 0
63684 0
63685 3
63686 1
63687 0
63688 0
63689 1
63690 2
63691 2
63692 3
63693 1
63694 0
63695 2
63696 0
63697 2
63698 0
63699 3
63700 3
63701 1
63702 4
63703 0
63704 2
63705 1
63706 2
63707 2
63708 1
63709 1
63710 1
63711 1
63712 1
63713 4
63714 4
63715 2
63716 4
63717 0
63718 0
63719 2
63720 3
63721 0
63722 2
63723 1
63724 0
63725 0
63726 0
63727 2
63728 3
63729 1
63730 4
63731 3
63732 0
63733 2
63734 3
63735 3
63736 0
63737 1
63738 2
63739 1
63740 1
63741 1
63742 4
63743 0
63744 1
63745 3
63746 0
63747 3
63748 0
63749 4
63750 4
63751 0
63752 4
63753 2
63754 3
63755 1
63756 0
63757 0
63758 2
63759 0
63760 4
63761 0
63762 2
63763 1
63764 2
63765 3
63766 0
63767 3
63768 0
63769 3
63770 3
63771 2
63772 1
63773 2
63774 3
63775 2
63776 2
63777 0
63778 0
63779 1
63780 3
63781 1
63782 0
63783 0
63784 2
63785 2
63786 2
63787 1
63788 2
63789 2
63790 1
63791 1
63792 0
63793 3
63794 2
63795 1
63796 3
63797 1
63798 0
63799 2
63800 3
63801 3
63802 2
63803 2
63804 3
63805 1
63806 4
63807 2
63808 2
63809 4
63810 4
63811 3
63812 1
63813 1
63814 1
63815 0
63816 2
63817 2
63818 3
63819 0
63820 2
63821 2
63822 0
63823 1
63824 2
63825 0
63826 3
63827 2
63828 2
63829 1
63830 1
63831 4
63832 1
63833 1
63834 4
63835 0
63836 0
63837 0
63838 4
63839 4
63840 2
63841 0
63842 0
63843 2
63844 3
63845 2
63846 0
63847 1
63848 4
63849 1
63850 3
63851 4
63852 1
63853 1
63854 3
63855 2
63856 2
63857 2
63858 4
63859 1
63860 2
63861 2
63862 3
63863 2
63864 2
63865 1
63866 3
63867 0
63868 4
63869 1
63870 3
63871 0
63872 1
63873 3
63874 2
63875 0
63876 0
63877 1
63878 0
63879 4
63880 3
63881 1
63882 4
63883 2
63884 2
63885 0
63886 4
63887 0
63888 0
63889 4
63890 2
63891 0
63892 2
63893 1
63894 1
63895 3
63896 4
63897 0
63898 2
63899 1
63900 2
63901 0
63902 3
63903 1
63904 2
63905 1
63906 0
63907 0
63908 0
63909 3
63910 4
63911 0
63912 0
63913 1
63914 3
63915 3
63916 2
63917 1
63918 1
63919 2
63920 3
63921 1
63922 0
63923 2
63924 2
63925 1
63926 0
63927 2
63928 0
63929 2
63930 1
63931 0
63932 2
63933 3
63934 3
63935 2
63936 2
63937 3
63938 1
63939 3
63940 2
63941 1
63942 2
63943 3
63944 1
63945 2
63946 3
63947 0
63948 0
63949 0
63950 0
63951 1
63952 1
63953 3
63954 1
63955 4
63956 4
63957 2
63958 1
63959 2
63960 3
63961 1
63962 2
63963 0
63964 2
63965 0
63966 1
63967 0
63968 2
63969 2
63970 1
63971 1
63972 1
63973 2
63974 3
63975 0
63976 1
63977 3
63978 2
63979 3
63980 0
63981 2
63982 3
63983 2
63984 3
63985 3
63986 3
63987 2
63988 0
63989 3
63990 4
63991 3
63992 2
63993 2
63994 2
63995 2
63996 1
63997 2
63998 1
63999 2
64000 2
64001 1
64002 3
64003 2
64004 2
64005 2
64006 2
64007 3
64008 2
64009 3
64010 2
64011 2
64012 1
64013 0
64014 0
64015 2
64016 2
64017 2
64018 2
64019 2
64020 1
64021 2
64022 1
64023 0
64024 0
64025 0
64026 4
64027 4
64028 3
64029 1
64030 2
64031 0
64032 4
64033 3
64034 3
64035 3
64036 3
64037 0
64038 3
64039 3
64040 3
64041 0
64042 3
64043 1
64044 0
64045 4
64046 0
64047 2
64048 1
64049 3
64050 4
64051 1
64052 0
64053 0
64054 2
64055 1
64056 3
64057 1
64058 0
64059 0
64060 2
64061 1
64062 2
64063 1
64064 1
64065 0
64066 0
64067 1
64068 3
64069 2
64070 1
64071 4
64072 1
64073 0
64074 2
64075 3
64076 3
64077 2
64078 3
64079 3
64080 3
64081 3
64082 1
64083 2
64084 0
64085 0
64086 1
64087 2
64088 2
64089 1
64090 0
64091 1
64092 4
64093 1
64094 3
64095 1
64096 0
64097 2
64098 1
64099 3
64100 1
64101 2
64102 1
64103 0
64104 1
64105 2
64106 0
64107 1
64108 2
64109 2
64110 2
64111 0
64112 3
64113 3
64114 0
64115 3
64116 1
64117 3
64118 2
64119 2
64120 2
64121 2
64122 2
64123 0
64124 4
64125 2
64126 2
64127 2
64128 2
64129 1
64130 1
64131 4
64132 1
64133 0
64134 0
64135 2
64136 2
64137 1
64138 2
64139 0
64140 2
64141 3
64142 2
64143 3
64144 3
64145 1
64146 0
64147 1
64148 1
64149 3
64150 1
64151 3
64152 2
64153 3
64154 2
64155 3
64156 3
64157 3
64158 2
64159 2
64160 1
64161 0
64162 3
64163 2
64164 3
64165 4
64166 2
64167 1
64168 2
64169 2
64170 3
64171 2
64172 3
64173 2
64174 2
64175 4
64176 1
64177 2
64178 2
64179 1
64180 0
64181 2
64182 3
64183 0
64184 3
64185 0
64186 1
64187 2
64188 3
64189 1
64190 1
64191 3
64192 1
64193 0
64194 2
64195 1
64196 1
64197 2
64198 2
64199 0
64200 2
64201 1
64202 2
64203 2
64204 2
64205 0
64206 0
64207 0
64208 1
64209 0
64210 3
64211 3
64212 0
64213 2
64214 1
64215 1
64216 1
64217 3
64218 1
64219 1
64220 0
64221 1
64222 0
64223 4
64224 2
64225 2
64226 3
64227 3
64228 0
64229 2
64230 1
64231 1
64232 1
64233 3
64234 2
64235 2
64236 2
64237 4
64238 0
64239 3
64240 0
64241 3
64242 3
64243 1
64244 2
64245 0
64246 2
64247 1
64248 2
64249 1
64250 2
64251 0
64252 2
64253 0
64254 3
64255 3
64256 4
64257 1
64258 2
64259 2
64260 3
64261 1
64262 1
64263 2
64264 0
64265 2
64266 0
64267 2
64268 3
64269 3
64270 0
64271 3
64272 2
64273 0
64274 2
64275 3
64276 3
64277 2
64278 0
64279 0
64280 3
64281 1
64282 4
64283 0
64284 2
64285 0
64286 2
64287 1
64288 3
64289 3
64290 1
64291 4
64292 1
64293 2
64294 1
64295 4
64296 1
64297 1
64298 0
64299 2
64300 0
64301 2
64302 3
64303 0
64304 0
64305 0
64306 2
64307 4
64308 3
64309 4
64310 0
64311 1
64312 3
64313 3
64314 2
64315 3
64316 1
64317 0
64318 2
64319 1
64320 3
64321 2
64322 1
64323 4
64324 0
64325 1
64326 2
64327 0
64328 4
64329 0
64330 1
64331 3
64332 2
64333 1
64334 4
64335 2
64336 3
64337 1
64338 2
64339 0
64340 0
64341 3
64342 2
64343 1
64344 1
64345 2
64346 1
64347 1
64348 1
64349 0
64350 3
64351 3
64352 3
64353 2
64354 1
64355 1
64356 0
64357 1
64358 1
64359 0
64360 5
64361 4
64362 2
64363 0
64364 2
64365 1
64366 1
64367 2
64368 3
64369 0
64370 3
64371 3
64372 0
64373 2
64374 2
64375 0
64376 1
64377 1
64378 3
64379 3
64380 0
64381 4
64382 4
64383 0
64384 4
64385 3
64386 2
64387 2
64388 1
64389 1
64390 1
64391 1
64392 4
64393 3
64394 2
64395 3
64396 1
64397 1
64398 0
64399 0
64400 0
64401 0
64402 1
64403 1
64404 3
64405 2
64406 1
64407 2
64408 2
64409 2
64410 0
64411 4
64412 1
64413 1
64414 2
64415 5
64416 2
64417 0
64418 2
64419 4
64420 0
64421 0
64422 1
64423 2
64424 3
64425 0
64426 2
64427 3
64428 5
64429 2
64430 2
64431 1
64432 1
64433 4
64434 3
64435 1
64436 0
64437 1
64438 1
64439 3
64440 2
64441 1
64442 3
64443 0
64444 0
64445 3
64446 1
64447 0
64448 1
64449 2
64450 2
64451 1
64452 4
64453 2
64454 0
64455 1
64456 3
64457 1
64458 1
64459 1
64460 1
64461 2
64462 1
64463 3
64464 3
64465 3
64466 0
64467 3
64468 2
64469 2
64470 2
64471 2
64472 3
64473 0
64474 2
64475 2
64476 1
64477 1
64478 2
64479 3
64480 3
64481 0
64482 0
64483 2
64484 1
64485 3
64486 2
64487 1
64488 1
64489 3
64490 1
64491 0
64492 1
64493 0
64494 3
64495 3
64496 2
64497 3
64498 1
64499 0
64500 3
64501 3
64502 1
64503 3
64504 3
64505 0
64506 3
64507 3
64508 1
64509 0
64510 2
64511 0
64512 2
64513 2
64514 3
64515 2
64516 1
64517 4
64518 1
64519 1
64520 2
64521 3
64522 2
64523 4
64524 0
64525 2
64526 3
64527 1
64528 0
64529 2
64530 0
64531 3
64532 2
64533 0
64534 0
64535 2
64536 3
64537 1
64538 2
64539 1
64540 0
64541 1
64542 3
64543 1
64544 2
64545 0
64546 2
64547 3
64548 1
64549 2
64550 1
64551 0
64552 3
64553 0
64554 3
64555 1
64556 0
64557 1
64558 3
64559 2
64560 3
64561 1
64562 1
64563 3
64564 1
64565 0
64566 2
64567 2
64568 2
64569 2
64570 0
64571 2
64572 3
64573 0
64574 2
64575 1
64576 3
64577 3
64578 3
64579 3
64580 3
64581 1
64582 2
64583 2
64584 0
64585 0
64586 2
64587 2
64588 0
64589 3
64590 1
64591 0
64592 3
64593 2
64594 4
64595 2
64596 2
64597 2
64598 0
64599 1
64600 0
64601 0
64602 3
64603 2
64604 0
64605 2
64606 5
64607 0
64608 3
64609 2
64610 2
64611 2
64612 0
64613 4
64614 0
64615 3
64616 2
64617 0
64618 2
64619 2
64620 2
64621 0
64622 2
64623 1
64624 1
64625 3
64626 2
64627 2
64628 1
64629 1
64630 2
64631 0
64632 2
64633 0
64634 3
64635 1
64636 0
64637 3
64638 1
64639 3
64640 1
64641 1
64642 3
64643 3
64644 3
64645 1
64646 2
64647 1
64648 2
64649 0
64650 2
64651 1
64652 0
64653 3
64654 3
64655 3
64656 3
64657 1
64658 0
64659 3
64660 0
64661 2
64662 3
64663 4
64664 1
64665 3
64666 2
64667 0
64668 4
64669 0
64670 0
64671 3
64672 0
64673 2
64674 4
64675 0
64676 1
64677 2
64678 0
64679 2
64680 0
64681 1
64682 1
64683 2
64684 0
64685 3
64686 2
64687 2
64688 2
64689 1
64690 3
64691 3
64692 0
64693 0
64694 3
64695 3
64696 3
64697 2
64698 2
64699 4
64700 3
64701 1
64702 1
64703 2
64704 1
64705 2
64706 3
64707 1
64708 2
64709 4
64710 1
64711 3
64712 1
64713 0
64714 1
64715 2
64716 2
64717 1
64718 3
64719 0
64720 1
64721 1
64722 3
64723 0
64724 3
64725 2
64726 4
64727 1
64728 1
64729 1
64730 0
64731 1
64732 3
64733 1
64734 1
64735 4
64736 4
64737 3
64738 4
64739 0
64740 2
64741 4
64742 1
64743 2
64744 3
64745 2
64746 3
64747 2
64748 1
64749 2
64750 2
64751 2
64752 3
64753 2
64754 2
64755 3
64756 2
64757 3
64758 1
64759 3
64760 2
64761 1
64762 2
64763 4
64764 4
64765 0
64766 1
64767 1
64768 3
64769 2
64770 1
64771 1
64772 0
64773 0
64774 1
64775 2
64776 1
64777 3
64778 1
64779 2
64780 0
64781 2
64782 2
64783 2
64784 3
64785 2
64786 0
64787 2
64788 2
64789 0
64790 3
64791 0
64792 5
64793 3
64794 2
64795 1
64796 3
64797 1
64798 3
64799 3
64800 0
64801 2
64802 1
64803 0
64804 1
64805 2
64806 3
64807 3
64808 1
64809 2
64810 1
64811 2
64812 1
64813 2
64814 1
64815 0
64816 3
64817 0
64818 2
64819 3
64820 0
64821 3
64822 3
64823 2
64824 2
64825 4
64826 1
64827 0
64828 3
64829 4
64830 2
64831 1
64832 0
64833 1
64834 1
64835 2
64836 1
64837 0
64838 1
64839 2
64840 3
64841 1
64842 2
64843 3
64844 0
64845 2
64846 1
64847 2
64848 2
64849 2
64850 2
64851 1
64852 1
64853 0
64854 0
64855 0
64856 0
64857 3
64858 0
64859 1
64860 1
64861 1
64862 0
64863 2
64864 4
64865 1
64866 1
64867 2
64868 2
64869 3
64870 1
64871 3
64872 2
64873 0
64874 1
64875 0
64876 3
64877 2
64878 2
64879 2
64880 1
64881 1
64882 1
64883 2
64884 0
64885 0
64886 3
64887 1
64888 0
64889 1
64890 0
64891 0
64892 1
64893 3
64894 2
64895 0
64896 2
64897 0
64898 1
64899 2
64900 3
64901 3
64902 2
64903 2
64904 3
64905 2
64906 1
64907 0
64908 3
64909 2
64910 0
64911 2
64912 3
64913 3
64914 0
64915 3
64916 0
64917 1
64918 2
64919 3
64920 2
64921 3
64922 2
64923 2
64924 4
64925 3
64926 3
64927 1
64928 3
64929 4
64930 3
64931 4
64932 0
64933 2
64934 2
64935 0
64936 4
64937 2
64938 3
64939 0
64940 2
64941 3
64942 2
64943 3
64944 2
64945 0
64946 3
64947 3
64948 4
64949 0
64950 2
64951 1
64952 1
64953 1
64954 1
64955 2
64956 1
64957 2
64958 2
64959 2
64960 1
64961 3
64962 1
64963 3
64964 0
64965 1
64966 1
64967 3
64968 0
64969 0
64970 1
64971 3
64972 3
64973 0
64974 0
64975 0
64976 3
64977 3
64978 2
64979 0
64980 2
64981 0
64982 1
64983 2
64984 1
64985 0
64986 2
64987 0
64988 3
64989 2
64990 4
64991 2
64992 3
64993 0
64994 3
64995 2
64996 2
64997 1
64998 0
64999 3
65000 1
65001 3
65002 3
65003 1
65004 1
65005 0
65006 2
65007 1
65008 3
65009 3
65010 2
65011 0
65012 2
65013 2
65014 2
65015 3
65016 2
65017 3
65018 1
65019 3
65020 2
65021 1
65022 2
65023 0
65024 0
65025 3
65026 0
65027 3
65028 0
65029 1
65030 1
65031 2
65032 3
65033 1
65034 3
65035 2
65036 3
65037 3
65038 3
65039 2
65040 3
65041 0
65042 3
65043 1
65044 4
65045 1
65046 2
65047 3
65048 1
65049 2
65050 2
65051 1
65052 0
65053 2
65054 1
65055 3
65056 1
65057 1
65058 1
65059 0
65060 3
65061 2
65062 2
65063 0
65064 3
65065 2
65066 2
65067 2
65068 0
65069 2
65070 1
65071 0
65072 2
65073 1
65074 1
65075 4
65076 2
65077 4
65078 2
65079 1
65080 0
65081 3
65082 2
65083 1
65084 3
65085 2
65086 2
65087 0
65088 2
65089 2
65090 1
65091 1
65092 1
65093 4
65094 3
65095 2
65096 0
65097 1
65098 2
65099 0
65100 3
65101 2
65102 2
65103 0
65104 0
65105 2
65106 3
65107 2
65108 3
65109 1
65110 0
65111 3
65112 4
65113 2
65114 2
65115 0
65116 2
65117 2
65118 1
65119 4
65120 0
65121 4
65122 0
65123 0
65124 2
65125 0
65126 1
65127 2
65128 2
65129 0
65130 0
65131 2
65132 4
65133 2
65134 3
65135 3
65136 4
65137 2
65138 3
65139 4
65140 0
65141 0
65142 2
65143 3
65144 3
65145 1
65146 3
65147 3
65148 3
65149 1
65150 3
65151 1
65152 1
65153 2
65154 2
65155 4
65156 3
65157 1
65158 0
65159 1
65160 2
65161 1
65162 3
65163 2
65164 3
65165 1
65166 1
65167 2
65168 1
65169 0
65170 0
65171 3
65172 2
65173 2
65174 0
65175 2
65176 1
65177 3
65178 1
65179 0
65180 3
65181 2
65182 2
65183 2
65184 0
65185 2
65186 2
65187 0
65188 1
65189 1
65190 3
65191 3
65192 0
65193 1
65194 3
65195 1
65196 2
65197 2
65198 1
65199 2
65200 1
65201 0
65202 0
65203 1
65204 2
65205 2
65206 1
65207 0
65208 2
65209 4
65210 3
65211 2
65212 0
65213 1
65214 2
65215 0
65216 1
65217 1
65218 0
65219 0
65220 1
65221 0
65222 1
65223 1
65224 0
65225 1
65226 2
65227 1
65228 2
65229 1
65230 2
65231 2
65232 0
65233 1
65234 2
65235 4
65236 2
65237 4
65238 2
65239 3
65240 0
65241 3
65242 2
65243 0
65244 2
65245 1
65246 2
65247 2
65248 3
65249 0
65250 1
65251 1
65252 0
65253 3
65254 0
65255 1
65256 3
65257 1
65258 2
65259 1
65260 2
65261 0
65262 2
65263 0
65264 1
65265 1
65266 2
65267 1
65268 3
65269 2
65270 1
65271 1
65272 4
65273 3
65274 1
65275 0
65276 0
65277 1
65278 4
65279 3
65280 1
65281 2
65282 4
65283 1
65284 3
65285 0
65286 3
65287 3
65288 0
65289 4
65290 3
65291 2
65292 0
65293 2
65294 1
65295 4
65296 3
65297 1
65298 4
65299 0
65300 0
65301 0
65302 0
65303 2
65304 3
65305 1
65306 0
65307 3
65308 1
65309 0
65310 0
65311 4
65312 2
65313 0
65314 0
65315 3
65316 3
65317 4
65318 2
65319 0
65320 0
65321 2
65322 3
65323 1
65324 3
65325 1
65326 2
65327 2
65328 1
65329 3
65330 0
65331 0
65332 2
65333 0
65334 2
65335 2
65336 2
65337 3
65338 0
65339 2
65340 0
65341 3
65342 1
65343 0
65344 0
65345 0
65346 2
65347 3
65348 1
65349 3
65350 0
65351 3
65352 1
65353 0
65354 1
65355 0
65356 2
65357 1
65358 3
65359 1
65360 3
65361 1
65362 2
65363 0
65364 1
65365 2
65366 1
65367 2
65368 1
65369 3
65370 3
65371 0
65372 4
65373 3
65374 3
65375 1
65376 4
65377 3
65378 3
65379 1
65380 1
65381 0
65382 2
65383 2
65384 1
65385 1
65386 2
65387 0
65388 2
65389 0
65390 2
65391 2
65392 1
65393 2
65394 1
65395 2
65396 3
65397 0
65398 0
65399 1
65400 2
65401 1
65402 0
65403 3
65404 4
65405 2
65406 3
65407 2
65408 2
65409 1
65410 2
65411 1
65412 3
65413 1
65414 2
65415 2
65416 3
65417 1
65418 1
65419 4
65420 3
65421 1
65422 1
65423 0
65424 4
65425 1
65426 2
65427 2
65428 3
65429 1
65430 0
65431 1
65432 1
65433 0
65434 1
65435 0
65436 0
65437 3
65438 1
65439 2
65440 3
65441 3
65442 3
65443 0
65444 3
65445 0
65446 1
65447 1
65448 1
65449 3
65450 0
65451 2
65452 2
65453 1
65454 3
65455 3
65456 3
65457 0
65458 3
65459 4
65460 4
65461 1
65462 2
65463 0
65464 2
65465 3
65466 3
65467 2
65468 1
65469 2
65470 3
65471 3
65472 3
65473 0
65474 3
65475 4
65476 1
65477 3
65478 3
65479 2
65480 2
65481 2
65482 3
65483 3
65484 4
65485 3
65486 3
65487 2
65488 2
65489 0
65490 2
65491 1
65492 1
65493 1
65494 3
65495 0
65496 2
65497 1
65498 0
65499 3
65500 3
65501 0
65502 1
65503 3
65504 0
65505 3
65506 2
65507 3
65508 1
65509 2
65510 1
65511 4
65512 4
65513 2
65514 3
65515 3
65516 3
65517 4
65518 2
65519 4
65520 0
65521 4
65522 1
65523 1
65524 2
65525 2
65526 2
65527 2
65528 2
65529 3
65530 0
65531 3
65532 2
65533 3
65534 0
65535 3
65536 1
65537 2
65538 3
65539 0
65540 0
65541 3
65542 3
65543 2
65544 1
65545 0
65546 2
65547 3
65548 0
65549 0
65550 3
65551 1
65552 1
65553 0
65554 3
65555 2
65556 0
65557 3
65558 3
65559 1
65560 1
65561 2
65562 4
65563 2
65564 2
65565 0
65566 3
65567 0
65568 2
65569 0
65570 2
65571 2
65572 3
65573 3
65574 4
65575 1
65576 3
65577 3
65578 1
65579 2
65580 2
65581 2
65582 1
65583 3
65584 3
65585 0
65586 3
65587 0
65588 3
65589 2
65590 1
65591 3
65592 1
65593 3
65594 3
65595 2
65596 0
65597 2
65598 4
65599 2
65600 0
65601 1
65602 0
65603 2
65604 3
65605 2
65606 0
65607 3
65608 0
65609 2
65610 3
65611 2
65612 3
65613 3
65614 2
65615 3
65616 2
65617 1
65618 0
65619 0
65620 3
65621 3
65622 3
65623 0
65624 1
65625 3
65626 1
65627 3
65628 2
65629 3
65630 1
65631 4
65632 0
65633 2
65634 2
65635 0
65636 2
65637 1
65638 0
65639 0
65640 1
65641 3
65642 1
65643 0
65644 2
65645 0
65646 1
65647 4
65648 2
65649 1
65650 2
65651 3
65652 3
65653 2
65654 0
65655 1
65656 2
65657 0
65658 0
65659 0
65660 0
65661 1
65662 2
65663 4
65664 1
65665 4
65666 2
65667 2
65668 1
65669 2
65670 0
65671 1
65672 0
65673 1
65674 3
65675 1
65676 1
65677 0
65678 3
65679 1
65680 2
65681 2
65682 0
65683 1
65684 3
65685 3
65686 0
65687 0
65688 1
65689 4
65690 3
65691 2
65692 1
65693 2
65694 1
65695 0
65696 2
65697 3
65698 2
65699 1
65700 2
65701 2
65702 2
65703 0
65704 3
65705 2
65706 0
65707 1
65708 0
65709 0
65710 1
65711 1
65712 1
65713 3
65714 1
65715 1
65716 4
65717 2
65718 0
65719 1
65720 3
65721 2
65722 1
65723 2
65724 1
65725 3
65726 3
65727 0
65728 2
65729 4
65730 3
65731 1
65732 2
65733 2
65734 4
65735 1
65736 2
65737 2
65738 1
65739 0
65740 2
65741 3
65742 1
65743 0
65744 2
65745 2
65746 0
65747 0
65748 0
65749 1
65750 0
65751 0
65752 1
65753 1
65754 2
65755 1
65756 1
65757 1
65758 1
65759 1
65760 1
65761 2
65762 1
65763 2
65764 3
65765 0
65766 0
65767 2
65768 3
65769 1
65770 1
65771 3
65772 4
65773 1
65774 2
65775 2
65776 2
65777 0
65778 3
65779 2
65780 0
65781 3
65782 2
65783 1
65784 1
65785 0
65786 2
65787 2
65788 3
65789 2
65790 1
65791 0
65792 2
65793 0
65794 4
65795 1
65796 0
65797 2
65798 4
65799 4
65800 1
65801 0
65802 2
65803 3
65804 1
65805 1
65806 1
65807 3
65808 3
65809 1
65810 3
65811 2
65812 3
65813 3
65814 2
65815 3
65816 0
65817 0
65818 2
65819 0
65820 2
65821 3
65822 1
65823 3
65824 3
65825 3
65826 3
65827 1
65828 3
65829 2
65830 2
65831 1
65832 3
65833 1
65834 1
65835 0
65836 3
65837 1
65838 2
65839 2
65840 0
65841 3
65842 3
65843 3
65844 3
65845 3
65846 0
65847 3
65848 3
65849 0
65850 1
65851 1
65852 3
65853 0
65854 1
65855 3
65856 0
65857 1
65858 1
65859 3
65860 2
65861 2
65862 1
65863 2
65864 0
65865 1
65866 4
65867 2
65868 1
65869 1
65870 3
65871 1
65872 2
65873 3
65874 0
65875 4
65876 1
65877 0
65878 2
65879 0
65880 0
65881 2
65882 3
65883 3
65884 3
65885 1
65886 3
65887 1
65888 2
65889 4
65890 3
65891 0
65892 2
65893 4
65894 2
65895 4
65896 1
65897 1
65898 3
65899 4
65900 3
65901 0
65902 1
65903 3
65904 3
65905 4
65906 1
65907 4
65908 2
65909 0
65910 0
65911 3
65912 2
65913 1
65914 1
65915 2
65916 2
65917 1
65918 0
65919 2
65920 0
65921 2
65922 4
65923 4
65924 1
65925 2
65926 0
65927 1
65928 2
65929 3
65930 0
65931 1
65932 2
65933 1
65934 3
65935 0
65936 0
65937 4
65938 0
65939 0
65940 1
65941 0
65942 2
65943 1
65944 2
65945 2
65946 1
65947 2
65948 3
65949 2
65950 1
65951 2
65952 1
65953 1
65954 3
65955 1
65956 1
65957 3
65958 4
65959 0
65960 0
65961 0
65962 2
65963 2
65964 2
65965 2
65966 3
65967 2
65968 1
65969 4
65970 4
65971 1
65972 1
65973 2
65974 0
65975 2
65976 4
65977 1
65978 3
65979 1
65980 3
65981 1
65982 0
65983 3
65984 3
65985 1
65986 2
65987 2
65988 2
65989 3
65990 1
65991 2
65992 3
65993 4
65994 3
65995 1
65996 2
65997 2
65998 2
65999 1
66000 0
66001 4
66002 2
66003 0
66004 4
66005 2
66006 0
66007 1
66008 1
66009 2
66010 0
66011 2
66012 3
66013 2
66014 4
66015 3
66016 1
66017 1
66018 2
66019 2
66020 2
66021 2
66022 2
66023 1
66024 2
66025 0
66026 2
66027 3
66028 4
66029 2
66030 3
66031 1
66032 2
66033 1
66034 2
66035 3
66036 4
66037 2
66038 2
66039 3
66040 3
66041 0
66042 4
66043 1
66044 3
66045 0
66046 3
66047 3
66048 4
66049 1
66050 1
66051 1
66052 1
66053 1
66054 2
66055 0
66056 1
66057 4
66058 2
66059 1
66060 3
66061 3
66062 2
66063 0
66064 2
66065 2
66066 2
66067 3
66068 0
66069 1
66070 1
66071 0
66072 3
66073 4
66074 0
66075 2
66076 4
66077 0
66078 1
66079 2
66080 2
66081 0
66082 1
66083 4
66084 3
66085 1
66086 3
66087 2
66088 3
66089 4
66090 2
66091 3
66092 3
66093 3
66094 2
66095 2
66096 0
66097 1
66098 1
66099 0
66100 3
66101 3
66102 3
66103 3
66104 2
66105 1
66106 1
66107 1
66108 3
66109 0
66110 3
66111 3
66112 3
66113 3
66114 4
66115 1
66116 0
66117 1
66118 2
66119 2
66120 3
66121 4
66122 1
66123 1
66124 2
66125 2
66126 3
66127 2
66128 0
66129 1
66130 0
66131 2
66132 0
66133 1
66134 2
66135 4
66136 1
66137 0
66138 1
66139 4
66140 0
66141 0
66142 4
66143 1
66144 3
66145 3
66146 4
66147 2
66148 0
66149 1
66150 4
66151 1
66152 1
66153 1
66154 0
66155 2
66156 0
66157 4
66158 2
66159 0
66160 0
66161 0
66162 3
66163 1
66164 4
66165 3
66166 0
66167 0
66168 1
66169 3
66170 0
66171 1
66172 1
66173 3
66174 0
66175 2
66176 4
66177 0
66178 2
66179 1
66180 1
66181 2
66182 2
66183 3
66184 2
66185 1
66186 1
66187 0
66188 3
66189 2
66190 3
66191 1
66192 2
66193 3
66194 2
66195 5
66196 2
66197 3
66198 2
66199 3
66200 4
66201 0
66202 1
66203 3
66204 0
66205 3
66206 0
66207 3
66208 1
66209 2
66210 1
66211 2
66212 3
66213 2
66214 3
66215 2
66216 2
66217 2
66218 1
66219 3
66220 3
66221 2
66222 3
66223 0
66224 2
66225 1
66226 1
66227 3
66228 5
66229 1
66230 0
66231 3
66232 2
66233 3
66234 2
66235 0
66236 1
66237 1
66238 1
66239 2
66240 1
66241 1
66242 1
66243 3
66244 3
66245 1
66246 3
66247 3
66248 3
66249 0
66250 4
66251 2
66252 2
66253 1
66254 2
66255 1
66256 1
66257 2
66258 4
66259 1
66260 3
66261 3
66262 2
66263 1
66264 0
66265 3
66266 1
66267 0
66268 3
66269 1
66270 3
66271 0
66272 2
66273 1
66274 3
66275 1
66276 2
66277 2
66278 4
66279 2
66280 3
66281 1
66282 3
66283 2
66284 0
66285 2
66286 0
66287 4
66288 2
66289 0
66290 3
66291 3
66292 4
66293 3
66294 2
66295 3
66296 2
66297 1
66298 4
66299 2
66300 1
66301 0
66302 1
66303 3
66304 1
66305 1
66306 2
66307 2
66308 0
66309 2
66310 1
66311 0
66312 3
66313 2
66314 2
66315 0
66316 3
66317 3
66318 1
66319 0
66320 2
66321 1
66322 2
66323 3
66324 2
66325 2
66326 2
66327 1
66328 2
66329 3
66330 3
66331 3
66332 0
66333 3
66334 1
66335 1
66336 1
66337 0
66338 3
66339 0
66340 3
66341 1
66342 2
66343 0
66344 0
66345 4
66346 1
66347 3
66348 0
66349 3
66350 3
66351 2
66352 0
66353 1
66354 3
66355 0
66356 3
66357 5
66358 2
66359 2
66360 0
66361 5
66362 2
66363 3
66364 3
66365 0
66366 3
66367 1
66368 0
66369 2
66370 1
66371 2
66372 1
66373 0
66374 2
66375 0
66376 1
66377 3
66378 5
66379 2
66380 2
66381 2
66382 1
66383 3
66384 1
66385 2
66386 2
66387 4
66388 1
66389 0
66390 1
66391 1
66392 0
66393 0
66394 1
66395 2
66396 4
66397 1
66398 4
66399 3
66400 1
66401 2
66402 2
66403 1
66404 0
66405 0
66406 3
66407 2
66408 3
66409 3
66410 1
66411 1
66412 1
66413 2
66414 0
66415 4
66416 4
66417 1
66418 0
66419 3
66420 4
66421 1
66422 1
66423 2
66424 4
66425 1
66426 3
66427 0
66428 2
66429 2
66430 2
66431 1
66432 3
66433 4
66434 2
66435 2
66436 1
66437 0
66438 2
66439 2
66440 3
66441 1
66442 0
66443 1
66444 1
66445 3
66446 2
66447 3
66448 2
66449 3
66450 0
66451 1
66452 1
66453 1
66454 2
66455 3
66456 4
66457 2
66458 4
66459 2
66460 1
66461 4
66462 3
66463 1
66464 2
66465 0
66466 3
66467 1
66468 3
66469 3
66470 1
66471 0
66472 2
66473 2
66474 0
66475 2
66476 2
66477 1
66478 3
66479 1
66480 3
66481 2
66482 4
66483 0
66484 2
66485 3
66486 1
66487 2
66488 1
66489 5
66490 1
66491 4
66492 2
66493 1
66494 1
66495 3
66496 2
66497 2
66498 3
66499 0
66500 3
66501 2
66502 2
66503 2
66504 2
66505 3
66506 3
66507 3
66508 1
66509 2
66510 2
66511 3
66512 2
66513 0
66514 1
66515 1
66516 1
66517 2
66518 1
66519 3
66520 3
66521 2
66522 0
66523 3
66524 0
66525 1
66526 0
66527 0
66528 3
66529 2
66530 2
66531 2
66532 2
66533 4
66534 4
66535 0
66536 0
66537 3
66538 0
66539 3
66540 1
66541 2
66542 3
66543 1
66544 0
66545 0
66546 1
66547 0
66548 3
66549 1
66550 0
66551 2
66552 3
66553 0
66554 2
66555 3
66556 1
66557 4
66558 1
66559 3
66560 2
66561 0
66562 3
66563 2
66564 0
66565 1
66566 0
66567 2
66568 1
66569 3
66570 4
66571 1
66572 3
66573 3
66574 3
66575 2
66576 0
66577 2
66578 3
66579 2
66580 4
66581 2
66582 2
66583 1
66584 2
66585 0
66586 1
66587 2
66588 1
66589 2
66590 3
66591 2
66592 1
66593 2
66594 1
66595 0
66596 1
66597 0
66598 1
66599 2
66600 1
66601 1
66602 3
66603 0
66604 4
66605 3
66606 2
66607 3
66608 0
66609 1
66610 0
66611 2
66612 2
66613 3
66614 1
66615 0
66616 1
66617 3
66618 3
66619 3
66620 2
66621 2
66622 0
66623 4
66624 3
66625 2
66626 0
66627 1
66628 1
66629 3
66630 2
66631 2
66632 1
66633 2
66634 0
66635 1
66636 2
66637 1
66638 0
66639 0
66640 0
66641 2
66642 1
66643 2
66644 2
66645 0
66646 3
66647 0
66648 3
66649 3
66650 1
66651 3
66652 2
66653 1
66654 2
66655 2
66656 1
66657 1
66658 2
66659 1
66660 0
66661 0
66662 0
66663 2
66664 2
66665 3
66666 4
66667 2
66668 2
66669 2
66670 1
66671 4
66672 4
66673 3
66674 4
66675 0
66676 3
66677 0
66678 2
66679 0
66680 3
66681 2
66682 3
66683 2
66684 2
66685 3
66686 0
66687 4
66688 1
66689 1
66690 2
66691 2
66692 1
66693 2
66694 0
66695 3
66696 2
66697 0
66698 2
66699 1
66700 3
66701 0
66702 4
66703 3
66704 1
66705 4
66706 0
66707 2
66708 1
66709 0
66710 2
66711 3
66712 3
66713 1
66714 2
66715 3
66716 4
66717 3
66718 1
66719 2
66720 3
66721 3
66722 1
66723 2
66724 2
66725 3
66726 3
66727 4
66728 0
66729 1
66730 2
66731 1
66732 3
66733 0
66734 4
66735 4
66736 4
66737 2
66738 1
66739 4
66740 0
66741 2
66742 0
66743 3
66744 0
66745 1
66746 0
66747 2
66748 0
66749 1
66750 2
66751 1
66752 2
66753 1
66754 0
66755 3
66756 2
66757 0
66758 1
66759 4
66760 0
66761 0
66762 0
66763 2
66764 2
66765 3
66766 2
66767 0
66768 2
66769 0
66770 2
66771 0
66772 2
66773 4
66774 4
66775 0
66776 3
66777 0
66778 1
66779 2
66780 0
66781 3
66782 1
66783 1
66784 3
66785 4
66786 3
66787 2
66788 2
66789 2
66790 1
66791 2
66792 2
66793 0
66794 3
66795 1
66796 2
66797 1
66798 2
66799 2
66800 3
66801 3
66802 3
66803 0
66804 1
66805 2
66806 3
66807 0
66808 1
66809 2
66810 0
66811 2
66812 0
66813 3
66814 1
66815 0
66816 1
66817 0
66818 0
66819 2
66820 4
66821 2
66822 0
66823 4
66824 2
66825 0
66826 2
66827 2
66828 3
66829 2
66830 4
66831 3
66832 1
66833 0
66834 2
66835 3
66836 2
66837 3
66838 3
66839 3
66840 2
66841 2
66842 0
66843 1
66844 1
66845 3
66846 4
66847 4
66848 1
66849 2
66850 0
66851 2
66852 3
66853 3
66854 2
66855 3
66856 1
66857 3
66858 4
66859 3
66860 3
66861 1
66862 0
66863 3
66864 4
66865 3
66866 2
66867 1
66868 2
66869 1
66870 1
66871 0
66872 3
66873 0
66874 2
66875 1
66876 1
66877 3
66878 3
66879 1
66880 1
66881 2
66882 2
66883 0
66884 0
66885 3
66886 0
66887 2
66888 1
66889 1
66890 4
66891 3
66892 1
66893 0
66894 3
66895 1
66896 2
66897 4
66898 0
66899 1
66900 0
66901 2
66902 4
66903 3
66904 2
66905 3
66906 1
66907 1
66908 2
66909 2
66910 1
66911 3
66912 0
66913 0
66914 3
66915 1
66916 3
66917 0
66918 3
66919 0
66920 3
66921 0
66922 3
66923 1
66924 0
66925 2
66926 0
66927 3
66928 4
66929 4
66930 2
66931 3
66932 2
66933 1
66934 0
66935 3
66936 2
66937 0
66938 1
66939 1
66940 1
66941 2
66942 2
66943 0
66944 1
66945 4
66946 3
66947 0
66948 4
66949 0
66950 2
66951 0
66952 1
66953 1
66954 1
66955 0
66956 0
66957 3
66958 1
66959 2
66960 2
66961 2
66962 3
66963 1
66964 4
66965 3
66966 0
66967 2
66968 4
66969 1
66970 0
66971 1
66972 2
66973 2
66974 0
66975 2
66976 1
66977 0
66978 0
66979 4
66980 2
66981 1
66982 4
66983 3
66984 2
66985 4
66986 2
66987 2
66988 0
66989 4
66990 0
66991 2
66992 2
66993 3
66994 3
66995 1
66996 4
66997 1
66998 2
66999 0
67000 1
67001 2
67002 3
67003 0
67004 1
67005 4
67006 4
67007 2
67008 3
67009 0
67010 3
67011 3
67012 2
67013 2
67014 2
67015 0
67016 2
67017 3
67018 1
67019 3
67020 4
67021 3
67022 4
67023 3
67024 4
67025 1
67026 1
67027 3
67028 1
67029 2
67030 1
67031 4
67032 3
67033 3
67034 3
67035 4
67036 1
67037 2
67038 3
67039 1
67040 2
67041 3
67042 5
67043 3
67044 1
67045 3
67046 0
67047 3
67048 1
67049 1
67050 3
67051 3
67052 3
67053 1
67054 1
67055 0
67056 1
67057 1
67058 0
67059 2
67060 2
67061 0
67062 2
67063 1
67064 0
67065 0
67066 3
67067 3
67068 2
67069 3
67070 3
67071 2
67072 3
67073 4
67074 1
67075 3
67076 1
67077 2
67078 4
67079 1
67080 0
67081 2
67082 0
67083 1
67084 1
67085 2
67086 1
67087 0
67088 1
67089 1
67090 1
67091 4
67092 1
67093 3
67094 1
67095 0
67096 4
67097 0
67098 2
67099 0
67100 2
67101 2
67102 0
67103 0
67104 4
67105 0
67106 3
67107 1
67108 3
67109 0
67110 0
67111 1
67112 1
67113 2
67114 0
67115 2
67116 2
67117 1
67118 0
67119 1
67120 3
67121 1
67122 3
67123 2
67124 1
67125 2
67126 3
67127 0
67128 2
67129 0
67130 2
67131 2
67132 1
67133 2
67134 1
67135 1
67136 1
67137 3
67138 1
67139 0
67140 2
67141 1
67142 3
67143 2
67144 2
67145 0
67146 2
67147 1
67148 1
67149 1
67150 3
67151 0
67152 1
67153 2
67154 0
67155 3
67156 3
67157 2
67158 2
67159 1
67160 0
67161 2
67162 3
67163 3
67164 1
67165 1
67166 3
67167 1
67168 0
67169 1
67170 0
67171 3
67172 3
67173 4
67174 3
67175 0
67176 2
67177 0
67178 1
67179 3
67180 3
67181 3
67182 4
67183 1
67184 2
67185 3
67186 1
67187 2
67188 3
67189 2
67190 2
67191 1
67192 0
67193 2
67194 3
67195 3
67196 2
67197 3
67198 0
67199 3
67200 2
67201 2
67202 1
67203 2
67204 3
67205 0
67206 2
67207 3
67208 0
67209 2
67210 3
67211 3
67212 1
67213 4
67214 0
67215 4
67216 0
67217 1
67218 1
67219 1
67220 3
67221 4
67222 2
67223 1
67224 1
67225 2
67226 0
67227 3
67228 3
67229 2
67230 2
67231 2
67232 2
67233 4
67234 1
67235 1
67236 3
67237 2
67238 1
67239 1
67240 3
67241 3
67242 0
67243 0
67244 3
67245 0
67246 3
67247 3
67248 1
67249 1
67250 2
67251 3
67252 3
67253 0
67254 1
67255 3
67256 1
67257 2
67258 0
67259 4
67260 0
67261 3
67262 0
67263 2
67264 1
67265 2
67266 3
67267 3
67268 0
67269 3
67270 3
67271 0
67272 2
67273 2
67274 0
67275 2
67276 2
67277 2
67278 1
67279 3
67280 0
67281 1
67282 2
67283 2
67284 2
67285 0
67286 0
67287 3
67288 3
67289 3
67290 5
67291 3
67292 1
67293 4
67294 0
67295 2
67296 1
67297 1
67298 0
67299 1
67300 3
67301 3
67302 1
67303 0
67304 0
67305 1
67306 1
67307 4
67308 0
67309 1
67310 0
67311 4
67312 0
67313 4
67314 0
67315 2
67316 0
67317 2
67318 2
67319 4
67320 0
67321 1
67322 0
67323 0
67324 2
67325 3
67326 2
67327 3
67328 1
67329 0
67330 2
67331 3
67332 3
67333 1
67334 0
67335 2
67336 3
67337 2
67338 1
67339 2
67340 1
67341 3
67342 1
67343 1
67344 3
67345 0
67346 2
67347 4
67348 1
67349 3
67350 1
67351 1
67352 3
67353 2
67354 3
67355 0
67356 1
67357 4
67358 4
67359 3
67360 3
67361 3
67362 0
67363 2
67364 1
67365 2
67366 0
67367 1
67368 1
67369 1
67370 0
67371 2
67372 0
67373 2
67374 1
67375 0
67376 4
67377 3
67378 3
67379 1
67380 0
67381 3
67382 1
67383 2
67384 4
67385 2
67386 1
67387 3
67388 2
67389 3
67390 0
67391 3
67392 2
67393 0
67394 1
67395 3
67396 1
67397 3
67398 4
67399 2
67400 3
67401 0
67402 1
67403 1
67404 2
67405 1
67406 0
67407 0
67408 3
67409 1
67410 0
67411 3
67412 2
67413 1
67414 1
67415 3
67416 2
67417 1
67418 1
67419 2
67420 1
67421 2
67422 1
67423 2
67424 0
67425 4
67426 1
67427 2
67428 2
67429 3
67430 1
67431 3
67432 2
67433 3
67434 0
67435 4
67436 2
67437 1
67438 4
67439 1
67440 2
67441 4
67442 3
67443 0
67444 0
67445 1
67446 1
67447 3
67448 0
67449 1
67450 3
67451 3
67452 0
67453 2
67454 4
67455 3
67456 2
67457 3
67458 3
67459 3
67460 3
67461 1
67462 2
67463 4
67464 0
67465 1
67466 0
67467 0
67468 0
67469 2
67470 2
67471 1
67472 0
67473 1
67474 1
67475 2
67476 2
67477 3
67478 0
67479 2
67480 0
67481 2
67482 1
67483 0
67484 1
67485 1
67486 4
67487 3
67488 3
67489 4
67490 3
67491 1
67492 2
67493 1
67494 5
67495 0
67496 4
67497 2
67498 3
67499 4
67500 1
67501 3
67502 0
67503 4
67504 1
67505 3
67506 3
67507 2
67508 2
67509 1
67510 0
67511 1
67512 3
67513 1
67514 1
67515 3
67516 4
67517 2
67518 4
67519 3
67520 3
67521 3
67522 2
67523 2
67524 3
67525 3
67526 1
67527 1
67528 3
67529 4
67530 2
67531 2
67532 2
67533 2
67534 3
67535 3
67536 1
67537 2
67538 3
67539 2
67540 1
67541 2
67542 0
67543 3
67544 2
67545 1
67546 2
67547 0
67548 3
67549 2
67550 2
67551 3
67552 1
67553 1
67554 2
67555 0
67556 3
67557 3
67558 2
67559 4
67560 2
67561 4
67562 1
67563 2
67564 2
67565 0
67566 3
67567 1
67568 2
67569 3
67570 0
67571 1
67572 1
67573 5
67574 2
67575 1
67576 3
67577 1
67578 0
67579 2
67580 1
67581 2
67582 2
67583 2
67584 2
67585 2
67586 2
67587 2
67588 3
67589 2
67590 1
67591 2
67592 1
67593 1
67594 2
67595 4
67596 4
67597 2
67598 0
67599 2
67600 2
67601 1
67602 2
67603 2
67604 4
67605 2
67606 3
67607 1
67608 1
67609 2
67610 2
67611 3
67612 4
67613 1
67614 0
67615 2
67616 2
67617 0
67618 2
67619 1
67620 3
67621 1
67622 3
67623 0
67624 3
67625 1
67626 2
67627 1
67628 1
67629 0
67630 2
67631 1
67632 2
67633 3
67634 3
67635 2
67636 2
67637 2
67638 2
67639 0
67640 0
67641 2
67642 0
67643 2
67644 3
67645 1
67646 1
67647 1
67648 2
67649 3
67650 3
67651 2
67652 1
67653 3
67654 1
67655 0
67656 3
67657 2
67658 1
67659 2
67660 1
67661 1
67662 2
67663 2
67664 1
67665 2
67666 0
67667 2
67668 0
67669 3
67670 0
67671 2
67672 0
67673 4
67674 3
67675 2
67676 2
67677 2
67678 3
67679 0
67680 3
67681 1
67682 1
67683 3
67684 2
67685 3
67686 2
67687 0
67688 2
67689 0
67690 1
67691 3
67692 2
67693 2
67694 3
67695 3
67696 1
67697 0
67698 2
67699 3
67700 4
67701 0
67702 4
67703 2
67704 0
67705 3
67706 2
67707 2
67708 2
67709 3
67710 1
67711 4
67712 2
67713 3
67714 3
67715 2
67716 4
67717 2
67718 3
67719 2
67720 1
67721 0
67722 0
67723 2
67724 1
67725 3
67726 2
67727 1
67728 3
67729 2
67730 2
67731 1
67732 1
67733 2
67734 0
67735 4
67736 2
67737 4
67738 1
67739 3
67740 3
67741 2
67742 2
67743 0
67744 3
67745 2
67746 2
67747 3
67748 2
67749 3
67750 0
67751 2
67752 4
67753 3
67754 2
67755 3
67756 3
67757 4
67758 1
67759 2
67760 2
67761 0
67762 0
67763 2
67764 2
67765 3
67766 3
67767 3
67768 2
67769 3
67770 1
67771 2
67772 0
67773 4
67774 4
67775 2
67776 1
67777 0
67778 3
67779 2
67780 0
67781 2
67782 1
67783 3
67784 2
67785 1
67786 1
67787 2
67788 2
67789 4
67790 2
67791 1
67792 4
67793 3
67794 2
67795 1
67796 3
67797 3
67798 0
67799 4
67800 0
67801 1
67802 2
67803 3
67804 4
67805 0
67806 1
67807 0
67808 3
67809 0
67810 0
67811 3
67812 2
67813 0
67814 3
67815 0
67816 0
67817 1
67818 0
67819 1
67820 3
67821 1
67822 0
67823 2
67824 3
67825 5
67826 2
67827 0
67828 2
67829 3
67830 1
67831 3
67832 1
67833 1
67834 4
67835 2
67836 0
67837 1
67838 2
67839 2
67840 3
67841 2
67842 2
67843 3
67844 3
67845 3
67846 2
67847 3
67848 0
67849 3
67850 3
67851 2
67852 1
67853 1
67854 3
67855 2
67856 2
67857 2
67858 3
67859 2
67860 4
67861 4
67862 2
67863 4
67864 0
67865 0
67866 1
67867 3
67868 3
67869 0
67870 2
67871 3
67872 0
67873 2
67874 2
67875 0
67876 1
67877 1
67878 4
67879 5
67880 3
67881 2
67882 3
67883 0
67884 2
67885 0
67886 0
67887 4
67888 2
67889 4
67890 3
67891 2
67892 0
67893 0
67894 1
67895 3
67896 3
67897 1
67898 5
67899 2
67900 1
67901 2
67902 1
67903 1
67904 1
67905 1
67906 0
67907 2
67908 3
67909 0
67910 1
67911 0
67912 2
67913 2
67914 3
67915 2
67916 1
67917 1
67918 0
67919 2
67920 2
67921 2
67922 0
67923 3
67924 3
67925 0
67926 0
67927 1
67928 3
67929 2
67930 1
67931 0
67932 4
67933 0
67934 2
67935 3
67936 1
67937 0
67938 3
67939 3
67940 2
67941 3
67942 4
67943 0
67944 0
67945 2
67946 1
67947 0
67948 2
67949 0
67950 2
67951 1
67952 2
67953 1
67954 4
67955 3
67956 3
67957 2
67958 1
67959 1
67960 2
67961 1
67962 2
67963 4
67964 3
67965 1
67966 1
67967 0
67968 1
67969 0
67970 4
67971 3
67972 3
67973 3
67974 1
67975 0
67976 3
67977 4
67978 0
67979 2
67980 2
67981 4
67982 0
67983 2
67984 2
67985 0
67986 3
67987 0
67988 1
67989 2
67990 2
67991 2
67992 1
67993 4
67994 4
67995 1
67996 2
67997 2
67998 3
67999 0
68000 0
68001 3
68002 3
68003 1
68004 2
68005 1
68006 0
68007 1
68008 1
68009 3
68010 3
68011 4
68012 1
68013 3
68014 4
68015 0
68016 2
68017 0
68018 0
68019 1
68020 2
68021 3
68022 3
68023 0
68024 0
68025 1
68026 3
68027 0
68028 0
68029 4
68030 3
68031 0
68032 0
68033 3
68034 0
68035 1
68036 2
68037 0
68038 0
68039 3
68040 4
68041 1
68042 0
68043 1
68044 1
68045 2
68046 2
68047 1
68048 0
68049 3
68050 0
68051 2
68052 1
68053 1
68054 0
68055 1
68056 0
68057 5
68058 1
68059 2
68060 3
68061 1
68062 2
68063 0
68064 1
68065 3
68066 1
68067 2
68068 0
68069 1
68070 4
68071 3
68072 1
68073 3
68074 1
68075 2
68076 0
68077 3
68078 4
68079 3
68080 2
68081 2
68082 1
68083 2
68084 4
68085 0
68086 1
68087 4
68088 0
68089 2
68090 2
68091 3
68092 4
68093 2
68094 1
68095 0
68096 1
68097 3
68098 3
68099 3
68100 3
68101 2
68102 2
68103 5
68104 2
68105 0
68106 0
68107 3
68108 0
68109 2
68110 1
68111 4
68112 2
68113 4
68114 4
68115 1
68116 3
68117 3
68118 2
68119 0
68120 2
68121 1
68122 5
68123 1
68124 2
68125 2
68126 1
68127 1
68128 1
68129 2
68130 1
68131 4
68132 3
68133 0
68134 4
68135 0
68136 2
68137 1
68138 1
68139 2
68140 2
68141 0
68142 3
68143 0
68144 3
68145 3
68146 4
68147 4
68148 3
68149 1
68150 1
68151 3
68152 1
68153 0
68154 1
68155 1
68156 0
68157 4
68158 4
68159 1
68160 3
68161 4
68162 3
68163 3
68164 3
68165 1
68166 0
68167 1
68168 2
68169 3
68170 2
68171 2
68172 3
68173 3
68174 0
68175 1
68176 0
68177 1
68178 3
68179 2
68180 2
68181 2
68182 1
68183 3
68184 2
68185 1
68186 2
68187 0
68188 0
68189 0
68190 2
68191 0
68192 3
68193 1
68194 4
68195 1
68196 4
68197 3
68198 3
68199 0
68200 1
68201 3
68202 2
68203 2
68204 2
68205 1
68206 2
68207 2
68208 0
68209 2
68210 3
68211 2
68212 1
68213 0
68214 2
68215 1
68216 2
68217 4
68218 3
68219 1
68220 2
68221 1
68222 0
68223 1
68224 4
68225 0
68226 2
68227 0
68228 2
68229 1
68230 0
68231 0
68232 1
68233 0
68234 2
68235 0
68236 0
68237 0
68238 2
68239 1
68240 2
68241 3
68242 2
68243 2
68244 3
68245 1
68246 1
68247 2
68248 4
68249 0
68250 1
68251 4
68252 4
68253 3
68254 4
68255 4
68256 3
68257 3
68258 3
68259 2
68260 4
68261 3
68262 2
68263 1
68264 1
68265 2
68266 4
68267 1
68268 1
68269 3
68270 0
68271 3
68272 2
68273 0
68274 1
68275 0
68276 1
68277 3
68278 2
68279 4
68280 3
68281 0
68282 2
68283 0
68284 2
68285 0
68286 2
68287 0
68288 1
68289 1
68290 0
68291 4
68292 2
68293 1
68294 4
68295 1
68296 3
68297 4
68298 1
68299 4
68300 1
68301 2
68302 1
68303 4
68304 4
68305 2
68306 3
68307 3
68308 3
68309 2
68310 1
68311 2
68312 1
68313 3
68314 1
68315 3
68316 1
68317 0
68318 0
68319 2
68320 2
68321 1
68322 0
68323 4
68324 0
68325 1
68326 3
68327 4
68328 1
68329 1
68330 1
68331 2
68332 1
68333 1
68334 3
68335 1
68336 2
68337 2
68338 0
68339 2
68340 2
68341 3
68342 2
68343 0
68344 1
68345 1
68346 3
68347 2
68348 2
68349 3
68350 2
68351 3
68352 1
68353 2
68354 2
68355 4
68356 3
68357 3
68358 3
68359 0
68360 2
68361 0
68362 0
68363 3
68364 1
68365 1
68366 3
68367 3
68368 0
68369 0
68370 1
68371 2
68372 0
68373 0
68374 1
68375 4
68376 3
68377 1
68378 2
68379 0
68380 3
68381 3
68382 3
68383 0
68384 2
68385 1
68386 2
68387 3
68388 1
68389 4
68390 4
68391 1
68392 0
68393 2
68394 2
68395 3
68396 1
68397 2
68398 3
68399 3
68400 2
68401 2
68402 2
68403 0
68404 3
68405 1
68406 0
68407 2
68408 3
68409 3
68410 2
68411 2
68412 3
68413 1
68414 2
68415 0
68416 1
68417 0
68418 2
68419 1
68420 2
68421 3
68422 2
68423 2
68424 3
68425 4
68426 1
68427 4
68428 1
68429 1
68430 0
68431 3
68432 0
68433 2
68434 3
68435 1
68436 0
68437 1
68438 1
68439 3
68440 1
68441 4
68442 2
68443 1
68444 1
68445 1
68446 0
68447 3
68448 3
68449 3
68450 2
68451 2
68452 1
68453 3
68454 3
68455 4
68456 0
68457 2
68458 2
68459 2
68460 0
68461 3
68462 2
68463 0
68464 2
68465 1
68466 1
68467 2
68468 3
68469 0
68470 2
68471 0
68472 1
68473 2
68474 1
68475 2
68476 0
68477 4
68478 2
68479 1
68480 2
68481 1
68482 3
68483 0
68484 2
68485 4
68486 2
68487 4
68488 1
68489 2
68490 2
68491 1
68492 0
68493 2
68494 3
68495 3
68496 3
68497 1
68498 1
68499 4
68500 3
68501 1
68502 0
68503 2
68504 1
68505 0
68506 2
68507 2
68508 1
68509 2
68510 1
68511 2
68512 2
68513 4
68514 3
68515 1
68516 4
68517 3
68518 0
68519 1
68520 0
68521 3
68522 0
68523 3
68524 0
68525 1
68526 1
68527 1
68528 0
68529 3
68530 1
68531 4
68532 3
68533 0
68534 2
68535 0
68536 3
68537 5
68538 1
68539 0
68540 0
68541 2
68542 0
68543 2
68544 3
68545 0
68546 1
68547 1
68548 2
68549 3
68550 2
68551 2
68552 2
68553 1
68554 3
68555 2
68556 1
68557 3
68558 4
68559 0
68560 3
68561 1
68562 2
68563 1
68564 1
68565 2
68566 4
68567 0
68568 1
68569 3
68570 1
68571 0
68572 0
68573 0
68574 3
68575 2
68576 3
68577 1
68578 2
68579 1
68580 0
68581 1
68582 0
68583 3
68584 1
68585 2
68586 1
68587 1
68588 0
68589 1
68590 1
68591 1
68592 3
68593 0
68594 1
68595 1
68596 4
68597 2
68598 2
68599 2
68600 0
68601 2
68602 0
68603 3
68604 2
68605 4
68606 4
68607 2
68608 4
68609 0
68610 0
68611 1
68612 3
68613 0
68614 4
68615 0
68616 0
68617 0
68618 3
68619 2
68620 3
68621 0
68622 0
68623 4
68624 1
68625 3
68626 2
68627 2
68628 2
68629 1
68630 1
68631 2
68632 1
68633 2
68634 3
68635 3
68636 0
68637 2
68638 0
68639 2
68640 4
68641 1
68642 3
68643 1
68644 3
68645 0
68646 3
68647 3
68648 3
68649 0
68650 3
68651 1
68652 1
68653 0
68654 1
68655 2
68656 0
68657 2
68658 3
68659 3
68660 1
68661 4
68662 3
68663 2
68664 0
68665 1
68666 3
68667 2
68668 2
68669 2
68670 0
68671 3
68672 1
68673 3
68674 1
68675 2
68676 1
68677 2
68678 4
68679 3
68680 1
68681 4
68682 2
68683 2
68684 2
68685 2
68686 3
68687 2
68688 3
68689 1
68690 1
68691 1
68692 1
68693 2
68694 1
68695 1
68696 2
68697 2
68698 2
68699 0
68700 3
68701 1
68702 4
68703 4
68704 2
68705 1
68706 0
68707 2
68708 2
68709 4
68710 4
68711 2
68712 2
68713 3
68714 0
68715 3
68716 2
68717 1
68718 3
68719 4
68720 0
68721 2
68722 2
68723 3
68724 3
68725 2
68726 1
68727 2
68728 2
68729 1
68730 2
68731 1
68732 2
68733 3
68734 1
68735 0
68736 1
68737 3
68738 3
68739 0
68740 2
68741 0
68742 3
68743 1
68744 1
68745 2
68746 3
68747 1
68748 0
68749 3
68750 0
68751 2
68752 3
68753 0
68754 1
68755 3
68756 2
68757 2
68758 4
68759 2
68760 1
68761 0
68762 2
68763 3
68764 0
68765 2
68766 2
68767 2
68768 2
68769 2
68770 2
68771 1
68772 3
68773 2
68774 2
68775 0
68776 3
68777 2
68778 2
68779 0
68780 3
68781 2
68782 2
68783 2
68784 4
68785 2
68786 0
68787 0
68788 2
68789 0
68790 2
68791 0
68792 2
68793 4
68794 0
68795 0
68796 2
68797 2
68798 4
68799 2
68800 2
68801 2
68802 2
68803 0
68804 0
68805 2
68806 2
68807 3
68808 1
68809 1
68810 5
68811 3
68812 1
68813 0
68814 2
68815 0
68816 1
68817 2
68818 2
68819 3
68820 0
68821 1
68822 4
68823 0
68824 1
68825 1
68826 0
68827 2
68828 3
68829 3
68830 3
68831 2
68832 4
68833 2
68834 2
68835 1
68836 1
68837 2
68838 2
68839 1
68840 3
68841 3
68842 1
68843 4
68844 1
68845 2
68846 3
68847 3
68848 4
68849 1
68850 3
68851 1
68852 3
68853 1
68854 2
68855 3
68856 3
68857 3
68858 3
68859 4
68860 1
68861 2
68862 1
68863 0
68864 4
68865 4
68866 2
68867 2
68868 3
68869 3
68870 1
68871 0
68872 0
68873 1
68874 2
68875 1
68876 3
68877 4
68878 1
68879 2
68880 2
68881 2
68882 1
68883 1
68884 1
68885 3
68886 1
68887 1
68888 4
68889 1
68890 3
68891 3
68892 3
68893 2
68894 1
68895 0
68896 1
68897 3
68898 3
68899 2
68900 0
68901 3
68902 2
68903 3
68904 4
68905 1
68906 4
68907 2
68908 2
68909 3
68910 2
68911 4
68912 3
68913 0
68914 2
68915 2
68916 4
68917 4
68918 0
68919 1
68920 3
68921 0
68922 3
68923 0
68924 3
68925 3
68926 1
68927 1
68928 4
68929 1
68930 0
68931 1
68932 1
68933 1
68934 4
68935 2
68936 1
68937 4
68938 2
68939 3
68940 0
68941 4
68942 0
68943 2
68944 2
68945 3
68946 0
68947 1
68948 3
68949 0
68950 2
68951 2
68952 2
68953 2
68954 3
68955 4
68956 4
68957 3
68958 2
68959 2
68960 3
68961 0
68962 1
68963 1
68964 2
68965 0
68966 2
68967 1
68968 3
68969 2
68970 1
68971 2
68972 1
68973 3
68974 3
68975 2
68976 0
68977 0
68978 2
68979 2
68980 0
68981 0
68982 3
68983 1
68984 1
68985 0
68986 2
68987 1
68988 0
68989 3
68990 3
68991 0
68992 1
68993 4
68994 1
68995 2
68996 1
68997 1
68998 0
68999 2
69000 4
69001 3
69002 2
69003 0
69004 0
69005 1
69006 4
69007 2
69008 2
69009 0
69010 3
69011 2
69012 0
69013 2
69014 1
69015 2
69016 3
69017 2
69018 1
69019 3
69020 2
69021 1
69022 1
69023 4
69024 2
69025 4
69026 1
69027 1
69028 3
69029 0
69030 0
69031 1
69032 2
69033 3
69034 2
69035 1
69036 0
69037 0
69038 0
69039 2
69040 0
69041 4
69042 1
69043 1
69044 3
69045 1
69046 0
69047 3
69048 2
69049 0
69050 3
69051 0
69052 1
69053 3
69054 3
69055 0
69056 2
69057 3
69058 0
69059 1
69060 2
69061 2
69062 2
69063 1
69064 0
69065 0
69066 3
69067 1
69068 0
69069 1
69070 4
69071 2
69072 3
69073 0
69074 0
69075 3
69076 2
69077 0
69078 2
69079 2
69080 2
69081 0
69082 1
69083 1
69084 1
69085 0
69086 0
69087 1
69088 0
69089 3
69090 4
69091 4
69092 2
69093 0
69094 1
69095 1
69096 0
69097 2
69098 1
69099 3
69100 2
69101 3
69102 5
69103 3
69104 0
69105 0
69106 1
69107 1
69108 3
69109 2
69110 1
69111 2
69112 2
69113 1
69114 3
69115 1
69116 1
69117 1
69118 3
69119 3
69120 0
69121 2
69122 0
69123 3
69124 2
69125 0
69126 2
69127 0
69128 1
69129 3
69130 3
69131 3
69132 1
69133 2
69134 2
69135 3
69136 1
69137 3
69138 1
69139 3
69140 3
69141 2
69142 1
69143 3
69144 2
69145 1
69146 3
69147 5
69148 3
69149 1
69150 1
69151 1
69152 3
69153 1
69154 1
69155 2
69156 0
69157 3
69158 2
69159 3
69160 5
69161 0
69162 0
69163 4
69164 3
69165 2
69166 0
69167 4
69168 0
69169 2
69170 1
69171 3
69172 3
69173 1
69174 3
69175 3
69176 4
69177 2
69178 1
69179 1
69180 1
69181 3
69182 0
69183 2
69184 3
69185 2
69186 4
69187 3
69188 5
69189 4
69190 2
69191 0
69192 5
69193 4
69194 4
69195 1
69196 0
69197 1
69198 1
69199 4
69200 0
69201 0
69202 2
69203 1
69204 4
69205 2
69206 3
69207 1
69208 2
69209 2
69210 3
69211 2
69212 3
69213 1
69214 2
69215 1
69216 3
69217 2
69218 3
69219 3
69220 0
69221 3
69222 3
69223 4
69224 3
69225 0
69226 2
69227 3
69228 2
69229 2
69230 3
69231 0
69232 3
69233 3
69234 2
69235 1
69236 2
69237 2
69238 0
69239 2
69240 1
69241 2
69242 2
69243 3
69244 3
69245 3
69246 2
69247 1
69248 4
69249 4
69250 1
69251 3
69252 2
69253 3
69254 1
69255 1
69256 1
69257 0
69258 4
69259 1
69260 1
69261 3
69262 0
69263 2
69264 3
69265 3
69266 0
69267 3
69268 0
69269 2
69270 2
69271 1
69272 4
69273 3
69274 1
69275 2
69276 2
69277 3
69278 3
69279 2
69280 2
69281 2
69282 3
69283 1
69284 2
69285 1
69286 0
69287 3
69288 3
69289 2
69290 0
69291 2
69292 2
69293 3
69294 3
69295 4
69296 2
69297 2
69298 3
69299 3
69300 4
69301 3
69302 0
69303 2
69304 3
69305 3
69306 2
69307 4
69308 3
69309 3
69310 3
69311 4
69312 2
69313 0
69314 0
69315 1
69316 3
69317 3
69318 4
69319 1
69320 3
69321 2
69322 3
69323 0
69324 3
69325 3
69326 1
69327 2
69328 0
69329 4
69330 4
69331 4
69332 3
69333 0
69334 0
69335 1
69336 2
69337 3
69338 3
69339 3
69340 1
69341 2
69342 1
69343 4
69344 2
69345 3
69346 1
69347 1
69348 2
69349 3
69350 1
69351 0
69352 3
69353 2
69354 2
69355 4
69356 0
69357 3
69358 3
69359 3
69360 2
69361 3
69362 0
69363 1
69364 0
69365 1
69366 4
69367 3
69368 3
69369 4
69370 4
69371 1
69372 1
69373 3
69374 2
69375 2
69376 0
69377 0
69378 3
69379 1
69380 1
69381 1
69382 3
69383 0
69384 0
69385 2
69386 2
69387 3
69388 1
69389 2
69390 3
69391 1
69392 0
69393 4
69394 2
69395 2
69396 0
69397 3
69398 4
69399 2
69400 3
69401 1
69402 1
69403 0
69404 3
69405 2
69406 3
69407 1
69408 0
69409 1
69410 0
69411 0
69412 0
69413 1
69414 3
69415 0
69416 2
69417 2
69418 2
69419 3
69420 1
69421 3
69422 0
69423 3
69424 0
69425 2
69426 0
69427 1
69428 1
69429 4
69430 0
69431 1
69432 3
69433 3
69434 3
69435 0
69436 2
69437 0
69438 2
69439 3
69440 3
69441 1
69442 1
69443 2
69444 2
69445 3
69446 3
69447 1
69448 1
69449 3
69450 3
69451 4
69452 2
69453 3
69454 3
69455 3
69456 2
69457 0
69458 3
69459 1
69460 2
69461 2
69462 4
69463 1
69464 0
69465 2
69466 4
69467 0
69468 2
69469 0
69470 2
69471 4
69472 3
69473 0
69474 2
69475 1
69476 2
69477 3
69478 1
69479 1
69480 2
69481 0
69482 1
69483 1
69484 1
69485 1
69486 1
69487 2
69488 3
69489 5
69490 2
69491 0
69492 2
69493 3
69494 2
69495 2
69496 3
69497 1
69498 2
69499 2
69500 0
69501 1
69502 0
69503 0
69504 3
69505 1
69506 0
69507 1
69508 2
69509 2
69510 4
69511 2
69512 0
69513 4
69514 2
69515 2
69516 3
69517 0
69518 2
69519 1
69520 2
69521 0
69522 2
69523 1
69524 3
69525 2
69526 4
69527 2
69528 2
69529 1
69530 1
69531 2
69532 1
69533 3
69534 2
69535 4
69536 2
69537 0
69538 2
69539 2
69540 1
69541 4
69542 4
69543 3
69544 0
69545 2
69546 0
69547 3
69548 0
69549 1
69550 1
69551 1
69552 2
69553 4
69554 0
69555 1
69556 2
69557 3
69558 4
69559 4
69560 2
69561 1
69562 1
69563 1
69564 2
69565 3
69566 4
69567 3
69568 1
69569 2
69570 1
69571 0
69572 3
69573 4
69574 3
69575 1
69576 3
69577 3
69578 2
69579 2
69580 2
69581 1
69582 3
69583 1
69584 1
69585 1
69586 4
69587 4
69588 2
69589 1
69590 4
69591 0
69592 2
69593 2
69594 2
69595 4
69596 1
69597 1
69598 1
69599 1
69600 2
69601 0
69602 4
69603 0
69604 0
69605 0
69606 4
69607 1
69608 3
69609 3
69610 1
69611 0
69612 0
69613 3
69614 2
69615 3
69616 2
69617 2
69618 2
69619 1
69620 3
69621 1
69622 0
69623 2
69624 2
69625 0
69626 0
69627 0
69628 3
69629 1
69630 4
69631 1
69632 3
69633 3
69634 4
69635 0
69636 3
69637 1
69638 2
69639 4
69640 0
69641 3
69642 4
69643 0
69644 2
69645 0
69646 4
69647 2
69648 4
69649 3
69650 1
69651 3
69652 1
69653 3
69654 2
69655 2
69656 0
69657 4
69658 2
69659 0
69660 3
69661 2
69662 2
69663 2
69664 2
69665 3
69666 0
69667 0
69668 2
69669 3
69670 0
69671 1
69672 2
69673 5
69674 3
69675 1
69676 0
69677 4
69678 2
69679 3
69680 1
69681 2
69682 4
69683 3
69684 2
69685 3
69686 0
69687 2
69688 1
69689 3
69690 1
69691 2
69692 3
69693 3
69694 3
69695 1
69696 3
69697 4
69698 1
69699 2
69700 0
69701 1
69702 3
69703 3
69704 3
69705 0
69706 2
69707 4
69708 1
69709 2
69710 0
69711 2
69712 3
69713 3
69714 3
69715 1
69716 4
69717 1
69718 0
69719 3
69720 0
69721 2
69722 1
69723 3
69724 3
69725 0
69726 1
69727 0
69728 2
69729 2
69730 1
69731 4
69732 4
69733 2
69734 1
69735 2
69736 2
69737 1
69738 3
69739 0
69740 3
69741 1
69742 2
69743 2
69744 1
69745 4
69746 3
69747 2
69748 2
69749 0
69750 3
69751 0
69752 2
69753 2
69754 1
69755 2
69756 1
69757 4
69758 1
69759 4
69760 2
69761 4
69762 1
69763 3
69764 0
69765 0
69766 2
69767 4
69768 1
69769 3
69770 3
69771 1
69772 0
69773 0
69774 1
69775 0
69776 1
69777 2
69778 4
69779 1
69780 0
69781 2
69782 0
69783 1
69784 2
69785 2
69786 1
69787 2
69788 3
69789 2
69790 1
69791 2
69792 1
69793 1
69794 3
69795 0
69796 3
69797 3
69798 0
69799 0
69800 2
69801 2
69802 3
69803 0
69804 0
69805 0
69806 0
69807 2
69808 0
69809 1
69810 3
69811 0
69812 3
69813 3
69814 1
69815 1
69816 3
69817 2
69818 1
69819 1
69820 0
69821 2
69822 2
69823 2
69824 3
69825 1
69826 0
69827 4
69828 3
69829 3
69830 1
69831 1
69832 3
69833 1
69834 0
69835 2
69836 2
69837 0
69838 0
69839 2
69840 3
69841 0
69842 1
69843 0
69844 2
69845 2
69846 1
69847 1
69848 4
69849 4
69850 2
69851 3
69852 1
69853 2
69854 2
69855 2
69856 1
69857 2
69858 3
69859 3
69860 3
69861 3
69862 2
69863 1
69864 0
69865 3
69866 4
69867 4
69868 3
69869 2
69870 1
69871 3
69872 0
69873 1
69874 0
69875 0
69876 0
69877 4
69878 1
69879 2
69880 2
69881 2
69882 1
69883 3
69884 2
69885 2
69886 0
69887 0
69888 2
69889 3
69890 2
69891 0
69892 2
69893 1
69894 4
69895 0
69896 1
69897 0
69898 0
69899 3
69900 2
69901 2
69902 0
69903 2
69904 4
69905 2
69906 2
69907 0
69908 1
69909 1
69910 2
69911 4
69912 2
69913 0
69914 2
69915 3
69916 2
69917 2
69918 0
69919 4
69920 0
69921 1
69922 0
69923 4
69924 3
69925 1
69926 0
69927 2
69928 3
69929 2
69930 1
69931 0
69932 2
69933 2
69934 2
69935 1
69936 2
69937 0
69938 4
69939 0
69940 1
69941 3
69942 4
69943 2
69944 4
69945 3
69946 5
69947 3
69948 0
69949 1
69950 1
69951 0
69952 0
69953 2
69954 2
69955 3
69956 1
69957 1
69958 3
69959 4
69960 0
69961 1
69962 1
69963 1
69964 3
69965 4
69966 0
69967 1
69968 0
69969 0
69970 0
69971 2
69972 0
69973 3
69974 4
69975 0
69976 3
69977 3
69978 2
69979 2
69980 4
69981 2
69982 1
69983 4
69984 4
69985 3
69986 3
69987 0
69988 3
69989 0
69990 4
69991 1
69992 2
69993 4
69994 2
69995 0
69996 2
69997 0
69998 3
69999 4
70000 1
70001 3
70002 3
70003 2
70004 0
70005 0
70006 0
70007 1
70008 3
70009 5
70010 3
70011 0
70012 2
70013 2
70014 3
70015 3
70016 3
70017 0
70018 1
70019 1
70020 1
70021 2
70022 1
70023 0
70024 1
70025 2
70026 2
70027 2
70028 3
70029 5
70030 2
70031 2
70032 0
70033 2
70034 2
70035 4
70036 2
70037 0
70038 1
70039 3
70040 2
70041 4
70042 1
70043 3
70044 1
70045 1
70046 3
70047 1
70048 3
70049 3
70050 4
70051 1
70052 0
70053 4
70054 4
70055 3
70056 1
70057 2
70058 3
70059 3
70060 1
70061 2
70062 4
70063 0
70064 1
70065 2
70066 3
70067 2
70068 3
70069 3
70070 0
70071 2
70072 0
70073 2
70074 2
70075 1
70076 2
70077 3
70078 3
70079 1
70080 3
70081 3
70082 0
70083 1
70084 2
70085 0
70086 2
70087 1
70088 2
70089 2
70090 0
70091 3
70092 3
70093 1
70094 1
70095 0
70096 2
70097 3
70098 3
70099 1
70100 1
70101 4
70102 1
70103 2
70104 3
70105 5
70106 2
70107 3
70108 3
70109 0
70110 2
70111 4
70112 3
70113 2
70114 1
70115 3
70116 2
70117 0
70118 1
70119 2
70120 2
70121 2
70122 2
70123 0
70124 2
70125 3
70126 4
70127 2
70128 3
70129 3
70130 1
70131 1
70132 0
70133 1
70134 3
70135 0
70136 3
70137 1
70138 0
70139 0
70140 3
70141 0
70142 3
70143 1
70144 3
70145 2
70146 2
70147 3
70148 2
70149 1
70150 3
70151 1
70152 2
70153 0
70154 3
70155 1
70156 2
70157 4
70158 1
70159 1
70160 0
70161 1
70162 2
70163 3
70164 0
70165 4
70166 2
70167 0
70168 2
70169 0
70170 2
70171 0
70172 3
70173 4
70174 0
70175 2
70176 0
70177 2
70178 3
70179 0
70180 0
70181 2
70182 1
70183 3
70184 1
70185 2
70186 0
70187 2
70188 3
70189 0
70190 2
70191 1
70192 3
70193 2
70194 3
70195 0
70196 3
70197 0
70198 1
70199 0
70200 3
70201 1
70202 4
70203 3
70204 2
70205 0
70206 2
70207 3
70208 3
70209 2
70210 2
70211 4
70212 2
70213 0
70214 1
70215 4
70216 3
70217 4
70218 0
70219 0
70220 5
70221 2
70222 3
70223 2
70224 3
70225 4
70226 1
70227 2
70228 1
70229 3
70230 1
70231 3
70232 3
70233 4
70234 3
70235 3
70236 4
70237 3
70238 3
70239 2
70240 0
70241 4
70242 1
70243 1
70244 0
70245 1
70246 3
70247 3
70248 2
70249 4
70250 3
70251 1
70252 4
70253 1
70254 2
70255 1
70256 1
70257 0
70258 3
70259 3
70260 2
70261 2
70262 3
70263 1
70264 1
70265 2
70266 3
70267 0
70268 4
70269 0
70270 2
70271 2
70272 1
70273 0
70274 2
70275 3
70276 2
70277 2
70278 0
70279 0
70280 4
70281 0
70282 3
70283 0
70284 0
70285 3
70286 4
70287 1
70288 2
70289 3
70290 1
70291 0
70292 3
70293 1
70294 1
70295 2
70296 3
70297 0
70298 1
70299 2
70300 1
70301 0
70302 3
70303 4
70304 0
70305 1
70306 1
70307 3
70308 3
70309 3
70310 1
70311 2
70312 0
70313 4
70314 0
70315 0
70316 3
70317 1
70318 0
70319 1
70320 1
70321 0
70322 1
70323 3
70324 1
70325 4
70326 3
70327 1
70328 4
70329 3
70330 1
70331 1
70332 4
70333 2
70334 1
70335 0
70336 0
70337 3
70338 0
70339 2
70340 2
70341 1
70342 3
70343 4
70344 3
70345 1
70346 3
70347 3
70348 3
70349 1
70350 3
70351 3
70352 1
70353 1
70354 0
70355 2
70356 2
70357 0
70358 0
70359 0
70360 0
70361 0
70362 1
70363 4
70364 3
70365 3
70366 3
70367 2
70368 1
70369 0
70370 4
70371 3
70372 2
70373 2
70374 0
70375 2
70376 4
70377 1
70378 1
70379 1
70380 3
70381 4
70382 3
70383 0
70384 2
70385 3
70386 2
70387 2
70388 3
70389 2
70390 2
70391 3
70392 1
70393 1
70394 1
70395 2
70396 1
70397 3
70398 2
70399 4
70400 4
70401 1
70402 0
70403 0
70404 1
70405 2
70406 1
70407 2
70408 0
70409 1
70410 0
70411 0
70412 0
70413 0
70414 3
70415 3
70416 0
70417 2
70418 2
70419 4
70420 0
70421 1
70422 2
70423 2
70424 1
70425 0
70426 3
70427 0
70428 0
70429 1
70430 3
70431 0
70432 3
70433 3
70434 2
70435 0
70436 1
70437 4
70438 1
70439 1
70440 2
70441 3
70442 2
70443 2
70444 1
70445 0
70446 1
70447 2
70448 0
70449 1
70450 2
70451 5
70452 1
70453 0
70454 1
70455 3
70456 1
70457 3
70458 4
70459 3
70460 0
70461 4
70462 2
70463 4
70464 0
70465 1
70466 1
70467 3
70468 2
70469 0
70470 0
70471 2
70472 3
70473 0
70474 2
70475 3
70476 3
70477 2
70478 1
70479 0
70480 2
70481 1
70482 2
70483 4
70484 3
70485 2
70486 1
70487 4
70488 3
70489 1
70490 0
70491 4
70492 2
70493 2
70494 3
70495 3
70496 2
70497 3
70498 3
70499 4
70500 0
70501 0
70502 4
70503 4
70504 3
70505 1
70506 4
70507 0
70508 1
70509 0
70510 3
70511 0
70512 3
70513 0
70514 2
70515 4
70516 2
70517 3
70518 1
70519 4
70520 1
70521 1
70522 3
70523 2
70524 2
70525 0
70526 3
70527 2
70528 0
70529 1
70530 2
70531 1
70532 2
70533 1
70534 1
70535 2
70536 0
70537 0
70538 3
70539 3
70540 2
70541 0
70542 0
70543 2
70544 2
70545 2
70546 3
70547 4
70548 1
70549 2
70550 3
70551 2
70552 0
70553 0
70554 1
70555 3
70556 4
70557 1
70558 2
70559 2
70560 2
70561 5
70562 1
70563 2
70564 0
70565 0
70566 1
70567 2
70568 3
70569 3
70570 3
70571 1
70572 3
70573 1
70574 0
70575 1
70576 1
70577 3
70578 0
70579 1
70580 0
70581 4
70582 2
70583 1
70584 0
70585 4
70586 1
70587 1
70588 0
70589 3
70590 2
70591 3
70592 4
70593 4
70594 1
70595 1
70596 1
70597 2
70598 1
70599 1
70600 3
70601 1
70602 2
70603 2
70604 2
70605 2
70606 1
70607 3
70608 1
70609 0
70610 2
70611 1
70612 0
70613 0
70614 4
70615 0
70616 1
70617 3
70618 3
70619 2
70620 3
70621 3
70622 2
70623 4
70624 4
70625 3
70626 2
70627 2
70628 1
70629 2
70630 1
70631 3
70632 2
70633 0
70634 1
70635 0
70636 4
70637 3
70638 3
70639 3
70640 4
70641 1
70642 4
70643 1
70644 2
70645 2
70646 1
70647 0
70648 0
70649 0
70650 1
70651 2
70652 2
70653 3
70654 0
70655 4
70656 4
70657 2
70658 3
70659 2
70660 1
70661 1
70662 2
70663 0
70664 0
70665 0
70666 0
70667 3
70668 2
70669 0
70670 3
70671 3
70672 3
70673 1
70674 0
70675 3
70676 1
70677 3
70678 0
70679 1
70680 1
70681 1
70682 0
70683 4
70684 3
70685 0
70686 1
70687 2
70688 2
70689 2
70690 0
70691 0
70692 0
70693 2
70694 1
70695 0
70696 3
70697 3
70698 1
70699 3
70700 4
70701 3
70702 2
70703 3
70704 0
70705 3
70706 0
70707 4
70708 0
70709 4
70710 3
70711 2
70712 4
70713 3
70714 0
70715 3
70716 1
70717 2
70718 0
70719 4
70720 3
70721 1
70722 0
70723 3
70724 2
70725 2
70726 1
70727 1
70728 2
70729 3
70730 3
70731 3
70732 1
70733 1
70734 3
70735 3
70736 3
70737 4
70738 1
70739 4
70740 1
70741 0
70742 1
70743 1
70744 3
70745 3
70746 0
70747 2
70748 3
70749 2
70750 1
70751 3
70752 1
70753 3
70754 1
70755 4
70756 4
70757 1
70758 4
70759 4
70760 1
70761 4
70762 3
70763 0
70764 3
70765 3
70766 3
70767 1
70768 0
70769 3
70770 3
70771 3
70772 3
70773 3
70774 3
70775 1
70776 0
70777 1
70778 4
70779 4
70780 1
70781 2
70782 3
70783 1
70784 4
70785 0
70786 0
70787 3
70788 3
70789 2
70790 2
70791 3
70792 1
70793 4
70794 0
70795 2
70796 2
70797 2
70798 4
70799 0
70800 0
70801 1
70802 3
70803 1
70804 2
70805 0
70806 1
70807 2
70808 5
70809 3
70810 3
70811 2
70812 3
70813 2
70814 3
70815 1
70816 1
70817 4
70818 1
70819 3
70820 2
70821 3
70822 4
70823 2
70824 0
70825 2
70826 3
70827 2
70828 2
70829 3
70830 4
70831 1
70832 1
70833 2
70834 2
70835 0
70836 4
70837 2
70838 3
70839 1
70840 0
70841 3
70842 3
70843 4
70844 0
70845 4
70846 3
70847 4
70848 0
70849 0
70850 0
70851 3
70852 0
70853 1
70854 2
70855 5
70856 4
70857 0
70858 4
70859 2
70860 5
70861 0
70862 2
70863 2
70864 3
70865 4
70866 3
70867 0
70868 3
70869 3
70870 1
70871 1
70872 2
70873 2
70874 2
70875 1
70876 0
70877 2
70878 3
70879 2
70880 0
70881 1
70882 3
70883 0
70884 1
70885 3
70886 1
70887 1
70888 3
70889 3
70890 3
70891 4
70892 0
70893 3
70894 1
70895 3
70896 1
70897 1
70898 0
70899 2
70900 3
70901 2
70902 1
70903 3
70904 3
70905 3
70906 4
70907 3
70908 2
70909 4
70910 2
70911 3
70912 2
70913 2
70914 1
70915 1
70916 3
70917 0
70918 3
70919 3
70920 3
70921 0
70922 1
70923 3
70924 3
70925 1
70926 3
70927 2
70928 2
70929 1
70930 0
70931 3
70932 2
70933 3
70934 3
70935 3
70936 0
70937 0
70938 0
70939 1
70940 3
70941 2
70942 1
70943 1
70944 3
70945 3
70946 2
70947 0
70948 0
70949 1
70950 3
70951 0
70952 1
70953 2
70954 2
70955 2
70956 1
70957 2
70958 0
70959 2
70960 0
70961 1
70962 0
70963 3
70964 3
70965 0
70966 3
70967 0
70968 1
70969 0
70970 0
70971 3
70972 3
70973 3
70974 1
70975 3
70976 2
70977 0
70978 1
70979 3
70980 4
70981 3
70982 1
70983 0
70984 2
70985 3
70986 3
70987 1
70988 0
70989 2
70990 0
70991 2
70992 0
70993 1
70994 3
70995 3
70996 1
70997 1
70998 2
70999 2
71000 1
71001 1
71002 3
71003 4
71004 2
71005 2
71006 4
71007 1
71008 0
71009 1
71010 4
71011 3
71012 4
71013 3
71014 2
71015 2
71016 1
71017 3
71018 3
71019 3
71020 4
71021 1
71022 2
71023 2
71024 0
71025 1
71026 2
71027 0
71028 0
71029 0
71030 0
71031 1
71032 3
71033 2
71034 0
71035 3
71036 4
71037 4
71038 2
71039 1
71040 1
71041 0
71042 1
71043 3
71044 0
71045 5
71046 4
71047 3
71048 0
71049 1
71050 3
71051 1
71052 0
71053 1
71054 1
71055 4
71056 3
71057 2
71058 0
71059 0
71060 3
71061 2
71062 2
71063 2
71064 1
71065 0
71066 3
71067 0
71068 1
71069 1
71070 2
71071 3
71072 2
71073 1
71074 1
71075 4
71076 0
71077 2
71078 0
71079 1
71080 0
71081 1
71082 1
71083 0
71084 2
71085 3
71086 1
71087 1
71088 0
71089 0
71090 0
71091 0
71092 2
71093 1
71094 0
71095 3
71096 2
71097 0
71098 2
71099 1
71100 1
71101 2
71102 0
71103 0
71104 2
71105 1
71106 1
71107 0
71108 0
71109 1
71110 4
71111 2
71112 2
71113 2
71114 0
71115 2
71116 1
71117 0
71118 1
71119 0
71120 4
71121 2
71122 4
71123 1
71124 1
71125 3
71126 1
71127 2
71128 0
71129 1
71130 4
71131 1
71132 1
71133 2
71134 1
71135 1
71136 2
71137 2
71138 2
71139 1
71140 2
71141 3
71142 3
71143 0
71144 2
71145 4
71146 0
71147 0
71148 1
71149 2
71150 1
71151 3
71152 2
71153 3
71154 1
71155 0
71156 2
71157 1
71158 1
71159 0
71160 0
71161 1
71162 3
71163 2
71164 2
71165 0
71166 2
71167 1
71168 2
71169 2
71170 4
71171 2
71172 2
71173 0
71174 0
71175 1
71176 2
71177 4
71178 0
71179 2
71180 1
71181 1
71182 4
71183 2
71184 3
71185 1
71186 3
71187 3
71188 1
71189 1
71190 4
71191 0
71192 0
71193 1
71194 5
71195 2
71196 3
71197 2
71198 3
71199 0
71200 1
71201 3
71202 3
71203 2
71204 1
71205 1
71206 1
71207 3
71208 2
71209 2
71210 1
71211 1
71212 0
71213 2
71214 4
71215 2
71216 4
71217 1
71218 3
71219 3
71220 0
71221 1
71222 2
71223 3
71224 2
71225 1
71226 1
71227 2
71228 2
71229 4
71230 2
71231 2
71232 1
71233 2
71234 1
71235 4
71236 1
71237 3
71238 0
71239 0
71240 2
71241 4
71242 3
71243 2
71244 2
71245 1
71246 2
71247 3
71248 1
71249 2
71250 3
71251 2
71252 4
71253 1
71254 0
71255 2
71256 3
71257 1
71258 4
71259 1
71260 1
71261 2
71262 2
71263 3
71264 2
71265 2
71266 2
71267 3
71268 3
71269 1
71270 1
71271 1
71272 4
71273 0
71274 1
71275 0
71276 4
71277 3
71278 4
71279 2
71280 2
71281 2
71282 2
71283 1
71284 2
71285 1
71286 2
71287 1
71288 0
71289 1
71290 2
71291 0
71292 1
71293 0
71294 2
71295 0
71296 2
71297 1
71298 1
71299 3
71300 0
71301 1
71302 3
71303 1
71304 3
71305 3
71306 1
71307 0
71308 2
71309 2
71310 2
71311 2
71312 1
71313 0
71314 3
71315 3
71316 3
71317 0
71318 1
71319 0
71320 3
71321 3
71322 1
71323 3
71324 1
71325 3
71326 1
71327 4
71328 1
71329 3
71330 0
71331 1
71332 0
71333 3
71334 2
71335 2
71336 0
71337 2
71338 2
71339 1
71340 3
71341 0
71342 1
71343 2
71344 1
71345 1
71346 1
71347 0
71348 3
71349 0
71350 3
71351 3
71352 2
71353 1
71354 2
71355 2
71356 1
71357 4
71358 2
71359 4
71360 3
71361 5
71362 5
71363 4
71364 4
71365 1
71366 2
71367 2
71368 1
71369 2
71370 3
71371 0
71372 2
71373 2
71374 3
71375 3
71376 2
71377 3
71378 5
71379 4
71380 3
71381 3
71382 2
71383 3
71384 1
71385 1
71386 4
71387 3
71388 0
71389 1
71390 4
71391 3
71392 3
71393 3
71394 0
71395 2
71396 2
71397 0
71398 3
71399 1
71400 1
71401 2
71402 1
71403 3
71404 2
71405 2
71406 0
71407 1
71408 0
71409 1
71410 2
71411 0
71412 0
71413 2
71414 0
71415 1
71416 1
71417 0
71418 0
71419 1
71420 2
71421 0
71422 0
71423 2
71424 1
71425 4
71426 3
71427 3
71428 2
71429 3
71430 2
71431 2
71432 3
71433 0
71434 3
71435 2
71436 0
71437 0
71438 4
71439 0
71440 3
71441 0
71442 4
71443 3
71444 3
71445 0
71446 0
71447 2
71448 4
71449 2
71450 4
71451 0
71452 2
71453 0
71454 0
71455 1
71456 3
71457 3
71458 3
71459 2
71460 1
71461 0
71462 0
71463 3
71464 2
71465 0
71466 0
71467 1
71468 0
71469 2
71470 4
71471 4
71472 5
71473 3
71474 3
71475 2
71476 4
71477 1
71478 2
71479 3
71480 2
71481 0
71482 3
71483 0
71484 1
71485 0
71486 3
71487 0
71488 2
71489 2
71490 1
71491 0
71492 1
71493 1
71494 1
71495 4
71496 2
71497 0
71498 0
71499 2
71500 1
71501 0
71502 1
71503 0
71504 0
71505 3
71506 1
71507 0
71508 2
71509 2
71510 2
71511 4
71512 2
71513 1
71514 0
71515 3
71516 1
71517 0
71518 2
71519 1
71520 0
71521 3
71522 2
71523 2
71524 4
71525 4
71526 0
71527 2
71528 3
71529 0
71530 1
71531 0
71532 0
71533 0
71534 0
71535 2
71536 2
71537 0
71538 1
71539 3
71540 1
71541 1
71542 3
71543 1
71544 0
71545 2
71546 0
71547 0
71548 4
71549 2
71550 0
71551 2
71552 2
71553 0
71554 1
71555 3
71556 2
71557 3
71558 2
71559 2
71560 0
71561 2
71562 0
71563 1
71564 1
71565 3
71566 2
71567 3
71568 1
71569 4
71570 2
71571 0
71572 4
71573 4
71574 2
71575 3
71576 1
71577 0
71578 3
71579 2
71580 0
71581 3
71582 2
71583 2
71584 2
71585 1
71586 4
71587 1
71588 3
71589 3
71590 0
71591 3
71592 1
71593 1
71594 0
71595 0
71596 1
71597 1
71598 2
71599 2
71600 0
71601 0
71602 3
71603 0
71604 4
71605 0
71606 1
71607 2
71608 2
71609 4
71610 1
71611 4
71612 3
71613 2
71614 2
71615 4
71616 3
71617 3
71618 2
71619 0
71620 0
71621 1
71622 0
71623 4
71624 4
71625 0
71626 0
71627 4
71628 1
71629 2
71630 0
71631 2
71632 1
71633 1
71634 1
71635 1
71636 1
71637 3
71638 2
71639 1
71640 2
71641 2
71642 3
71643 2
71644 1
71645 2
71646 1
71647 2
71648 2
71649 2
71650 1
71651 1
71652 2
71653 1
71654 0
71655 1
71656 0
71657 0
71658 4
71659 1
71660 2
71661 1
71662 3
71663 4
71664 2
71665 1
71666 0
71667 2
71668 1
71669 3
71670 2
71671 2
71672 2
71673 1
71674 1
71675 3
71676 3
71677 1
71678 2
71679 0
71680 1
71681 1
71682 3
71683 0
71684 2
71685 1
71686 2
71687 3
71688 3
71689 0
71690 0
71691 0
71692 2
71693 1
71694 0
71695 2
71696 5
71697 1
71698 2
71699 0
71700 2
71701 0
71702 2
71703 1
71704 2
71705 2
71706 2
71707 2
71708 1
71709 3
71710 0
71711 2
71712 2
71713 0
71714 2
71715 2
71716 1
71717 2
71718 0
71719 4
71720 0
71721 3
71722 2
71723 4
71724 2
71725 2
71726 0
71727 1
71728 0
71729 2
71730 3
71731 1
71732 0
71733 3
71734 1
71735 2
71736 2
71737 0
71738 0
71739 3
71740 4
71741 0
71742 4
71743 4
71744 1
71745 0
71746 1
71747 3
71748 2
71749 0
71750 2
71751 0
71752 4
71753 2
71754 4
71755 3
71756 3
71757 0
71758 0
71759 2
71760 3
71761 1
71762 4
71763 3
71764 2
71765 3
71766 2
71767 2
71768 1
71769 4
71770 4
71771 1
71772 0
71773 1
71774 0
71775 3
71776 3
71777 2
71778 1
71779 4
71780 0
71781 0
71782 1
71783 1
71784 1
71785 1
71786 2
71787 2
71788 3
71789 3
71790 0
71791 2
71792 1
71793 2
71794 2
71795 0
71796 4
71797 2
71798 0
71799 0
71800 0
71801 2
71802 2
71803 2
71804 2
71805 1
71806 3
71807 2
71808 3
71809 1
71810 3
71811 2
71812 1
71813 2
71814 0
71815 0
71816 0
71817 0
71818 0
71819 2
71820 1
71821 1
71822 3
71823 0
71824 4
71825 3
71826 0
71827 2
71828 3
71829 3
71830 2
71831 1
71832 1
71833 4
71834 0
71835 3
71836 0
71837 3
71838 3
71839 1
71840 5
71841 0
71842 3
71843 0
71844 3
71845 0
71846 0
71847 4
71848 1
71849 0
71850 2
71851 3
71852 3
71853 3
71854 3
71855 3
71856 0
71857 3
71858 2
71859 0
71860 2
71861 3
71862 0
71863 0
71864 0
71865 3
71866 0
71867 3
71868 4
71869 1
71870 2
71871 2
71872 3
71873 2
71874 1
71875 1
71876 3
71877 2
71878 3
71879 3
71880 2
71881 2
71882 3
71883 3
71884 0
71885 0
71886 3
71887 1
71888 2
71889 2
71890 3
71891 1
71892 2
71893 1
71894 2
71895 1
71896 0
71897 2
71898 0
71899 2
71900 2
71901 3
71902 3
71903 2
71904 3
71905 3
71906 0
71907 2
71908 1
71909 1
71910 0
71911 4
71912 1
71913 5
71914 1
71915 0
71916 0
71917 2
71918 2
71919 3
71920 3
71921 1
71922 0
71923 0
71924 0
71925 2
71926 0
71927 2
71928 1
71929 3
71930 1
71931 3
71932 3
71933 2
71934 3
71935 1
71936 1
71937 2
71938 2
71939 3
71940 5
71941 2
71942 1
71943 1
71944 4
71945 2
71946 0
71947 0
71948 1
71949 3
71950 4
71951 2
71952 2
71953 0
71954 2
71955 0
71956 1
71957 2
71958 0
71959 3
71960 1
71961 2
71962 3
71963 1
71964 0
71965 0
71966 0
71967 1
71968 4
71969 2
71970 3
71971 2
71972 4
71973 4
71974 1
71975 2
71976 1
71977 1
71978 2
71979 1
71980 2
71981 2
71982 3
71983 3
71984 1
71985 2
71986 3
71987 1
71988 4
71989 3
71990 1
71991 3
71992 1
71993 4
71994 3
71995 1
71996 3
71997 1
71998 4
71999 1
72000 2
72001 1
72002 2
72003 3
72004 2
72005 3
72006 0
72007 2
72008 0
72009 3
72010 2
72011 4
72012 0
72013 2
72014 3
72015 3
72016 2
72017 4
72018 4
72019 3
72020 1
72021 0
72022 1
72023 1
72024 1
72025 1
72026 3
72027 0
72028 0
72029 1
72030 2
72031 0
72032 4
72033 3
72034 2
72035 3
72036 1
72037 2
72038 3
72039 0
72040 1
72041 0
72042 2
72043 2
72044 1
72045 4
72046 3
72047 1
72048 3
72049 5
72050 1
72051 2
72052 2
72053 1
72054 0
72055 4
72056 2
72057 1
72058 1
72059 2
72060 1
72061 4
72062 2
72063 1
72064 2
72065 1
72066 1
72067 1
72068 3
72069 2
72070 1
72071 3
72072 5
72073 0
72074 0
72075 1
72076 0
72077 3
72078 2
72079 0
72080 2
72081 4
72082 2
72083 3
72084 1
72085 3
72086 3
72087 1
72088 2
72089 3
72090 2
72091 4
72092 1
72093 2
72094 0
72095 3
72096 3
72097 1
72098 1
72099 4
72100 3
72101 1
72102 1
72103 1
72104 1
72105 0
72106 2
72107 2
72108 2
72109 1
72110 2
72111 1
72112 1
72113 0
72114 3
72115 0
72116 0
72117 3
72118 2
72119 3
72120 3
72121 2
72122 1
72123 1
72124 2
72125 1
72126 0
72127 4
72128 1
72129 1
72130 1
72131 1
72132 2
72133 0
72134 2
72135 0
72136 1
72137 1
72138 0
72139 2
72140 3
72141 0
72142 2
72143 3
72144 1
72145 3
72146 1
72147 3
72148 1
72149 1
72150 1
72151 0
72152 2
72153 3
72154 4
72155 0
72156 4
72157 3
72158 3
72159 0
72160 1
72161 1
72162 0
72163 2
72164 3
72165 3
72166 2
72167 0
72168 3
72169 4
72170 3
72171 3
72172 0
72173 0
72174 2
72175 3
72176 1
72177 0
72178 0
72179 4
72180 2
72181 3
72182 4
72183 3
72184 0
72185 3
72186 2
72187 3
72188 0
72189 3
72190 1
72191 1
72192 2
72193 2
72194 3
72195 2
72196 1
72197 1
72198 3
72199 4
72200 3
72201 2
72202 2
72203 1
72204 2
72205 2
72206 2
72207 4
72208 0
72209 4
72210 1
72211 2
72212 1
72213 1
72214 3
72215 1
72216 1
72217 4
72218 1
72219 4
72220 3
72221 1
72222 3
72223 3
72224 3
72225 0
72226 2
72227 3
72228 1
72229 4
72230 4
72231 1
72232 0
72233 1
72234 1
72235 2
72236 0
72237 1
72238 3
72239 1
72240 1
72241 2
72242 2
72243 1
72244 3
72245 3
72246 1
72247 4
72248 0
72249 2
72250 3
72251 4
72252 0
72253 0
72254 2
72255 3
72256 1
72257 0
72258 2
72259 3
72260 0
72261 1
72262 2
72263 0
72264 2
72265 4
72266 1
72267 3
72268 2
72269 1
72270 2
72271 4
72272 1
72273 5
72274 3
72275 2
72276 2
72277 2
72278 4
72279 4
72280 1
72281 3
72282 0
72283 0
72284 1
72285 1
72286 2
72287 3
72288 1
72289 3
72290 2
72291 3
72292 2
72293 2
72294 1
72295 2
72296 0
72297 1
72298 1
72299 0
72300 4
72301 2
72302 2
72303 2
72304 2
72305 2
72306 2
72307 2
72308 3
72309 4
72310 4
72311 2
72312 1
72313 3
72314 1
72315 3
72316 2
72317 2
72318 2
72319 0
72320 2
72321 3
72322 1
72323 4
72324 0
72325 2
72326 2
72327 0
72328 3
72329 1
72330 3
72331 3
72332 0
72333 4
72334 0
72335 3
72336 0
72337 2
72338 0
72339 1
72340 0
72341 2
72342 2
72343 2
72344 1
72345 3
72346 4
72347 0
72348 2
72349 3
72350 4
72351 0
72352 3
72353 3
72354 1
72355 2
72356 3
72357 2
72358 3
72359 2
72360 1
72361 3
72362 4
72363 2
72364 3
72365 3
72366 1
72367 0
72368 4
72369 3
72370 2
72371 3
72372 2
72373 2
72374 0
72375 1
72376 2
72377 1
72378 1
72379 1
72380 0
72381 4
72382 0
72383 2
72384 3
72385 1
72386 2
72387 0
72388 3
72389 0
72390 1
72391 1
72392 3
72393 4
72394 1
72395 1
72396 5
72397 1
72398 3
72399 3
72400 0
72401 4
72402 0
72403 1
72404 2
72405 0
72406 2
72407 0
72408 3
72409 1
72410 3
72411 1
72412 4
72413 3
72414 3
72415 4
72416 3
72417 1
72418 0
72419 3
72420 3
72421 0
72422 2
72423 0
72424 2
72425 2
72426 3
72427 3
72428 1
72429 0
72430 2
72431 3
72432 4
72433 4
72434 2
72435 3
72436 2
72437 1
72438 3
72439 2
72440 0
72441 3
72442 2
72443 4
72444 1
72445 4
72446 1
72447 3
72448 1
72449 0
72450 4
72451 2
72452 1
72453 1
72454 3
72455 3
72456 2
72457 3
72458 4
72459 2
72460 4
72461 1
72462 3
72463 1
72464 4
72465 0
72466 4
72467 1
72468 2
72469 3
72470 1
72471 2
72472 2
72473 0
72474 1
72475 5
72476 4
72477 1
72478 3
72479 1
72480 0
72481 1
72482 3
72483 4
72484 2
72485 1
72486 0
72487 4
72488 1
72489 3
72490 2
72491 2
72492 1
72493 1
72494 2
72495 3
72496 4
72497 3
72498 4
72499 0
72500 2
72501 1
72502 2
72503 3
72504 0
72505 4
72506 3
72507 2
72508 2
72509 2
72510 3
72511 4
72512 4
72513 0
72514 3
72515 1
72516 2
72517 2
72518 0
72519 1
72520 2
72521 2
72522 4
72523 0
72524 0
72525 4
72526 2
72527 0
72528 3
72529 3
72530 2
72531 3
72532 3
72533 3
72534 3
72535 1
72536 2
72537 1
72538 2
72539 1
72540 0
72541 3
72542 0
72543 0
72544 0
72545 3
72546 0
72547 2
72548 1
72549 1
72550 3
72551 4
72552 0
72553 5
72554 3
72555 2
72556 2
72557 2
72558 2
72559 0
72560 0
72561 0
72562 4
72563 2
72564 2
72565 2
72566 1
72567 1
72568 1
72569 2
72570 2
72571 2
72572 3
72573 2
72574 1
72575 4
72576 0
72577 1
72578 2
72579 1
72580 2
72581 1
72582 3
72583 1
72584 4
72585 1
72586 3
72587 2
72588 3
72589 0
72590 4
72591 1
72592 3
72593 4
72594 3
72595 2
72596 3
72597 0
72598 0
72599 4
72600 2
72601 3
72602 1
72603 2
72604 1
72605 2
72606 4
72607 0
72608 1
72609 3
72610 1
72611 2
72612 4
72613 3
72614 2
72615 2
72616 4
72617 2
72618 1
72619 1
72620 1
72621 3
72622 0
72623 0
72624 4
72625 0
72626 3
72627 4
72628 3
72629 5
72630 3
72631 1
72632 0
72633 1
72634 0
72635 4
72636 0
72637 3
72638 1
72639 0
72640 0
72641 1
72642 3
72643 2
72644 0
72645 2
72646 1
72647 1
72648 3
72649 4
72650 2
72651 0
72652 0
72653 1
72654 3
72655 3
72656 1
72657 3
72658 2
72659 4
72660 1
72661 1
72662 3
72663 3
72664 1
72665 3
72666 2
72667 0
72668 1
72669 2
72670 0
72671 0
72672 0
72673 3
72674 0
72675 0
72676 3
72677 1
72678 2
72679 3
72680 4
72681 3
72682 2
72683 0
72684 0
72685 3
72686 0
72687 3
72688 0
72689 2
72690 2
72691 3
72692 4
72693 3
72694 2
72695 2
72696 2
72697 3
72698 2
72699 1
72700 2
72701 3
72702 2
72703 3
72704 2
72705 0
72706 2
72707 0
72708 2
72709 4
72710 3
72711 0
72712 4
72713 1
72714 2
72715 2
72716 2
72717 3
72718 2
72719 4
72720 2
72721 4
72722 0
72723 4
72724 2
72725 2
72726 1
72727 3
72728 1
72729 4
72730 2
72731 0
72732 0
72733 3
72734 1
72735 3
72736 2
72737 1
72738 0
72739 3
72740 2
72741 0
72742 1
72743 3
72744 1
72745 3
72746 0
72747 3
72748 1
72749 1
72750 0
72751 1
72752 1
72753 1
72754 2
72755 3
72756 4
72757 2
72758 2
72759 2
72760 2
72761 1
72762 2
72763 1
72764 2
72765 2
72766 1
72767 4
72768 1
72769 2
72770 4
72771 1
72772 1
72773 3
72774 2
72775 5
72776 3
72777 3
72778 1
72779 2
72780 2
72781 1
72782 0
72783 0
72784 1
72785 1
72786 2
72787 3
72788 2
72789 1
72790 0
72791 0
72792 0
72793 3
72794 3
72795 0
72796 0
72797 1
72798 0
72799 0
72800 2
72801 0
72802 4
72803 4
72804 1
72805 1
72806 1
72807 2
72808 3
72809 2
72810 1
72811 4
72812 1
72813 1
72814 3
72815 3
72816 3
72817 1
72818 1
72819 0
72820 4
72821 3
72822 3
72823 0
72824 1
72825 3
72826 3
72827 1
72828 3
72829 1
72830 0
72831 3
72832 3
72833 3
72834 4
72835 2
72836 0
72837 2
72838 2
72839 3
72840 3
72841 0
72842 3
72843 2
72844 0
72845 4
72846 0
72847 5
72848 1
72849 0
72850 1
72851 4
72852 2
72853 2
72854 3
72855 3
72856 4
72857 1
72858 3
72859 2
72860 0
72861 2
72862 1
72863 2
72864 0
72865 0
72866 0
72867 2
72868 3
72869 2
72870 2
72871 1
72872 0
72873 0
72874 3
72875 3
72876 2
72877 0
72878 0
72879 2
72880 4
72881 0
72882 1
72883 2
72884 2
72885 2
72886 1
72887 1
72888 2
72889 0
72890 2
72891 3
72892 3
72893 4
72894 0
72895 4
72896 3
72897 2
72898 0
72899 2
72900 2
72901 2
72902 0
72903 4
72904 1
72905 4
72906 2
72907 1
72908 0
72909 4
72910 4
72911 3
72912 2
72913 0
72914 1
72915 3
72916 1
72917 1
72918 1
72919 1
72920 1
72921 2
72922 1
72923 2
72924 2
72925 1
72926 1
72927 2
72928 1
72929 0
72930 3
72931 3
72932 3
72933 0
72934 1
72935 3
72936 3
72937 4
72938 0
72939 4
72940 0
72941 2
72942 2
72943 1
72944 1
72945 3
72946 1
72947 2
72948 3
72949 0
72950 2
72951 1
72952 3
72953 4
72954 3
72955 3
72956 2
72957 3
72958 2
72959 1
72960 2
72961 3
72962 4
72963 2
72964 3
72965 4
72966 2
72967 4
72968 1
72969 2
72970 2
72971 1
72972 2
72973 1
72974 2
72975 2
72976 2
72977 3
72978 1
72979 3
72980 2
72981 2
72982 3
72983 3
72984 3
72985 1
72986 2
72987 2
72988 0
72989 3
72990 0
72991 2
72992 2
72993 0
72994 2
72995 5
72996 1
72997 3
72998 2
72999 2
73000 2
73001 3
73002 1
73003 0
73004 1
73005 4
73006 0
73007 1
73008 4
73009 1
73010 2
73011 3
73012 0
73013 2
73014 2
73015 2
73016 4
73017 0
73018 4
73019 2
73020 2
73021 2
73022 1
73023 4
73024 3
73025 3
73026 1
73027 0
73028 2
73029 0
73030 0
73031 2
73032 3
73033 0
73034 2
73035 1
73036 1
73037 1
73038 2
73039 0
73040 0
73041 2
73042 4
73043 3
73044 2
73045 3
73046 0
73047 0
73048 1
73049 0
73050 4
73051 0
73052 3
73053 4
73054 0
73055 2
73056 3
73057 0
73058 1
73059 1
73060 0
73061 3
73062 4
73063 1
73064 3
73065 4
73066 1
73067 4
73068 0
73069 2
73070 0
73071 5
73072 2
73073 1
73074 4
73075 1
73076 3
73077 1
73078 3
73079 2
73080 3
73081 1
73082 2
73083 1
73084 3
73085 3
73086 2
73087 1
73088 1
73089 1
73090 2
73091 1
73092 4
73093 3
73094 3
73095 4
73096 1
73097 2
73098 3
73099 2
73100 2
73101 1
73102 0
73103 0
73104 2
73105 3
73106 1
73107 1
73108 1
73109 3
73110 4
73111 2
73112 3
73113 1
73114 0
73115 0
73116 2
73117 3
73118 4
73119 0
73120 2
73121 4
73122 3
73123 0
73124 4
73125 1
73126 3
73127 5
73128 0
73129 0
73130 3
73131 2
73132 4
73133 2
73134 1
73135 1
73136 3
73137 2
73138 4
73139 0
73140 3
73141 1
73142 3
73143 2
73144 0
73145 0
73146 3
73147 3
73148 0
73149 4
73150 2
73151 3
73152 0
73153 2
73154 3
73155 1
73156 0
73157 1
73158 3
73159 2
73160 0
73161 0
73162 1
73163 2
73164 0
73165 2
73166 2
73167 3
73168 0
73169 1
73170 4
73171 1
73172 4
73173 2
73174 0
73175 3
73176 2
73177 2
73178 3
73179 0
73180 3
73181 1
73182 2
73183 2
73184 3
73185 2
73186 2
73187 1
73188 1
73189 2
73190 3
73191 0
73192 1
73193 3
73194 1
73195 1
73196 2
73197 0
73198 1
73199 4
73200 2
73201 1
73202 0
73203 0
73204 2
73205 3
73206 1
73207 3
73208 0
73209 2
73210 0
73211 1
73212 3
73213 2
73214 2
73215 1
73216 0
73217 3
73218 1
73219 2
73220 1
73221 0
73222 3
73223 3
73224 2
73225 4
73226 2
73227 4
73228 2
73229 2
73230 4
73231 0
73232 0
73233 3
73234 3
73235 0
73236 3
73237 2
73238 0
73239 0
73240 1
73241 4
73242 3
73243 2
73244 2
73245 0
73246 2
73247 2
73248 1
73249 3
73250 3
73251 2
73252 0
73253 3
73254 3
73255 1
73256 2
73257 0
73258 3
73259 0
73260 0
73261 3
73262 1
73263 0
73264 3
73265 2
73266 3
73267 2
73268 1
73269 1
73270 0
73271 3
73272 3
73273 2
73274 1
73275 3
73276 0
73277 2
73278 0
73279 3
73280 0
73281 2
73282 0
73283 2
73284 1
73285 3
73286 4
73287 0
73288 3
73289 4
73290 1
73291 3
73292 0
73293 0
73294 2
73295 0
73296 2
73297 1
73298 4
73299 3
73300 0
73301 0
73302 0
73303 2
73304 0
73305 0
73306 3
73307 2
73308 0
73309 0
73310 3
73311 1
73312 3
73313 0
73314 0
73315 1
73316 1
73317 3
73318 3
73319 0
73320 2
73321 0
73322 3
73323 1
73324 3
73325 0
73326 0
73327 2
73328 3
73329 1
73330 1
73331 1
73332 3
73333 3
73334 4
73335 1
73336 4
73337 0
73338 4
73339 2
73340 2
73341 1
73342 5
73343 1
73344 3
73345 1
73346 3
73347 3
73348 3
73349 2
73350 4
73351 2
73352 3
73353 1
73354 1
73355 4
73356 1
73357 2
73358 0
73359 2
73360 1
73361 3
73362 3
73363 4
73364 1
73365 0
73366 3
73367 2
73368 0
73369 3
73370 1
73371 4
73372 2
73373 2
73374 1
73375 0
73376 1
73377 2
73378 2
73379 3
73380 2
73381 0
73382 2
73383 0
73384 3
73385 3
73386 0
73387 0
73388 1
73389 3
73390 0
73391 2
73392 1
73393 4
73394 3
73395 0
73396 1
73397 1
73398 0
73399 1
73400 3
73401 1
73402 2
73403 3
73404 3
73405 1
73406 0
73407 3
73408 2
73409 0
73410 2
73411 1
73412 3
73413 3
73414 4
73415 0
73416 1
73417 0
73418 4
73419 2
73420 2
73421 2
73422 1
73423 2
73424 3
73425 1
73426 3
73427 1
73428 1
73429 1
73430 3
73431 0
73432 0
73433 0
73434 3
73435 5
73436 2
73437 0
73438 1
73439 2
73440 5
73441 2
73442 2
73443 3
73444 1
73445 0
73446 2
73447 4
73448 2
73449 1
73450 1
73451 2
73452 3
73453 3
73454 3
73455 5
73456 0
73457 2
73458 1
73459 3
73460 3
73461 0
73462 2
73463 1
73464 5
73465 2
73466 3
73467 1
73468 0
73469 4
73470 4
73471 4
73472 2
73473 2
73474 2
73475 4
73476 3
73477 0
73478 2
73479 3
73480 3
73481 1
73482 1
73483 2
73484 1
73485 2
73486 2
73487 1
73488 3
73489 3
73490 2
73491 4
73492 1
73493 0
73494 1
73495 3
73496 1
73497 4
73498 3
73499 1
73500 0
73501 0
73502 0
73503 3
73504 2
73505 1
73506 2
73507 0
73508 3
73509 1
73510 1
73511 3
73512 3
73513 3
73514 2
73515 2
73516 3
73517 3
73518 2
73519 2
73520 4
73521 0
73522 0
73523 3
73524 4
73525 0
73526 2
73527 0
73528 0
73529 0
73530 3
73531 2
73532 2
73533 0
73534 2
73535 4
73536 4
73537 3
73538 0
73539 3
73540 3
73541 1
73542 0
73543 2
73544 0
73545 0
73546 1
73547 3
73548 0
73549 2
73550 1
73551 2
73552 1
73553 1
73554 3
73555 5
73556 4
73557 1
73558 2
73559 0
73560 3
73561 0
73562 1
73563 3
73564 0
73565 2
73566 2
73567 1
73568 4
73569 2
73570 5
73571 2
73572 3
73573 1
73574 0
73575 4
73576 2
73577 3
73578 3
73579 3
73580 1
73581 0
73582 2
73583 3
73584 1
73585 3
73586 1
73587 3
73588 1
73589 2
73590 2
73591 2
73592 0
73593 1
73594 0
73595 3
73596 3
73597 1
73598 2
73599 0
73600 4
73601 3
73602 1
73603 3
73604 0
73605 3
73606 3
73607 1
73608 2
73609 0
73610 0
73611 2
73612 0
73613 1
73614 2
73615 3
73616 1
73617 0
73618 0
73619 2
73620 0
73621 4
73622 2
73623 3
73624 3
73625 3
73626 1
73627 0
73628 2
73629 2
73630 0
73631 1
73632 1
73633 3
73634 2
73635 2
73636 4
73637 2
73638 2
73639 3
73640 1
73641 4
73642 3
73643 3
73644 1
73645 2
73646 4
73647 3
73648 2
73649 3
73650 0
73651 0
73652 3
73653 4
73654 0
73655 1
73656 3
73657 4
73658 3
73659 2
73660 2
73661 0
73662 1
73663 3
73664 3
73665 3
73666 4
73667 1
73668 0
73669 3
73670 2
73671 1
73672 1
73673 2
73674 2
73675 3
73676 3
73677 0
73678 3
73679 2
73680 2
73681 3
73682 0
73683 1
73684 3
73685 2
73686 4
73687 2
73688 3
73689 1
73690 4
73691 2
73692 1
73693 1
73694 3
73695 3
73696 2
73697 3
73698 0
73699 2
73700 2
73701 2
73702 0
73703 3
73704 1
73705 3
73706 3
73707 2
73708 2
73709 0
73710 3
73711 1
73712 5
73713 1
73714 3
73715 1
73716 3
73717 2
73718 0
73719 2
73720 0
73721 1
73722 4
73723 3
73724 0
73725 2
73726 4
73727 2
73728 1
73729 1
73730 3
73731 3
73732 2
73733 1
73734 1
73735 3
73736 2
73737 1
73738 3
73739 4
73740 4
73741 3
73742 0
73743 1
73744 1
73745 3
73746 0
73747 2
73748 4
73749 1
73750 0
73751 3
73752 2
73753 2
73754 0
73755 2
73756 0
73757 3
73758 1
73759 3
73760 0
73761 1
73762 3
73763 1
73764 4
73765 4
73766 2
73767 1
73768 1
73769 3
73770 3
73771 3
73772 3
73773 4
73774 0
73775 1
73776 2
73777 0
73778 0
73779 2
73780 3
73781 1
73782 0
73783 4
73784 3
73785 0
73786 3
73787 0
73788 4
73789 1
73790 3
73791 3
73792 3
73793 3
73794 1
73795 0
73796 1
73797 5
73798 0
73799 1
73800 1
73801 2
73802 0
73803 1
73804 1
73805 3
73806 1
73807 2
73808 2
73809 1
73810 3
73811 3
73812 4
73813 4
73814 2
73815 1
73816 0
73817 4
73818 2
73819 1
73820 4
73821 5
73822 3
73823 1
73824 0
73825 1
73826 3
73827 0
73828 1
73829 2
73830 3
73831 0
73832 3
73833 2
73834 3
73835 4
73836 1
73837 1
73838 2
73839 3
73840 4
73841 4
73842 0
73843 0
73844 2
73845 2
73846 0
73847 1
73848 3
73849 2
73850 2
73851 3
73852 2
73853 2
73854 1
73855 2
73856 2
73857 3
73858 1
73859 2
73860 1
73861 3
73862 2
73863 3
73864 0
73865 3
73866 2
73867 1
73868 0
73869 3
73870 0
73871 3
73872 0
73873 1
73874 4
73875 0
73876 2
73877 3
73878 3
73879 2
73880 3
73881 0
73882 1
73883 0
73884 3
73885 3
73886 3
73887 4
73888 3
73889 2
73890 1
73891 0
73892 3
73893 2
73894 4
73895 3
73896 1
73897 0
73898 3
73899 3
73900 1
73901 0
73902 3
73903 1
73904 0
73905 2
73906 2
73907 4
73908 1
73909 2
73910 0
73911 1
73912 4
73913 0
73914 4
73915 2
73916 2
73917 1
73918 3
73919 4
73920 3
73921 4
73922 3
73923 2
73924 1
73925 1
73926 2
73927 3
73928 3
73929 0
73930 0
73931 2
73932 3
73933 1
73934 1
73935 4
73936 1
73937 1
73938 2
73939 2
73940 2
73941 3
73942 0
73943 0
73944 2
73945 1
73946 3
73947 2
73948 1
73949 3
73950 0
73951 0
73952 1
73953 2
73954 3
73955 4
73956 2
73957 1
73958 4
73959 2
73960 3
73961 3
73962 2
73963 3
73964 3
73965 1
73966 0
73967 4
73968 2
73969 3
73970 4
73971 2
73972 0
73973 3
73974 2
73975 0
73976 4
73977 2
73978 1
73979 2
73980 2
73981 1
73982 3
73983 1
73984 2
73985 0
73986 3
73987 2
73988 4
73989 2
73990 0
73991 1
73992 2
73993 1
73994 1
73995 3
73996 4
73997 3
73998 5
73999 0
74000 3
74001 0
74002 4
74003 3
74004 0
74005 0
74006 1
74007 3
74008 1
74009 4
74010 0
74011 1
74012 3
74013 1
74014 3
74015 1
74016 2
74017 2
74018 4
74019 1
74020 4
74021 1
74022 5
74023 2
74024 1
74025 0
74026 1
74027 0
74028 2
74029 2
74030 0
74031 0
74032 2
74033 0
74034 1
74035 4
74036 1
74037 0
74038 3
74039 4
74040 2
74041 1
74042 4
74043 2
74044 3
74045 2
74046 4
74047 3
74048 3
74049 1
74050 5
74051 3
74052 0
74053 1
74054 3
74055 1
74056 2
74057 2
74058 2
74059 1
74060 3
74061 1
74062 0
74063 1
74064 1
74065 2
74066 3
74067 2
74068 2
74069 4
74070 0
74071 0
74072 4
74073 1
74074 3
74075 4
74076 2
74077 1
74078 0
74079 1
74080 0
74081 0
74082 2
74083 1
74084 2
74085 4
74086 4
74087 2
74088 2
74089 2
74090 4
74091 4
74092 4
74093 2
74094 4
74095 2
74096 3
74097 0
74098 2
74099 3
74100 2
74101 4
74102 1
74103 0
74104 3
74105 0
74106 2
74107 1
74108 2
74109 1
74110 4
74111 2
74112 0
74113 0
74114 1
74115 2
74116 3
74117 0
74118 2
74119 0
74120 3
74121 3
74122 2
74123 0
74124 3
74125 1
74126 4
74127 1
74128 1
74129 1
74130 0
74131 4
74132 1
74133 0
74134 1
74135 3
74136 3
74137 1
74138 3
74139 1
74140 2
74141 2
74142 2
74143 1
74144 3
74145 1
74146 0
74147 3
74148 4
74149 2
74150 1
74151 3
74152 2
74153 2
74154 4
74155 2
74156 3
74157 4
74158 4
74159 3
74160 2
74161 4
74162 1
74163 2
74164 1
74165 3
74166 1
74167 1
74168 3
74169 3
74170 0
74171 0
74172 4
74173 3
74174 2
74175 3
74176 1
74177 2
74178 2
74179 0
74180 2
74181 3
74182 3
74183 2
74184 3
74185 4
74186 2
74187 2
74188 3
74189 2
74190 3
74191 3
74192 0
74193 1
74194 2
74195 2
74196 2
74197 3
74198 0
74199 3
74200 1
74201 2
74202 0
74203 3
74204 1
74205 2
74206 2
74207 4
74208 1
74209 4
74210 0
74211 2
74212 1
74213 3
74214 2
74215 3
74216 2
74217 3
74218 0
74219 3
74220 1
74221 3
74222 1
74223 2
74224 0
74225 4
74226 4
74227 2
74228 2
74229 2
74230 2
74231 2
74232 1
74233 4
74234 0
74235 1
74236 0
74237 3
74238 3
74239 3
74240 2
74241 0
74242 4
74243 2
74244 4
74245 1
74246 1
74247 0
74248 3
74249 1
74250 0
74251 2
74252 3
74253 0
74254 0
74255 3
74256 3
74257 0
74258 1
74259 2
74260 0
74261 4
74262 2
74263 2
74264 4
74265 2
74266 0
74267 3
74268 0
74269 1
74270 0
74271 1
74272 0
74273 3
74274 0
74275 3
74276 3
74277 3
74278 3
74279 1
74280 2
74281 2
74282 0
74283 1
74284 2
74285 3
74286 0
74287 2
74288 3
74289 3
74290 2
74291 0
74292 1
74293 3
74294 4
74295 2
74296 0
74297 3
74298 1
74299 3
74300 0
74301 0
74302 2
74303 0
74304 3
74305 0
74306 0
74307 0
74308 4
74309 3
74310 4
74311 5
74312 0
74313 2
74314 3
74315 1
74316 2
74317 1
74318 1
74319 3
74320 1
74321 0
74322 2
74323 2
74324 2
74325 1
74326 3
74327 2
74328 4
74329 3
74330 3
74331 2
74332 2
74333 1
74334 1
74335 0
74336 2
74337 1
74338 3
74339 3
74340 1
74341 3
74342 0
74343 0
74344 2
74345 3
74346 3
74347 3
74348 2
74349 2
74350 4
74351 2
74352 1
74353 2
74354 2
74355 3
74356 2
74357 0
74358 2
74359 3
74360 3
74361 0
74362 0
74363 3
74364 3
74365 2
74366 5
74367 3
74368 4
74369 2
74370 1
74371 1
74372 2
74373 2
74374 3
74375 4
74376 1
74377 1
74378 4
74379 1
74380 1
74381 2
74382 3
74383 3
74384 3
74385 4
74386 3
74387 2
74388 0
74389 4
74390 1
74391 1
74392 4
74393 4
74394 1
74395 3
74396 2
74397 2
74398 4
74399 4
74400 2
74401 2
74402 4
74403 3
74404 2
74405 3
74406 3
74407 0
74408 0
74409 2
74410 0
74411 4
74412 1
74413 0
74414 0
74415 4
74416 0
74417 2
74418 3
74419 0
74420 3
74421 2
74422 4
74423 0
74424 2
74425 3
74426 0
74427 2
74428 0
74429 3
74430 2
74431 4
74432 4
74433 1
74434 3
74435 3
74436 1
74437 3
74438 1
74439 3
74440 2
74441 0
74442 3
74443 0
74444 0
74445 0
74446 4
74447 0
74448 2
74449 0
74450 3
74451 4
74452 2
74453 2
74454 1
74455 1
74456 2
74457 1
74458 3
74459 4
74460 2
74461 3
74462 1
74463 0
74464 4
74465 2
74466 1
74467 5
74468 0
74469 3
74470 1
74471 2
74472 2
74473 1
74474 1
74475 3
74476 2
74477 4
74478 0
74479 3
74480 2
74481 3
74482 0
74483 1
74484 3
74485 0
74486 2
74487 4
74488 2
74489 4
74490 1
74491 2
74492 0
74493 3
74494 1
74495 3
74496 2
74497 3
74498 0
74499 2
74500 3
74501 2
74502 1
74503 1
74504 3
74505 3
74506 0
74507 0
74508 3
74509 2
74510 3
74511 1
74512 2
74513 3
74514 0
74515 0
74516 0
74517 3
74518 1
74519 2
74520 0
74521 0
74522 4
74523 0
74524 3
74525 2
74526 0
74527 3
74528 2
74529 1
74530 0
74531 2
74532 0
74533 1
74534 3
74535 0
74536 1
74537 3
74538 3
74539 1
74540 0
74541 4
74542 4
74543 2
74544 2
74545 1
74546 0
74547 0
74548 1
74549 2
74550 3
74551 1
74552 1
74553 3
74554 5
74555 2
74556 0
74557 2
74558 3
74559 2
74560 4
74561 1
74562 1
74563 0
74564 3
74565 4
74566 0
74567 3
74568 0
74569 3
74570 3
74571 0
74572 4
74573 0
74574 2
74575 1
74576 2
74577 1
74578 0
74579 0
74580 3
74581 3
74582 2
74583 1
74584 2
74585 0
74586 4
74587 1
74588 3
74589 4
74590 4
74591 3
74592 3
74593 0
74594 0
74595 1
74596 4
74597 2
74598 0
74599 4
74600 2
74601 2
74602 3
74603 2
74604 3
74605 3
74606 2
74607 2
74608 4
74609 0
74610 3
74611 2
74612 1
74613 1
74614 2
74615 3
74616 0
74617 0
74618 3
74619 0
74620 0
74621 0
74622 2
74623 3
74624 3
74625 3
74626 1
74627 0
74628 2
74629 3
74630 1
74631 1
74632 3
74633 3
74634 4
74635 3
74636 3
74637 3
74638 0
74639 0
74640 3
74641 0
74642 4
74643 3
74644 1
74645 3
74646 3
74647 4
74648 3
74649 0
74650 2
74651 1
74652 3
74653 2
74654 1
74655 1
74656 1
74657 1
74658 0
74659 1
74660 4
74661 1
74662 2
74663 2
74664 4
74665 2
74666 3
74667 1
74668 3
74669 2
74670 0
74671 3
74672 2
74673 2
74674 1
74675 3
74676 1
74677 0
74678 1
74679 1
74680 3
74681 2
74682 2
74683 4
74684 0
74685 4
74686 0
74687 1
74688 3
74689 2
74690 0
74691 2
74692 0
74693 2
74694 4
74695 0
74696 0
74697 0
74698 2
74699 0
74700 4
74701 3
74702 2
74703 2
74704 0
74705 1
74706 2
74707 0
74708 3
74709 1
74710 3
74711 0
74712 0
74713 3
74714 2
74715 4
74716 3
74717 3
74718 4
74719 3
74720 2
74721 0
74722 4
74723 2
74724 3
74725 5
74726 3
74727 1
74728 3
74729 2
74730 0
74731 3
74732 2
74733 5
74734 1
74735 1
74736 0
74737 2
74738 2
74739 0
74740 4
74741 4
74742 2
74743 1
74744 2
74745 3
74746 1
74747 4
74748 0
74749 2
74750 2
74751 0
74752 0
74753 2
74754 2
74755 1
74756 4
74757 0
74758 4
74759 2
74760 4
74761 1
74762 3
74763 2
74764 1
74765 2
74766 3
74767 0
74768 0
74769 1
74770 1
74771 2
74772 1
74773 0
74774 1
74775 1
74776 2
74777 3
74778 1
74779 2
74780 3
74781 4
74782 1
74783 0
74784 1
74785 2
74786 3
74787 3
74788 2
74789 3
74790 2
74791 1
74792 4
74793 3
74794 3
74795 0
74796 0
74797 3
74798 2
74799 0
74800 0
74801 2
74802 2
74803 3
74804 1
74805 1
74806 1
74807 3
74808 3
74809 1
74810 4
74811 2
74812 0
74813 2
74814 4
74815 3
74816 0
74817 1
74818 3
74819 3
74820 2
74821 3
74822 0
74823 0
74824 0
74825 1
74826 1
74827 0
74828 3
74829 4
74830 1
74831 1
74832 0
74833 3
74834 2
74835 2
74836 4
74837 4
74838 3
74839 2
74840 0
74841 0
74842 3
74843 2
74844 3
74845 0
74846 1
74847 2
74848 0
74849 4
74850 0
74851 3
74852 1
74853 2
74854 2
74855 3
74856 4
74857 3
74858 2
74859 2
74860 3
74861 3
74862 0
74863 0
74864 3
74865 3
74866 0
74867 2
74868 1
74869 1
74870 0
74871 2
74872 1
74873 3
74874 2
74875 0
74876 1
74877 1
74878 4
74879 2
74880 0
74881 0
74882 0
74883 1
74884 3
74885 2
74886 1
74887 2
74888 2
74889 1
74890 1
74891 2
74892 2
74893 3
74894 0
74895 3
74896 2
74897 3
74898 1
74899 2
74900 1
74901 1
74902 2
74903 3
74904 0
74905 3
74906 3
74907 2
74908 2
74909 0
74910 0
74911 1
74912 1
74913 1
74914 0
74915 3
74916 0
74917 0
74918 0
74919 2
74920 4
74921 3
74922 3
74923 0
74924 0
74925 1
74926 1
74927 2
74928 3
74929 0
74930 3
74931 0
74932 4
74933 0
74934 1
74935 1
74936 0
74937 3
74938 2
74939 2
74940 1
74941 4
74942 3
74943 3
74944 3
74945 2
74946 4
74947 2
74948 2
74949 3
74950 2
74951 1
74952 3
74953 1
74954 0
74955 0
74956 3
74957 3
74958 1
74959 1
74960 0
74961 3
74962 1
74963 0
74964 3
74965 4
74966 0
74967 2
74968 1
74969 0
74970 1
74971 0
74972 2
74973 3
74974 5
74975 2
74976 2
74977 2
74978 1
74979 1
74980 4
74981 2
74982 1
74983 3
74984 1
74985 0
74986 0
74987 3
74988 0
74989 4
74990 2
74991 0
74992 3
74993 1
74994 3
74995 3
74996 2
74997 4
74998 0
74999 0
75000 3
75001 3
75002 2
75003 2
75004 3
75005 0
75006 0
75007 1
75008 4
75009 3
75010 1
75011 5
75012 0
75013 0
75014 3
75015 4
75016 1
75017 2
75018 3
75019 0
75020 3
75021 0
75022 1
75023 3
75024 1
75025 2
75026 0
75027 1
75028 2
75029 1
75030 1
75031 3
75032 2
75033 0
75034 1
75035 4
75036 2
75037 0
75038 1
75039 3
75040 2
75041 0
75042 3
75043 2
75044 1
75045 1
75046 5
75047 2
75048 3
75049 1
75050 2
75051 2
75052 1
75053 3
75054 2
75055 2
75056 2
75057 3
75058 2
75059 3
75060 2
75061 4
75062 3
75063 3
75064 2
75065 3
75066 3
75067 4
75068 3
75069 1
75070 4
75071 0
75072 0
75073 3
75074 2
75075 1
75076 4
75077 2
75078 0
75079 1
75080 0
75081 0
75082 0
75083 0
75084 3
75085 1
75086 0
75087 2
75088 2
75089 2
75090 2
75091 0
75092 2
75093 3
75094 3
75095 3
75096 2
75097 0
75098 0
75099 2
75100 3
75101 4
75102 0
75103 2
75104 1
75105 2
75106 3
75107 2
75108 0
75109 4
75110 2
75111 2
75112 0
75113 1
75114 1
75115 4
75116 1
75117 0
75118 2
75119 0
75120 4
75121 4
75122 1
75123 1
75124 1
75125 3
75126 3
75127 2
75128 2
75129 3
75130 0
75131 2
75132 3
75133 0
75134 1
75135 3
75136 5
75137 0
75138 0
75139 3
75140 4
75141 3
75142 4
75143 4
75144 1
75145 1
75146 1
75147 2
75148 0
75149 4
75150 3
75151 4
75152 1
75153 4
75154 4
75155 0
75156 1
75157 3
75158 4
75159 3
75160 0
75161 2
75162 3
75163 3
75164 2
75165 3
75166 4
75167 4
75168 3
75169 2
75170 3
75171 1
75172 2
75173 1
75174 1
75175 1
75176 3
75177 5
75178 2
75179 0
75180 1
75181 2
75182 0
75183 0
75184 0
75185 3
75186 2
75187 1
75188 2
75189 1
75190 0
75191 2
75192 3
75193 3
75194 1
75195 2
75196 3
75197 1
75198 3
75199 4
75200 4
75201 1
75202 0
75203 4
75204 1
75205 1
75206 0
75207 2
75208 2
75209 2
75210 4
75211 2
75212 3
75213 0
75214 3
75215 4
75216 0
75217 2
75218 3
75219 2
75220 2
75221 3
75222 2
75223 2
75224 1
75225 4
75226 4
75227 0
75228 3
75229 2
75230 0
75231 2
75232 3
75233 2
75234 2
75235 0
75236 2
75237 2
75238 3
75239 2
75240 3
75241 2
75242 3
75243 4
75244 1
75245 0
75246 4
75247 3
75248 1
75249 0
75250 3
75251 2
75252 2
75253 1
75254 1
75255 5
75256 2
75257 2
75258 1
75259 0
75260 2
75261 3
75262 3
75263 0
75264 1
75265 0
75266 1
75267 3
75268 1
75269 4
75270 3
75271 1
75272 2
75273 4
75274 3
75275 4
75276 0
75277 3
75278 0
75279 4
75280 3
75281 4
75282 0
75283 4
75284 2
75285 4
75286 0
75287 0
75288 0
75289 2
75290 1
75291 0
75292 1
75293 1
75294 3
75295 1
75296 3
75297 3
75298 4
75299 3
75300 0
75301 4
75302 1
75303 5
75304 1
75305 5
75306 1
75307 3
75308 3
75309 3
75310 2
75311 1
75312 0
75313 0
75314 3
75315 4
75316 1
75317 3
75318 2
75319 3
75320 3
75321 4
75322 2
75323 2
75324 2
75325 2
75326 1
75327 2
75328 0
75329 0
75330 3
75331 1
75332 3
75333 3
75334 0
75335 1
75336 1
75337 0
75338 0
75339 3
75340 0
75341 1
75342 1
75343 0
75344 3
75345 2
75346 2
75347 3
75348 1
75349 2
75350 2
75351 3
75352 1
75353 4
75354 2
75355 2
75356 1
75357 4
75358 4
75359 2
75360 3
75361 3
75362 0
75363 0
75364 3
75365 2
75366 3
75367 0
75368 2
75369 3
75370 2
75371 0
75372 4
75373 2
75374 3
75375 2
75376 0
75377 4
75378 4
75379 1
75380 2
75381 3
75382 2
75383 2
75384 1
75385 2
75386 0
75387 1
75388 3
75389 1
75390 4
75391 2
75392 2
75393 1
75394 1
75395 1
75396 3
75397 2
75398 1
75399 3
75400 1
75401 0
75402 3
75403 1
75404 0
75405 3
75406 1
75407 5
75408 0
75409 2
75410 0
75411 3
75412 1
75413 0
75414 0
75415 2
75416 2
75417 5
75418 2
75419 2
75420 3
75421 4
75422 2
75423 3
75424 4
75425 0
75426 4
75427 3
75428 0
75429 4
75430 0
75431 1
75432 0
75433 2
75434 4
75435 0
75436 3
75437 3
75438 1
75439 2
75440 3
75441 2
75442 0
75443 2
75444 3
75445 2
75446 2
75447 1
75448 0
75449 3
75450 3
75451 1
75452 1
75453 2
75454 4
75455 4
75456 3
75457 3
75458 1
75459 3
75460 5
75461 2
75462 0
75463 3
75464 2
75465 3
75466 1
75467 0
75468 0
75469 3
75470 2
75471 4
75472 2
75473 1
75474 3
75475 3
75476 0
75477 1
75478 3
75479 3
75480 4
75481 3
75482 1
75483 1
75484 3
75485 3
75486 0
75487 3
75488 0
75489 1
75490 1
75491 1
75492 1
75493 2
75494 1
75495 2
75496 0
75497 3
75498 2
75499 3
75500 0
75501 3
75502 3
75503 1
75504 0
75505 0
75506 4
75507 0
75508 1
75509 1
75510 0
75511 4
75512 4
75513 0
75514 2
75515 0
75516 1
75517 0
75518 5
75519 3
75520 2
75521 4
75522 0
75523 0
75524 2
75525 0
75526 0
75527 1
75528 3
75529 1
75530 3
75531 3
75532 2
75533 3
75534 1
75535 3
75536 0
75537 2
75538 1
75539 1
75540 2
75541 2
75542 4
75543 3
75544 2
75545 3
75546 1
75547 3
75548 2
75549 0
75550 1
75551 2
75552 3
75553 3
75554 4
75555 2
75556 3
75557 4
75558 2
75559 3
75560 3
75561 0
75562 1
75563 0
75564 1
75565 3
75566 3
75567 0
75568 3
75569 4
75570 3
75571 3
75572 2
75573 3
75574 3
75575 3
75576 4
75577 0
75578 3
75579 4
75580 2
75581 1
75582 1
75583 3
75584 1
75585 1
75586 0
75587 0
75588 2
75589 3
75590 1
75591 2
75592 2
75593 5
75594 2
75595 0
75596 3
75597 2
75598 0
75599 3
75600 0
75601 2
75602 4
75603 3
75604 2
75605 2
75606 5
75607 1
75608 2
75609 2
75610 3
75611 4
75612 3
75613 1
75614 3
75615 0
75616 2
75617 4
75618 2
75619 3
75620 1
75621 1
75622 0
75623 0
75624 0
75625 3
75626 3
75627 2
75628 2
75629 2
75630 4
75631 4
75632 0
75633 0
75634 4
75635 0
75636 3
75637 2
75638 1
75639 1
75640 1
75641 0
75642 0
75643 1
75644 1
75645 3
75646 3
75647 1
75648 3
75649 2
75650 2
75651 3
75652 1
75653 3
75654 2
75655 0
75656 0
75657 0
75658 3
75659 3
75660 4
75661 3
75662 1
75663 4
75664 2
75665 4
75666 1
75667 2
75668 3
75669 1
75670 2
75671 1
75672 4
75673 1
75674 3
75675 3
75676 1
75677 0
75678 3
75679 0
75680 3
75681 4
75682 1
75683 0
75684 1
75685 1
75686 2
75687 1
75688 0
75689 0
75690 2
75691 2
75692 4
75693 1
75694 1
75695 2
75696 1
75697 2
75698 1
75699 3
75700 4
75701 2
75702 3
75703 2
75704 2
75705 0
75706 0
75707 2
75708 3
75709 3
75710 3
75711 2
75712 4
75713 1
75714 1
75715 2
75716 2
75717 2
75718 1
75719 0
75720 2
75721 1
75722 3
75723 2
75724 1
75725 2
75726 0
75727 4
75728 3
75729 0
75730 1
75731 1
75732 0
75733 4
75734 1
75735 0
75736 3
75737 4
75738 2
75739 3
75740 2
75741 1
75742 0
75743 2
75744 4
75745 1
75746 3
75747 4
75748 3
75749 0
75750 2
75751 1
75752 3
75753 1
75754 0
75755 1
75756 3
75757 1
75758 3
75759 3
75760 1
75761 4
75762 0
75763 3
75764 0
75765 0
75766 3
75767 1
75768 1
75769 1
75770 2
75771 3
75772 0
75773 2
75774 4
75775 3
75776 1
75777 3
75778 3
75779 3
75780 2
75781 3
75782 3
75783 4
75784 2
75785 3
75786 2
75787 0
75788 0
75789 1
75790 2
75791 0
75792 2
75793 3
75794 4
75795 1
75796 0
75797 0
75798 0
75799 3
75800 3
75801 3
75802 2
75803 3
75804 0
75805 2
75806 2
75807 2
75808 3
75809 1
75810 1
75811 4
75812 0
75813 3
75814 1
75815 3
75816 3
75817 0
75818 3
75819 3
75820 2
75821 3
75822 2
75823 2
75824 2
75825 0
75826 1
75827 0
75828 1
75829 3
75830 0
75831 1
75832 2
75833 5
75834 2
75835 1
75836 4
75837 5
75838 2
75839 3
75840 2
75841 0
75842 4
75843 0
75844 0
75845 2
75846 2
75847 1
75848 2
75849 1
75850 3
75851 3
75852 2
75853 3
75854 2
75855 3
75856 0
75857 1
75858 4
75859 1
75860 2
75861 3
75862 3
75863 2
75864 0
75865 3
75866 1
75867 4
75868 1
75869 2
75870 1
75871 1
75872 4
75873 2
75874 0
75875 2
75876 1
75877 4
75878 1
75879 2
75880 4
75881 1
75882 1
75883 4
75884 4
75885 1
75886 2
75887 3
75888 2
75889 4
75890 1
75891 2
75892 4
75893 0
75894 4
75895 5
75896 1
75897 4
75898 2
75899 3
75900 1
75901 0
75902 1
75903 3
75904 0
75905 3
75906 3
75907 3
75908 1
75909 3
75910 4
75911 0
75912 2
75913 3
75914 1
75915 2
75916 2
75917 0
75918 2
75919 2
75920 0
75921 1
75922 3
75923 0
75924 3
75925 5
75926 3
75927 4
75928 0
75929 3
75930 3
75931 2
75932 4
75933 3
75934 3
75935 4
75936 0
75937 2
75938 1
75939 0
75940 4
75941 1
75942 3
75943 1
75944 0
75945 2
75946 2
75947 0
75948 2
75949 3
75950 4
75951 2
75952 0
75953 0
75954 1
75955 3
75956 2
75957 2
75958 2
75959 2
75960 1
75961 0
75962 1
75963 3
75964 1
75965 3
75966 2
75967 4
75968 1
75969 4
75970 3
75971 2
75972 0
75973 2
75974 4
75975 2
75976 1
75977 2
75978 2
75979 2
75980 3
75981 1
75982 4
75983 0
75984 2
75985 3
75986 3
75987 3
75988 2
75989 3
75990 3
75991 0
75992 3
75993 3
75994 3
75995 2
75996 4
75997 1
75998 2
75999 3
76000 0
76001 1
76002 4
76003 2
76004 1
76005 2
76006 3
76007 2
76008 2
76009 2
76010 3
76011 2
76012 2
76013 4
76014 1
76015 1
76016 1
76017 2
76018 2
76019 4
76020 2
76021 4
76022 3
76023 1
76024 3
76025 1
76026 2
76027 3
76028 3
76029 4
76030 0
76031 4
76032 0
76033 1
76034 4
76035 1
76036 0
76037 2
76038 1
76039 1
76040 2
76041 1
76042 4
76043 2
76044 0
76045 2
76046 3
76047 1
76048 3
76049 4
76050 3
76051 3
76052 0
76053 1
76054 0
76055 0
76056 2
76057 3
76058 0
76059 2
76060 3
76061 0
76062 3
76063 2
76064 3
76065 3
76066 3
76067 3
76068 4
76069 0
76070 3
76071 3
76072 4
76073 1
76074 0
76075 0
76076 1
76077 1
76078 4
76079 0
76080 3
76081 1
76082 4
76083 3
76084 1
76085 5
76086 3
76087 0
76088 2
76089 3
76090 0
76091 5
76092 2
76093 2
76094 1
76095 1
76096 1
76097 0
76098 3
76099 3
76100 5
76101 4
76102 2
76103 3
76104 4
76105 0
76106 4
76107 1
76108 2
76109 1
76110 2
76111 1
76112 0
76113 3
76114 2
76115 1
76116 2
76117 2
76118 0
76119 1
76120 0
76121 3
76122 3
76123 3
76124 0
76125 2
76126 1
76127 1
76128 2
76129 2
76130 0
76131 0
76132 2
76133 0
76134 2
76135 3
76136 0
76137 1
76138 0
76139 3
76140 2
76141 2
76142 3
76143 3
76144 2
76145 2
76146 0
76147 2
76148 1
76149 2
76150 4
76151 1
76152 1
76153 0
76154 2
76155 2
76156 3
76157 1
76158 2
76159 1
76160 2
76161 3
76162 0
76163 1
76164 1
76165 3
76166 3
76167 0
76168 3
76169 3
76170 2
76171 2
76172 3
76173 1
76174 1
76175 2
76176 1
76177 3
76178 3
76179 0
76180 0
76181 2
76182 3
76183 1
76184 2
76185 3
76186 1
76187 3
76188 2
76189 1
76190 3
76191 0
76192 3
76193 1
76194 4
76195 0
76196 0
76197 3
76198 1
76199 1
76200 0
76201 0
76202 3
76203 1
76204 1
76205 0
76206 3
76207 4
76208 3
76209 2
76210 4
76211 4
76212 0
76213 3
76214 3
76215 0
76216 2
76217 2
76218 1
76219 2
76220 3
76221 3
76222 2
76223 4
76224 3
76225 2
76226 4
76227 2
76228 3
76229 0
76230 3
76231 1
76232 3
76233 0
76234 1
76235 1
76236 0
76237 2
76238 3
76239 2
76240 0
76241 0
76242 2
76243 3
76244 2
76245 3
76246 3
76247 2
76248 2
76249 3
76250 4
76251 3
76252 1
76253 3
76254 2
76255 0
76256 3
76257 3
76258 2
76259 1
76260 0
76261 2
76262 2
76263 1
76264 0
76265 0
76266 1
76267 1
76268 0
76269 1
76270 1
76271 4
76272 2
76273 0
76274 1
76275 3
76276 4
76277 0
76278 3
76279 2
76280 1
76281 0
76282 0
76283 4
76284 4
76285 3
76286 4
76287 2
76288 0
76289 0
76290 1
76291 2
76292 3
76293 0
76294 1
76295 1
76296 2
76297 2
76298 3
76299 0
76300 1
76301 3
76302 1
76303 0
76304 2
76305 1
76306 4
76307 2
76308 1
76309 2
76310 0
76311 0
76312 0
76313 2
76314 1
76315 1
76316 0
76317 0
76318 4
76319 3
76320 4
76321 3
76322 2
76323 0
76324 1
76325 3
76326 4
76327 0
76328 0
76329 4
76330 1
76331 0
76332 3
76333 0
76334 0
76335 0
76336 1
76337 2
76338 2
76339 2
76340 2
76341 2
76342 1
76343 1
76344 3
76345 2
76346 1
76347 1
76348 3
76349 2
76350 3
76351 1
76352 1
76353 1
76354 4
76355 0
76356 3
76357 2
76358 3
76359 2
76360 0
76361 3
76362 1
76363 1
76364 2
76365 0
76366 2
76367 0
76368 2
76369 3
76370 1
76371 0
76372 2
76373 3
76374 0
76375 2
76376 2
76377 0
76378 2
76379 1
76380 4
76381 0
76382 2
76383 1
76384 2
76385 3
76386 0
76387 3
76388 4
76389 1
76390 3
76391 1
76392 3
76393 4
76394 4
76395 3
76396 3
76397 3
76398 3
76399 3
76400 3
76401 3
76402 1
76403 1
76404 3
76405 5
76406 3
76407 3
76408 3
76409 0
76410 2
76411 2
76412 3
76413 0
76414 3
76415 1
76416 1
76417 3
76418 1
76419 0
76420 1
76421 4
76422 1
76423 3
76424 1
76425 3
76426 2
76427 2
76428 2
76429 0
76430 0
76431 0
76432 3
76433 0
76434 3
76435 2
76436 3
76437 2
76438 3
76439 4
76440 2
76441 3
76442 3
76443 3
76444 1
76445 2
76446 2
76447 2
76448 2
76449 2
76450 1
76451 0
76452 2
76453 4
76454 2
76455 3
76456 2
76457 2
76458 3
76459 2
76460 2
76461 2
76462 0
76463 3
76464 3
76465 2
76466 0
76467 3
76468 1
76469 1
76470 2
76471 0
76472 4
76473 2
76474 3
76475 4
76476 0
76477 2
76478 3
76479 2
76480 2
76481 0
76482 1
76483 2
76484 4
76485 0
76486 3
76487 1
76488 4
76489 2
76490 1
76491 3
76492 2
76493 1
76494 1
76495 3
76496 3
76497 0
76498 0
76499 4
76500 2
76501 2
76502 3
76503 0
76504 0
76505 4
76506 5
76507 2
76508 4
76509 1
76510 2
76511 4
76512 0
76513 3
76514 2
76515 0
76516 2
76517 2
76518 4
76519 0
76520 4
76521 1
76522 2
76523 2
76524 0
76525 2
76526 3
76527 1
76528 0
76529 1
76530 3
76531 3
76532 4
76533 3
76534 3
76535 2
76536 1
76537 2
76538 3
76539 2
76540 3
76541 2
76542 1
76543 2
76544 3
76545 2
76546 1
76547 4
76548 2
76549 1
76550 1
76551 3
76552 1
76553 2
76554 2
76555 3
76556 0
76557 1
76558 3
76559 3
76560 3
76561 4
76562 1
76563 3
76564 3
76565 2
76566 5
76567 1
76568 3
76569 4
76570 2
76571 4
76572 0
76573 3
76574 1
76575 2
76576 3
76577 3
76578 0
76579 0
76580 2
76581 3
76582 3
76583 0
76584 1
76585 3
76586 3
76587 2
76588 4
76589 3
76590 1
76591 3
76592 1
76593 3
76594 3
76595 1
76596 3
76597 1
76598 1
76599 2
76600 0
76601 2
76602 1
76603 2
76604 3
76605 2
76606 0
76607 0
76608 2
76609 4
76610 3
76611 2
76612 3
76613 3
76614 4
76615 3
76616 3
76617 1
76618 0
76619 4
76620 3
76621 2
76622 1
76623 1
76624 1
76625 3
76626 3
76627 2
76628 2
76629 0
76630 2
76631 3
76632 2
76633 2
76634 3
76635 2
76636 1
76637 1
76638 2
76639 1
76640 4
76641 2
76642 2
76643 1
76644 1
76645 1
76646 1
76647 0
76648 4
76649 0
76650 1
76651 1
76652 3
76653 3
76654 0
76655 0
76656 0
76657 3
76658 3
76659 2
76660 1
76661 0
76662 4
76663 0
76664 2
76665 1
76666 3
76667 0
76668 2
76669 4
76670 1
76671 1
76672 3
76673 2
76674 3
76675 4
76676 3
76677 2
76678 1
76679 0
76680 2
76681 2
76682 1
76683 0
76684 4
76685 0
76686 2
76687 3
76688 2
76689 3
76690 1
76691 4
76692 2
76693 1
76694 0
76695 2
76696 2
76697 4
76698 2
76699 2
76700 0
76701 4
76702 1
76703 3
76704 4
76705 2
76706 4
76707 2
76708 0
76709 0
76710 3
76711 1
76712 4
76713 2
76714 2
76715 3
76716 3
76717 3
76718 0
76719 0
76720 3
76721 1
76722 0
76723 0
76724 3
76725 0
76726 2
76727 1
76728 4
76729 3
76730 1
76731 3
76732 4
76733 4
76734 1
76735 4
76736 3
76737 1
76738 0
76739 3
76740 0
76741 3
76742 2
76743 1
76744 0
76745 1
76746 3
76747 4
76748 0
76749 2
76750 2
76751 3
76752 0
76753 3
76754 1
76755 0
76756 2
76757 1
76758 4
76759 2
76760 2
76761 3
76762 0
76763 3
76764 2
76765 1
76766 0
76767 2
76768 2
76769 0
76770 2
76771 0
76772 0
76773 1
76774 4
76775 3
76776 1
76777 0
76778 3
76779 0
76780 2
76781 2
76782 1
76783 2
76784 0
76785 1
76786 5
76787 4
76788 2
76789 3
76790 0
76791 1
76792 3
76793 0
76794 1
76795 2
76796 1
76797 3
76798 0
76799 1
76800 1
76801 1
76802 3
76803 0
76804 0
76805 0
76806 1
76807 0
76808 2
76809 0
76810 2
76811 3
76812 1
76813 3
76814 3
76815 2
76816 0
76817 3
76818 1
76819 2
76820 3
76821 0
76822 4
76823 3
76824 3
76825 4
76826 0
76827 2
76828 0
76829 2
76830 4
76831 3
76832 1
76833 3
76834 0
76835 2
76836 1
76837 2
76838 3
76839 2
76840 0
76841 3
76842 1
76843 0
76844 1
76845 2
76846 1
76847 1
76848 1
76849 0
76850 3
76851 3
76852 3
76853 3
76854 1
76855 2
76856 2
76857 3
76858 0
76859 1
76860 2
76861 2
76862 3
76863 3
76864 2
76865 4
76866 2
76867 0
76868 1
76869 4
76870 2
76871 2
76872 1
76873 2
76874 0
76875 1
76876 1
76877 1
76878 2
76879 2
76880 5
76881 1
76882 0
76883 3
76884 2
76885 4
76886 1
76887 3
76888 3
76889 3
76890 3
76891 0
76892 1
76893 2
76894 0
76895 3
76896 1
76897 2
76898 3
76899 3
76900 1
76901 4
76902 1
76903 0
76904 0
76905 2
76906 3
76907 1
76908 3
76909 2
76910 1
76911 1
76912 3
76913 2
76914 0
76915 3
76916 1
76917 2
76918 4
76919 3
76920 0
76921 2
76922 4
76923 5
76924 2
76925 3
76926 3
76927 2
76928 2
76929 3
76930 1
76931 4
76932 0
76933 0
76934 4
76935 4
76936 3
76937 3
76938 0
76939 3
76940 5
76941 1
76942 3
76943 1
76944 2
76945 0
76946 1
76947 1
76948 1
76949 0
76950 1
76951 1
76952 3
76953 2
76954 3
76955 1
76956 2
76957 0
76958 1
76959 4
76960 2
76961 1
76962 4
76963 4
76964 4
76965 2
76966 4
76967 2
76968 2
76969 2
76970 1
76971 1
76972 4
76973 1
76974 4
76975 0
76976 1
76977 0
76978 3
76979 0
76980 0
76981 1
76982 1
76983 1
76984 2
76985 0
76986 1
76987 1
76988 1
76989 4
76990 0
76991 3
76992 4
76993 2
76994 3
76995 0
76996 0
76997 2
76998 1
76999 0
77000 1
77001 3
77002 1
77003 3
77004 2
77005 3
77006 3
77007 0
77008 1
77009 2
77010 4
77011 1
77012 3
77013 0
77014 4
77015 1
77016 1
77017 5
77018 1
77019 1
77020 3
77021 2
77022 3
77023 3
77024 2
77025 4
77026 2
77027 0
77028 4
77029 3
77030 2
77031 3
77032 4
77033 3
77034 1
77035 1
77036 1
77037 1
77038 3
77039 4
77040 2
77041 3
77042 2
77043 1
77044 0
77045 2
77046 1
77047 3
77048 1
77049 2
77050 1
77051 2
77052 1
77053 0
77054 0
77055 2
77056 2
77057 2
77058 3
77059 0
77060 4
77061 2
77062 1
77063 4
77064 4
77065 4
77066 4
77067 2
77068 2
77069 2
77070 3
77071 1
77072 0
77073 0
77074 1
77075 3
77076 3
77077 2
77078 2
77079 2
77080 4
77081 1
77082 3
77083 0
77084 1
77085 3
77086 4
77087 2
77088 0
77089 1
77090 0
77091 4
77092 3
77093 0
77094 1
77095 3
77096 1
77097 2
77098 3
77099 4
77100 1
77101 3
77102 3
77103 1
77104 0
77105 3
77106 3
77107 1
77108 0
77109 0
77110 3
77111 2
77112 2
77113 3
77114 0
77115 1
77116 1
77117 3
77118 3
77119 0
77120 3
77121 3
77122 3
77123 3
77124 3
77125 0
77126 1
77127 1
77128 0
77129 3
77130 0
77131 1
77132 2
77133 0
77134 3
77135 3
77136 2
77137 0
77138 1
77139 4
77140 2
77141 1
77142 0
77143 3
77144 4
77145 2
77146 1
77147 4
77148 2
77149 5
77150 1
77151 3
77152 0
77153 1
77154 4
77155 0
77156 2
77157 3
77158 4
77159 3
77160 1
77161 4
77162 2
77163 1
77164 1
77165 1
77166 3
77167 1
77168 0
77169 2
77170 4
77171 3
77172 2
77173 1
77174 0
77175 3
77176 2
77177 0
77178 3
77179 2
77180 3
77181 2
77182 3
77183 2
77184 2
77185 2
77186 3
77187 4
77188 3
77189 2
77190 2
77191 2
77192 1
77193 0
77194 3
77195 2
77196 0
77197 3
77198 2
77199 3
77200 0
77201 3
77202 5
77203 0
77204 3
77205 3
77206 0
77207 1
77208 5
77209 1
77210 3
77211 0
77212 2
77213 0
77214 3
77215 3
77216 2
77217 5
77218 4
77219 1
77220 3
77221 4
77222 5
77223 1
77224 0
77225 0
77226 2
77227 1
77228 0
77229 1
77230 2
77231 3
77232 2
77233 0
77234 0
77235 0
77236 5
77237 1
77238 3
77239 2
77240 3
77241 3
77242 1
77243 0
77244 3
77245 1
77246 3
77247 2
77248 0
77249 3
77250 4
77251 3
77252 3
77253 0
77254 0
77255 1
77256 0
77257 2
77258 2
77259 3
77260 3
77261 1
77262 1
77263 0
77264 2
77265 4
77266 2
77267 5
77268 3
77269 4
77270 1
77271 2
77272 1
77273 1
77274 2
77275 1
77276 3
77277 3
77278 3
77279 2
77280 3
77281 3
77282 2
77283 3
77284 2
77285 1
77286 2
77287 4
77288 1
77289 0
77290 3
77291 2
77292 2
77293 2
77294 0
77295 2
77296 1
77297 2
77298 0
77299 0
77300 0
77301 1
77302 3
77303 0
77304 4
77305 3
77306 2
77307 0
77308 1
77309 2
77310 2
77311 0
77312 3
77313 0
77314 1
77315 2
77316 3
77317 3
77318 3
77319 1
77320 1
77321 2
77322 1
77323 3
77324 3
77325 0
77326 2
77327 4
77328 2
77329 3
77330 3
77331 4
77332 1
77333 2
77334 1
77335 2
77336 0
77337 3
77338 1
77339 1
77340 2
77341 4
77342 1
77343 3
77344 3
77345 0
77346 2
77347 1
77348 2
77349 0
77350 0
77351 5
77352 1
77353 1
77354 2
77355 0
77356 2
77357 1
77358 3
77359 3
77360 3
77361 1
77362 4
77363 0
77364 3
77365 3
77366 2
77367 0
77368 3
77369 1
77370 2
77371 3
77372 2
77373 0
77374 5
77375 1
77376 3
77377 2
77378 1
77379 2
77380 3
77381 0
77382 1
77383 3
77384 1
77385 2
77386 3
77387 0
77388 1
77389 3
77390 1
77391 4
77392 4
77393 1
77394 1
77395 2
77396 1
77397 0
77398 4
77399 1
77400 0
77401 3
77402 4
77403 2
77404 3
77405 0
77406 1
77407 3
77408 1
77409 1
77410 2
77411 0
77412 2
77413 3
77414 0
77415 0
77416 2
77417 4
77418 0
77419 1
77420 1
77421 2
77422 1
77423 3
77424 3
77425 3
77426 1
77427 3
77428 2
77429 2
77430 3
77431 2
77432 2
77433 2
77434 3
77435 4
77436 1
77437 1
77438 3
77439 0
77440 0
77441 2
77442 2
77443 2
77444 1
77445 2
77446 1
77447 2
77448 2
77449 0
77450 3
77451 1
77452 2
77453 0
77454 2
77455 2
77456 3
77457 0
77458 2
77459 0
77460 4
77461 2
77462 4
77463 0
77464 0
77465 3
77466 4
77467 2
77468 3
77469 4
77470 1
77471 0
77472 4
77473 2
77474 2
77475 0
77476 3
77477 3
77478 4
77479 0
77480 0
77481 0
77482 3
77483 1
77484 1
77485 3
77486 1
77487 4
77488 1
77489 4
77490 1
77491 1
77492 1
77493 1
77494 0
77495 0
77496 1
77497 1
77498 2
77499 2
77500 4
77501 1
77502 4
77503 1
77504 4
77505 2
77506 2
77507 2
77508 2
77509 2
77510 2
77511 2
77512 2
77513 3
77514 0
77515 0
77516 2
77517 1
77518 0
77519 0
77520 3
77521 0
77522 2
77523 1
77524 4
77525 2
77526 2
77527 1
77528 1
77529 1
77530 2
77531 0
77532 1
77533 1
77534 2
77535 0
77536 1
77537 2
77538 4
77539 2
77540 1
77541 0
77542 2
77543 4
77544 2
77545 0
77546 1
77547 1
77548 3
77549 2
77550 4
77551 0
77552 1
77553 4
77554 2
77555 2
77556 0
77557 2
77558 1
77559 1
77560 1
77561 0
77562 0
77563 1
77564 2
77565 3
77566 3
77567 1
77568 1
77569 2
77570 2
77571 4
77572 0
77573 0
77574 0
77575 3
77576 0
77577 4
77578 0
77579 4
77580 3
77581 4
77582 2
77583 1
77584 2
77585 1
77586 1
77587 3
77588 0
77589 2
77590 2
77591 0
77592 1
77593 2
77594 3
77595 1
77596 3
77597 2
77598 2
77599 0
77600 1
77601 5
77602 2
77603 2
77604 1
77605 0
77606 1
77607 2
77608 0
77609 1
77610 2
77611 1
77612 2
77613 1
77614 3
77615 0
77616 2
77617 4
77618 2
77619 2
77620 4
77621 1
77622 3
77623 0
77624 2
77625 4
77626 1
77627 2
77628 3
77629 1
77630 4
77631 2
77632 1
77633 3
77634 3
77635 4
77636 4
77637 1
77638 1
77639 4
77640 4
77641 4
77642 4
77643 2
77644 0
77645 3
77646 2
77647 1
77648 3
77649 1
77650 2
77651 0
77652 4
77653 0
77654 4
77655 1
77656 3
77657 4
77658 1
77659 0
77660 4
77661 1
77662 0
77663 3
77664 3
77665 1
77666 0
77667 3
77668 1
77669 0
77670 3
77671 2
77672 1
77673 4
77674 0
77675 1
77676 2
77677 4
77678 4
77679 3
77680 2
77681 4
77682 3
77683 1
77684 3
77685 4
77686 3
77687 1
77688 1
77689 4
77690 2
77691 2
77692 1
77693 2
77694 1
77695 1
77696 1
77697 3
77698 2
77699 3
77700 2
77701 0
77702 2
77703 1
77704 0
77705 1
77706 0
77707 3
77708 1
77709 0
77710 3
77711 0
77712 3
77713 0
77714 2
77715 2
77716 3
77717 2
77718 1
77719 3
77720 2
77721 0
77722 3
77723 1
77724 2
77725 2
77726 3
77727 1
77728 1
77729 1
77730 3
77731 3
77732 2
77733 1
77734 1
77735 4
77736 2
77737 4
77738 1
77739 2
77740 2
77741 5
77742 3
77743 4
77744 0
77745 1
77746 3
77747 2
77748 2
77749 2
77750 0
77751 3
77752 0
77753 3
77754 3
77755 1
77756 2
77757 2
77758 1
77759 1
77760 0
77761 2
77762 2
77763 2
77764 3
77765 2
77766 2
77767 4
77768 4
77769 2
77770 1
77771 3
77772 1
77773 0
77774 4
77775 3
77776 1
77777 4
77778 2
77779 2
77780 1
77781 1
77782 2
77783 0
77784 4
77785 2
77786 0
77787 2
77788 2
77789 1
77790 2
77791 3
77792 0
77793 1
77794 3
77795 2
77796 3
77797 2
77798 1
77799 2
77800 2
77801 2
77802 0
77803 1
77804 0
77805 0
77806 3
77807 2
77808 5
77809 0
77810 4
77811 3
77812 1
77813 2
77814 3
77815 3
77816 3
77817 1
77818 4
77819 3
77820 3
77821 1
77822 2
77823 2
77824 0
77825 3
77826 1
77827 0
77828 3
77829 0
77830 0
77831 1
77832 1
77833 0
77834 2
77835 3
77836 3
77837 0
77838 3
77839 0
77840 3
77841 0
77842 4
77843 3
77844 5
77845 1
77846 3
77847 4
77848 4
77849 2
77850 2
77851 0
77852 1
77853 0
77854 0
77855 1
77856 3
77857 1
77858 1
77859 3
77860 0
77861 2
77862 5
77863 2
77864 0
77865 4
77866 3
77867 1
77868 1
77869 0
77870 1
77871 3
77872 1
77873 0
77874 1
77875 0
77876 2
77877 2
77878 1
77879 0
77880 3
77881 3
77882 1
77883 2
77884 0
77885 1
77886 3
77887 1
77888 3
77889 3
77890 2
77891 3
77892 1
77893 0
77894 3
77895 2
77896 2
77897 1
77898 4
77899 3
77900 4
77901 4
77902 4
77903 4
77904 4
77905 1
77906 1
77907 0
77908 3
77909 3
77910 3
77911 2
77912 2
77913 3
77914 0
77915 1
77916 0
77917 4
77918 0
77919 4
77920 3
77921 2
77922 0
77923 0
77924 3
77925 2
77926 0
77927 0
77928 2
77929 4
77930 1
77931 1
77932 4
77933 2
77934 3
77935 2
77936 3
77937 1
77938 3
77939 3
77940 4
77941 3
77942 1
77943 4
77944 0
77945 0
77946 0
77947 3
77948 2
77949 1
77950 0
77951 0
77952 2
77953 0
77954 2
77955 0
77956 0
77957 1
77958 3
77959 3
77960 2
77961 2
77962 1
77963 2
77964 2
77965 2
77966 2
77967 4
77968 2
77969 1
77970 2
77971 1
77972 3
77973 3
77974 3
77975 3
77976 4
77977 4
77978 1
77979 4
77980 2
77981 0
77982 1
77983 2
77984 3
77985 3
77986 1
77987 5
77988 1
77989 5
77990 2
77991 2
77992 2
77993 3
77994 0
77995 2
77996 1
77997 3
77998 4
77999 0
78000 2
78001 2
78002 5
78003 3
78004 1
78005 0
78006 3
78007 1
78008 1
78009 3
78010 3
78011 3
78012 2
78013 2
78014 0
78015 0
78016 3
78017 2
78018 0
78019 2
78020 2
78021 1
78022 1
78023 0
78024 4
78025 3
78026 1
78027 3
78028 1
78029 2
78030 0
78031 1
78032 2
78033 2
78034 3
78035 3
78036 0
78037 3
78038 2
78039 2
78040 0
78041 3
78042 4
78043 2
78044 2
78045 1
78046 4
78047 2
78048 2
78049 0
78050 2
78051 0
78052 4
78053 3
78054 1
78055 3
78056 4
78057 2
78058 3
78059 4
78060 1
78061 3
78062 2
78063 4
78064 1
78065 1
78066 1
78067 3
78068 1
78069 2
78070 2
78071 3
78072 2
78073 2
78074 1
78075 2
78076 3
78077 2
78078 2
78079 2
78080 2
78081 3
78082 2
78083 3
78084 3
78085 3
78086 3
78087 2
78088 0
78089 3
78090 3
78091 5
78092 1
78093 0
78094 4
78095 3
78096 2
78097 0
78098 2
78099 3
78100 2
78101 3
78102 4
78103 4
78104 1
78105 2
78106 1
78107 0
78108 4
78109 3
78110 3
78111 1
78112 3
78113 2
78114 3
78115 2
78116 2
78117 2
78118 4
78119 1
78120 2
78121 0
78122 4
78123 2
78124 0
78125 3
78126 2
78127 2
78128 0
78129 2
78130 1
78131 1
78132 1
78133 3
78134 3
78135 3
78136 4
78137 4
78138 3
78139 2
78140 1
78141 1
78142 0
78143 2
78144 0
78145 3
78146 2
78147 0
78148 4
78149 3
78150 0
78151 3
78152 4
78153 1
78154 2
78155 4
78156 1
78157 1
78158 1
78159 3
78160 2
78161 2
78162 0
78163 1
78164 1
78165 3
78166 3
78167 2
78168 0
78169 2
78170 4
78171 1
78172 1
78173 3
78174 4
78175 3
78176 2
78177 0
78178 2
78179 3
78180 1
78181 3
78182 2
78183 1
78184 4
78185 1
78186 4
78187 2
78188 0
78189 3
78190 3
78191 2
78192 1
78193 3
78194 4
78195 3
78196 2
78197 0
78198 4
78199 1
78200 4
78201 2
78202 1
78203 4
78204 0
78205 1
78206 1
78207 3
78208 0
78209 4
78210 3
78211 3
78212 3
78213 0
78214 3
78215 4
78216 2
78217 3
78218 2
78219 2
78220 1
78221 0
78222 4
78223 3
78224 0
78225 1
78226 5
78227 2
78228 3
78229 1
78230 3
78231 2
78232 4
78233 2
78234 0
78235 3
78236 2
78237 1
78238 1
78239 0
78240 2
78241 0
78242 0
78243 2
78244 2
78245 2
78246 1
78247 4
78248 2
78249 3
78250 3
78251 3
78252 1
78253 0
78254 2
78255 3
78256 2
78257 1
78258 3
78259 1
78260 0
78261 1
78262 3
78263 4
78264 3
78265 3
78266 3
78267 2
78268 3
78269 0
78270 1
78271 3
78272 1
78273 1
78274 1
78275 4
78276 0
78277 0
78278 2
78279 4
78280 4
78281 1
78282 3
78283 4
78284 3
78285 4
78286 3
78287 2
78288 1
78289 2
78290 3
78291 3
78292 4
78293 4
78294 4
78295 0
78296 0
78297 0
78298 1
78299 1
78300 1
78301 0
78302 2
78303 1
78304 3
78305 3
78306 3
78307 4
78308 3
78309 2
78310 3
78311 3
78312 1
78313 4
78314 0
78315 4
78316 3
78317 0
78318 2
78319 1
78320 0
78321 3
78322 1
78323 4
78324 1
78325 0
78326 3
78327 1
78328 2
78329 0
78330 2
78331 3
78332 0
78333 0
78334 1
78335 1
78336 0
78337 3
78338 1
78339 2
78340 2
78341 2
78342 1
78343 2
78344 1
78345 3
78346 5
78347 3
78348 2
78349 2
78350 2
78351 3
78352 1
78353 2
78354 0
78355 1
78356 2
78357 1
78358 0
78359 2
78360 3
78361 3
78362 0
78363 3
78364 3
78365 3
78366 2
78367 1
78368 2
78369 0
78370 3
78371 1
78372 1
78373 3
78374 2
78375 1
78376 0
78377 2
78378 0
78379 1
78380 3
78381 3
78382 3
78383 1
78384 2
78385 3
78386 3
78387 2
78388 4
78389 0
78390 3
78391 1
78392 1
78393 2
78394 1
78395 3
78396 3
78397 0
78398 2
78399 0
78400 1
78401 3
78402 1
78403 2
78404 2
78405 0
78406 1
78407 3
78408 0
78409 1
78410 3
78411 3
78412 0
78413 2
78414 3
78415 4
78416 4
78417 1
78418 0
78419 1
78420 1
78421 3
78422 3
78423 1
78424 0
78425 2
78426 3
78427 1
78428 1
78429 3
78430 3
78431 3
78432 3
78433 4
78434 2
78435 1
78436 1
78437 0
78438 1
78439 1
78440 3
78441 1
78442 2
78443 2
78444 4
78445 1
78446 2
78447 1
78448 2
78449 3
78450 2
78451 1
78452 0
78453 2
78454 3
78455 4
78456 3
78457 2
78458 3
78459 0
78460 2
78461 1
78462 2
78463 3
78464 4
78465 1
78466 3
78467 4
78468 4
78469 0
78470 3
78471 2
78472 1
78473 1
78474 0
78475 0
78476 3
78477 3
78478 3
78479 3
78480 2
78481 2
78482 1
78483 2
78484 1
78485 3
78486 4
78487 3
78488 3
78489 3
78490 4
78491 3
78492 4
78493 3
78494 3
78495 1
78496 3
78497 2
78498 4
78499 1
78500 0
78501 0
78502 0
78503 2
78504 1
78505 0
78506 4
78507 3
78508 4
78509 1
78510 0
78511 3
78512 2
78513 4
78514 2
78515 0
78516 3
78517 1
78518 3
78519 4
78520 3
78521 1
78522 2
78523 2
78524 1
78525 1
78526 1
78527 3
78528 0
78529 4
78530 0
78531 3
78532 3
78533 1
78534 4
78535 4
78536 0
78537 1
78538 2
78539 3
78540 0
78541 2
78542 2
78543 3
78544 4
78545 4
78546 3
78547 0
78548 1
78549 2
78550 3
78551 0
78552 4
78553 2
78554 4
78555 2
78556 2
78557 2
78558 4
78559 2
78560 1
78561 4
78562 3
78563 1
78564 2
78565 2
78566 3
78567 1
78568 1
78569 4
78570 2
78571 0
78572 0
78573 0
78574 1
78575 3
78576 1
78577 0
78578 4
78579 2
78580 3
78581 1
78582 2
78583 1
78584 2
78585 2
78586 3
78587 1
78588 0
78589 0
78590 1
78591 1
78592 2
78593 1
78594 1
78595 3
78596 3
78597 3
78598 3
78599 3
78600 3
78601 1
78602 2
78603 0
78604 4
78605 3
78606 2
78607 3
78608 2
78609 3
78610 4
78611 2
78612 4
78613 1
78614 4
78615 3
78616 4
78617 0
78618 3
78619 3
78620 4
78621 1
78622 2
78623 2
78624 1
78625 3
78626 3
78627 2
78628 1
78629 3
78630 2
78631 2
78632 3
78633 1
78634 0
78635 3
78636 4
78637 3
78638 2
78639 3
78640 0
78641 1
78642 2
78643 0
78644 3
78645 1
78646 1
78647 3
78648 3
78649 4
78650 2
78651 3
78652 0
78653 3
78654 3
78655 1
78656 4
78657 0
78658 1
78659 0
78660 3
78661 4
78662 1
78663 3
78664 0
78665 1
78666 0
78667 2
78668 2
78669 2
78670 2
78671 0
78672 2
78673 2
78674 0
78675 2
78676 0
78677 2
78678 4
78679 3
78680 2
78681 1
78682 3
78683 4
78684 1
78685 3
78686 4
78687 0
78688 4
78689 3
78690 1
78691 4
78692 1
78693 2
78694 0
78695 2
78696 3
78697 0
78698 1
78699 1
78700 1
78701 1
78702 3
78703 4
78704 0
78705 3
78706 0
78707 1
78708 1
78709 1
78710 0
78711 3
78712 3
78713 0
78714 3
78715 0
78716 1
78717 3
78718 3
78719 0
78720 2
78721 1
78722 3
78723 0
78724 3
78725 2
78726 2
78727 4
78728 4
78729 2
78730 0
78731 4
78732 4
78733 1
78734 0
78735 1
78736 3
78737 2
78738 3
78739 3
78740 0
78741 3
78742 0
78743 1
78744 3
78745 0
78746 1
78747 0
78748 3
78749 1
78750 2
78751 2
78752 2
78753 2
78754 3
78755 2
78756 2
78757 4
78758 1
78759 3
78760 2
78761 3
78762 0
78763 4
78764 1
78765 3
78766 2
78767 2
78768 3
78769 4
78770 1
78771 1
78772 2
78773 2
78774 2
78775 2
78776 3
78777 3
78778 0
78779 0
78780 2
78781 4
78782 1
78783 3
78784 2
78785 1
78786 4
78787 4
78788 2
78789 0
78790 1
78791 1
78792 2
78793 0
78794 1
78795 2
78796 0
78797 0
78798 0
78799 2
78800 3
78801 1
78802 2
78803 2
78804 3
78805 4
78806 0
78807 2
78808 4
78809 1
78810 3
78811 1
78812 1
78813 2
78814 2
78815 3
78816 0
78817 2
78818 2
78819 2
78820 2
78821 3
78822 3
78823 2
78824 1
78825 3
78826 1
78827 3
78828 1
78829 3
78830 3
78831 0
78832 0
78833 0
78834 3
78835 0
78836 2
78837 1
78838 2
78839 0
78840 4
78841 0
78842 0
78843 0
78844 3
78845 2
78846 1
78847 1
78848 2
78849 4
78850 4
78851 0
78852 5
78853 0
78854 3
78855 1
78856 3
78857 3
78858 1
78859 3
78860 4
78861 2
78862 1
78863 0
78864 0
78865 1
78866 1
78867 2
78868 3
78869 3
78870 2
78871 4
78872 4
78873 3
78874 2
78875 1
78876 2
78877 1
78878 1
78879 3
78880 2
78881 0
78882 2
78883 0
78884 1
78885 2
78886 1
78887 2
78888 2
78889 4
78890 0
78891 4
78892 1
78893 4
78894 4
78895 4
78896 4
78897 3
78898 1
78899 3
78900 2
78901 1
78902 4
78903 2
78904 0
78905 1
78906 2
78907 1
78908 3
78909 3
78910 4
78911 3
78912 3
78913 3
78914 3
78915 4
78916 4
78917 3
78918 1
78919 3
78920 3
78921 0
78922 2
78923 3
78924 2
78925 2
78926 2
78927 2
78928 3
78929 4
78930 0
78931 2
78932 2
78933 1
78934 2
78935 3
78936 1
78937 0
78938 1
78939 2
78940 5
78941 0
78942 1
78943 4
78944 4
78945 5
78946 0
78947 3
78948 0
78949 2
78950 0
78951 1
78952 2
78953 2
78954 2
78955 3
78956 2
78957 2
78958 0
78959 3
78960 1
78961 2
78962 3
78963 2
78964 2
78965 2
78966 4
78967 3
78968 1
78969 0
78970 2
78971 0
78972 4
78973 0
78974 0
78975 0
78976 2
78977 0
78978 3
78979 0
78980 3
78981 1
78982 1
78983 2
78984 2
78985 3
78986 5
78987 2
78988 1
78989 4
78990 0
78991 1
78992 0
78993 3
78994 0
78995 2
78996 5
78997 4
78998 1
78999 2
79000 0
79001 4
79002 4
79003 0
79004 4
79005 1
79006 2
79007 2
79008 0
79009 5
79010 1
79011 2
79012 0
79013 4
79014 1
79015 0
79016 1
79017 0
79018 3
79019 3
79020 2
79021 0
79022 3
79023 0
79024 3
79025 4
79026 4
79027 1
79028 2
79029 1
79030 3
79031 0
79032 2
79033 4
79034 3
79035 0
79036 3
79037 0
79038 0
79039 4
79040 1
79041 2
79042 0
79043 2
79044 4
79045 3
79046 3
79047 2
79048 2
79049 1
79050 4
79051 1
79052 1
79053 3
79054 3
79055 4
79056 2
79057 4
79058 4
79059 1
79060 1
79061 3
79062 1
79063 3
79064 0
79065 1
79066 4
79067 1
79068 0
79069 3
79070 1
79071 0
79072 4
79073 3
79074 5
79075 2
79076 3
79077 0
79078 1
79079 2
79080 1
79081 2
79082 4
79083 3
79084 2
79085 1
79086 1
79087 3
79088 3
79089 3
79090 4
79091 3
79092 4
79093 2
79094 5
79095 0
79096 1
79097 4
79098 1
79099 1
79100 2
79101 1
79102 3
79103 2
79104 0
79105 1
79106 2
79107 2
79108 0
79109 1
79110 1
79111 0
79112 2
79113 1
79114 1
79115 4
79116 5
79117 4
79118 1
79119 4
79120 3
79121 2
79122 2
79123 5
79124 3
79125 3
79126 3
79127 2
79128 1
79129 2
79130 2
79131 2
79132 2
79133 1
79134 1
79135 2
79136 1
79137 2
79138 2
79139 4
79140 3
79141 1
79142 2
79143 2
79144 3
79145 1
79146 2
79147 1
79148 1
79149 1
79150 2
79151 0
79152 0
79153 0
79154 1
79155 2
79156 3
79157 5
79158 2
79159 3
79160 2
79161 3
79162 3
79163 0
79164 1
79165 0
79166 4
79167 3
79168 3
79169 4
79170 2
79171 0
79172 2
79173 0
79174 0
79175 4
79176 2
79177 1
79178 3
79179 2
79180 3
79181 1
79182 1
79183 2
79184 3
79185 4
79186 0
79187 2
79188 2
79189 2
79190 2
79191 0
79192 3
79193 3
79194 2
79195 3
79196 1
79197 2
79198 0
79199 2
79200 1
79201 3
79202 1
79203 1
79204 3
79205 0
79206 1
79207 1
79208 2
79209 5
79210 0
79211 1
79212 1
79213 2
79214 0
79215 0
79216 4
79217 2
79218 2
79219 3
79220 5
79221 0
79222 5
79223 1
79224 1
79225 5
79226 2
79227 1
79228 0
79229 4
79230 0
79231 2
79232 3
79233 1
79234 4
79235 2
79236 0
79237 2
79238 0
79239 3
79240 2
79241 1
79242 4
79243 2
79244 3
79245 4
79246 3
79247 0
79248 0
79249 4
79250 4
79251 1
79252 1
79253 1
79254 3
79255 3
79256 2
79257 3
79258 3
79259 0
79260 2
79261 4
79262 1
79263 3
79264 1
79265 3
79266 4
79267 1
79268 3
79269 4
79270 0
79271 2
79272 2
79273 3
79274 0
79275 0
79276 1
79277 2
79278 2
79279 4
79280 1
79281 2
79282 1
79283 2
79284 1
79285 3
79286 1
79287 5
79288 1
79289 1
79290 4
79291 2
79292 4
79293 2
79294 1
79295 4
79296 2
79297 3
79298 1
79299 1
79300 3
79301 2
79302 3
79303 3
79304 2
79305 5
79306 3
79307 2
79308 2
79309 4
79310 3
79311 2
79312 1
79313 0
79314 1
79315 4
79316 0
79317 2
79318 5
79319 2
79320 1
79321 0
79322 5
79323 3
79324 2
79325 4
79326 1
79327 0
79328 3
79329 2
79330 4
79331 1
79332 1
79333 0
79334 1
79335 3
79336 0
79337 2
79338 2
79339 0
79340 3
79341 4
79342 0
79343 2
79344 4
79345 0
79346 2
79347 1
79348 3
79349 3
79350 1
79351 3
79352 4
79353 2
79354 2
79355 3
79356 2
79357 0
79358 1
79359 3
79360 0
79361 2
79362 4
79363 1
79364 1
79365 4
79366 0
79367 2
79368 0
79369 3
79370 3
79371 1
79372 1
79373 0
79374 3
79375 1
79376 4
79377 4
79378 3
79379 1
79380 3
79381 1
79382 3
79383 1
79384 2
79385 3
79386 1
79387 3
79388 3
79389 1
79390 0
79391 1
79392 1
79393 1
79394 3
79395 3
79396 1
79397 3
79398 4
79399 5
79400 3
79401 0
79402 0
79403 2
79404 1
79405 0
79406 0
79407 2
79408 2
79409 4
79410 1
79411 1
79412 2
79413 2
79414 1
79415 4
79416 4
79417 2
79418 1
79419 2
79420 3
79421 3
79422 2
79423 0
79424 1
79425 2
79426 0
79427 0
79428 1
79429 1
79430 1
79431 2
79432 1
79433 2
79434 3
79435 4
79436 1
79437 4
79438 4
79439 1
79440 0
79441 3
79442 0
79443 0
79444 3
79445 2
79446 2
79447 3
79448 2
79449 2
79450 1
79451 2
79452 1
79453 3
79454 2
79455 1
79456 2
79457 0
79458 1
79459 2
79460 0
79461 2
79462 1
79463 4
79464 3
79465 1
79466 3
79467 2
79468 2
79469 1
79470 0
79471 2
79472 4
79473 3
79474 2
79475 3
79476 0
79477 5
79478 2
79479 1
79480 3
79481 3
79482 3
79483 3
79484 2
79485 3
79486 3
79487 3
79488 2
79489 2
79490 2
79491 1
79492 4
79493 4
79494 3
79495 3
79496 3
79497 1
79498 1
79499 0
79500 1
79501 3
79502 3
79503 3
79504 5
79505 4
79506 3
79507 2
79508 4
79509 4
79510 2
79511 4
79512 1
79513 5
79514 4
79515 2
79516 5
79517 3
79518 5
79519 3
79520 1
79521 3
79522 1
79523 4
79524 3
79525 3
79526 1
79527 3
79528 1
79529 1
79530 2
79531 3
79532 1
79533 2
79534 1
79535 2
79536 0
79537 3
79538 2
79539 2
79540 2
79541 1
79542 3
79543 0
79544 2
79545 4
79546 3
79547 3
79548 1
79549 0
79550 1
79551 4
79552 0
79553 3
79554 1
79555 2
79556 3
79557 2
79558 0
79559 3
79560 3
79561 3
79562 1
79563 5
79564 0
79565 4
79566 2
79567 2
79568 0
79569 3
79570 2
79571 0
79572 1
79573 3
79574 4
79575 3
79576 3
79577 3
79578 2
79579 0
79580 1
79581 3
79582 4
79583 2
79584 3
79585 2
79586 4
79587 5
79588 2
79589 4
79590 0
79591 5
79592 1
79593 1
79594 2
79595 1
79596 0
79597 4
79598 2
79599 4
79600 0
79601 0
79602 1
79603 4
79604 0
79605 3
79606 3
79607 1
79608 4
79609 0
79610 3
79611 2
79612 5
79613 1
79614 2
79615 1
79616 1
79617 3
79618 3
79619 3
79620 4
79621 3
79622 3
79623 1
79624 2
79625 2
79626 3
79627 0
79628 3
79629 3
79630 3
79631 1
79632 2
79633 0
79634 0
79635 4
79636 2
79637 1
79638 2
79639 2
79640 1
79641 2
79642 0
79643 1
79644 0
79645 3
79646 0
79647 3
79648 2
79649 3
79650 4
79651 2
79652 0
79653 3
79654 2
79655 0
79656 3
79657 0
79658 0
79659 2
79660 3
79661 3
79662 0
79663 3
79664 4
79665 3
79666 2
79667 2
79668 2
79669 0
79670 5
79671 5
79672 2
79673 3
79674 1
79675 2
79676 1
79677 1
79678 2
79679 0
79680 4
79681 2
79682 2
79683 1
79684 0
79685 3
79686 3
79687 2
79688 2
79689 4
79690 1
79691 3
79692 1
79693 0
79694 2
79695 4
79696 0
79697 3
79698 4
79699 2
79700 1
79701 1
79702 0
79703 0
79704 2
79705 5
79706 3
79707 2
79708 1
79709 1
79710 2
79711 2
79712 2
79713 0
79714 4
79715 3
79716 0
79717 3
79718 1
79719 3
79720 0
79721 0
79722 4
79723 0
79724 0
79725 2
79726 4
79727 2
79728 4
79729 4
79730 0
79731 0
79732 0
79733 2
79734 2
79735 3
79736 2
79737 3
79738 1
79739 1
79740 1
79741 0
79742 3
79743 3
79744 0
79745 2
79746 4
79747 2
79748 3
79749 2
79750 0
79751 2
79752 0
79753 1
79754 2
79755 3
79756 3
79757 1
79758 0
79759 0
79760 2
79761 3
79762 2
79763 2
79764 2
79765 1
79766 1
79767 2
79768 4
79769 3
79770 3
79771 1
79772 1
79773 0
79774 3
79775 1
79776 2
79777 1
79778 2
79779 0
79780 2
79781 2
79782 2
79783 3
79784 1
79785 2
79786 1
79787 1
79788 4
79789 1
79790 4
79791 3
79792 3
79793 5
79794 1
79795 0
79796 3
79797 3
79798 2
79799 2
79800 2
79801 2
79802 4
79803 3
79804 1
79805 3
79806 0
79807 5
79808 5
79809 2
79810 1
79811 3
79812 3
79813 2
79814 2
79815 1
79816 2
79817 3
79818 5
79819 1
79820 4
79821 2
79822 3
79823 2
79824 2
79825 1
79826 2
79827 1
79828 3
79829 0
79830 1
79831 2
79832 4
79833 1
79834 1
79835 3
79836 3
79837 2
79838 4
79839 4
79840 1
79841 2
79842 0
79843 3
79844 2
79845 1
79846 3
79847 3
79848 2
79849 2
79850 1
79851 2
79852 4
79853 1
79854 2
79855 0
79856 1
79857 1
79858 4
79859 2
79860 3
79861 3
79862 2
79863 1
79864 3
79865 0
79866 3
79867 3
79868 0
79869 0
79870 4
79871 4
79872 3
79873 2
79874 4
79875 0
79876 4
79877 3
79878 1
79879 2
79880 2
79881 1
79882 3
79883 2
79884 3
79885 0
79886 1
79887 3
79888 3
79889 1
79890 0
79891 4
79892 1
79893 0
79894 1
79895 4
79896 1
79897 3
79898 2
79899 2
79900 2
79901 3
79902 1
79903 4
79904 3
79905 4
79906 2
79907 0
79908 0
79909 3
79910 2
79911 1
79912 3
79913 2
79914 3
79915 4
79916 2
79917 3
79918 2
79919 5
79920 4
79921 1
79922 3
79923 0
79924 0
79925 1
79926 2
79927 1
79928 2
79929 1
79930 3
79931 1
79932 0
79933 2
79934 2
79935 3
79936 3
79937 0
79938 3
79939 4
79940 1
79941 4
79942 2
79943 2
79944 0
79945 1
79946 2
79947 3
79948 1
79949 1
79950 1
79951 3
79952 3
79953 1
79954 4
79955 3
79956 3
79957 2
79958 2
79959 2
79960 0
79961 4
79962 3
79963 1
79964 3
79965 3
79966 3
79967 2
79968 3
79969 0
79970 0
79971 3
79972 4
79973 4
79974 1
79975 2
79976 0
79977 3
79978 4
79979 2
79980 5
79981 0
79982 1
79983 3
79984 1
79985 1
79986 0
79987 1
79988 3
79989 1
79990 0
79991 2
79992 1
79993 2
79994 3
79995 5
79996 2
79997 1
79998 3
79999 5
80000 3
80001 3
80002 2
80003 4
80004 2
80005 2
80006 2
80007 2
80008 2
80009 2
80010 3
80011 1
80012 3
80013 3
80014 2
80015 0
80016 0
80017 3
80018 4
80019 3
80020 3
80021 2
80022 3
80023 0
80024 2
80025 2
80026 3
80027 0
80028 5
80029 1
80030 1
80031 3
80032 2
80033 3
80034 1
80035 1
80036 0
80037 2
80038 2
80039 3
80040 4
80041 3
80042 2
80043 1
80044 2
80045 3
80046 2
80047 2
80048 0
80049 0
80050 1
80051 4
80052 4
80053 2
80054 1
80055 2
80056 2
80057 4
80058 4
80059 2
80060 4
80061 4
80062 4
80063 0
80064 2
80065 4
80066 2
80067 1
80068 1
80069 0
80070 0
80071 4
80072 0
80073 0
80074 1
80075 3
80076 0
80077 3
80078 4
80079 2
80080 3
80081 2
80082 0
80083 2
80084 1
80085 2
80086 0
80087 2
80088 2
80089 1
80090 2
80091 3
80092 3
80093 3
80094 2
80095 0
80096 3
80097 4
80098 2
80099 1
80100 0
80101 1
80102 0
80103 0
80104 4
80105 0
80106 1
80107 1
80108 3
80109 0
80110 0
80111 3
80112 3
80113 3
80114 3
80115 3
80116 2
80117 2
80118 0
80119 2
80120 3
80121 2
80122 3
80123 4
80124 2
80125 4
80126 0
80127 2
80128 4
80129 0
80130 0
80131 3
80132 1
80133 3
80134 2
80135 1
80136 5
80137 1
80138 1
80139 5
80140 0
80141 1
80142 2
80143 4
80144 0
80145 0
80146 3
80147 4
80148 2
80149 1
80150 3
80151 2
80152 0
80153 0
80154 0
80155 1
80156 2
80157 3
80158 1
80159 4
80160 1
80161 0
80162 3
80163 2
80164 1
80165 3
80166 4
80167 1
80168 3
80169 1
80170 3
80171 1
80172 0
80173 3
80174 0
80175 2
80176 3
80177 1
80178 2
80179 2
80180 3
80181 1
80182 2
80183 1
80184 3
80185 4
80186 2
80187 1
80188 2
80189 0
80190 4
80191 3
80192 4
80193 2
80194 4
80195 0
80196 3
80197 0
80198 3
80199 0
80200 1
80201 1
80202 1
80203 1
80204 2
80205 4
80206 3
80207 0
80208 0
80209 0
80210 4
80211 4
80212 5
80213 4
80214 2
80215 4
80216 3
80217 2
80218 5
80219 0
80220 1
80221 2
80222 2
80223 2
80224 4
80225 3
80226 3
80227 3
80228 2
80229 0
80230 4
80231 0
80232 0
80233 2
80234 3
80235 0
80236 4
80237 1
80238 1
80239 3
80240 1
80241 2
80242 4
80243 1
80244 3
80245 1
80246 3
80247 3
80248 4
80249 0
80250 4
80251 4
80252 4
80253 0
80254 3
80255 1
80256 0
80257 3
80258 3
80259 3
80260 3
80261 4
80262 1
80263 3
80264 4
80265 1
80266 1
80267 2
80268 3
80269 1
80270 2
80271 4
80272 0
80273 1
80274 2
80275 2
80276 2
80277 3
80278 4
80279 3
80280 3
80281 4
80282 4
80283 1
80284 0
80285 5
80286 3
80287 0
80288 1
80289 3
80290 3
80291 3
80292 2
80293 1
80294 2
80295 4
80296 0
80297 1
80298 0
80299 0
80300 3
80301 2
80302 2
80303 0
80304 1
80305 1
80306 0
80307 3
80308 2
80309 0
80310 2
80311 1
80312 0
80313 1
80314 2
80315 4
80316 3
80317 3
80318 4
80319 2
80320 2
80321 3
80322 2
80323 1
80324 3
80325 0
80326 2
80327 1
80328 2
80329 1
80330 4
80331 3
80332 2
80333 1
80334 3
80335 2
80336 3
80337 2
80338 3
80339 2
80340 4
80341 4
80342 2
80343 1
80344 3
80345 1
80346 1
80347 2
80348 4
80349 3
80350 5
80351 3
80352 0
80353 1
80354 3
80355 1
80356 3
80357 0
80358 0
80359 4
80360 5
80361 3
80362 4
80363 1
80364 3
80365 0
80366 0
80367 3
80368 0
80369 3
80370 0
80371 0
80372 0
80373 3
80374 2
80375 4
80376 3
80377 2
80378 1
80379 2
80380 2
80381 3
80382 2
80383 4
80384 3
80385 0
80386 2
80387 2
80388 3
80389 2
80390 1
80391 2
80392 4
80393 3
80394 4
80395 2
80396 4
80397 3
80398 1
80399 0
80400 0
80401 0
80402 3
80403 3
80404 1
80405 3
80406 0
80407 2
80408 3
80409 4
80410 2
80411 3
80412 1
80413 0
80414 3
80415 4
80416 4
80417 1
80418 4
80419 1
80420 0
80421 4
80422 1
80423 3
80424 2
80425 3
80426 1
80427 3
80428 1
80429 4
80430 1
80431 2
80432 0
80433 1
80434 1
80435 3
80436 3
80437 0
80438 1
80439 0
80440 0
80441 3
80442 1
80443 2
80444 3
80445 0
80446 1
80447 2
80448 1
80449 3
80450 0
80451 1
80452 0
80453 0
80454 3
80455 2
80456 4
80457 2
80458 0
80459 0
80460 0
80461 3
80462 2
80463 1
80464 0
80465 3
80466 2
80467 3
80468 2
80469 0
80470 1
80471 0
80472 3
80473 2
80474 3
80475 2
80476 0
80477 1
80478 3
80479 3
80480 3
80481 3
80482 4
80483 5
80484 2
80485 2
80486 0
80487 2
80488 0
80489 4
80490 2
80491 0
80492 4
80493 3
80494 3
80495 2
80496 0
80497 1
80498 0
80499 2
80500 3
80501 0
80502 3
80503 2
80504 3
80505 2
80506 3
80507 0
80508 2
80509 3
80510 5
80511 2
80512 2
80513 3
80514 2
80515 0
80516 2
80517 4
80518 2
80519 3
80520 1
80521 3
80522 2
80523 4
80524 3
80525 3
80526 4
80527 1
80528 2
80529 3
80530 4
80531 4
80532 0
80533 4
80534 4
80535 0
80536 1
80537 3
80538 1
80539 3
80540 4
80541 0
80542 2
80543 4
80544 3
80545 2
80546 0
80547 1
80548 1
80549 2
80550 1
80551 3
80552 3
80553 3
80554 2
80555 3
80556 1
80557 0
80558 4
80559 2
80560 2
80561 3
80562 2
80563 2
80564 0
80565 3
80566 4
80567 3
80568 2
80569 2
80570 0
80571 0
80572 1
80573 4
80574 1
80575 3
80576 1
80577 2
80578 1
80579 0
80580 3
80581 4
80582 4
80583 4
80584 3
80585 0
80586 2
80587 1
80588 2
80589 1
80590 2
80591 2
80592 5
80593 1
80594 1
80595 4
80596 0
80597 3
80598 0
80599 1
80600 3
80601 4
80602 3
80603 1
80604 1
80605 0
80606 3
80607 0
80608 0
80609 0
80610 2
80611 4
80612 3
80613 3
80614 1
80615 4
80616 3
80617 1
80618 5
80619 3
80620 2
80621 3
80622 5
80623 4
80624 0
80625 0
80626 2
80627 2
80628 2
80629 1
80630 0
80631 1
80632 4
80633 3
80634 3
80635 4
80636 4
80637 2
80638 3
80639 4
80640 1
80641 2
80642 3
80643 2
80644 2
80645 4
80646 1
80647 0
80648 2
80649 1
80650 2
80651 2
80652 2
80653 3
80654 2
80655 2
80656 2
80657 2
80658 1
80659 4
80660 4
80661 3
80662 1
80663 0
80664 0
80665 4
80666 2
80667 1
80668 2
80669 3
80670 4
80671 2
80672 1
80673 1
80674 0
80675 0
80676 1
80677 3
80678 2
80679 3
80680 1
80681 0
80682 1
80683 2
80684 1
80685 2
80686 1
80687 0
80688 3
80689 3
80690 0
80691 2
80692 5
80693 3
80694 3
80695 4
80696 2
80697 0
80698 1
80699 2
80700 2
80701 2
80702 0
80703 2
80704 3
80705 1
80706 0
80707 2
80708 0
80709 2
80710 1
80711 4
80712 0
80713 0
80714 2
80715 5
80716 4
80717 3
80718 2
80719 3
80720 2
80721 2
80722 3
80723 2
80724 2
80725 4
80726 3
80727 4
80728 5
80729 3
80730 3
80731 0
80732 3
80733 0
80734 4
80735 1
80736 3
80737 3
80738 3
80739 2
80740 2
80741 2
80742 3
80743 1
80744 3
80745 3
80746 1
80747 4
80748 0
80749 3
80750 1
80751 1
80752 4
80753 0
80754 2
80755 2
80756 2
80757 4
80758 4
80759 2
80760 0
80761 0
80762 0
80763 4
80764 2
80765 0
80766 3
80767 3
80768 3
80769 1
80770 2
80771 1
80772 1
80773 1
80774 4
80775 4
80776 3
80777 4
80778 4
80779 2
80780 0
80781 3
80782 4
80783 1
80784 3
80785 4
80786 1
80787 0
80788 4
80789 1
80790 2
80791 4
80792 2
80793 1
80794 1
80795 1
80796 0
80797 2
80798 3
80799 1
80800 0
80801 0
80802 5
80803 1
80804 2
80805 5
80806 2
80807 3
80808 2
80809 3
80810 4
80811 0
80812 1
80813 0
80814 5
80815 4
80816 1
80817 0
80818 3
80819 1
80820 3
80821 4
80822 2
80823 0
80824 1
80825 2
80826 4
80827 3
80828 2
80829 2
80830 3
80831 4
80832 2
80833 2
80834 2
80835 4
80836 2
80837 2
80838 3
80839 4
80840 3
80841 2
80842 4
80843 4
80844 4
80845 3
80846 1
80847 4
80848 1
80849 3
80850 2
80851 3
80852 1
80853 1
80854 3
80855 1
80856 1
80857 5
80858 1
80859 1
80860 2
80861 2
80862 0
80863 4
80864 3
80865 1
80866 5
80867 0
80868 2
80869 1
80870 4
80871 3
80872 2
80873 1
80874 5
80875 2
80876 0
80877 4
80878 3
80879 5
80880 4
80881 3
80882 2
80883 2
80884 1
80885 3
80886 0
80887 2
80888 0
80889 2
80890 0
80891 2
80892 1
80893 2
80894 3
80895 2
80896 3
80897 4
80898 1
80899 3
80900 2
80901 1
80902 4
80903 0
80904 2
80905 0
80906 3
80907 4
80908 2
80909 3
80910 1
80911 2
80912 0
80913 2
80914 4
80915 4
80916 3
80917 1
80918 1
80919 5
80920 0
80921 1
80922 5
80923 2
80924 2
80925 2
80926 3
80927 2
80928 4
80929 1
80930 5
80931 3
80932 0
80933 4
80934 4
80935 3
80936 4
80937 0
80938 2
80939 0
80940 1
80941 4
80942 1
80943 0
80944 3
80945 2
80946 4
80947 2
80948 0
80949 4
80950 0
80951 2
80952 2
80953 4
80954 1
80955 1
80956 4
80957 0
80958 3
80959 4
80960 1
80961 3
80962 2
80963 2
80964 2
80965 3
80966 5
80967 0
80968 4
80969 5
80970 4
80971 4
80972 3
80973 0
80974 0
80975 0
80976 4
80977 3
80978 1
80979 2
80980 1
80981 0
80982 3
80983 0
80984 1
80985 1
80986 0
80987 3
80988 3
80989 3
80990 1
80991 1
80992 2
80993 3
80994 1
80995 1
80996 2
80997 0
80998 4
80999 2
81000 3
81001 5
81002 3
81003 0
81004 3
81005 1
81006 4
81007 0
81008 0
81009 1
81010 0
81011 0
81012 2
81013 1
81014 4
81015 1
81016 4
81017 4
81018 1
81019 1
81020 4
81021 0
81022 1
81023 3
81024 2
81025 2
81026 2
81027 0
81028 0
81029 1
81030 4
81031 4
81032 3
81033 2
81034 2
81035 1
81036 0
81037 0
81038 2
81039 2
81040 2
81041 3
81042 0
81043 4
81044 3
81045 1
81046 2
81047 1
81048 5
81049 0
81050 3
81051 3
81052 0
81053 4
81054 3
81055 0
81056 4
81057 2
81058 4
81059 4
81060 0
81061 3
81062 0
81063 3
81064 4
81065 3
81066 2
81067 1
81068 1
81069 0
81070 0
81071 0
81072 2
81073 0
81074 1
81075 1
81076 0
81077 2
81078 2
81079 3
81080 1
81081 2
81082 4
81083 0
81084 3
81085 2
81086 1
81087 4
81088 3
81089 3
81090 3
81091 4
81092 0
81093 0
81094 2
81095 1
81096 1
81097 2
81098 4
81099 1
81100 1
81101 2
81102 1
81103 4
81104 2
81105 2
81106 2
81107 1
81108 4
81109 3
81110 4
81111 0
81112 0
81113 2
81114 2
81115 0
81116 3
81117 2
81118 0
81119 3
81120 3
81121 3
81122 1
81123 4
81124 2
81125 1
81126 2
81127 3
81128 2
81129 1
81130 3
81131 0
81132 4
81133 0
81134 2
81135 5
81136 2
81137 4
81138 0
81139 2
81140 0
81141 2
81142 4
81143 3
81144 1
81145 3
81146 0
81147 1
81148 2
81149 4
81150 3
81151 2
81152 1
81153 4
81154 2
81155 0
81156 3
81157 2
81158 0
81159 1
81160 1
81161 1
81162 2
81163 1
81164 4
81165 4
81166 0
81167 2
81168 3
81169 2
81170 2
81171 0
81172 4
81173 1
81174 4
81175 0
81176 3
81177 1
81178 0
81179 4
81180 0
81181 4
81182 2
81183 3
81184 0
81185 3
81186 4
81187 2
81188 5
81189 2
81190 1
81191 3
81192 2
81193 1
81194 0
81195 0
81196 2
81197 3
81198 0
81199 2
81200 2
81201 1
81202 2
81203 2
81204 0
81205 2
81206 2
81207 4
81208 0
81209 3
81210 2
81211 4
81212 0
81213 4
81214 0
81215 3
81216 3
81217 1
81218 3
81219 3
81220 2
81221 1
81222 2
81223 1
81224 3
81225 4
81226 1
81227 1
81228 1
81229 1
81230 3
81231 4
81232 4
81233 2
81234 2
81235 1
81236 0
81237 1
81238 3
81239 0
81240 0
81241 2
81242 3
81243 4
81244 2
81245 3
81246 1
81247 2
81248 3
81249 3
81250 3
81251 3
81252 1
81253 2
81254 1
81255 3
81256 3
81257 2
81258 2
81259 5
81260 1
81261 4
81262 3
81263 3
81264 2
81265 4
81266 0
81267 0
81268 2
81269 2
81270 4
81271 4
81272 5
81273 2
81274 0
81275 0
81276 5
81277 3
81278 0
81279 4
81280 2
81281 2
81282 2
81283 3
81284 2
81285 1
81286 1
81287 3
81288 2
81289 4
81290 0
81291 4
81292 4
81293 4
81294 3
81295 2
81296 2
81297 4
81298 1
81299 4
81300 0
81301 2
81302 1
81303 3
81304 1
81305 4
81306 3
81307 2
81308 3
81309 2
81310 0
81311 4
81312 1
81313 4
81314 2
81315 4
81316 2
81317 2
81318 3
81319 4
81320 1
81321 2
81322 4
81323 1
81324 2
81325 2
81326 0
81327 4
81328 0
81329 0
81330 3
81331 4
81332 0
81333 2
81334 1
81335 1
81336 0
81337 4
81338 4
81339 2
81340 0
81341 3
81342 3
81343 0
81344 0
81345 0
81346 1
81347 0
81348 4
81349 2
81350 3
81351 1
81352 4
81353 2
81354 3
81355 3
81356 4
81357 2
81358 1
81359 4
81360 2
81361 3
81362 3
81363 0
81364 2
81365 2
81366 1
81367 3
81368 0
81369 0
81370 3
81371 3
81372 2
81373 3
81374 2
81375 1
81376 3
81377 3
81378 1
81379 4
81380 3
81381 2
81382 4
81383 3
81384 0
81385 1
81386 3
81387 0
81388 2
81389 3
81390 4
81391 3
81392 0
81393 3
81394 3
81395 2
81396 2
81397 0
81398 0
81399 4
81400 4
81401 0
81402 3
81403 3
81404 3
81405 3
81406 0
81407 0
81408 0
81409 0
81410 0
81411 4
81412 4
81413 2
81414 2
81415 2
81416 3
81417 2
81418 3
81419 2
81420 4
81421 1
81422 1
81423 0
81424 2
81425 1
81426 3
81427 1
81428 1
81429 0
81430 1
81431 0
81432 0
81433 1
81434 0
81435 1
81436 3
81437 2
81438 0
81439 1
81440 4
81441 0
81442 0
81443 0
81444 1
81445 2
81446 2
81447 1
81448 0
81449 0
81450 2
81451 0
81452 1
81453 2
81454 2
81455 3
81456 3
81457 3
81458 2
81459 2
81460 4
81461 0
81462 0
81463 2
81464 4
81465 0
81466 3
81467 0
81468 1
81469 2
81470 3
81471 2
81472 4
81473 3
81474 1
81475 1
81476 0
81477 2
81478 0
81479 1
81480 3
81481 4
81482 3
81483 4
81484 0
81485 4
81486 3
81487 1
81488 2
81489 3
81490 0
81491 5
81492 2
81493 1
81494 1
81495 4
81496 4
81497 0
81498 0
81499 2
81500 0
81501 1
81502 3
81503 3
81504 0
81505 1
81506 3
81507 2
81508 2
81509 0
81510 3
81511 1
81512 4
81513 3
81514 1
81515 5
81516 0
81517 3
81518 1
81519 0
81520 2
81521 0
81522 1
81523 5
81524 4
81525 1
81526 3
81527 4
81528 3
81529 2
81530 1
81531 0
81532 1
81533 2
81534 3
81535 1
81536 2
81537 3
81538 3
81539 4
81540 2
81541 0
81542 2
81543 4
81544 1
81545 1
81546 2
81547 0
81548 1
81549 2
81550 1
81551 4
81552 0
81553 3
81554 4
81555 4
81556 0
81557 0
81558 2
81559 4
81560 2
81561 2
81562 3
81563 4
81564 1
81565 2
81566 3
81567 0
81568 1
81569 4
81570 2
81571 3
81572 0
81573 0
81574 2
81575 2
81576 0
81577 0
81578 3
81579 1
81580 3
81581 0
81582 1
81583 1
81584 3
81585 2
81586 3
81587 4
81588 0
81589 2
81590 2
81591 3
81592 1
81593 3
81594 1
81595 0
81596 2
81597 1
81598 3
81599 5
81600 4
81601 0
81602 1
81603 3
81604 2
81605 1
81606 0
81607 1
81608 0
81609 2
81610 3
81611 1
81612 2
81613 1
81614 1
81615 2
81616 0
81617 2
81618 4
81619 4
81620 2
81621 3
81622 3
81623 1
81624 3
81625 4
81626 3
81627 2
81628 2
81629 2
81630 1
81631 2
81632 2
81633 2
81634 5
81635 0
81636 3
81637 2
81638 1
81639 3
81640 2
81641 4
81642 2
81643 2
81644 4
81645 3
81646 2
81647 2
81648 2
81649 0
81650 1
81651 1
81652 0
81653 2
81654 4
81655 1
81656 1
81657 2
81658 1
81659 2
81660 3
81661 3
81662 1
81663 4
81664 4
81665 2
81666 3
81667 4
81668 3
81669 1
81670 3
81671 1
81672 0
81673 4
81674 4
81675 3
81676 4
81677 3
81678 3
81679 4
81680 2
81681 4
81682 3
81683 3
81684 1
81685 4
81686 3
81687 2
81688 0
81689 3
81690 3
81691 3
81692 0
81693 3
81694 0
81695 3
81696 0
81697 0
81698 3
81699 2
81700 1
81701 0
81702 1
81703 4
81704 2
81705 1
81706 1
81707 2
81708 1
81709 2
81710 3
81711 1
81712 1
81713 0
81714 2
81715 5
81716 1
81717 2
81718 3
81719 2
81720 1
81721 4
81722 2
81723 4
81724 1
81725 3
81726 3
81727 3
81728 3
81729 3
81730 0
81731 3
81732 2
81733 1
81734 3
81735 0
81736 3
81737 3
81738 1
81739 2
81740 1
81741 4
81742 2
81743 1
81744 1
81745 3
81746 4
81747 0
81748 5
81749 4
81750 2
81751 3
81752 2
81753 2
81754 0
81755 1
81756 3
81757 2
81758 2
81759 1
81760 1
81761 4
81762 1
81763 1
81764 2
81765 2
81766 5
81767 4
81768 3
81769 5
81770 2
81771 0
81772 1
81773 3
81774 1
81775 2
81776 2
81777 1
81778 3
81779 3
81780 0
81781 0
81782 1
81783 2
81784 0
81785 1
81786 2
81787 0
81788 1
81789 1
81790 4
81791 3
81792 3
81793 1
81794 4
81795 1
81796 3
81797 3
81798 4
81799 1
81800 2
81801 3
81802 1
81803 2
81804 4
81805 2
81806 1
81807 2
81808 0
81809 2
81810 1
81811 3
81812 1
81813 0
81814 0
81815 2
81816 0
81817 0
81818 1
81819 3
81820 2
81821 2
81822 0
81823 1
81824 4
81825 2
81826 4
81827 4
81828 3
81829 2
81830 4
81831 1
81832 0
81833 0
81834 2
81835 0
81836 1
81837 4
81838 3
81839 2
81840 3
81841 1
81842 3
81843 1
81844 4
81845 1
81846 3
81847 1
81848 3
81849 2
81850 3
81851 2
81852 5
81853 3
81854 1
81855 2
81856 1
81857 3
81858 1
81859 3
81860 4
81861 2
81862 3
81863 0
81864 3
81865 2
81866 4
81867 1
81868 1
81869 4
81870 1
81871 4
81872 1
81873 3
81874 2
81875 2
81876 3
81877 3
81878 4
81879 1
81880 1
81881 1
81882 3
81883 2
81884 0
81885 0
81886 2
81887 0
81888 2
81889 3
81890 4
81891 2
81892 1
81893 4
81894 0
81895 4
81896 3
81897 1
81898 2
81899 3
81900 1
81901 0
81902 4
81903 1
81904 3
81905 1
81906 2
81907 2
81908 5
81909 3
81910 0
81911 2
81912 3
81913 3
81914 4
81915 1
81916 1
81917 1
81918 3
81919 1
81920 3
81921 2
81922 1
81923 4
81924 2
81925 2
81926 0
81927 3
81928 1
81929 4
81930 4
81931 1
81932 3
81933 3
81934 2
81935 3
81936 1
81937 4
81938 2
81939 3
81940 4
81941 4
81942 1
81943 4
81944 3
81945 0
81946 0
81947 2
81948 3
81949 0
81950 0
81951 2
81952 1
81953 4
81954 4
81955 1
81956 0
81957 1
81958 2
81959 0
81960 3
81961 2
81962 1
81963 2
81964 0
81965 4
81966 5
81967 4
81968 2
81969 0
81970 2
81971 2
81972 2
81973 1
81974 1
81975 3
81976 4
81977 2
81978 4
81979 2
81980 3
81981 1
81982 3
81983 1
81984 2
81985 2
81986 3
81987 4
81988 0
81989 2
81990 0
81991 4
81992 3
81993 1
81994 1
81995 3
81996 1
81997 3
81998 3
81999 3
82000 1
82001 3
82002 1
82003 0
82004 3
82005 1
82006 3
82007 4
82008 2
82009 3
82010 2
82011 2
82012 3
82013 1
82014 0
82015 0
82016 2
82017 1
82018 3
82019 3
82020 2
82021 3
82022 5
82023 4
82024 0
82025 1
82026 3
82027 3
82028 3
82029 0
82030 3
82031 4
82032 0
82033 1
82034 3
82035 1
82036 3
82037 2
82038 2
82039 1
82040 1
82041 3
82042 1
82043 3
82044 3
82045 3
82046 1
82047 0
82048 0
82049 2
82050 3
82051 4
82052 4
82053 3
82054 1
82055 4
82056 3
82057 1
82058 3
82059 4
82060 2
82061 3
82062 2
82063 2
82064 2
82065 1
82066 3
82067 4
82068 1
82069 4
82070 3
82071 1
82072 0
82073 4
82074 1
82075 0
82076 3
82077 0
82078 3
82079 3
82080 2
82081 4
82082 1
82083 3
82084 0
82085 1
82086 0
82087 3
82088 3
82089 1
82090 2
82091 0
82092 2
82093 3
82094 0
82095 3
82096 0
82097 1
82098 0
82099 4
82100 1
82101 1
82102 0
82103 2
82104 2
82105 3
82106 1
82107 0
82108 3
82109 1
82110 1
82111 1
82112 0
82113 4
82114 3
82115 2
82116 3
82117 2
82118 2
82119 1
82120 2
82121 2
82122 1
82123 2
82124 4
82125 2
82126 1
82127 3
82128 1
82129 2
82130 2
82131 3
82132 4
82133 3
82134 4
82135 4
82136 3
82137 0
82138 4
82139 4
82140 1
82141 2
82142 2
82143 1
82144 0
82145 0
82146 0
82147 0
82148 3
82149 3
82150 0
82151 2
82152 2
82153 1
82154 1
82155 2
82156 3
82157 3
82158 0
82159 4
82160 1
82161 3
82162 0
82163 3
82164 2
82165 1
82166 2
82167 4
82168 3
82169 3
82170 4
82171 0
82172 0
82173 0
82174 2
82175 1
82176 3
82177 2
82178 2
82179 3
82180 1
82181 1
82182 3
82183 0
82184 3
82185 3
82186 1
82187 2
82188 0
82189 2
82190 2
82191 3
82192 4
82193 1
82194 4
82195 4
82196 4
82197 2
82198 0
82199 0
82200 1
82201 3
82202 0
82203 1
82204 2
82205 4
82206 5
82207 4
82208 3
82209 2
82210 3
82211 3
82212 1
82213 0
82214 0
82215 0
82216 2
82217 4
82218 4
82219 2
82220 2
82221 2
82222 2
82223 4
82224 3
82225 2
82226 3
82227 1
82228 0
82229 1
82230 0
82231 3
82232 3
82233 0
82234 2
82235 3
82236 1
82237 2
82238 2
82239 0
82240 4
82241 0
82242 3
82243 1
82244 2
82245 0
82246 4
82247 1
82248 3
82249 5
82250 1
82251 1
82252 2
82253 1
82254 3
82255 3
82256 4
82257 1
82258 3
82259 1
82260 1
82261 2
82262 1
82263 2
82264 3
82265 5
82266 0
82267 2
82268 3
82269 0
82270 3
82271 1
82272 0
82273 3
82274 0
82275 2
82276 3
82277 0
82278 4
82279 3
82280 3
82281 2
82282 4
82283 1
82284 1
82285 0
82286 1
82287 0
82288 5
82289 1
82290 1
82291 0
82292 1
82293 1
82294 1
82295 1
82296 4
82297 2
82298 4
82299 2
82300 4
82301 2
82302 0
82303 1
82304 0
82305 4
82306 4
82307 4
82308 0
82309 3
82310 1
82311 3
82312 3
82313 4
82314 3
82315 2
82316 4
82317 2
82318 0
82319 1
82320 4
82321 3
82322 4
82323 1
82324 2
82325 4
82326 1
82327 2
82328 0
82329 2
82330 1
82331 4
82332 2
82333 1
82334 4
82335 1
82336 2
82337 1
82338 2
82339 2
82340 4
82341 2
82342 5
82343 2
82344 0
82345 2
82346 3
82347 1
82348 0
82349 2
82350 4
82351 1
82352 3
82353 1
82354 4
82355 3
82356 2
82357 2
82358 3
82359 5
82360 2
82361 2
82362 0
82363 3
82364 3
82365 0
82366 1
82367 3
82368 1
82369 1
82370 1
82371 4
82372 3
82373 4
82374 0
82375 1
82376 3
82377 2
82378 1
82379 2
82380 2
82381 2
82382 2
82383 2
82384 2
82385 3
82386 2
82387 2
82388 4
82389 0
82390 1
82391 0
82392 2
82393 2
82394 2
82395 2
82396 0
82397 3
82398 1
82399 2
82400 0
82401 3
82402 0
82403 4
82404 0
82405 4
82406 3
82407 1
82408 3
82409 1
82410 1
82411 1
82412 1
82413 3
82414 4
82415 0
82416 0
82417 1
82418 1
82419 4
82420 2
82421 4
82422 3
82423 1
82424 0
82425 0
82426 3
82427 2
82428 2
82429 2
82430 3
82431 3
82432 2
82433 1
82434 3
82435 3
82436 3
82437 2
82438 1
82439 3
82440 0
82441 2
82442 4
82443 0
82444 1
82445 6
82446 4
82447 3
82448 4
82449 1
82450 2
82451 3
82452 1
82453 4
82454 3
82455 1
82456 2
82457 1
82458 4
82459 4
82460 3
82461 1
82462 0
82463 2
82464 1
82465 2
82466 5
82467 3
82468 4
82469 0
82470 3
82471 3
82472 3
82473 3
82474 2
82475 0
82476 2
82477 3
82478 2
82479 1
82480 3
82481 1
82482 0
82483 4
82484 0
82485 4
82486 2
82487 3
82488 3
82489 2
82490 4
82491 4
82492 0
82493 3
82494 0
82495 1
82496 1
82497 2
82498 1
82499 4
82500 3
82501 4
82502 3
82503 1
82504 3
82505 4
82506 4
82507 0
82508 3
82509 5
82510 1
82511 2
82512 2
82513 3
82514 2
82515 0
82516 3
82517 4
82518 3
82519 0
82520 2
82521 4
82522 3
82523 0
82524 0
82525 5
82526 3
82527 4
82528 0
82529 0
82530 2
82531 3
82532 3
82533 1
82534 1
82535 3
82536 2
82537 2
82538 2
82539 1
82540 2
82541 2
82542 4
82543 2
82544 1
82545 3
82546 1
82547 0
82548 0
82549 4
82550 2
82551 1
82552 2
82553 0
82554 0
82555 0
82556 1
82557 3
82558 3
82559 3
82560 1
82561 0
82562 1
82563 3
82564 2
82565 3
82566 3
82567 2
82568 3
82569 3
82570 1
82571 2
82572 2
82573 4
82574 2
82575 2
82576 0
82577 3
82578 1
82579 2
82580 4
82581 2
82582 3
82583 3
82584 2
82585 3
82586 2
82587 5
82588 2
82589 4
82590 0
82591 0
82592 3
82593 4
82594 0
82595 3
82596 3
82597 4
82598 0
82599 1
82600 0
82601 4
82602 1
82603 1
82604 3
82605 2
82606 0
82607 2
82608 2
82609 2
82610 3
82611 3
82612 2
82613 1
82614 1
82615 2
82616 0
82617 2
82618 1
82619 0
82620 4
82621 4
82622 3
82623 0
82624 1
82625 4
82626 1
82627 3
82628 0
82629 3
82630 3
82631 3
82632 0
82633 1
82634 0
82635 4
82636 2
82637 2
82638 1
82639 2
82640 1
82641 1
82642 1
82643 1
82644 0
82645 3
82646 2
82647 2
82648 2
82649 1
82650 2
82651 2
82652 2
82653 2
82654 1
82655 0
82656 3
82657 3
82658 0
82659 0
82660 4
82661 3
82662 2
82663 2
82664 3
82665 1
82666 0
82667 3
82668 1
82669 1
82670 3
82671 3
82672 1
82673 2
82674 2
82675 4
82676 0
82677 0
82678 1
82679 1
82680 4
82681 2
82682 2
82683 1
82684 0
82685 3
82686 2
82687 0
82688 2
82689 2
82690 2
82691 3
82692 1
82693 1
82694 3
82695 0
82696 4
82697 0
82698 2
82699 3
82700 0
82701 0
82702 1
82703 2
82704 0
82705 1
82706 4
82707 4
82708 4
82709 2
82710 3
82711 2
82712 0
82713 2
82714 0
82715 2
82716 1
82717 0
82718 2
82719 2
82720 0
82721 2
82722 5
82723 3
82724 0
82725 4
82726 2
82727 5
82728 2
82729 3
82730 0
82731 1
82732 2
82733 3
82734 3
82735 0
82736 0
82737 3
82738 0
82739 2
82740 2
82741 0
82742 3
82743 4
82744 2
82745 1
82746 4
82747 1
82748 4
82749 1
82750 2
82751 3
82752 1
82753 1
82754 2
82755 2
82756 2
82757 0
82758 4
82759 0
82760 0
82761 0
82762 0
82763 1
82764 4
82765 0
82766 2
82767 3
82768 4
82769 1
82770 1
82771 2
82772 1
82773 0
82774 3
82775 4
82776 3
82777 1
82778 3
82779 0
82780 4
82781 3
82782 2
82783 2
82784 2
82785 3
82786 3
82787 1
82788 0
82789 1
82790 3
82791 1
82792 3
82793 3
82794 1
82795 3
82796 1
82797 1
82798 3
82799 3
82800 3
82801 2
82802 1
82803 5
82804 3
82805 2
82806 2
82807 5
82808 3
82809 2
82810 0
82811 2
82812 4
82813 2
82814 3
82815 3
82816 2
82817 0
82818 3
82819 1
82820 3
82821 3
82822 4
82823 1
82824 2
82825 1
82826 1
82827 0
82828 0
82829 3
82830 0
82831 0
82832 3
82833 1
82834 0
82835 1
82836 5
82837 1
82838 3
82839 0
82840 3
82841 1
82842 0
82843 3
82844 0
82845 3
82846 3
82847 3
82848 0
82849 2
82850 2
82851 1
82852 2
82853 2
82854 1
82855 3
82856 2
82857 0
82858 2
82859 1
82860 1
82861 1
82862 1
82863 4
82864 3
82865 0
82866 1
82867 4
82868 3
82869 3
82870 0
82871 3
82872 2
82873 2
82874 0
82875 1
82876 2
82877 4
82878 3
82879 2
82880 3
82881 3
82882 1
82883 4
82884 1
82885 0
82886 3
82887 5
82888 2
82889 0
82890 2
82891 1
82892 2
82893 2
82894 3
82895 2
82896 0
82897 2
82898 0
82899 3
82900 2
82901 2
82902 2
82903 3
82904 0
82905 1
82906 4
82907 0
82908 0
82909 1
82910 3
82911 4
82912 1
82913 4
82914 3
82915 3
82916 0
82917 3
82918 0
82919 2
82920 5
82921 4
82922 2
82923 3
82924 1
82925 2
82926 1
82927 1
82928 2
82929 2
82930 0
82931 1
82932 4
82933 0
82934 2
82935 2
82936 4
82937 2
82938 4
82939 0
82940 2
82941 0
82942 0
82943 2
82944 4
82945 2
82946 1
82947 2
82948 2
82949 3
82950 3
82951 3
82952 1
82953 5
82954 1
82955 4
82956 1
82957 1
82958 1
82959 0
82960 3
82961 2
82962 3
82963 1
82964 0
82965 1
82966 3
82967 4
82968 1
82969 2
82970 1
82971 0
82972 2
82973 3
82974 2
82975 2
82976 2
82977 1
82978 5
82979 1
82980 4
82981 4
82982 3
82983 4
82984 4
82985 3
82986 3
82987 4
82988 4
82989 3
82990 2
82991 4
82992 4
82993 3
82994 2
82995 3
82996 3
82997 2
82998 2
82999 2
83000 0
83001 1
83002 4
83003 2
83004 2
83005 2
83006 2
83007 0
83008 3
83009 1
83010 2
83011 0
83012 4
83013 0
83014 1
83015 1
83016 1
83017 1
83018 2
83019 4
83020 1
83021 3
83022 0
83023 0
83024 3
83025 1
83026 0
83027 1
83028 0
83029 0
83030 2
83031 0
83032 4
83033 1
83034 3
83035 2
83036 0
83037 4
83038 4
83039 1
83040 0
83041 3
83042 4
83043 1
83044 2
83045 2
83046 2
83047 5
83048 3
83049 2
83050 1
83051 0
83052 0
83053 3
83054 3
83055 4
83056 3
83057 0
83058 1
83059 5
83060 4
83061 2
83062 3
83063 0
83064 0
83065 0
83066 0
83067 3
83068 1
83069 4
83070 1
83071 0
83072 4
83073 1
83074 3
83075 3
83076 0
83077 3
83078 2
83079 4
83080 3
83081 2
83082 4
83083 1
83084 2
83085 3
83086 3
83087 3
83088 4
83089 2
83090 2
83091 4
83092 2
83093 0
83094 1
83095 0
83096 2
83097 4
83098 4
83099 0
83100 0
83101 4
83102 1
83103 4
83104 2
83105 2
83106 2
83107 1
83108 2
83109 3
83110 2
83111 2
83112 4
83113 3
83114 3
83115 1
83116 4
83117 3
83118 0
83119 1
83120 3
83121 2
83122 5
83123 1
83124 1
83125 4
83126 1
83127 2
83128 3
83129 0
83130 3
83131 3
83132 4
83133 2
83134 2
83135 0
83136 2
83137 3
83138 1
83139 1
83140 5
83141 4
83142 0
83143 2
83144 4
83145 4
83146 1
83147 3
83148 4
83149 2
83150 4
83151 1
83152 4
83153 0
83154 0
83155 1
83156 2
83157 4
83158 1
83159 2
83160 3
83161 1
83162 3
83163 3
83164 0
83165 0
83166 3
83167 1
83168 0
83169 4
83170 3
83171 3
83172 2
83173 4
83174 2
83175 1
83176 2
83177 1
83178 4
83179 3
83180 4
83181 3
83182 2
83183 0
83184 0
83185 1
83186 1
83187 0
83188 3
83189 1
83190 0
83191 3
83192 3
83193 2
83194 3
83195 1
83196 1
83197 0
83198 2
83199 3
83200 2
83201 2
83202 2
83203 4
83204 3
83205 4
83206 3
83207 3
83208 1
83209 2
83210 0
83211 3
83212 0
83213 3
83214 2
83215 2
83216 3
83217 2
83218 4
83219 3
83220 3
83221 3
83222 3
83223 5
83224 2
83225 3
83226 2
83227 0
83228 2
83229 3
83230 3
83231 2
83232 4
83233 1
83234 3
83235 1
83236 0
83237 1
83238 0
83239 2
83240 3
83241 2
83242 3
83243 2
83244 2
83245 3
83246 0
83247 3
83248 0
83249 1
83250 3
83251 0
83252 5
83253 1
83254 1
83255 4
83256 2
83257 0
83258 5
83259 0
83260 3
83261 5
83262 3
83263 4
83264 2
83265 0
83266 2
83267 4
83268 0
83269 4
83270 1
83271 0
83272 3
83273 1
83274 2
83275 0
83276 0
83277 0
83278 1
83279 2
83280 0
83281 5
83282 1
83283 4
83284 0
83285 1
83286 4
83287 3
83288 3
83289 3
83290 2
83291 2
83292 3
83293 1
83294 1
83295 0
83296 3
83297 0
83298 4
83299 1
83300 0
83301 5
83302 0
83303 0
83304 4
83305 4
83306 1
83307 0
83308 2
83309 1
83310 4
83311 3
83312 2
83313 2
83314 0
83315 0
83316 2
83317 4
83318 4
83319 0
83320 3
83321 2
83322 2
83323 2
83324 0
83325 0
83326 0
83327 3
83328 3
83329 1
83330 2
83331 2
83332 3
83333 1
83334 3
83335 5
83336 1
83337 1
83338 0
83339 4
83340 2
83341 1
83342 3
83343 2
83344 1
83345 1
83346 2
83347 4
83348 2
83349 0
83350 2
83351 3
83352 4
83353 1
83354 1
83355 2
83356 3
83357 3
83358 1
83359 4
83360 3
83361 1
83362 0
83363 3
83364 0
83365 0
83366 0
83367 0
83368 1
83369 5
83370 0
83371 2
83372 2
83373 0
83374 1
83375 0
83376 1
83377 1
83378 2
83379 1
83380 4
83381 2
83382 2
83383 2
83384 1
83385 4
83386 2
83387 2
83388 2
83389 2
83390 2
83391 1
83392 3
83393 2
83394 2
83395 2
83396 3
83397 2
83398 3
83399 0
83400 4
83401 1
83402 2
83403 1
83404 3
83405 0
83406 0
83407 2
83408 2
83409 2
83410 2
83411 2
83412 1
83413 0
83414 2
83415 0
83416 1
83417 1
83418 1
83419 3
83420 0
83421 5
83422 3
83423 4
83424 3
83425 0
83426 4
83427 4
83428 4
83429 3
83430 2
83431 2
83432 2
83433 1
83434 0
83435 4
83436 2
83437 0
83438 2
83439 0
83440 1
83441 2
83442 2
83443 0
83444 4
83445 4
83446 1
83447 4
83448 3
83449 3
83450 2
83451 0
83452 0
83453 3
83454 3
83455 3
83456 0
83457 2
83458 2
83459 1
83460 3
83461 2
83462 1
83463 2
83464 0
83465 1
83466 4
83467 0
83468 3
83469 2
83470 2
83471 0
83472 1
83473 2
83474 1
83475 2
83476 3
83477 3
83478 4
83479 1
83480 2
83481 0
83482 2
83483 4
83484 3
83485 3
83486 3
83487 1
83488 4
83489 2
83490 2
83491 0
83492 1
83493 2
83494 1
83495 3
83496 3
83497 4
83498 4
83499 2
83500 0
83501 1
83502 3
83503 3
83504 1
83505 3
83506 4
83507 4
83508 2
83509 5
83510 3
83511 2
83512 3
83513 3
83514 3
83515 3
83516 2
83517 2
83518 0
83519 4
83520 4
83521 2
83522 4
83523 4
83524 3
83525 0
83526 2
83527 4
83528 2
83529 3
83530 3
83531 1
83532 3
83533 4
83534 2
83535 3
83536 2
83537 4
83538 2
83539 3
83540 3
83541 1
83542 1
83543 1
83544 4
83545 4
83546 3
83547 1
83548 3
83549 4
83550 2
83551 0
83552 2
83553 0
83554 1
83555 3
83556 2
83557 3
83558 2
83559 4
83560 2
83561 0
83562 1
83563 5
83564 4
83565 1
83566 1
83567 5
83568 2
83569 3
83570 1
83571 1
83572 4
83573 1
83574 2
83575 2
83576 2
83577 2
83578 5
83579 4
83580 3
83581 0
83582 5
83583 3
83584 4
83585 4
83586 5
83587 1
83588 4
83589 2
83590 0
83591 3
83592 3
83593 0
83594 3
83595 4
83596 4
83597 3
83598 1
83599 2
83600 0
83601 2
83602 3
83603 3
83604 3
83605 3
83606 3
83607 0
83608 3
83609 5
83610 4
83611 3
83612 3
83613 0
83614 3
83615 0
83616 4
83617 3
83618 3
83619 3
83620 4
83621 3
83622 0
83623 4
83624 3
83625 3
83626 0
83627 2
83628 3
83629 2
83630 3
83631 4
83632 1
83633 2
83634 3
83635 5
83636 3
83637 4
83638 1
83639 4
83640 0
83641 3
83642 0
83643 4
83644 2
83645 1
83646 1
83647 4
83648 2
83649 1
83650 0
83651 0
83652 3
83653 2
83654 4
83655 1
83656 0
83657 1
83658 3
83659 4
83660 2
83661 0
83662 0
83663 1
83664 0
83665 5
83666 1
83667 3
83668 0
83669 0
83670 4
83671 0
83672 2
83673 4
83674 3
83675 1
83676 2
83677 3
83678 2
83679 1
83680 4
83681 4
83682 1
83683 2
83684 0
83685 3
83686 2
83687 2
83688 4
83689 4
83690 1
83691 1
83692 4
83693 2
83694 3
83695 1
83696 1
83697 3
83698 2
83699 2
83700 1
83701 3
83702 0
83703 1
83704 1
83705 4
83706 3
83707 2
83708 4
83709 3
83710 0
83711 2
83712 1
83713 1
83714 4
83715 3
83716 3
83717 2
83718 4
83719 1
83720 1
83721 1
83722 0
83723 1
83724 4
83725 1
83726 2
83727 1
83728 0
83729 1
83730 3
83731 2
83732 0
83733 3
83734 3
83735 4
83736 2
83737 2
83738 2
83739 3
83740 2
83741 0
83742 2
83743 1
83744 3
83745 3
83746 4
83747 2
83748 3
83749 3
83750 1
83751 2
83752 3
83753 3
83754 0
83755 2
83756 3
83757 4
83758 2
83759 0
83760 4
83761 4
83762 2
83763 3
83764 1
83765 1
83766 0
83767 4
83768 4
83769 2
83770 3
83771 3
83772 2
83773 4
83774 2
83775 4
83776 3
83777 1
83778 2
83779 1
83780 2
83781 0
83782 3
83783 4
83784 4
83785 3
83786 0
83787 3
83788 2
83789 2
83790 0
83791 0
83792 0
83793 1
83794 5
83795 4
83796 1
83797 1
83798 4
83799 0
83800 1
83801 2
83802 3
83803 4
83804 0
83805 1
83806 1
83807 0
83808 2
83809 4
83810 3
83811 1
83812 4
83813 3
83814 4
83815 3
83816 2
83817 1
83818 1
83819 3
83820 2
83821 2
83822 1
83823 4
83824 0
83825 2
83826 2
83827 4
83828 3
83829 3
83830 1
83831 3
83832 0
83833 2
83834 1
83835 2
83836 1
83837 1
83838 1
83839 4
83840 3
83841 2
83842 3
83843 0
83844 0
83845 1
83846 0
83847 4
83848 4
83849 2
83850 2
83851 5
83852 5
83853 4
83854 1
83855 2
83856 3
83857 1
83858 1
83859 1
83860 3
83861 2
83862 3
83863 5
83864 3
83865 0
83866 5
83867 2
83868 0
83869 0
83870 3
83871 3
83872 2
83873 1
83874 1
83875 1
83876 2
83877 2
83878 3
83879 2
83880 2
83881 2
83882 2
83883 1
83884 2
83885 2
83886 1
83887 3
83888 3
83889 2
83890 0
83891 0
83892 0
83893 3
83894 0
83895 3
83896 3
83897 4
83898 3
83899 2
83900 2
83901 1
83902 1
83903 3
83904 0
83905 2
83906 4
83907 2
83908 3
83909 4
83910 3
83911 2
83912 4
83913 5
83914 4
83915 3
83916 1
83917 1
83918 0
83919 4
83920 1
83921 3
83922 0
83923 2
83924 2
83925 1
83926 1
83927 3
83928 3
83929 3
83930 1
83931 3
83932 2
83933 1
83934 1
83935 1
83936 3
83937 4
83938 5
83939 3
83940 3
83941 0
83942 2
83943 1
83944 4
83945 3
83946 3
83947 3
83948 2
83949 1
83950 3
83951 2
83952 2
83953 1
83954 1
83955 2
83956 1
83957 1
83958 3
83959 1
83960 4
83961 4
83962 2
83963 4
83964 4
83965 4
83966 2
83967 4
83968 0
83969 0
83970 2
83971 1
83972 3
83973 3
83974 3
83975 2
83976 4
83977 4
83978 3
83979 5
83980 1
83981 0
83982 3
83983 1
83984 3
83985 4
83986 2
83987 0
83988 2
83989 3
83990 1
83991 3
83992 1
83993 4
83994 3
83995 1
83996 3
83997 4
83998 3
83999 0
84000 5
84001 5
84002 3
84003 4
84004 4
84005 3
84006 1
84007 2
84008 3
84009 3
84010 0
84011 3
84012 3
84013 1
84014 3
84015 2
84016 5
84017 2
84018 3
84019 0
84020 3
84021 1
84022 4
84023 0
84024 5
84025 4
84026 1
84027 2
84028 3
84029 4
84030 3
84031 1
84032 0
84033 2
84034 1
84035 0
84036 0
84037 2
84038 1
84039 2
84040 5
84041 1
84042 0
84043 1
84044 3
84045 3
84046 1
84047 1
84048 4
84049 1
84050 4
84051 1
84052 2
84053 4
84054 0
84055 5
84056 0
84057 1
84058 4
84059 4
84060 2
84061 2
84062 4
84063 2
84064 2
84065 0
84066 3
84067 4
84068 3
84069 4
84070 3
84071 4
84072 4
84073 3
84074 2
84075 1
84076 1
84077 4
84078 3
84079 2
84080 4
84081 0
84082 4
84083 1
84084 1
84085 2
84086 1
84087 4
84088 3
84089 0
84090 4
84091 3
84092 4
84093 3
84094 0
84095 1
84096 2
84097 4
84098 2
84099 3
84100 6
84101 2
84102 4
84103 1
84104 4
84105 4
84106 4
84107 1
84108 3
84109 3
84110 3
84111 0
84112 0
84113 1
84114 1
84115 6
84116 0
84117 1
84118 1
84119 3
84120 0
84121 0
84122 2
84123 3
84124 3
84125 3
84126 4
84127 3
84128 3
84129 2
84130 1
84131 1
84132 2
84133 4
84134 2
84135 2
84136 2
84137 0
84138 2
84139 3
84140 3
84141 5
84142 0
84143 2
84144 4
84145 1
84146 2
84147 0
84148 1
84149 3
84150 1
84151 2
84152 2
84153 5
84154 3
84155 0
84156 1
84157 4
84158 2
84159 1
84160 2
84161 2
84162 6
84163 0
84164 4
84165 0
84166 1
84167 0
84168 0
84169 1
84170 3
84171 0
84172 3
84173 3
84174 1
84175 0
84176 0
84177 2
84178 3
84179 4
84180 6
84181 4
84182 5
84183 0
84184 1
84185 5
84186 2
84187 3
84188 1
84189 3
84190 1
84191 1
84192 3
84193 2
84194 3
84195 0
84196 4
84197 2
84198 5
84199 0
84200 3
84201 1
84202 3
84203 2
84204 0
84205 2
84206 3
84207 5
84208 5
84209 0
84210 1
84211 2
84212 2
84213 2
84214 3
84215 4
84216 1
84217 2
84218 3
84219 4
84220 5
84221 2
84222 2
84223 4
84224 5
84225 3
84226 3
84227 1
84228 1
84229 0
84230 3
84231 2
84232 2
84233 0
84234 5
84235 3
84236 4
84237 1
84238 0
84239 3
84240 5
84241 4
84242 3
84243 4
84244 4
84245 3
84246 2
84247 3
84248 2
84249 0
84250 3
84251 1
84252 3
84253 2
84254 3
84255 3
84256 0
84257 1
84258 4
84259 2
84260 3
84261 1
84262 1
84263 2
84264 2
84265 2
84266 5
84267 4
84268 4
84269 2
84270 0
84271 0
84272 3
84273 2
84274 4
84275 2
84276 0
84277 3
84278 1
84279 3
84280 3
84281 1
84282 4
84283 4
84284 2
84285 3
84286 5
84287 0
84288 1
84289 0
84290 5
84291 1
84292 2
84293 2
84294 2
84295 3
84296 4
84297 1
84298 1
84299 4
84300 2
84301 2
84302 2
84303 3
84304 5
84305 2
84306 1
84307 1
84308 2
84309 3
84310 2
84311 2
84312 4
84313 1
84314 2
84315 2
84316 2
84317 2
84318 5
84319 2
84320 5
84321 4
84322 2
84323 1
84324 2
84325 1
84326 2
84327 2
84328 4
84329 0
84330 0
84331 1
84332 1
84333 0
84334 4
84335 3
84336 2
84337 4
84338 2
84339 2
84340 1
84341 3
84342 5
84343 4
84344 4
84345 0
84346 0
84347 2
84348 0
84349 1
84350 3
84351 3
84352 3
84353 3
84354 3
84355 4
84356 1
84357 1
84358 4
84359 3
84360 4
84361 2
84362 4
84363 2
84364 5
84365 2
84366 2
84367 4
84368 0
84369 1
84370 3
84371 4
84372 3
84373 4
84374 1
84375 3
84376 5
84377 3
84378 2
84379 3
84380 0
84381 3
84382 3
84383 1
84384 0
84385 4
84386 0
84387 1
84388 0
84389 5
84390 4
84391 0
84392 3
84393 2
84394 3
84395 3
84396 0
84397 4
84398 3
84399 5
84400 3
84401 1
84402 3
84403 1
84404 3
84405 2
84406 3
84407 0
84408 3
84409 1
84410 2
84411 4
84412 1
84413 1
84414 2
84415 1
84416 1
84417 2
84418 3
84419 0
84420 4
84421 2
84422 1
84423 0
84424 1
84425 1
84426 3
84427 4
84428 2
84429 4
84430 0
84431 2
84432 2
84433 2
84434 2
84435 3
84436 1
84437 0
84438 1
84439 1
84440 3
84441 1
84442 2
84443 3
84444 3
84445 5
84446 0
84447 0
84448 2
84449 4
84450 0
84451 3
84452 0
84453 2
84454 1
84455 3
84456 3
84457 3
84458 0
84459 1
84460 0
84461 0
84462 2
84463 4
84464 4
84465 0
84466 1
84467 1
84468 0
84469 3
84470 0
84471 2
84472 2
84473 3
84474 1
84475 3
84476 0
84477 2
84478 2
84479 1
84480 2
84481 4
84482 1
84483 2
84484 4
84485 4
84486 1
84487 1
84488 3
84489 2
84490 2
84491 3
84492 3
84493 1
84494 4
84495 4
84496 2
84497 1
84498 3
84499 0
84500 2
84501 3
84502 1
84503 0
84504 2
84505 1
84506 3
84507 3
84508 2
84509 1
84510 2
84511 4
84512 4
84513 4
84514 2
84515 0
84516 3
84517 4
84518 3
84519 2
84520 3
84521 4
84522 2
84523 3
84524 4
84525 3
84526 1
84527 4
84528 2
84529 0
84530 2
84531 4
84532 2
84533 0
84534 1
84535 2
84536 1
84537 3
84538 4
84539 1
84540 3
84541 2
84542 3
84543 3
84544 3
84545 4
84546 1
84547 1
84548 2
84549 3
84550 3
84551 2
84552 2
84553 3
84554 4
84555 4
84556 3
84557 3
84558 2
84559 2
84560 3
84561 0
84562 3
84563 3
84564 2
84565 2
84566 5
84567 0
84568 3
84569 3
84570 3
84571 0
84572 1
84573 2
84574 3
84575 0
84576 3
84577 0
84578 4
84579 3
84580 1
84581 4
84582 2
84583 3
84584 1
84585 3
84586 0
84587 2
84588 1
84589 3
84590 2
84591 1
84592 4
84593 2
84594 4
84595 2
84596 2
84597 1
84598 1
84599 3
84600 1
84601 2
84602 0
84603 2
84604 4
84605 0
84606 0
84607 3
84608 2
84609 0
84610 2
84611 2
84612 3
84613 0
84614 4
84615 0
84616 2
84617 1
84618 1
84619 3
84620 3
84621 1
84622 0
84623 1
84624 2
84625 3
84626 2
84627 4
84628 0
84629 2
84630 1
84631 2
84632 3
84633 3
84634 3
84635 3
84636 3
84637 3
84638 0
84639 1
84640 3
84641 4
84642 4
84643 3
84644 3
84645 3
84646 2
84647 4
84648 1
84649 3
84650 3
84651 3
84652 2
84653 1
84654 2
84655 1
84656 1
84657 2
84658 0
84659 2
84660 3
84661 2
84662 2
84663 3
84664 3
84665 2
84666 5
84667 3
84668 4
84669 1
84670 1
84671 0
84672 1
84673 4
84674 0
84675 5
84676 3
84677 3
84678 4
84679 4
84680 3
84681 4
84682 2
84683 1
84684 2
84685 2
84686 0
84687 3
84688 3
84689 1
84690 1
84691 0
84692 2
84693 2
84694 3
84695 4
84696 0
84697 2
84698 3
84699 2
84700 0
84701 2
84702 4
84703 3
84704 1
84705 2
84706 2
84707 5
84708 0
84709 3
84710 2
84711 0
84712 4
84713 2
84714 2
84715 4
84716 0
84717 3
84718 1
84719 4
84720 0
84721 3
84722 0
84723 0
84724 4
84725 2
84726 3
84727 1
84728 3
84729 2
84730 2
84731 4
84732 3
84733 0
84734 3
84735 2
84736 4
84737 2
84738 3
84739 1
84740 3
84741 1
84742 2
84743 0
84744 2
84745 3
84746 4
84747 0
84748 2
84749 3
84750 0
84751 2
84752 3
84753 1
84754 1
84755 4
84756 2
84757 3
84758 1
84759 5
84760 3
84761 3
84762 3
84763 2
84764 3
84765 4
84766 2
84767 0
84768 1
84769 2
84770 3
84771 3
84772 1
84773 1
84774 1
84775 5
84776 4
84777 0
84778 0
84779 3
84780 5
84781 3
84782 1
84783 2
84784 4
84785 0
84786 0
84787 0
84788 4
84789 3
84790 2
84791 2
84792 3
84793 3
84794 2
84795 0
84796 1
84797 1
84798 1
84799 1
84800 4
84801 4
84802 2
84803 2
84804 1
84805 0
84806 3
84807 2
84808 1
84809 1
84810 1
84811 4
84812 0
84813 3
84814 0
84815 4
84816 4
84817 2
84818 1
84819 3
84820 1
84821 4
84822 1
84823 3
84824 3
84825 1
84826 1
84827 2
84828 2
84829 5
84830 1
84831 2
84832 4
84833 4
84834 0
84835 5
84836 4
84837 2
84838 4
84839 3
84840 3
84841 2
84842 4
84843 3
84844 1
84845 1
84846 0
84847 2
84848 3
84849 3
84850 0
84851 4
84852 3
84853 3
84854 0
84855 3
84856 3
84857 3
84858 2
84859 1
84860 1
84861 1
84862 1
84863 2
84864 1
84865 1
84866 4
84867 0
84868 3
84869 3
84870 3
84871 2
84872 2
84873 0
84874 3
84875 3
84876 1
84877 1
84878 0
84879 3
84880 1
84881 4
84882 2
84883 3
84884 3
84885 1
84886 0
84887 3
84888 2
84889 3
84890 2
84891 0
84892 0
84893 3
84894 4
84895 1
84896 3
84897 3
84898 3
84899 1
84900 3
84901 2
84902 5
84903 3
84904 0
84905 3
84906 0
84907 0
84908 3
84909 2
84910 1
84911 2
84912 3
84913 2
84914 3
84915 1
84916 1
84917 1
84918 4
84919 1
84920 2
84921 1
84922 5
84923 1
84924 0
84925 3
84926 4
84927 3
84928 3
84929 0
84930 1
84931 4
84932 2
84933 2
84934 3
84935 1
84936 4
84937 3
84938 0
84939 0
84940 2
84941 1
84942 2
84943 2
84944 3
84945 3
84946 3
84947 0
84948 4
84949 3
84950 3
84951 2
84952 1
84953 3
84954 3
84955 0
84956 3
84957 3
84958 2
84959 4
84960 3
84961 1
84962 2
84963 3
84964 3
84965 2
84966 1
84967 3
84968 2
84969 2
84970 4
84971 0
84972 4
84973 0
84974 3
84975 3
84976 0
84977 2
84978 4
84979 3
84980 2
84981 4
84982 0
84983 1
84984 5
84985 0
84986 3
84987 2
84988 2
84989 3
84990 4
84991 3
84992 2
84993 3
84994 3
84995 2
84996 3
84997 3
84998 0
84999 3
85000 0
85001 2
85002 2
85003 2
85004 3
85005 2
85006 0
85007 3
85008 3
85009 4
85010 1
85011 3
85012 1
85013 2
85014 3
85015 1
85016 3
85017 1
85018 1
85019 2
85020 1
85021 3
85022 4
85023 5
85024 0
85025 3
85026 0
85027 0
85028 3
85029 1
85030 4
85031 1
85032 4
85033 2
85034 2
85035 1
85036 2
85037 2
85038 4
85039 4
85040 2
85041 2
85042 4
85043 1
85044 3
85045 3
85046 2
85047 3
85048 0
85049 0
85050 0
85051 1
85052 3
85053 2
85054 2
85055 4
85056 4
85057 1
85058 1
85059 0
85060 3
85061 2
85062 4
85063 2
85064 1
85065 2
85066 3
85067 2
85068 1
85069 2
85070 4
85071 1
85072 0
85073 3
85074 1
85075 4
85076 1
85077 0
85078 3
85079 2
85080 4
85081 3
85082 4
85083 2
85084 2
85085 2
85086 1
85087 4
85088 4
85089 5
85090 1
85091 3
85092 1
85093 3
85094 1
85095 2
85096 4
85097 4
85098 0
85099 1
85100 5
85101 0
85102 2
85103 4
85104 4
85105 3
85106 3
85107 3
85108 0
85109 3
85110 3
85111 0
85112 4
85113 1
85114 0
85115 1
85116 4
85117 3
85118 3
85119 2
85120 0
85121 3
85122 2
85123 1
85124 3
85125 1
85126 4
85127 1
85128 2
85129 1
85130 2
85131 3
85132 4
85133 4
85134 2
85135 5
85136 4
85137 2
85138 4
85139 4
85140 2
85141 1
85142 3
85143 3
85144 2
85145 0
85146 0
85147 3
85148 2
85149 0
85150 4
85151 0
85152 0
85153 2
85154 3
85155 2
85156 4
85157 1
85158 1
85159 2
85160 2
85161 4
85162 2
85163 4
85164 1
85165 2
85166 4
85167 0
85168 1
85169 3
85170 3
85171 2
85172 1
85173 3
85174 0
85175 3
85176 3
85177 2
85178 4
85179 3
85180 4
85181 4
85182 1
85183 1
85184 4
85185 0
85186 0
85187 3
85188 5
85189 3
85190 0
85191 3
85192 2
85193 3
85194 2
85195 0
85196 2
85197 2
85198 4
85199 3
85200 3
85201 2
85202 2
85203 1
85204 3
85205 4
85206 3
85207 2
85208 2
85209 1
85210 1
85211 0
85212 3
85213 4
85214 1
85215 2
85216 4
85217 5
85218 3
85219 4
85220 5
85221 3
85222 3
85223 2
85224 1
85225 3
85226 1
85227 1
85228 1
85229 3
85230 1
85231 3
85232 2
85233 4
85234 1
85235 4
85236 4
85237 3
85238 3
85239 2
85240 0
85241 3
85242 3
85243 2
85244 3
85245 4
85246 1
85247 2
85248 2
85249 1
85250 4
85251 5
85252 3
85253 5
85254 2
85255 0
85256 3
85257 1
85258 3
85259 4
85260 2
85261 3
85262 3
85263 3
85264 1
85265 0
85266 2
85267 4
85268 3
85269 2
85270 2
85271 3
85272 0
85273 2
85274 2
85275 0
85276 4
85277 4
85278 0
85279 4
85280 3
85281 3
85282 2
85283 0
85284 2
85285 2
85286 3
85287 2
85288 2
85289 4
85290 2
85291 3
85292 2
85293 4
85294 2
85295 0
85296 4
85297 1
85298 2
85299 2
85300 2
85301 3
85302 5
85303 2
85304 4
85305 3
85306 0
85307 1
85308 1
85309 4
85310 5
85311 2
85312 1
85313 0
85314 3
85315 1
85316 3
85317 1
85318 2
85319 1
85320 2
85321 0
85322 2
85323 2
85324 0
85325 3
85326 2
85327 3
85328 0
85329 3
85330 4
85331 4
85332 0
85333 2
85334 1
85335 0
85336 2
85337 0
85338 4
85339 0
85340 3
85341 0
85342 3
85343 0
85344 2
85345 2
85346 2
85347 0
85348 5
85349 4
85350 0
85351 0
85352 0
85353 1
85354 1
85355 0
85356 0
85357 3
85358 4
85359 2
85360 4
85361 4
85362 0
85363 2
85364 3
85365 1
85366 3
85367 0
85368 3
85369 2
85370 1
85371 0
85372 4
85373 2
85374 2
85375 3
85376 3
85377 0
85378 4
85379 1
85380 1
85381 4
85382 2
85383 3
85384 3
85385 3
85386 1
85387 1
85388 4
85389 3
85390 4
85391 3
85392 2
85393 2
85394 4
85395 2
85396 4
85397 4
85398 2
85399 0
85400 3
85401 4
85402 3
85403 1
85404 4
85405 1
85406 2
85407 2
85408 4
85409 2
85410 4
85411 1
85412 4
85413 0
85414 4
85415 1
85416 1
85417 2
85418 2
85419 1
85420 2
85421 4
85422 3
85423 1
85424 3
85425 1
85426 0
85427 2
85428 2
85429 1
85430 3
85431 0
85432 0
85433 3
85434 3
85435 6
85436 1
85437 4
85438 3
85439 4
85440 1
85441 2
85442 0
85443 2
85444 2
85445 4
85446 2
85447 2
85448 3
85449 3
85450 1
85451 3
85452 3
85453 2
85454 2
85455 3
85456 3
85457 0
85458 1
85459 5
85460 3
85461 2
85462 1
85463 4
85464 3
85465 3
85466 4
85467 4
85468 2
85469 4
85470 3
85471 0
85472 4
85473 3
85474 0
85475 1
85476 2
85477 1
85478 4
85479 3
85480 3
85481 0
85482 4
85483 5
85484 3
85485 1
85486 4
85487 3
85488 4
85489 0
85490 3
85491 3
85492 0
85493 0
85494 1
85495 1
85496 3
85497 1
85498 4
85499 3
85500 2
85501 2
85502 3
85503 4
85504 3
85505 3
85506 3
85507 3
85508 1
85509 3
85510 2
85511 4
85512 2
85513 0
85514 3
85515 1
85516 3
85517 2
85518 1
85519 0
85520 1
85521 3
85522 0
85523 4
85524 4
85525 2
85526 0
85527 2
85528 1
85529 2
85530 3
85531 3
85532 4
85533 0
85534 2
85535 1
85536 3
85537 0
85538 1
85539 3
85540 1
85541 3
85542 4
85543 5
85544 0
85545 3
85546 0
85547 4
85548 1
85549 2
85550 0
85551 1
85552 4
85553 0
85554 0
85555 5
85556 0
85557 1
85558 4
85559 1
85560 2
85561 1
85562 0
85563 3
85564 1
85565 0
85566 1
85567 3
85568 3
85569 2
85570 2
85571 0
85572 3
85573 0
85574 4
85575 1
85576 0
85577 3
85578 3
85579 1
85580 1
85581 2
85582 1
85583 2
85584 2
85585 1
85586 0
85587 3
85588 2
85589 3
85590 4
85591 3
85592 4
85593 1
85594 2
85595 2
85596 3
85597 0
85598 2
85599 1
85600 4
85601 2
85602 5
85603 1
85604 4
85605 3
85606 3
85607 3
85608 3
85609 4
85610 4
85611 1
85612 1
85613 0
85614 2
85615 0
85616 1
85617 3
85618 0
85619 4
85620 2
85621 0
85622 0
85623 2
85624 1
85625 2
85626 4
85627 0
85628 2
85629 1
85630 1
85631 4
85632 0
85633 1
85634 2
85635 4
85636 1
85637 2
85638 1
85639 4
85640 0
85641 0
85642 3
85643 3
85644 0
85645 2
85646 3
85647 2
85648 0
85649 4
85650 2
85651 2
85652 2
85653 4
85654 3
85655 4
85656 4
85657 0
85658 2
85659 4
85660 1
85661 0
85662 1
85663 3
85664 3
85665 1
85666 1
85667 2
85668 3
85669 3
85670 4
85671 3
85672 3
85673 1
85674 3
85675 3
85676 4
85677 3
85678 0
85679 4
85680 2
85681 4
85682 4
85683 3
85684 3
85685 5
85686 4
85687 1
85688 0
85689 3
85690 2
85691 3
85692 1
85693 1
85694 3
85695 3
85696 4
85697 2
85698 4
85699 1
85700 3
85701 0
85702 0
85703 0
85704 2
85705 3
85706 2
85707 2
85708 1
85709 4
85710 3
85711 0
85712 5
85713 2
85714 1
85715 2
85716 2
85717 4
85718 4
85719 2
85720 3
85721 3
85722 1
85723 0
85724 3
85725 0
85726 2
85727 1
85728 0
85729 0
85730 3
85731 3
85732 2
85733 2
85734 2
85735 1
85736 3
85737 3
85738 2
85739 2
85740 1
85741 3
85742 0
85743 1
85744 1
85745 0
85746 3
85747 2
85748 2
85749 1
85750 2
85751 1
85752 3
85753 2
85754 6
85755 2
85756 0
85757 1
85758 3
85759 1
85760 2
85761 4
85762 3
85763 0
85764 1
85765 2
85766 5
85767 1
85768 2
85769 2
85770 4
85771 3
85772 3
85773 2
85774 4
85775 4
85776 0
85777 2
85778 2
85779 0
85780 1
85781 4
85782 6
85783 1
85784 1
85785 2
85786 0
85787 4
85788 0
85789 3
85790 3
85791 4
85792 2
85793 3
85794 5
85795 3
85796 0
85797 2
85798 1
85799 4
85800 3
85801 3
85802 1
85803 1
85804 3
85805 4
85806 2
85807 0
85808 0
85809 2
85810 2
85811 0
85812 4
85813 3
85814 1
85815 2
85816 1
85817 4
85818 2
85819 4
85820 0
85821 3
85822 3
85823 4
85824 0
85825 5
85826 4
85827 3
85828 0
85829 1
85830 4
85831 3
85832 4
85833 2
85834 1
85835 1
85836 2
85837 1
85838 2
85839 4
85840 1
85841 2
85842 4
85843 5
85844 0
85845 0
85846 4
85847 4
85848 2
85849 4
85850 1
85851 3
85852 3
85853 2
85854 3
85855 3
85856 1
85857 2
85858 2
85859 2
85860 0
85861 0
85862 1
85863 3
85864 1
85865 4
85866 2
85867 5
85868 0
85869 4
85870 0
85871 5
85872 3
85873 0
85874 3
85875 0
85876 2
85877 2
85878 0
85879 4
85880 1
85881 1
85882 4
85883 1
85884 2
85885 1
85886 1
85887 2
85888 1
85889 2
85890 4
85891 3
85892 2
85893 3
85894 0
85895 4
85896 4
85897 3
85898 1
85899 1
85900 2
85901 0
85902 3
85903 0
85904 1
85905 0
85906 4
85907 2
85908 4
85909 2
85910 4
85911 1
85912 0
85913 0
85914 4
85915 4
85916 4
85917 4
85918 3
85919 2
85920 0
85921 3
85922 3
85923 2
85924 0
85925 5
85926 3
85927 0
85928 0
85929 2
85930 1
85931 2
85932 2
85933 4
85934 4
85935 2
85936 0
85937 2
85938 4
85939 3
85940 0
85941 1
85942 3
85943 4
85944 3
85945 4
85946 1
85947 2
85948 2
85949 1
85950 1
85951 2
85952 2
85953 0
85954 3
85955 4
85956 2
85957 5
85958 1
85959 1
85960 0
85961 4
85962 2
85963 2
85964 2
85965 1
85966 1
85967 2
85968 1
85969 1
85970 3
85971 1
85972 0
85973 2
85974 3
85975 0
85976 4
85977 2
85978 2
85979 1
85980 0
85981 2
85982 5
85983 2
85984 2
85985 1
85986 4
85987 0
85988 0
85989 0
85990 4
85991 2
85992 1
85993 1
85994 2
85995 4
85996 1
85997 0
85998 0
85999 0
86000 4
86001 1
86002 1
86003 3
86004 4
86005 0
86006 3
86007 2
86008 2
86009 4
86010 0
86011 2
86012 0
86013 3
86014 1
86015 0
86016 1
86017 2
86018 3
86019 1
86020 3
86021 0
86022 3
86023 2
86024 4
86025 3
86026 4
86027 2
86028 3
86029 0
86030 1
86031 1
86032 2
86033 0
86034 0
86035 4
86036 1
86037 4
86038 3
86039 3
86040 0
86041 2
86042 0
86043 2
86044 3
86045 3
86046 3
86047 0
86048 0
86049 4
86050 3
86051 4
86052 0
86053 5
86054 1
86055 3
86056 1
86057 3
86058 3
86059 4
86060 2
86061 2
86062 3
86063 1
86064 2
86065 2
86066 2
86067 3
86068 2
86069 0
86070 0
86071 1
86072 3
86073 3
86074 1
86075 1
86076 1
86077 0
86078 1
86079 2
86080 3
86081 1
86082 1
86083 2
86084 1
86085 0
86086 0
86087 1
86088 5
86089 0
86090 2
86091 2
86092 0
86093 1
86094 2
86095 3
86096 5
86097 2
86098 3
86099 5
86100 0
86101 1
86102 2
86103 3
86104 1
86105 2
86106 2
86107 3
86108 3
86109 0
86110 0
86111 2
86112 3
86113 2
86114 0
86115 1
86116 2
86117 4
86118 1
86119 3
86120 2
86121 4
86122 3
86123 0
86124 2
86125 0
86126 0
86127 5
86128 0
86129 3
86130 0
86131 3
86132 3
86133 0
86134 2
86135 2
86136 4
86137 3
86138 1
86139 2
86140 3
86141 1
86142 3
86143 3
86144 4
86145 4
86146 3
86147 0
86148 3
86149 2
86150 4
86151 2
86152 5
86153 2
86154 3
86155 4
86156 4
86157 1
86158 3
86159 0
86160 3
86161 3
86162 4
86163 5
86164 1
86165 4
86166 4
86167 4
86168 0
86169 2
86170 0
86171 4
86172 2
86173 2
86174 1
86175 0
86176 1
86177 2
86178 1
86179 1
86180 4
86181 3
86182 0
86183 4
86184 2
86185 2
86186 2
86187 4
86188 3
86189 0
86190 4
86191 4
86192 2
86193 3
86194 2
86195 5
86196 3
86197 1
86198 3
86199 0
86200 2
86201 3
86202 2
86203 1
86204 4
86205 3
86206 1
86207 3
86208 2
86209 2
86210 0
86211 0
86212 2
86213 2
86214 2
86215 1
86216 4
86217 2
86218 1
86219 0
86220 3
86221 3
86222 4
86223 2
86224 3
86225 4
86226 0
86227 3
86228 3
86229 3
86230 2
86231 3
86232 3
86233 3
86234 1
86235 2
86236 4
86237 1
86238 1
86239 3
86240 0
86241 0
86242 0
86243 3
86244 4
86245 0
86246 2
86247 5
86248 2
86249 4
86250 3
86251 1
86252 1
86253 3
86254 3
86255 2
86256 1
86257 0
86258 2
86259 1
86260 1
86261 3
86262 1
86263 2
86264 3
86265 1
86266 4
86267 0
86268 2
86269 2
86270 2
86271 4
86272 4
86273 2
86274 0
86275 4
86276 5
86277 2
86278 2
86279 2
86280 1
86281 0
86282 5
86283 3
86284 3
86285 0
86286 2
86287 0
86288 1
86289 1
86290 0
86291 4
86292 3
86293 2
86294 3
86295 2
86296 2
86297 0
86298 1
86299 3
86300 3
86301 0
86302 4
86303 4
86304 3
86305 3
86306 2
86307 3
86308 3
86309 2
86310 1
86311 0
86312 2
86313 4
86314 0
86315 1
86316 0
86317 0
86318 2
86319 3
86320 2
86321 3
86322 5
86323 4
86324 4
86325 3
86326 3
86327 0
86328 3
86329 3
86330 3
86331 3
86332 3
86333 3
86334 1
86335 0
86336 3
86337 3
86338 1
86339 3
86340 0
86341 3
86342 4
86343 1
86344 2
86345 4
86346 4
86347 1
86348 1
86349 3
86350 5
86351 0
86352 1
86353 2
86354 3
86355 3
86356 2
86357 3
86358 0
86359 2
86360 2
86361 3
86362 2
86363 3
86364 3
86365 4
86366 2
86367 1
86368 1
86369 2
86370 3
86371 1
86372 0
86373 2
86374 2
86375 4
86376 3
86377 1
86378 1
86379 2
86380 3
86381 1
86382 2
86383 2
86384 1
86385 3
86386 3
86387 0
86388 1
86389 1
86390 3
86391 1
86392 2
86393 3
86394 2
86395 2
86396 0
86397 1
86398 1
86399 4
86400 3
86401 3
86402 3
86403 2
86404 2
86405 1
86406 2
86407 1
86408 3
86409 1
86410 4
86411 2
86412 1
86413 0
86414 2
86415 3
86416 0
86417 3
86418 3
86419 3
86420 0
86421 3
86422 2
86423 2
86424 4
86425 2
86426 0
86427 2
86428 0
86429 4
86430 3
86431 4
86432 0
86433 1
86434 4
86435 3
86436 0
86437 3
86438 3
86439 4
86440 2
86441 3
86442 2
86443 4
86444 0
86445 4
86446 3
86447 3
86448 1
86449 4
86450 0
86451 4
86452 3
86453 1
86454 0
86455 0
86456 2
86457 3
86458 2
86459 0
86460 2
86461 2
86462 4
86463 3
86464 2
86465 3
86466 4
86467 1
86468 2
86469 2
86470 3
86471 3
86472 3
86473 0
86474 3
86475 1
86476 3
86477 2
86478 1
86479 2
86480 3
86481 0
86482 3
86483 0
86484 3
86485 1
86486 3
86487 0
86488 0
86489 4
86490 3
86491 0
86492 5
86493 3
86494 4
86495 4
86496 3
86497 3
86498 3
86499 4
86500 0
86501 2
86502 0
86503 0
86504 2
86505 3
86506 1
86507 3
86508 4
86509 3
86510 2
86511 1
86512 2
86513 3
86514 3
86515 3
86516 4
86517 0
86518 1
86519 0
86520 1
86521 0
86522 2
86523 1
86524 3
86525 1
86526 3
86527 2
86528 3
86529 2
86530 2
86531 5
86532 0
86533 2
86534 4
86535 0
86536 3
86537 3
86538 5
86539 1
86540 1
86541 4
86542 2
86543 3
86544 4
86545 3
86546 3
86547 2
86548 0
86549 2
86550 2
86551 4
86552 2
86553 4
86554 2
86555 0
86556 2
86557 0
86558 0
86559 3
86560 4
86561 1
86562 3
86563 3
86564 4
86565 3
86566 4
86567 2
86568 3
86569 0
86570 2
86571 2
86572 0
86573 2
86574 2
86575 0
86576 0
86577 0
86578 4
86579 2
86580 5
86581 1
86582 4
86583 3
86584 3
86585 2
86586 1
86587 1
86588 2
86589 2
86590 0
86591 2
86592 3
86593 3
86594 1
86595 2
86596 4
86597 4
86598 0
86599 2
86600 1
86601 1
86602 1
86603 3
86604 1
86605 1
86606 3
86607 3
86608 4
86609 1
86610 3
86611 1
86612 3
86613 2
86614 0
86615 2
86616 2
86617 0
86618 4
86619 4
86620 1
86621 2
86622 1
86623 1
86624 3
86625 0
86626 4
86627 3
86628 1
86629 0
86630 3
86631 2
86632 0
86633 2
86634 2
86635 0
86636 3
86637 2
86638 0
86639 6
86640 4
86641 2
86642 0
86643 3
86644 4
86645 2
86646 2
86647 0
86648 0
86649 3
86650 3
86651 3
86652 3
86653 4
86654 2
86655 3
86656 1
86657 3
86658 1
86659 1
86660 0
86661 3
86662 3
86663 3
86664 3
86665 3
86666 0
86667 4
86668 5
86669 1
86670 2
86671 0
86672 2
86673 3
86674 3
86675 3
86676 3
86677 3
86678 1
86679 2
86680 5
86681 3
86682 2
86683 2
86684 5
86685 5
86686 3
86687 0
86688 4
86689 1
86690 5
86691 2
86692 3
86693 1
86694 0
86695 1
86696 3
86697 2
86698 1
86699 1
86700 2
86701 3
86702 2
86703 4
86704 1
86705 3
86706 2
86707 4
86708 2
86709 2
86710 1
86711 3
86712 4
86713 2
86714 0
86715 2
86716 0
86717 2
86718 4
86719 1
86720 2
86721 2
86722 2
86723 1
86724 0
86725 0
86726 3
86727 0
86728 1
86729 5
86730 4
86731 0
86732 0
86733 4
86734 1
86735 3
86736 0
86737 2
86738 3
86739 4
86740 2
86741 2
86742 1
86743 1
86744 1
86745 3
86746 4
86747 3
86748 4
86749 3
86750 5
86751 0
86752 1
86753 2
86754 4
86755 2
86756 1
86757 1
86758 3
86759 2
86760 2
86761 3
86762 1
86763 3
86764 3
86765 0
86766 2
86767 2
86768 3
86769 3
86770 3
86771 0
86772 5
86773 2
86774 2
86775 3
86776 3
86777 2
86778 2
86779 0
86780 3
86781 0
86782 1
86783 0
86784 2
86785 3
86786 1
86787 3
86788 5
86789 4
86790 3
86791 3
86792 3
86793 3
86794 4
86795 3
86796 0
86797 4
86798 1
86799 1
86800 2
86801 4
86802 4
86803 0
86804 2
86805 2
86806 3
86807 1
86808 0
86809 5
86810 3
86811 0
86812 1
86813 3
86814 4
86815 2
86816 0
86817 0
86818 3
86819 3
86820 3
86821 3
86822 2
86823 1
86824 3
86825 1
86826 3
86827 3
86828 3
86829 4
86830 4
86831 3
86832 3
86833 2
86834 0
86835 2
86836 2
86837 2
86838 3
86839 2
86840 1
86841 2
86842 0
86843 4
86844 4
86845 1
86846 4
86847 3
86848 2
86849 4
86850 3
86851 1
86852 1
86853 5
86854 4
86855 0
86856 2
86857 1
86858 2
86859 1
86860 2
86861 0
86862 2
86863 2
86864 0
86865 1
86866 0
86867 2
86868 3
86869 1
86870 2
86871 2
86872 2
86873 1
86874 1
86875 3
86876 3
86877 4
86878 4
86879 2
86880 4
86881 2
86882 0
86883 0
86884 2
86885 3
86886 2
86887 2
86888 2
86889 3
86890 2
86891 0
86892 0
86893 0
86894 0
86895 3
86896 0
86897 4
86898 2
86899 1
86900 3
86901 0
86902 4
86903 4
86904 4
86905 3
86906 3
86907 1
86908 1
86909 1
86910 3
86911 3
86912 0
86913 0
86914 3
86915 2
86916 2
86917 1
86918 4
86919 3
86920 2
86921 2
86922 2
86923 2
86924 1
86925 1
86926 3
86927 1
86928 2
86929 0
86930 2
86931 0
86932 4
86933 5
86934 3
86935 3
86936 1
86937 2
86938 2
86939 2
86940 4
86941 3
86942 0
86943 3
86944 2
86945 5
86946 2
86947 3
86948 2
86949 0
86950 3
86951 3
86952 2
86953 2
86954 2
86955 1
86956 1
86957 0
86958 3
86959 2
86960 4
86961 4
86962 1
86963 5
86964 3
86965 0
86966 3
86967 3
86968 3
86969 0
86970 3
86971 2
86972 5
86973 4
86974 1
86975 4
86976 1
86977 2
86978 4
86979 4
86980 5
86981 0
86982 3
86983 2
86984 2
86985 3
86986 0
86987 3
86988 1
86989 5
86990 2
86991 4
86992 3
86993 1
86994 1
86995 1
86996 1
86997 2
86998 3
86999 4
87000 3
87001 2
87002 3
87003 2
87004 4
87005 3
87006 0
87007 2
87008 4
87009 2
87010 1
87011 2
87012 2
87013 0
87014 2
87015 4
87016 2
87017 4
87018 0
87019 1
87020 4
87021 3
87022 2
87023 5
87024 3
87025 1
87026 3
87027 3
87028 3
87029 3
87030 3
87031 3
87032 4
87033 3
87034 0
87035 0
87036 4
87037 4
87038 3
87039 3
87040 1
87041 0
87042 3
87043 2
87044 3
87045 3
87046 2
87047 0
87048 0
87049 1
87050 3
87051 3
87052 2
87053 1
87054 1
87055 3
87056 0
87057 1
87058 1
87059 1
87060 0
87061 3
87062 4
87063 1
87064 2
87065 3
87066 1
87067 1
87068 4
87069 0
87070 3
87071 3
87072 3
87073 4
87074 2
87075 2
87076 0
87077 3
87078 4
87079 1
87080 3
87081 4
87082 4
87083 0
87084 0
87085 4
87086 1
87087 2
87088 1
87089 3
87090 0
87091 2
87092 3
87093 4
87094 0
87095 0
87096 1
87097 0
87098 4
87099 3
87100 1
87101 2
87102 3
87103 0
87104 4
87105 1
87106 5
87107 1
87108 3
87109 3
87110 0
87111 3
87112 1
87113 1
87114 3
87115 4
87116 0
87117 1
87118 1
87119 4
87120 1
87121 1
87122 2
87123 3
87124 4
87125 0
87126 1
87127 3
87128 2
87129 4
87130 1
87131 0
87132 3
87133 0
87134 4
87135 1
87136 2
87137 4
87138 2
87139 1
87140 1
87141 3
87142 3
87143 4
87144 1
87145 3
87146 0
87147 1
87148 1
87149 0
87150 2
87151 0
87152 5
87153 2
87154 4
87155 4
87156 0
87157 2
87158 4
87159 1
87160 3
87161 4
87162 3
87163 3
87164 2
87165 2
87166 2
87167 2
87168 2
87169 3
87170 4
87171 0
87172 3
87173 3
87174 3
87175 1
87176 1
87177 1
87178 0
87179 3
87180 4
87181 4
87182 1
87183 1
87184 0
87185 3
87186 1
87187 0
87188 1
87189 3
87190 3
87191 1
87192 2
87193 2
87194 4
87195 3
87196 1
87197 2
87198 3
87199 2
87200 5
87201 3
87202 3
87203 1
87204 2
87205 5
87206 2
87207 3
87208 0
87209 3
87210 0
87211 1
87212 3
87213 0
87214 1
87215 3
87216 4
87217 4
87218 2
87219 3
87220 0
87221 1
87222 3
87223 2
87224 4
87225 1
87226 3
87227 1
87228 1
87229 4
87230 1
87231 0
87232 4
87233 4
87234 2
87235 3
87236 4
87237 2
87238 5
87239 0
87240 3
87241 2
87242 1
87243 2
87244 4
87245 1
87246 3
87247 1
87248 3
87249 4
87250 1
87251 0
87252 2
87253 0
87254 3
87255 0
87256 0
87257 5
87258 1
87259 4
87260 0
87261 3
87262 3
87263 3
87264 1
87265 4
87266 4
87267 2
87268 3
87269 3
87270 0
87271 4
87272 3
87273 3
87274 3
87275 2
87276 2
87277 3
87278 1
87279 1
87280 2
87281 4
87282 2
87283 1
87284 3
87285 1
87286 1
87287 3
87288 1
87289 3
87290 1
87291 2
87292 2
87293 3
87294 4
87295 1
87296 2
87297 2
87298 0
87299 3
87300 1
87301 3
87302 4
87303 3
87304 1
87305 2
87306 1
87307 3
87308 3
87309 3
87310 1
87311 0
87312 4
87313 4
87314 2
87315 2
87316 1
87317 2
87318 4
87319 3
87320 1
87321 0
87322 4
87323 5
87324 1
87325 2
87326 0
87327 3
87328 4
87329 2
87330 0
87331 0
87332 3
87333 2
87334 4
87335 2
87336 2
87337 4
87338 3
87339 2
87340 4
87341 4
87342 3
87343 1
87344 1
87345 0
87346 4
87347 3
87348 1
87349 2
87350 3
87351 4
87352 1
87353 3
87354 0
87355 3
87356 5
87357 2
87358 0
87359 0
87360 3
87361 0
87362 2
87363 2
87364 1
87365 0
87366 1
87367 1
87368 1
87369 1
87370 4
87371 2
87372 1
87373 0
87374 3
87375 3
87376 3
87377 2
87378 4
87379 4
87380 2
87381 2
87382 2
87383 2
87384 3
87385 5
87386 4
87387 3
87388 3
87389 1
87390 1
87391 0
87392 0
87393 1
87394 1
87395 3
87396 5
87397 5
87398 4
87399 4
87400 4
87401 2
87402 2
87403 0
87404 1
87405 3
87406 1
87407 4
87408 4
87409 1
87410 2
87411 4
87412 1
87413 3
87414 4
87415 0
87416 4
87417 0
87418 4
87419 1
87420 1
87421 0
87422 2
87423 4
87424 0
87425 3
87426 0
87427 2
87428 3
87429 2
87430 4
87431 4
87432 1
87433 1
87434 2
87435 5
87436 2
87437 3
87438 0
87439 0
87440 3
87441 4
87442 4
87443 4
87444 3
87445 2
87446 4
87447 0
87448 1
87449 1
87450 3
87451 0
87452 2
87453 3
87454 2
87455 3
87456 1
87457 1
87458 2
87459 2
87460 1
87461 2
87462 5
87463 3
87464 4
87465 0
87466 3
87467 3
87468 2
87469 2
87470 3
87471 4
87472 3
87473 2
87474 4
87475 3
87476 0
87477 4
87478 0
87479 1
87480 2
87481 3
87482 0
87483 5
87484 3
87485 1
87486 4
87487 3
87488 0
87489 3
87490 4
87491 2
87492 3
87493 3
87494 4
87495 3
87496 2
87497 1
87498 3
87499 4
87500 1
87501 0
87502 3
87503 4
87504 2
87505 5
87506 3
87507 5
87508 3
87509 3
87510 1
87511 0
87512 3
87513 1
87514 0
87515 2
87516 2
87517 1
87518 4
87519 3
87520 4
87521 1
87522 0
87523 1
87524 2
87525 4
87526 2
87527 4
87528 0
87529 3
87530 1
87531 2
87532 3
87533 0
87534 4
87535 3
87536 3
87537 4
87538 5
87539 4
87540 3
87541 2
87542 3
87543 1
87544 2
87545 5
87546 2
87547 0
87548 0
87549 2
87550 5
87551 0
87552 3
87553 4
87554 3
87555 3
87556 3
87557 0
87558 4
87559 1
87560 4
87561 3
87562 2
87563 4
87564 5
87565 1
87566 0
87567 3
87568 4
87569 2
87570 1
87571 2
87572 1
87573 2
87574 2
87575 3
87576 2
87577 2
87578 2
87579 2
87580 2
87581 5
87582 3
87583 4
87584 2
87585 3
87586 2
87587 4
87588 0
87589 1
87590 2
87591 1
87592 0
87593 3
87594 3
87595 4
87596 2
87597 3
87598 2
87599 2
87600 0
87601 2
87602 5
87603 0
87604 0
87605 3
87606 2
87607 5
87608 2
87609 2
87610 2
87611 5
87612 4
87613 3
87614 2
87615 1
87616 2
87617 2
87618 0
87619 3
87620 1
87621 1
87622 2
87623 4
87624 0
87625 0
87626 3
87627 2
87628 3
87629 2
87630 2
87631 3
87632 1
87633 1
87634 2
87635 4
87636 3
87637 0
87638 1
87639 3
87640 2
87641 4
87642 3
87643 2
87644 3
87645 4
87646 4
87647 3
87648 4
87649 4
87650 0
87651 3
87652 0
87653 3
87654 3
87655 4
87656 3
87657 2
87658 1
87659 4
87660 0
87661 0
87662 1
87663 1
87664 0
87665 4
87666 4
87667 3
87668 0
87669 2
87670 4
87671 3
87672 5
87673 3
87674 3
87675 4
87676 4
87677 2
87678 4
87679 3
87680 4
87681 1
87682 1
87683 3
87684 1
87685 2
87686 2
87687 2
87688 2
87689 0
87690 4
87691 5
87692 4
87693 4
87694 2
87695 1
87696 3
87697 2
87698 0
87699 2
87700 1
87701 1
87702 2
87703 5
87704 3
87705 3
87706 2
87707 4
87708 3
87709 0
87710 3
87711 0
87712 4
87713 3
87714 2
87715 4
87716 4
87717 3
87718 1
87719 4
87720 6
87721 2
87722 1
87723 4
87724 1
87725 3
87726 3
87727 0
87728 4
87729 0
87730 1
87731 2
87732 3
87733 2
87734 2
87735 1
87736 2
87737 0
87738 4
87739 1
87740 1
87741 4
87742 3
87743 2
87744 2
87745 4
87746 1
87747 3
87748 1
87749 1
87750 2
87751 3
87752 1
87753 0
87754 3
87755 0
87756 2
87757 2
87758 1
87759 2
87760 3
87761 4
87762 0
87763 3
87764 4
87765 2
87766 5
87767 1
87768 3
87769 2
87770 3
87771 0
87772 2
87773 0
87774 5
87775 3
87776 0
87777 1
87778 5
87779 3
87780 0
87781 0
87782 3
87783 5
87784 3
87785 3
87786 0
87787 2
87788 2
87789 1
87790 2
87791 0
87792 0
87793 3
87794 1
87795 3
87796 4
87797 4
87798 3
87799 2
87800 0
87801 2
87802 4
87803 4
87804 0
87805 0
87806 1
87807 1
87808 4
87809 2
87810 1
87811 1
87812 4
87813 3
87814 0
87815 3
87816 4
87817 1
87818 3
87819 3
87820 5
87821 0
87822 1
87823 1
87824 0
87825 3
87826 2
87827 3
87828 4
87829 4
87830 3
87831 0
87832 2
87833 2
87834 0
87835 0
87836 2
87837 4
87838 4
87839 3
87840 0
87841 2
87842 1
87843 4
87844 0
87845 2
87846 3
87847 4
87848 3
87849 2
87850 1
87851 0
87852 2
87853 0
87854 1
87855 0
87856 3
87857 4
87858 1
87859 4
87860 0
87861 2
87862 3
87863 2
87864 4
87865 2
87866 0
87867 4
87868 1
87869 3
87870 0
87871 1
87872 4
87873 0
87874 3
87875 0
87876 1
87877 2
87878 4
87879 0
87880 2
87881 0
87882 1
87883 0
87884 5
87885 1
87886 1
87887 2
87888 2
87889 0
87890 4
87891 3
87892 1
87893 0
87894 4
87895 2
87896 2
87897 0
87898 3
87899 0
87900 1
87901 1
87902 1
87903 2
87904 4
87905 2
87906 2
87907 2
87908 3
87909 0
87910 1
87911 2
87912 4
87913 5
87914 1
87915 2
87916 3
87917 4
87918 1
87919 1
87920 3
87921 0
87922 1
87923 2
87924 3
87925 2
87926 1
87927 0
87928 2
87929 4
87930 2
87931 2
87932 0
87933 0
87934 1
87935 3
87936 5
87937 3
87938 3
87939 3
87940 1
87941 2
87942 2
87943 0
87944 4
87945 2
87946 1
87947 3
87948 3
87949 0
87950 3
87951 4
87952 3
87953 2
87954 3
87955 2
87956 1
87957 1
87958 2
87959 4
87960 2
87961 3
87962 5
87963 3
87964 1
87965 4
87966 1
87967 3
87968 1
87969 0
87970 3
87971 3
87972 2
87973 4
87974 5
87975 2
87976 2
87977 1
87978 1
87979 4
87980 1
87981 3
87982 4
87983 2
87984 1
87985 0
87986 1
87987 3
87988 3
87989 2
87990 1
87991 0
87992 3
87993 0
87994 5
87995 0
87996 5
87997 3
87998 1
87999 1
88000 3
88001 3
88002 2
88003 1
88004 5
88005 4
88006 3
88007 5
88008 2
88009 4
88010 2
88011 1
88012 1
88013 0
88014 5
88015 4
88016 2
88017 2
88018 3
88019 0
88020 0
88021 3
88022 1
88023 0
88024 2
88025 1
88026 1
88027 2
88028 2
88029 4
88030 2
88031 3
88032 2
88033 3
88034 0
88035 1
88036 1
88037 1
88038 1
88039 2
88040 2
88041 4
88042 3
88043 2
88044 1
88045 3
88046 0
88047 4
88048 2
88049 1
88050 3
88051 1
88052 4
88053 0
88054 1
88055 2
88056 2
88057 2
88058 3
88059 3
88060 4
88061 0
88062 4
88063 2
88064 0
88065 4
88066 1
88067 4
88068 3
88069 0
88070 2
88071 2
88072 2
88073 3
88074 3
88075 3
88076 2
88077 3
88078 3
88079 3
88080 2
88081 0
88082 2
88083 5
88084 3
88085 1
88086 1
88087 4
88088 1
88089 3
88090 0
88091 1
88092 2
88093 1
88094 1
88095 1
88096 2
88097 3
88098 2
88099 5
88100 3
88101 4
88102 1
88103 0
88104 1
88105 0
88106 3
88107 2
88108 2
88109 1
88110 3
88111 4
88112 5
88113 2
88114 3
88115 0
88116 1
88117 1
88118 2
88119 3
88120 2
88121 3
88122 0
88123 4
88124 3
88125 3
88126 0
88127 0
88128 2
88129 2
88130 3
88131 2
88132 2
88133 3
88134 4
88135 1
88136 3
88137 3
88138 3
88139 4
88140 3
88141 1
88142 2
88143 2
88144 2
88145 0
88146 3
88147 1
88148 1
88149 1
88150 2
88151 1
88152 3
88153 0
88154 2
88155 2
88156 1
88157 1
88158 0
88159 0
88160 0
88161 2
88162 3
88163 1
88164 0
88165 4
88166 4
88167 1
88168 1
88169 1
88170 0
88171 2
88172 1
88173 1
88174 1
88175 3
88176 2
88177 2
88178 4
88179 3
88180 2
88181 0
88182 4
88183 1
88184 2
88185 3
88186 2
88187 1
88188 0
88189 0
88190 3
88191 2
88192 3
88193 2
88194 1
88195 2
88196 2
88197 4
88198 2
88199 1
88200 1
88201 4
88202 4
88203 1
88204 3
88205 1
88206 5
88207 0
88208 4
88209 5
88210 1
88211 3
88212 3
88213 3
88214 2
88215 4
88216 4
88217 0
88218 2
88219 5
88220 0
88221 0
88222 2
88223 3
88224 4
88225 1
88226 3
88227 2
88228 2
88229 1
88230 3
88231 1
88232 2
88233 1
88234 2
88235 0
88236 4
88237 4
88238 2
88239 2
88240 3
88241 4
88242 1
88243 2
88244 0
88245 3
88246 2
88247 2
88248 1
88249 2
88250 3
88251 4
88252 4
88253 4
88254 4
88255 4
88256 2
88257 3
88258 2
88259 1
88260 1
88261 0
88262 2
88263 0
88264 1
88265 0
88266 0
88267 3
88268 2
88269 3
88270 3
88271 1
88272 3
88273 1
88274 3
88275 4
88276 2
88277 3
88278 3
88279 0
88280 3
88281 2
88282 0
88283 5
88284 2
88285 3
88286 3
88287 4
88288 3
88289 5
88290 1
88291 4
88292 2
88293 5
88294 4
88295 5
88296 1
88297 2
88298 0
88299 4
88300 1
88301 5
88302 0
88303 4
88304 3
88305 5
88306 1
88307 1
88308 3
88309 2
88310 1
88311 3
88312 5
88313 3
88314 1
88315 4
88316 4
88317 4
88318 3
88319 2
88320 0
88321 3
88322 0
88323 2
88324 0
88325 2
88326 0
88327 4
88328 4
88329 4
88330 0
88331 3
88332 1
88333 4
88334 2
88335 0
88336 3
88337 0
88338 2
88339 1
88340 5
88341 1
88342 0
88343 1
88344 0
88345 1
88346 4
88347 0
88348 1
88349 3
88350 2
88351 3
88352 2
88353 3
88354 0
88355 2
88356 3
88357 4
88358 4
88359 3
88360 3
88361 0
88362 4
88363 5
88364 3
88365 4
88366 2
88367 0
88368 4
88369 3
88370 2
88371 1
88372 3
88373 2
88374 3
88375 2
88376 1
88377 3
88378 3
88379 3
88380 1
88381 4
88382 2
88383 1
88384 4
88385 2
88386 0
88387 2
88388 0
88389 2
88390 3
88391 1
88392 0
88393 2
88394 0
88395 4
88396 4
88397 1
88398 3
88399 1
88400 4
88401 0
88402 0
88403 4
88404 1
88405 2
88406 4
88407 2
88408 4
88409 3
88410 4
88411 2
88412 0
88413 3
88414 1
88415 1
88416 3
88417 1
88418 2
88419 1
88420 1
88421 0
88422 2
88423 5
88424 2
88425 1
88426 4
88427 0
88428 2
88429 0
88430 3
88431 2
88432 4
88433 2
88434 1
88435 3
88436 1
88437 3
88438 4
88439 2
88440 3
88441 1
88442 5
88443 0
88444 1
88445 1
88446 4
88447 1
88448 3
88449 0
88450 0
88451 1
88452 4
88453 1
88454 4
88455 1
88456 3
88457 2
88458 2
88459 2
88460 4
88461 0
88462 2
88463 0
88464 1
88465 4
88466 0
88467 3
88468 4
88469 0
88470 3
88471 2
88472 3
88473 0
88474 2
88475 0
88476 0
88477 0
88478 4
88479 0
88480 3
88481 1
88482 1
88483 3
88484 1
88485 1
88486 3
88487 4
88488 2
88489 1
88490 1
88491 4
88492 3
88493 4
88494 2
88495 3
88496 1
88497 1
88498 3
88499 2
88500 0
88501 3
88502 5
88503 3
88504 2
88505 1
88506 0
88507 0
88508 2
88509 2
88510 2
88511 0
88512 3
88513 5
88514 4
88515 2
88516 4
88517 3
88518 1
88519 4
88520 1
88521 3
88522 3
88523 4
88524 3
88525 3
88526 3
88527 3
88528 3
88529 1
88530 2
88531 4
88532 3
88533 3
88534 1
88535 3
88536 0
88537 1
88538 1
88539 3
88540 3
88541 4
88542 1
88543 0
88544 3
88545 0
88546 4
88547 1
88548 3
88549 4
88550 5
88551 3
88552 4
88553 0
88554 2
88555 4
88556 5
88557 1
88558 2
88559 4
88560 4
88561 4
88562 2
88563 2
88564 4
88565 0
88566 0
88567 3
88568 0
88569 4
88570 1
88571 3
88572 1
88573 4
88574 1
88575 2
88576 3
88577 1
88578 3
88579 1
88580 4
88581 0
88582 3
88583 1
88584 3
88585 2
88586 0
88587 0
88588 4
88589 1
88590 2
88591 1
88592 2
88593 3
88594 2
88595 0
88596 3
88597 0
88598 2
88599 1
88600 3
88601 2
88602 0
88603 2
88604 1
88605 2
88606 0
88607 2
88608 2
88609 3
88610 0
88611 1
88612 3
88613 2
88614 5
88615 3
88616 2
88617 4
88618 4
88619 2
88620 5
88621 4
88622 1
88623 4
88624 5
88625 3
88626 1
88627 3
88628 4
88629 2
88630 4
88631 3
88632 3
88633 1
88634 0
88635 3
88636 5
88637 3
88638 2
88639 1
88640 2
88641 0
88642 1
88643 3
88644 0
88645 0
88646 4
88647 3
88648 3
88649 2
88650 2
88651 0
88652 2
88653 0
88654 0
88655 5
88656 3
88657 5
88658 3
88659 0
88660 3
88661 2
88662 4
88663 3
88664 0
88665 0
88666 3
88667 0
88668 3
88669 3
88670 2
88671 3
88672 4
88673 3
88674 3
88675 0
88676 0
88677 4
88678 2
88679 2
88680 4
88681 2
88682 0
88683 2
88684 4
88685 2
88686 0
88687 3
88688 0
88689 0
88690 2
88691 3
88692 3
88693 0
88694 1
88695 2
88696 2
88697 3
88698 4
88699 4
88700 3
88701 3
88702 3
88703 3
88704 4
88705 4
88706 4
88707 1
88708 5
88709 2
88710 1
88711 0
88712 2
88713 2
88714 3
88715 1
88716 0
88717 4
88718 1
88719 4
88720 2
88721 3
88722 4
88723 1
88724 1
88725 3
88726 4
88727 0
88728 0
88729 1
88730 1
88731 2
88732 3
88733 4
88734 2
88735 2
88736 3
88737 2
88738 3
88739 0
88740 4
88741 3
88742 3
88743 1
88744 4
88745 2
88746 2
88747 0
88748 3
88749 2
88750 2
88751 0
88752 4
88753 0
88754 3
88755 0
88756 4
88757 3
88758 3
88759 4
88760 3
88761 4
88762 2
88763 3
88764 2
88765 2
88766 2
88767 3
88768 2
88769 2
88770 4
88771 3
88772 0
88773 3
88774 2
88775 2
88776 4
88777 3
88778 3
88779 2
88780 4
88781 4
88782 3
88783 4
88784 3
88785 3
88786 0
88787 1
88788 1
88789 2
88790 3
88791 2
88792 3
88793 0
88794 2
88795 2
88796 0
88797 3
88798 0
88799 4
88800 5
88801 3
88802 2
88803 0
88804 3
88805 4
88806 0
88807 3
88808 3
88809 5
88810 2
88811 0
88812 1
88813 3
88814 3
88815 1
88816 3
88817 3
88818 3
88819 0
88820 3
88821 1
88822 1
88823 1
88824 4
88825 0
88826 4
88827 0
88828 2
88829 4
88830 2
88831 3
88832 3
88833 2
88834 2
88835 1
88836 3
88837 4
88838 1
88839 3
88840 4
88841 4
88842 0
88843 1
88844 1
88845 1
88846 3
88847 3
88848 0
88849 4
88850 0
88851 0
88852 3
88853 2
88854 0
88855 0
88856 0
88857 1
88858 2
88859 1
88860 2
88861 4
88862 2
88863 2
88864 2
88865 0
88866 1
88867 5
88868 6
88869 3
88870 2
88871 3
88872 1
88873 4
88874 3
88875 0
88876 0
88877 2
88878 3
88879 2
88880 0
88881 2
88882 1
88883 0
88884 3
88885 0
88886 0
88887 3
88888 2
88889 2
88890 1
88891 1
88892 0
88893 2
88894 0
88895 4
88896 4
88897 1
88898 0
88899 1
88900 0
88901 1
88902 1
88903 1
88904 5
88905 2
88906 0
88907 0
88908 2
88909 1
88910 2
88911 3
88912 4
88913 3
88914 2
88915 0
88916 5
88917 4
88918 3
88919 3
88920 0
88921 3
88922 1
88923 5
88924 4
88925 3
88926 3
88927 1
88928 3
88929 0
88930 0
88931 5
88932 1
88933 2
88934 1
88935 4
88936 2
88937 1
88938 2
88939 4
88940 3
88941 0
88942 1
88943 2
88944 3
88945 2
88946 4
88947 3
88948 1
88949 2
88950 2
88951 2
88952 0
88953 4
88954 4
88955 2
88956 0
88957 2
88958 2
88959 3
88960 4
88961 2
88962 0
88963 4
88964 2
88965 0
88966 0
88967 4
88968 0
88969 4
88970 1
88971 5
88972 1
88973 4
88974 1
88975 5
88976 0
88977 3
88978 2
88979 1
88980 3
88981 3
88982 3
88983 3
88984 1
88985 3
88986 5
88987 3
88988 1
88989 0
88990 0
88991 0
88992 1
88993 4
88994 3
88995 4
88996 2
88997 5
88998 4
88999 1
89000 2
89001 2
89002 2
89003 3
89004 1
89005 1
89006 2
89007 1
89008 2
89009 1
89010 3
89011 0
89012 3
89013 2
89014 1
89015 2
89016 3
89017 3
89018 3
89019 4
89020 2
89021 4
89022 1
89023 3
89024 3
89025 0
89026 0
89027 4
89028 2
89029 0
89030 4
89031 1
89032 1
89033 1
89034 4
89035 0
89036 0
89037 2
89038 4
89039 0
89040 3
89041 2
89042 2
89043 1
89044 0
89045 2
89046 0
89047 1
89048 1
89049 3
89050 1
89051 1
89052 4
89053 0
89054 1
89055 4
89056 5
89057 0
89058 2
89059 2
89060 3
89061 5
89062 0
89063 1
89064 3
89065 0
89066 2
89067 3
89068 2
89069 1
89070 2
89071 3
89072 4
89073 5
89074 0
89075 3
89076 5
89077 3
89078 1
89079 1
89080 3
89081 1
89082 1
89083 2
89084 4
89085 5
89086 1
89087 2
89088 3
89089 4
89090 2
89091 1
89092 1
89093 3
89094 3
89095 4
89096 4
89097 1
89098 0
89099 0
89100 1
89101 1
89102 1
89103 0
89104 1
89105 0
89106 4
89107 2
89108 2
89109 1
89110 4
89111 1
89112 1
89113 2
89114 1
89115 1
89116 4
89117 3
89118 0
89119 1
89120 1
89121 0
89122 4
89123 5
89124 3
89125 1
89126 3
89127 4
89128 0
89129 2
89130 3
89131 0
89132 0
89133 4
89134 4
89135 3
89136 2
89137 1
89138 1
89139 1
89140 4
89141 4
89142 5
89143 3
89144 3
89145 1
89146 4
89147 1
89148 0
89149 2
89150 1
89151 3
89152 1
89153 0
89154 3
89155 2
89156 0
89157 5
89158 2
89159 3
89160 0
89161 2
89162 3
89163 2
89164 1
89165 3
89166 3
89167 5
89168 2
89169 2
89170 4
89171 1
89172 0
89173 1
89174 5
89175 5
89176 1
89177 1
89178 3
89179 2
89180 4
89181 3
89182 4
89183 1
89184 1
89185 3
89186 1
89187 2
89188 1
89189 1
89190 2
89191 3
89192 4
89193 1
89194 5
89195 1
89196 0
89197 0
89198 2
89199 2
89200 1
89201 3
89202 0
89203 1
89204 4
89205 4
89206 5
89207 4
89208 3
89209 3
89210 2
89211 1
89212 4
89213 2
89214 0
89215 5
89216 3
89217 0
89218 4
89219 2
89220 2
89221 2
89222 2
89223 0
89224 4
89225 3
89226 1
89227 2
89228 2
89229 2
89230 2
89231 1
89232 1
89233 3
89234 0
89235 3
89236 2
89237 1
89238 1
89239 4
89240 2
89241 4
89242 0
89243 3
89244 0
89245 4
89246 3
89247 4
89248 3
89249 3
89250 1
89251 2
89252 4
89253 2
89254 4
89255 4
89256 3
89257 0
89258 0
89259 3
89260 2
89261 3
89262 1
89263 5
89264 3
89265 0
89266 3
89267 2
89268 4
89269 1
89270 1
89271 0
89272 5
89273 4
89274 1
89275 4
89276 0
89277 2
89278 2
89279 2
89280 0
89281 2
89282 1
89283 1
89284 3
89285 3
89286 0
89287 4
89288 0
89289 5
89290 3
89291 3
89292 3
89293 3
89294 5
89295 3
89296 4
89297 0
89298 3
89299 1
89300 4
89301 4
89302 0
89303 0
89304 2
89305 1
89306 1
89307 0
89308 0
89309 3
89310 2
89311 3
89312 3
89313 3
89314 2
89315 2
89316 2
89317 3
89318 1
89319 0
89320 5
89321 0
89322 2
89323 1
89324 2
89325 4
89326 4
89327 1
89328 1
89329 0
89330 3
89331 1
89332 2
89333 1
89334 1
89335 4
89336 2
89337 4
89338 4
89339 4
89340 3
89341 1
89342 2
89343 4
89344 2
89345 3
89346 1
89347 5
89348 2
89349 0
89350 3
89351 2
89352 1
89353 3
89354 2
89355 2
89356 1
89357 0
89358 2
89359 2
89360 3
89361 4
89362 1
89363 1
89364 3
89365 3
89366 1
89367 1
89368 4
89369 2
89370 0
89371 0
89372 0
89373 4
89374 3
89375 3
89376 1
89377 3
89378 4
89379 3
89380 4
89381 3
89382 1
89383 4
89384 3
89385 2
89386 1
89387 1
89388 5
89389 3
89390 3
89391 1
89392 3
89393 3
89394 3
89395 1
89396 5
89397 1
89398 2
89399 4
89400 1
89401 2
89402 3
89403 3
89404 2
89405 3
89406 2
89407 3
89408 0
89409 0
89410 5
89411 3
89412 0
89413 3
89414 1
89415 4
89416 1
89417 2
89418 2
89419 4
89420 1
89421 3
89422 1
89423 4
89424 3
89425 3
89426 0
89427 3
89428 2
89429 3
89430 3
89431 2
89432 0
89433 1
89434 3
89435 1
89436 3
89437 3
89438 3
89439 3
89440 0
89441 3
89442 3
89443 4
89444 1
89445 2
89446 4
89447 2
89448 1
89449 2
89450 0
89451 1
89452 1
89453 0
89454 1
89455 1
89456 1
89457 2
89458 0
89459 4
89460 2
89461 0
89462 3
89463 3
89464 2
89465 1
89466 1
89467 4
89468 4
89469 4
89470 0
89471 1
89472 3
89473 4
89474 2
89475 3
89476 4
89477 1
89478 2
89479 2
89480 3
89481 3
89482 3
89483 0
89484 4
89485 6
89486 2
89487 4
89488 4
89489 3
89490 4
89491 1
89492 3
89493 2
89494 2
89495 5
89496 1
89497 2
89498 0
89499 3
89500 1
89501 3
89502 3
89503 1
89504 3
89505 3
89506 2
89507 4
89508 5
89509 3
89510 5
89511 3
89512 0
89513 3
89514 2
89515 3
89516 4
89517 4
89518 4
89519 3
89520 3
89521 1
89522 2
89523 3
89524 0
89525 2
89526 4
89527 2
89528 0
89529 0
89530 3
89531 4
89532 0
89533 3
89534 1
89535 2
89536 3
89537 3
89538 3
89539 4
89540 3
89541 1
89542 4
89543 3
89544 3
89545 2
89546 3
89547 4
89548 4
89549 0
89550 1
89551 4
89552 3
89553 3
89554 0
89555 2
89556 4
89557 4
89558 3
89559 0
89560 2
89561 2
89562 1
89563 2
89564 3
89565 0
89566 1
89567 4
89568 3
89569 3
89570 1
89571 2
89572 4
89573 4
89574 0
89575 3
89576 0
89577 0
89578 0
89579 2
89580 2
89581 0
89582 3
89583 4
89584 3
89585 3
89586 4
89587 0
89588 2
89589 2
89590 0
89591 3
89592 3
89593 1
89594 2
89595 3
89596 4
89597 2
89598 2
89599 3
89600 4
89601 5
89602 2
89603 1
89604 1
89605 2
89606 2
89607 4
89608 2
89609 1
89610 2
89611 2
89612 0
89613 3
89614 3
89615 1
89616 4
89617 1
89618 3
89619 1
89620 2
89621 4
89622 3
89623 3
89624 4
89625 2
89626 1
89627 3
89628 1
89629 0
89630 2
89631 1
89632 2
89633 4
89634 1
89635 3
89636 4
89637 3
89638 4
89639 3
89640 2
89641 0
89642 0
89643 3
89644 2
89645 1
89646 3
89647 3
89648 3
89649 0
89650 4
89651 3
89652 3
89653 5
89654 2
89655 0
89656 3
89657 0
89658 3
89659 2
89660 4
89661 0
89662 3
89663 4
89664 1
89665 4
89666 4
89667 3
89668 2
89669 3
89670 0
89671 3
89672 0
89673 3
89674 2
89675 2
89676 3
89677 1
89678 2
89679 5
89680 1
89681 3
89682 3
89683 2
89684 0
89685 0
89686 0
89687 3
89688 3
89689 2
89690 2
89691 3
89692 1
89693 1
89694 4
89695 4
89696 2
89697 5
89698 2
89699 3
89700 5
89701 2
89702 2
89703 3
89704 4
89705 1
89706 1
89707 4
89708 3
89709 3
89710 3
89711 3
89712 2
89713 1
89714 3
89715 3
89716 3
89717 0
89718 3
89719 1
89720 2
89721 4
89722 2
89723 4
89724 0
89725 1
89726 0
89727 4
89728 4
89729 3
89730 2
89731 4
89732 0
89733 1
89734 3
89735 5
89736 1
89737 0
89738 3
89739 0
89740 3
89741 5
89742 2
89743 1
89744 4
89745 5
89746 5
89747 5
89748 4
89749 2
89750 3
89751 0
89752 2
89753 2
89754 3
89755 2
89756 2
89757 3
89758 2
89759 3
89760 2
89761 1
89762 1
89763 3
89764 2
89765 4
89766 2
89767 1
89768 5
89769 3
89770 2
89771 1
89772 4
89773 4
89774 3
89775 1
89776 1
89777 0
89778 3
89779 1
89780 4
89781 1
89782 1
89783 1
89784 4
89785 1
89786 3
89787 4
89788 3
89789 3
89790 5
89791 1
89792 1
89793 3
89794 1
89795 2
89796 4
89797 2
89798 0
89799 3
89800 1
89801 2
89802 3
89803 4
89804 3
89805 0
89806 1
89807 3
89808 3
89809 2
89810 0
89811 1
89812 2
89813 2
89814 3
89815 3
89816 5
89817 4
89818 3
89819 1
89820 3
89821 3
89822 3
89823 4
89824 2
89825 3
89826 2
89827 3
89828 6
89829 1
89830 3
89831 1
89832 4
89833 1
89834 4
89835 2
89836 3
89837 4
89838 3
89839 0
89840 2
89841 1
89842 1
89843 2
89844 2
89845 4
89846 4
89847 0
89848 2
89849 3
89850 3
89851 3
89852 0
89853 2
89854 3
89855 3
89856 5
89857 4
89858 2
89859 4
89860 1
89861 3
89862 4
89863 3
89864 2
89865 3
89866 1
89867 2
89868 3
89869 4
89870 2
89871 4
89872 3
89873 3
89874 4
89875 0
89876 3
89877 1
89878 2
89879 0
89880 1
89881 3
89882 0
89883 2
89884 1
89885 3
89886 3
89887 3
89888 3
89889 5
89890 0
89891 3
89892 1
89893 3
89894 3
89895 5
89896 2
89897 2
89898 1
89899 2
89900 2
89901 5
89902 3
89903 3
89904 3
89905 3
89906 4
89907 4
89908 3
89909 3
89910 4
89911 5
89912 0
89913 3
89914 1
89915 3
89916 4
89917 3
89918 4
89919 1
89920 3
89921 4
89922 3
89923 3
89924 0
89925 1
89926 3
89927 1
89928 2
89929 1
89930 2
89931 2
89932 0
89933 2
89934 4
89935 2
89936 1
89937 0
89938 3
89939 0
89940 2
89941 1
89942 1
89943 3
89944 4
89945 1
89946 3
89947 0
89948 1
89949 3
89950 2
89951 2
89952 3
89953 4
89954 2
89955 1
89956 2
89957 4
89958 2
89959 4
89960 0
89961 3
89962 2
89963 4
89964 0
89965 4
89966 5
89967 3
89968 3
89969 0
89970 3
89971 0
89972 3
89973 4
89974 0
89975 4
89976 0
89977 4
89978 4
89979 1
89980 1
89981 2
89982 1
89983 4
89984 3
89985 1
89986 1
89987 0
89988 1
89989 0
89990 3
89991 0
89992 3
89993 2
89994 4
89995 3
89996 1
89997 5
89998 4
89999 3
90000 2
90001 1
90002 5
90003 0
90004 2
90005 1
90006 1
90007 3
90008 1
90009 0
90010 2
90011 3
90012 3
90013 1
90014 3
90015 4
90016 1
90017 2
90018 4
90019 0
90020 4
90021 0
90022 2
90023 2
90024 0
90025 4
90026 2
90027 4
90028 3
90029 3
90030 1
90031 1
90032 1
90033 0
90034 3
90035 3
90036 3
90037 1
90038 1
90039 2
90040 0
90041 3
90042 1
90043 4
90044 3
90045 3
90046 3
90047 0
90048 3
90049 1
90050 0
90051 3
90052 3
90053 0
90054 0
90055 0
90056 3
90057 2
90058 3
90059 2
90060 3
90061 1
90062 1
90063 1
90064 5
90065 4
90066 3
90067 2
90068 4
90069 1
90070 2
90071 4
90072 0
90073 1
90074 4
90075 4
90076 1
90077 4
90078 3
90079 1
90080 4
90081 1
90082 0
90083 2
90084 4
90085 0
90086 2
90087 0
90088 1
90089 4
90090 1
90091 3
90092 2
90093 0
90094 1
90095 1
90096 3
90097 0
90098 3
90099 2
90100 0
90101 1
90102 2
90103 2
90104 2
90105 3
90106 0
90107 2
90108 4
90109 1
90110 3
90111 2
90112 0
90113 1
90114 3
90115 2
90116 2
90117 4
90118 3
90119 4
90120 2
90121 0
90122 3
90123 2
90124 1
90125 2
90126 4
90127 1
90128 1
90129 2
90130 3
90131 1
90132 0
90133 0
90134 0
90135 4
90136 1
90137 1
90138 1
90139 1
90140 2
90141 0
90142 4
90143 1
90144 4
90145 3
90146 3
90147 0
90148 5
90149 2
90150 3
90151 2
90152 3
90153 2
90154 2
90155 4
90156 0
90157 5
90158 0
90159 1
90160 3
90161 3
90162 3
90163 2
90164 0
90165 0
90166 4
90167 1
90168 2
90169 2
90170 5
90171 4
90172 2
90173 0
90174 0
90175 1
90176 4
90177 1
90178 0
90179 0
90180 0
90181 1
90182 4
90183 3
90184 1
90185 2
90186 2
90187 1
90188 4
90189 4
90190 1
90191 2
90192 3
90193 4
90194 3
90195 1
90196 3
90197 3
90198 0
90199 0
90200 1
90201 2
90202 1
90203 1
90204 2
90205 4
90206 2
90207 0
90208 3
90209 3
90210 1
90211 2
90212 1
90213 2
90214 1
90215 3
90216 1
90217 0
90218 1
90219 3
90220 2
90221 1
90222 3
90223 1
90224 3
90225 2
90226 2
90227 2
90228 3
90229 0
90230 1
90231 2
90232 0
90233 2
90234 4
90235 2
90236 2
90237 1
90238 2
90239 0
90240 1
90241 1
90242 5
90243 0
90244 4
90245 2
90246 3
90247 4
90248 3
90249 4
90250 3
90251 2
90252 2
90253 4
90254 1
90255 1
90256 0
90257 3
90258 0
90259 3
90260 3
90261 2
90262 5
90263 4
90264 4
90265 5
90266 2
90267 2
90268 1
90269 3
90270 2
90271 4
90272 2
90273 4
90274 3
90275 3
90276 2
90277 4
90278 4
90279 2
90280 3
90281 1
90282 4
90283 0
90284 2
90285 4
90286 1
90287 4
90288 3
90289 3
90290 4
90291 4
90292 4
90293 0
90294 3
90295 4
90296 3
90297 3
90298 1
90299 3
90300 0
90301 1
90302 1
90303 2
90304 2
90305 3
90306 5
90307 2
90308 4
90309 4
90310 1
90311 6
90312 2
90313 1
90314 2
90315 2
90316 4
90317 1
90318 0
90319 0
90320 0
90321 4
90322 2
90323 1
90324 4
90325 2
90326 0
90327 1
90328 1
90329 0
90330 5
90331 5
90332 1
90333 2
90334 2
90335 4
90336 3
90337 1
90338 3
90339 2
90340 0
90341 2
90342 5
90343 2
90344 3
90345 4
90346 1
90347 0
90348 4
90349 0
90350 1
90351 2
90352 0
90353 0
90354 2
90355 0
90356 0
90357 0
90358 4
90359 2
90360 1
90361 0
90362 3
90363 3
90364 1
90365 5
90366 4
90367 2
90368 2
90369 1
90370 2
90371 2
90372 0
90373 2
90374 4
90375 0
90376 1
90377 3
90378 5
90379 3
90380 3
90381 3
90382 4
90383 3
90384 2
90385 1
90386 0
90387 4
90388 4
90389 0
90390 2
90391 2
90392 4
90393 2
90394 0
90395 3
90396 2
90397 2
90398 2
90399 2
90400 2
90401 1
90402 4
90403 3
90404 4
90405 1
90406 0
90407 2
90408 2
90409 2
90410 1
90411 2
90412 0
90413 2
90414 2
90415 0
90416 1
90417 3
90418 1
90419 3
90420 3
90421 1
90422 2
90423 1
90424 3
90425 2
90426 2
90427 0
90428 3
90429 3
90430 2
90431 0
90432 2
90433 0
90434 2
90435 1
90436 4
90437 2
90438 2
90439 1
90440 1
90441 3
90442 1
90443 3
90444 2
90445 2
90446 4
90447 1
90448 0
90449 2
90450 2
90451 3
90452 4
90453 1
90454 0
90455 2
90456 3
90457 4
90458 1
90459 2
90460 4
90461 0
90462 1
90463 3
90464 0
90465 3
90466 4
90467 2
90468 1
90469 1
90470 4
90471 4
90472 4
90473 4
90474 0
90475 3
90476 3
90477 0
90478 5
90479 1
90480 4
90481 0
90482 3
90483 1
90484 3
90485 3
90486 5
90487 2
90488 2
90489 2
90490 2
90491 1
90492 0
90493 0
90494 3
90495 4
90496 1
90497 1
90498 2
90499 2
90500 3
90501 4
90502 3
90503 3
90504 2
90505 4
90506 3
90507 5
90508 1
90509 2
90510 2
90511 3
90512 1
90513 3
90514 0
90515 4
90516 3
90517 2
90518 1
90519 0
90520 5
90521 4
90522 3
90523 0
90524 2
90525 2
90526 1
90527 3
90528 3
90529 4
90530 0
90531 4
90532 1
90533 0
90534 5
90535 1
90536 1
90537 2
90538 0
90539 2
90540 5
90541 1
90542 4
90543 3
90544 3
90545 0
90546 2
90547 1
90548 2
90549 3
90550 2
90551 2
90552 0
90553 1
90554 2
90555 4
90556 0
90557 4
90558 1
90559 1
90560 4
90561 4
90562 4
90563 2
90564 1
90565 4
90566 4
90567 4
90568 0
90569 0
90570 2
90571 1
90572 1
90573 1
90574 3
90575 3
90576 2
90577 2
90578 1
90579 0
90580 1
90581 2
90582 4
90583 4
90584 0
90585 2
90586 3
90587 0
90588 3
90589 3
90590 0
90591 1
90592 3
90593 3
90594 2
90595 3
90596 1
90597 0
90598 2
90599 2
90600 2
90601 1
90602 2
90603 2
90604 2
90605 1
90606 3
90607 0
90608 4
90609 1
90610 2
90611 3
90612 1
90613 2
90614 3
90615 1
90616 1
90617 0
90618 4
90619 0
90620 4
90621 4
90622 0
90623 2
90624 0
90625 2
90626 1
90627 0
90628 3
90629 0
90630 0
90631 0
90632 1
90633 5
90634 4
90635 2
90636 5
90637 1
90638 4
90639 1
90640 1
90641 2
90642 0
90643 3
90644 2
90645 4
90646 0
90647 4
90648 4
90649 3
90650 2
90651 0
90652 3
90653 2
90654 3
90655 1
90656 5
90657 1
90658 0
90659 5
90660 1
90661 1
90662 4
90663 4
90664 1
90665 0
90666 3
90667 5
90668 3
90669 0
90670 4
90671 2
90672 4
90673 3
90674 2
90675 2
90676 2
90677 2
90678 5
90679 2
90680 4
90681 1
90682 1
90683 1
90684 4
90685 3
90686 2
90687 2
90688 4
90689 3
90690 3
90691 4
90692 2
90693 1
90694 3
90695 0
90696 0
90697 2
90698 3
90699 3
90700 1
90701 2
90702 3
90703 4
90704 1
90705 2
90706 2
90707 5
90708 2
90709 3
90710 0
90711 4
90712 1
90713 0
90714 2
90715 2
90716 1
90717 2
90718 2
90719 4
90720 3
90721 3
90722 1
90723 1
90724 2
90725 2
90726 3
90727 3
90728 0
90729 4
90730 0
90731 1
90732 2
90733 1
90734 0
90735 4
90736 0
90737 1
90738 3
90739 5
90740 0
90741 3
90742 2
90743 1
90744 3
90745 3
90746 3
90747 3
90748 4
90749 2
90750 1
90751 3
90752 1
90753 0
90754 3
90755 0
90756 3
90757 4
90758 0
90759 3
90760 1
90761 3
90762 3
90763 1
90764 1
90765 3
90766 3
90767 3
90768 4
90769 0
90770 3
90771 1
90772 4
90773 2
90774 3
90775 0
90776 1
90777 4
90778 0
90779 3
90780 3
90781 0
90782 0
90783 1
90784 2
90785 1
90786 3
90787 3
90788 5
90789 1
90790 4
90791 0
90792 3
90793 1
90794 3
90795 4
90796 2
90797 3
90798 2
90799 1
90800 3
90801 1
90802 4
90803 1
90804 2
90805 2
90806 2
90807 5
90808 2
90809 2
90810 4
90811 1
90812 2
90813 1
90814 1
90815 5
90816 2
90817 2
90818 2
90819 1
90820 1
90821 4
90822 1
90823 5
90824 3
90825 3
90826 3
90827 1
90828 1
90829 2
90830 3
90831 1
90832 2
90833 2
90834 3
90835 2
90836 1
90837 3
90838 1
90839 1
90840 5
90841 4
90842 1
90843 2
90844 2
90845 2
90846 2
90847 1
90848 4
90849 3
90850 1
90851 2
90852 2
90853 2
90854 1
90855 4
90856 0
90857 2
90858 4
90859 4
90860 2
90861 3
90862 4
90863 3
90864 4
90865 5
90866 3
90867 2
90868 1
90869 4
90870 0
90871 1
90872 4
90873 4
90874 2
90875 3
90876 5
90877 0
90878 3
90879 0
90880 3
90881 4
90882 2
90883 0
90884 2
90885 2
90886 2
90887 2
90888 0
90889 3
90890 4
90891 0
90892 1
90893 1
90894 3
90895 4
90896 4
90897 3
90898 0
90899 1
90900 1
90901 2
90902 2
90903 0
90904 3
90905 1
90906 4
90907 3
90908 2
90909 3
90910 3
90911 2
90912 2
90913 3
90914 3
90915 3
90916 2
90917 2
90918 0
90919 4
90920 3
90921 2
90922 5
90923 3
90924 3
90925 4
90926 4
90927 0
90928 3
90929 1
90930 1
90931 1
90932 3
90933 1
90934 1
90935 3
90936 0
90937 4
90938 1
90939 2
90940 0
90941 2
90942 2
90943 3
90944 4
90945 2
90946 2
90947 0
90948 2
90949 4
90950 2
90951 4
90952 1
90953 3
90954 4
90955 2
90956 3
90957 1
90958 1
90959 3
90960 0
90961 4
90962 4
90963 0
90964 2
90965 2
90966 2
90967 0
90968 0
90969 1
90970 0
90971 4
90972 0
90973 3
90974 2
90975 1
90976 0
90977 1
90978 0
90979 6
90980 4
90981 3
90982 3
90983 0
90984 1
90985 1
90986 2
90987 1
90988 1
90989 5
90990 0
90991 1
90992 0
90993 0
90994 4
90995 5
90996 2
90997 1
90998 2
90999 2
91000 0
91001 4
91002 3
91003 1
91004 2
91005 2
91006 1
91007 3
91008 1
91009 2
91010 5
91011 1
91012 0
91013 1
91014 2
91015 3
91016 4
91017 2
91018 3
91019 4
91020 0
91021 3
91022 4
91023 1
91024 3
91025 1
91026 2
91027 2
91028 3
91029 2
91030 4
91031 2
91032 1
91033 3
91034 3
91035 3
91036 1
91037 4
91038 4
91039 1
91040 2
91041 2
91042 3
91043 3
91044 1
91045 4
91046 2
91047 2
91048 4
91049 3
91050 2
91051 2
91052 2
91053 2
91054 4
91055 3
91056 0
91057 4
91058 4
91059 4
91060 4
91061 4
91062 2
91063 1
91064 4
91065 4
91066 5
91067 4
91068 3
91069 1
91070 0
91071 2
91072 1
91073 2
91074 2
91075 1
91076 3
91077 0
91078 0
91079 3
91080 3
91081 0
91082 3
91083 3
91084 3
91085 3
91086 0
91087 0
91088 4
91089 2
91090 1
91091 5
91092 3
91093 0
91094 4
91095 2
91096 4
91097 3
91098 0
91099 1
91100 1
91101 3
91102 3
91103 2
91104 3
91105 2
91106 4
91107 3
91108 4
91109 3
91110 4
91111 2
91112 2
91113 3
91114 2
91115 5
91116 1
91117 5
91118 2
91119 1
91120 3
91121 3
91122 4
91123 0
91124 0
91125 0
91126 1
91127 3
91128 2
91129 3
91130 4
91131 1
91132 3
91133 4
91134 2
91135 2
91136 4
91137 0
91138 0
91139 1
91140 2
91141 2
91142 4
91143 1
91144 3
91145 1
91146 4
91147 2
91148 1
91149 3
91150 2
91151 2
91152 2
91153 1
91154 5
91155 5
91156 1
91157 3
91158 2
91159 4
91160 4
91161 0
91162 3
91163 0
91164 2
91165 2
91166 5
91167 3
91168 3
91169 3
91170 1
91171 2
91172 2
91173 1
91174 2
91175 2
91176 3
91177 2
91178 0
91179 1
91180 1
91181 3
91182 3
91183 1
91184 0
91185 4
91186 1
91187 4
91188 1
91189 2
91190 2
91191 1
91192 4
91193 0
91194 2
91195 4
91196 2
91197 5
91198 1
91199 1
91200 1
91201 1
91202 2
91203 2
91204 5
91205 2
91206 1
91207 2
91208 2
91209 1
91210 1
91211 3
91212 3
91213 0
91214 4
91215 1
91216 1
91217 4
91218 3
91219 0
91220 1
91221 1
91222 5
91223 4
91224 0
91225 4
91226 4
91227 1
91228 0
91229 2
91230 1
91231 0
91232 1
91233 4
91234 3
91235 2
91236 3
91237 2
91238 2
91239 5
91240 3
91241 3
91242 4
91243 1
91244 4
91245 0
91246 3
91247 2
91248 1
91249 3
91250 4
91251 2
91252 2
91253 2
91254 1
91255 3
91256 4
91257 3
91258 1
91259 2
91260 1
91261 3
91262 4
91263 0
91264 4
91265 4
91266 3
91267 3
91268 3
91269 2
91270 0
91271 5
91272 5
91273 1
91274 1
91275 5
91276 1
91277 0
91278 2
91279 5
91280 0
91281 4
91282 3
91283 4
91284 4
91285 3
91286 1
91287 3
91288 1
91289 3
91290 4
91291 0
91292 1
91293 3
91294 0
91295 1
91296 1
91297 1
91298 4
91299 1
91300 0
91301 1
91302 4
91303 3
91304 6
91305 0
91306 3
91307 3
91308 3
91309 2
91310 4
91311 3
91312 3
91313 2
91314 3
91315 3
91316 3
91317 2
91318 3
91319 3
91320 3
91321 4
91322 1
91323 1
91324 3
91325 3
91326 3
91327 4
91328 3
91329 1
91330 3
91331 1
91332 1
91333 4
91334 2
91335 2
91336 4
91337 4
91338 0
91339 1
91340 4
91341 5
91342 0
91343 1
91344 4
91345 5
91346 0
91347 0
91348 1
91349 0
91350 1
91351 4
91352 1
91353 2
91354 2
91355 2
91356 2
91357 4
91358 2
91359 3
91360 3
91361 4
91362 1
91363 5
91364 2
91365 2
91366 4
91367 4
91368 2
91369 2
91370 2
91371 3
91372 4
91373 2
91374 1
91375 3
91376 0
91377 1
91378 2
91379 0
91380 0
91381 1
91382 1
91383 4
91384 4
91385 0
91386 3
91387 0
91388 5
91389 0
91390 2
91391 5
91392 1
91393 3
91394 2
91395 4
91396 1
91397 1
91398 1
91399 2
91400 1
91401 4
91402 1
91403 2
91404 2
91405 2
91406 1
91407 3
91408 3
91409 0
91410 5
91411 2
91412 1
91413 4
91414 2
91415 2
91416 4
91417 0
91418 3
91419 1
91420 0
91421 0
91422 2
91423 1
91424 3
91425 2
91426 3
91427 1
91428 2
91429 0
91430 1
91431 1
91432 5
91433 1
91434 2
91435 1
91436 1
91437 2
91438 4
91439 4
91440 2
91441 4
91442 1
91443 2
91444 5
91445 0
91446 2
91447 0
91448 3
91449 2
91450 6
91451 2
91452 2
91453 2
91454 4
91455 2
91456 1
91457 3
91458 4
91459 0
91460 3
91461 2
91462 2
91463 2
91464 2
91465 0
91466 4
91467 4
91468 0
91469 0
91470 4
91471 4
91472 2
91473 0
91474 3
91475 2
91476 2
91477 3
91478 2
91479 0
91480 5
91481 1
91482 2
91483 4
91484 3
91485 2
91486 3
91487 1
91488 2
91489 0
91490 1
91491 4
91492 2
91493 3
91494 2
91495 3
91496 0
91497 4
91498 3
91499 4
91500 5
91501 2
91502 4
91503 1
91504 2
91505 4
91506 4
91507 0
91508 1
91509 5
91510 1
91511 4
91512 4
91513 0
91514 3
91515 0
91516 2
91517 1
91518 0
91519 2
91520 4
91521 0
91522 0
91523 0
91524 5
91525 4
91526 2
91527 1
91528 3
91529 4
91530 0
91531 5
91532 3
91533 3
91534 4
91535 3
91536 4
91537 2
91538 0
91539 2
91540 1
91541 2
91542 1
91543 0
91544 2
91545 0
91546 4
91547 1
91548 4
91549 1
91550 3
91551 4
91552 4
91553 3
91554 1
91555 1
91556 2
91557 3
91558 4
91559 3
91560 3
91561 0
91562 2
91563 2
91564 2
91565 1
91566 4
91567 3
91568 3
91569 1
91570 3
91571 2
91572 3
91573 1
91574 1
91575 1
91576 3
91577 2
91578 4
91579 5
91580 1
91581 4
91582 3
91583 3
91584 0
91585 3
91586 3
91587 2
91588 3
91589 3
91590 3
91591 3
91592 5
91593 3
91594 3
91595 0
91596 3
91597 4
91598 3
91599 3
91600 0
91601 3
91602 3
91603 4
91604 2
91605 3
91606 3
91607 1
91608 4
91609 2
91610 4
91611 0
91612 5
91613 1
91614 2
91615 0
91616 5
91617 1
91618 4
91619 2
91620 3
91621 1
91622 3
91623 2
91624 1
91625 2
91626 1
91627 3
91628 2
91629 3
91630 2
91631 3
91632 2
91633 2
91634 3
91635 3
91636 3
91637 1
91638 0
91639 4
91640 2
91641 3
91642 2
91643 3
91644 3
91645 0
91646 2
91647 0
91648 0
91649 3
91650 0
91651 1
91652 1
91653 1
91654 2
91655 0
91656 0
91657 4
91658 2
91659 5
91660 4
91661 4
91662 0
91663 1
91664 2
91665 0
91666 0
91667 0
91668 1
91669 3
91670 3
91671 4
91672 2
91673 3
91674 0
91675 2
91676 1
91677 2
91678 3
91679 0
91680 3
91681 5
91682 2
91683 0
91684 2
91685 1
91686 2
91687 2
91688 1
91689 4
91690 0
91691 0
91692 2
91693 3
91694 0
91695 3
91696 4
91697 2
91698 4
91699 0
91700 4
91701 1
91702 4
91703 4
91704 2
91705 4
91706 0
91707 4
91708 1
91709 2
91710 2
91711 1
91712 5
91713 0
91714 2
91715 3
91716 0
91717 0
91718 1
91719 1
91720 3
91721 1
91722 4
91723 2
91724 2
91725 1
91726 3
91727 2
91728 3
91729 2
91730 1
91731 1
91732 3
91733 1
91734 2
91735 2
91736 4
91737 5
91738 5
91739 1
91740 1
91741 4
91742 4
91743 3
91744 1
91745 1
91746 2
91747 1
91748 3
91749 0
91750 0
91751 5
91752 4
91753 3
91754 3
91755 4
91756 0
91757 2
91758 4
91759 2
91760 3
91761 2
91762 0
91763 4
91764 0
91765 2
91766 0
91767 1
91768 3
91769 1
91770 1
91771 2
91772 3
91773 3
91774 0
91775 1
91776 3
91777 1
91778 3
91779 3
91780 2
91781 0
91782 3
91783 2
91784 3
91785 1
91786 0
91787 4
91788 3
91789 4
91790 0
91791 2
91792 2
91793 4
91794 1
91795 1
91796 4
91797 2
91798 3
91799 2
91800 3
91801 3
91802 3
91803 1
91804 4
91805 1
91806 0
91807 3
91808 5
91809 2
91810 3
91811 3
91812 5
91813 1
91814 3
91815 0
91816 0
91817 2
91818 0
91819 3
91820 5
91821 3
91822 4
91823 4
91824 3
91825 2
91826 4
91827 4
91828 0
91829 4
91830 3
91831 2
91832 1
91833 4
91834 2
91835 1
91836 0
91837 3
91838 2
91839 2
91840 3
91841 4
91842 3
91843 0
91844 1
91845 3
91846 3
91847 2
91848 2
91849 3
91850 2
91851 1
91852 3
91853 1
91854 2
91855 3
91856 4
91857 2
91858 3
91859 2
91860 0
91861 4
91862 4
91863 2
91864 2
91865 0
91866 4
91867 2
91868 4
91869 4
91870 2
91871 0
91872 0
91873 2
91874 4
91875 0
91876 4
91877 2
91878 0
91879 3
91880 3
91881 0
91882 4
91883 0
91884 2
91885 0
91886 0
91887 1
91888 4
91889 1
91890 1
91891 3
91892 4
91893 0
91894 4
91895 3
91896 0
91897 1
91898 1
91899 2
91900 1
91901 5
91902 2
91903 1
91904 4
91905 0
91906 2
91907 2
91908 3
91909 2
91910 3
91911 1
91912 4
91913 1
91914 2
91915 1
91916 4
91917 2
91918 3
91919 4
91920 3
91921 3
91922 2
91923 0
91924 4
91925 3
91926 3
91927 1
91928 2
91929 1
91930 2
91931 4
91932 2
91933 4
91934 2
91935 1
91936 4
91937 1
91938 1
91939 2
91940 3
91941 3
91942 2
91943 2
91944 2
91945 1
91946 3
91947 1
91948 2
91949 4
91950 0
91951 0
91952 1
91953 2
91954 3
91955 2
91956 4
91957 1
91958 2
91959 2
91960 2
91961 2
91962 2
91963 0
91964 3
91965 2
91966 0
91967 3
91968 0
91969 4
91970 1
91971 4
91972 4
91973 1
91974 4
91975 3
91976 0
91977 0
91978 3
91979 1
91980 3
91981 0
91982 2
91983 2
91984 4
91985 3
91986 3
91987 3
91988 0
91989 5
91990 2
91991 3
91992 3
91993 0
91994 3
91995 0
91996 3
91997 1
91998 1
91999 4
92000 3
92001 1
92002 3
92003 1
92004 5
92005 3
92006 0
92007 4
92008 2
92009 3
92010 2
92011 4
92012 5
92013 4
92014 2
92015 1
92016 1
92017 4
92018 3
92019 2
92020 0
92021 2
92022 3
92023 2
92024 5
92025 3
92026 2
92027 2
92028 0
92029 0
92030 3
92031 1
92032 4
92033 3
92034 2
92035 0
92036 2
92037 4
92038 3
92039 3
92040 3
92041 4
92042 3
92043 2
92044 5
92045 1
92046 2
92047 3
92048 3
92049 2
92050 4
92051 2
92052 0
92053 2
92054 4
92055 2
92056 0
92057 3
92058 4
92059 0
92060 3
92061 4
92062 4
92063 4
92064 2
92065 0
92066 2
92067 3
92068 5
92069 1
92070 1
92071 2
92072 2
92073 0
92074 4
92075 0
92076 0
92077 2
92078 1
92079 5
92080 2
92081 2
92082 1
92083 0
92084 2
92085 3
92086 0
92087 5
92088 3
92089 5
92090 4
92091 5
92092 4
92093 2
92094 3
92095 4
92096 2
92097 1
92098 4
92099 2
92100 2
92101 0
92102 1
92103 5
92104 4
92105 3
92106 3
92107 3
92108 2
92109 4
92110 0
92111 1
92112 1
92113 3
92114 2
92115 0
92116 1
92117 0
92118 2
92119 0
92120 2
92121 2
92122 4
92123 4
92124 1
92125 1
92126 4
92127 1
92128 3
92129 2
92130 1
92131 0
92132 2
92133 0
92134 3
92135 0
92136 2
92137 3
92138 1
92139 2
92140 1
92141 4
92142 1
92143 1
92144 0
92145 4
92146 2
92147 4
92148 2
92149 3
92150 3
92151 0
92152 3
92153 1
92154 1
92155 5
92156 3
92157 2
92158 0
92159 4
92160 0
92161 3
92162 0
92163 2
92164 4
92165 0
92166 3
92167 3
92168 2
92169 3
92170 0
92171 1
92172 4
92173 4
92174 5
92175 2
92176 2
92177 3
92178 2
92179 5
92180 4
92181 3
92182 2
92183 4
92184 4
92185 1
92186 2
92187 0
92188 3
92189 1
92190 3
92191 2
92192 1
92193 0
92194 0
92195 0
92196 0
92197 2
92198 1
92199 3
92200 4
92201 2
92202 1
92203 3
92204 0
92205 1
92206 1
92207 0
92208 3
92209 2
92210 3
92211 3
92212 1
92213 0
92214 3
92215 1
92216 5
92217 2
92218 3
92219 1
92220 0
92221 1
92222 0
92223 3
92224 0
92225 0
92226 5
92227 1
92228 0
92229 3
92230 4
92231 4
92232 2
92233 0
92234 4
92235 2
92236 4
92237 3
92238 1
92239 2
92240 4
92241 4
92242 3
92243 0
92244 5
92245 0
92246 2
92247 0
92248 1
92249 0
92250 2
92251 3
92252 2
92253 3
92254 2
92255 1
92256 1
92257 3
92258 5
92259 4
92260 3
92261 4
92262 0
92263 0
92264 4
92265 3
92266 3
92267 1
92268 3
92269 4
92270 4
92271 0
92272 3
92273 3
92274 3
92275 3
92276 3
92277 3
92278 3
92279 6
92280 4
92281 5
92282 4
92283 1
92284 2
92285 1
92286 4
92287 2
92288 1
92289 1
92290 3
92291 0
92292 4
92293 3
92294 0
92295 4
92296 0
92297 1
92298 2
92299 3
92300 0
92301 4
92302 1
92303 1
92304 4
92305 0
92306 2
92307 2
92308 0
92309 1
92310 1
92311 1
92312 2
92313 1
92314 4
92315 2
92316 4
92317 4
92318 0
92319 3
92320 4
92321 0
92322 2
92323 3
92324 4
92325 3
92326 0
92327 3
92328 2
92329 1
92330 1
92331 3
92332 0
92333 3
92334 3
92335 2
92336 1
92337 2
92338 0
92339 1
92340 1
92341 2
92342 2
92343 3
92344 0
92345 2
92346 4
92347 3
92348 1
92349 3
92350 0
92351 3
92352 4
92353 0
92354 0
92355 2
92356 4
92357 3
92358 3
92359 1
92360 5
92361 2
92362 1
92363 4
92364 4
92365 1
92366 4
92367 2
92368 0
92369 4
92370 3
92371 1
92372 2
92373 2
92374 2
92375 4
92376 4
92377 4
92378 5
92379 2
92380 0
92381 4
92382 2
92383 3
92384 1
92385 3
92386 4
92387 4
92388 2
92389 0
92390 1
92391 3
92392 1
92393 2
92394 2
92395 2
92396 3
92397 2
92398 4
92399 0
92400 2
92401 2
92402 2
92403 1
92404 2
92405 1
92406 4
92407 1
92408 2
92409 2
92410 3
92411 3
92412 1
92413 0
92414 3
92415 4
92416 3
92417 2
92418 1
92419 2
92420 3
92421 3
92422 2
92423 1
92424 1
92425 2
92426 0
92427 3
92428 4
92429 3
92430 1
92431 4
92432 3
92433 1
92434 3
92435 3
92436 0
92437 4
92438 2
92439 4
92440 4
92441 2
92442 0
92443 2
92444 3
92445 4
92446 2
92447 1
92448 3
92449 1
92450 4
92451 0
92452 1
92453 0
92454 4
92455 0
92456 4
92457 3
92458 2
92459 1
92460 3
92461 4
92462 1
92463 3
92464 1
92465 1
92466 4
92467 3
92468 0
92469 4
92470 1
92471 3
92472 1
92473 1
92474 3
92475 1
92476 2
92477 0
92478 1
92479 2
92480 1
92481 4
92482 1
92483 0
92484 3
92485 0
92486 4
92487 3
92488 4
92489 2
92490 1
92491 3
92492 1
92493 1
92494 4
92495 3
92496 0
92497 2
92498 5
92499 1
92500 2
92501 2
92502 0
92503 0
92504 3
92505 4
92506 4
92507 4
92508 1
92509 4
92510 0
92511 4
92512 1
92513 1
92514 3
92515 3
92516 1
92517 4
92518 3
92519 1
92520 1
92521 1
92522 3
92523 2
92524 4
92525 4
92526 1
92527 2
92528 4
92529 4
92530 0
92531 2
92532 1
92533 5
92534 4
92535 4
92536 0
92537 4
92538 2
92539 1
92540 3
92541 3
92542 0
92543 0
92544 4
92545 4
92546 0
92547 2
92548 0
92549 2
92550 0
92551 0
92552 3
92553 4
92554 3
92555 5
92556 2
92557 3
92558 4
92559 0
92560 3
92561 2
92562 4
92563 1
92564 3
92565 4
92566 3
92567 4
92568 0
92569 3
92570 2
92571 4
92572 2
92573 5
92574 2
92575 4
92576 3
92577 3
92578 0
92579 0
92580 1
92581 1
92582 1
92583 1
92584 0
92585 4
92586 3
92587 1
92588 1
92589 2
92590 1
92591 3
92592 3
92593 3
92594 4
92595 1
92596 4
92597 4
92598 2
92599 1
92600 5
92601 4
92602 3
92603 4
92604 0
92605 2
92606 4
92607 0
92608 2
92609 4
92610 2
92611 1
92612 2
92613 1
92614 0
92615 4
92616 3
92617 4
92618 4
92619 5
92620 4
92621 3
92622 0
92623 1
92624 3
92625 4
92626 4
92627 0
92628 1
92629 4
92630 4
92631 2
92632 4
92633 4
92634 2
92635 0
92636 5
92637 0
92638 1
92639 2
92640 5
92641 1
92642 5
92643 4
92644 3
92645 4
92646 4
92647 0
92648 3
92649 3
92650 4
92651 4
92652 2
92653 6
92654 3
92655 2
92656 5
92657 3
92658 2
92659 2
92660 1
92661 1
92662 1
92663 0
92664 0
92665 4
92666 1
92667 2
92668 1
92669 1
92670 1
92671 1
92672 2
92673 2
92674 3
92675 1
92676 3
92677 4
92678 3
92679 3
92680 2
92681 2
92682 1
92683 3
92684 2
92685 2
92686 3
92687 2
92688 0
92689 2
92690 2
92691 3
92692 4
92693 4
92694 2
92695 3
92696 2
92697 3
92698 1
92699 2
92700 1
92701 0
92702 2
92703 1
92704 4
92705 3
92706 3
92707 5
92708 4
92709 4
92710 1
92711 4
92712 0
92713 2
92714 5
92715 6
92716 3
92717 1
92718 0
92719 3
92720 3
92721 1
92722 1
92723 0
92724 1
92725 4
92726 0
92727 3
92728 2
92729 1
92730 1
92731 3
92732 3
92733 2
92734 0
92735 4
92736 1
92737 3
92738 2
92739 1
92740 2
92741 4
92742 0
92743 3
92744 2
92745 4
92746 1
92747 1
92748 2
92749 5
92750 0
92751 2
92752 5
92753 3
92754 3
92755 4
92756 3
92757 2
92758 4
92759 1
92760 4
92761 0
92762 4
92763 2
92764 4
92765 3
92766 4
92767 0
92768 0
92769 3
92770 1
92771 4
92772 2
92773 2
92774 2
92775 2
92776 2
92777 4
92778 1
92779 4
92780 4
92781 4
92782 4
92783 3
92784 3
92785 1
92786 0
92787 3
92788 1
92789 2
92790 2
92791 0
92792 4
92793 0
92794 2
92795 2
92796 3
92797 2
92798 1
92799 0
92800 2
92801 4
92802 1
92803 1
92804 2
92805 4
92806 3
92807 1
92808 4
92809 3
92810 0
92811 0
92812 1
92813 5
92814 2
92815 0
92816 0
92817 3
92818 3
92819 4
92820 4
92821 0
92822 4
92823 3
92824 1
92825 4
92826 0
92827 0
92828 1
92829 4
92830 1
92831 4
92832 1
92833 3
92834 1
92835 3
92836 0
92837 3
92838 3
92839 3
92840 0
92841 1
92842 0
92843 3
92844 2
92845 3
92846 5
92847 4
92848 3
92849 0
92850 4
92851 2
92852 4
92853 3
92854 3
92855 3
92856 2
92857 1
92858 3
92859 2
92860 2
92861 3
92862 0
92863 2
92864 2
92865 2
92866 4
92867 0
92868 3
92869 3
92870 0
92871 1
92872 1
92873 3
92874 4
92875 4
92876 2
92877 4
92878 5
92879 5
92880 0
92881 2
92882 0
92883 0
92884 0
92885 2
92886 5
92887 0
92888 3
92889 2
92890 4
92891 4
92892 3
92893 4
92894 0
92895 5
92896 2
92897 2
92898 4
92899 4
92900 3
92901 2
92902 0
92903 3
92904 3
92905 2
92906 0
92907 3
92908 0
92909 2
92910 4
92911 4
92912 5
92913 0
92914 1
92915 2
92916 3
92917 1
92918 1
92919 3
92920 3
92921 3
92922 1
92923 1
92924 4
92925 4
92926 0
92927 4
92928 3
92929 2
92930 1
92931 0
92932 2
92933 2
92934 3
92935 4
92936 3
92937 2
92938 0
92939 4
92940 3
92941 0
92942 0
92943 2
92944 3
92945 3
92946 1
92947 2
92948 3
92949 3
92950 2
92951 3
92952 4
92953 1
92954 3
92955 2
92956 1
92957 2
92958 3
92959 0
92960 1
92961 2
92962 3
92963 1
92964 5
92965 2
92966 3
92967 4
92968 4
92969 2
92970 1
92971 3
92972 0
92973 2
92974 4
92975 0
92976 0
92977 2
92978 1
92979 3
92980 1
92981 3
92982 3
92983 4
92984 3
92985 3
92986 0
92987 4
92988 0
92989 3
92990 3
92991 3
92992 3
92993 3
92994 2
92995 3
92996 0
92997 0
92998 1
92999 3
93000 2
93001 3
93002 3
93003 2
93004 0
93005 1
93006 1
93007 3
93008 4
93009 4
93010 1
93011 3
93012 0
93013 3
93014 2
93015 1
93016 3
93017 2
93018 4
93019 1
93020 3
93021 3
93022 0
93023 3
93024 3
93025 2
93026 0
93027 4
93028 2
93029 2
93030 2
93031 3
93032 3
93033 1
93034 0
93035 4
93036 3
93037 0
93038 1
93039 2
93040 1
93041 2
93042 1
93043 3
93044 4
93045 2
93046 4
93047 3
93048 3
93049 4
93050 1
93051 1
93052 3
93053 1
93054 2
93055 4
93056 1
93057 4
93058 5
93059 3
93060 0
93061 3
93062 3
93063 0
93064 4
93065 2
93066 3
93067 1
93068 0
93069 1
93070 2
93071 1
93072 1
93073 4
93074 2
93075 5
93076 4
93077 2
93078 3
93079 2
93080 0
93081 4
93082 1
93083 3
93084 1
93085 3
93086 1
93087 2
93088 4
93089 1
93090 4
93091 3
93092 1
93093 3
93094 0
93095 0
93096 4
93097 1
93098 4
93099 3
93100 1
93101 2
93102 1
93103 3
93104 3
93105 1
93106 3
93107 4
93108 4
93109 5
93110 0
93111 3
93112 1
93113 2
93114 2
93115 2
93116 3
93117 3
93118 3
93119 2
93120 1
93121 1
93122 0
93123 1
93124 3
93125 2
93126 0
93127 3
93128 3
93129 2
93130 4
93131 1
93132 4
93133 1
93134 3
93135 2
93136 4
93137 2
93138 4
93139 3
93140 4
93141 2
93142 4
93143 2
93144 2
93145 0
93146 4
93147 4
93148 0
93149 3
93150 3
93151 5
93152 2
93153 3
93154 0
93155 3
93156 4
93157 4
93158 4
93159 1
93160 3
93161 1
93162 5
93163 3
93164 3
93165 2
93166 4
93167 2
93168 3
93169 3
93170 3
93171 1
93172 3
93173 2
93174 3
93175 1
93176 2
93177 0
93178 0
93179 0
93180 2
93181 2
93182 2
93183 0
93184 0
93185 1
93186 2
93187 3
93188 3
93189 4
93190 2
93191 3
93192 4
93193 0
93194 4
93195 2
93196 1
93197 3
93198 0
93199 2
93200 6
93201 1
93202 2
93203 3
93204 1
93205 3
93206 3
93207 2
93208 3
93209 2
93210 5
93211 4
93212 3
93213 4
93214 1
93215 4
93216 3
93217 1
93218 1
93219 4
93220 5
93221 3
93222 0
93223 2
93224 2
93225 3
93226 4
93227 3
93228 0
93229 2
93230 0
93231 1
93232 0
93233 3
93234 1
93235 3
93236 4
93237 4
93238 0
93239 4
93240 0
93241 5
93242 0
93243 2
93244 3
93245 2
93246 3
93247 4
93248 4
93249 2
93250 0
93251 1
93252 1
93253 4
93254 0
93255 3
93256 1
93257 4
93258 2
93259 0
93260 4
93261 1
93262 4
93263 0
93264 5
93265 4
93266 4
93267 2
93268 1
93269 2
93270 4
93271 2
93272 4
93273 3
93274 3
93275 2
93276 1
93277 4
93278 0
93279 3
93280 5
93281 1
93282 5
93283 3
93284 2
93285 0
93286 4
93287 0
93288 4
93289 1
93290 4
93291 3
93292 3
93293 1
93294 2
93295 4
93296 3
93297 2
93298 5
93299 0
93300 5
93301 2
93302 3
93303 1
93304 4
93305 4
93306 4
93307 1
93308 3
93309 0
93310 3
93311 1
93312 4
93313 5
93314 0
93315 2
93316 0
93317 3
93318 2
93319 3
93320 3
93321 4
93322 5
93323 4
93324 2
93325 4
93326 1
93327 3
93328 1
93329 2
93330 1
93331 2
93332 1
93333 1
93334 1
93335 0
93336 4
93337 2
93338 2
93339 0
93340 3
93341 2
93342 0
93343 4
93344 2
93345 1
93346 3
93347 0
93348 5
93349 4
93350 4
93351 1
93352 2
93353 3
93354 2
93355 3
93356 1
93357 3
93358 2
93359 1
93360 3
93361 3
93362 5
93363 3
93364 1
93365 0
93366 2
93367 4
93368 4
93369 3
93370 3
93371 3
93372 2
93373 0
93374 1
93375 2
93376 0
93377 0
93378 3
93379 3
93380 2
93381 0
93382 5
93383 2
93384 3
93385 1
93386 3
93387 3
93388 3
93389 0
93390 2
93391 1
93392 0
93393 1
93394 1
93395 0
93396 3
93397 2
93398 1
93399 4
93400 1
93401 2
93402 0
93403 2
93404 2
93405 5
93406 4
93407 0
93408 5
93409 2
93410 1
93411 3
93412 1
93413 2
93414 1
93415 0
93416 1
93417 2
93418 1
93419 4
93420 0
93421 0
93422 1
93423 1
93424 2
93425 4
93426 3
93427 3
93428 1
93429 3
93430 3
93431 2
93432 1
93433 1
93434 0
93435 4
93436 2
93437 1
93438 4
93439 4
93440 5
93441 2
93442 4
93443 5
93444 1
93445 3
93446 3
93447 1
93448 3
93449 0
93450 0
93451 3
93452 3
93453 4
93454 1
93455 3
93456 4
93457 2
93458 0
93459 0
93460 2
93461 4
93462 0
93463 3
93464 4
93465 4
93466 4
93467 1
93468 3
93469 0
93470 4
93471 3
93472 1
93473 1
93474 3
93475 4
93476 3
93477 3
93478 3
93479 1
93480 1
93481 4
93482 4
93483 1
93484 3
93485 1
93486 3
93487 1
93488 4
93489 4
93490 1
93491 3
93492 4
93493 1
93494 4
93495 5
93496 1
93497 3
93498 6
93499 1
93500 4
93501 0
93502 4
93503 3
93504 5
93505 0
93506 1
93507 2
93508 5
93509 1
93510 2
93511 0
93512 3
93513 2
93514 4
93515 1
93516 0
93517 1
93518 3
93519 5
93520 5
93521 1
93522 0
93523 2
93524 4
93525 1
93526 1
93527 4
93528 0
93529 2
93530 1
93531 3
93532 2
93533 4
93534 2
93535 3
93536 1
93537 1
93538 3
93539 2
93540 5
93541 2
93542 2
93543 1
93544 4
93545 2
93546 4
93547 3
93548 2
93549 2
93550 2
93551 0
93552 4
93553 4
93554 0
93555 4
93556 2
93557 3
93558 0
93559 2
93560 2
93561 0
93562 3
93563 1
93564 3
93565 4
93566 3
93567 2
93568 3
93569 1
93570 5
93571 2
93572 1
93573 2
93574 2
93575 0
93576 1
93577 1
93578 2
93579 2
93580 4
93581 0
93582 3
93583 1
93584 1
93585 3
93586 3
93587 5
93588 2
93589 1
93590 0
93591 1
93592 2
93593 2
93594 4
93595 1
93596 0
93597 3
93598 3
93599 2
93600 1
93601 5
93602 5
93603 3
93604 1
93605 2
93606 4
93607 0
93608 2
93609 2
93610 4
93611 4
93612 3
93613 2
93614 3
93615 2
93616 0
93617 2
93618 3
93619 4
93620 3
93621 4
93622 3
93623 1
93624 3
93625 1
93626 4
93627 2
93628 3
93629 5
93630 5
93631 0
93632 0
93633 2
93634 2
93635 4
93636 2
93637 2
93638 2
93639 2
93640 4
93641 2
93642 3
93643 3
93644 4
93645 3
93646 3
93647 4
93648 1
93649 4
93650 1
93651 3
93652 0
93653 1
93654 4
93655 1
93656 0
93657 5
93658 3
93659 3
93660 2
93661 1
93662 0
93663 2
93664 1
93665 3
93666 2
93667 5
93668 3
93669 0
93670 0
93671 0
93672 5
93673 1
93674 3
93675 0
93676 4
93677 4
93678 2
93679 3
93680 5
93681 5
93682 3
93683 0
93684 1
93685 4
93686 1
93687 1
93688 2
93689 0
93690 2
93691 1
93692 0
93693 2
93694 2
93695 3
93696 1
93697 1
93698 3
93699 3
93700 0
93701 4
93702 4
93703 1
93704 5
93705 1
93706 3
93707 4
93708 1
93709 2
93710 2
93711 3
93712 1
93713 2
93714 1
93715 4
93716 1
93717 1
93718 4
93719 5
93720 3
93721 2
93722 2
93723 0
93724 1
93725 3
93726 1
93727 2
93728 3
93729 0
93730 2
93731 0
93732 3
93733 1
93734 1
93735 4
93736 0
93737 1
93738 0
93739 0
93740 4
93741 3
93742 3
93743 1
93744 4
93745 2
93746 1
93747 3
93748 3
93749 3
93750 4
93751 3
93752 0
93753 1
93754 3
93755 1
93756 3
93757 4
93758 4
93759 2
93760 3
93761 3
93762 0
93763 0
93764 2
93765 3
93766 0
93767 1
93768 4
93769 0
93770 0
93771 0
93772 4
93773 3
93774 1
93775 2
93776 2
93777 3
93778 3
93779 1
93780 2
93781 3
93782 4
93783 3
93784 0
93785 0
93786 4
93787 1
93788 4
93789 3
93790 3
93791 0
93792 3
93793 4
93794 0
93795 0
93796 3
93797 3
93798 3
93799 2
93800 2
93801 2
93802 2
93803 0
93804 0
93805 0
93806 4
93807 0
93808 4
93809 1
93810 3
93811 5
93812 3
93813 0
93814 4
93815 3
93816 3
93817 3
93818 0
93819 5
93820 0
93821 1
93822 4
93823 4
93824 2
93825 2
93826 1
93827 2
93828 2
93829 3
93830 3
93831 2
93832 4
93833 3
93834 1
93835 3
93836 2
93837 2
93838 2
93839 2
93840 1
93841 0
93842 2
93843 1
93844 3
93845 3
93846 0
93847 0
93848 3
93849 0
93850 2
93851 5
93852 3
93853 4
93854 0
93855 1
93856 4
93857 2
93858 4
93859 0
93860 2
93861 1
93862 5
93863 1
93864 1
93865 1
93866 4
93867 4
93868 1
93869 1
93870 3
93871 3
93872 3
93873 1
93874 3
93875 1
93876 3
93877 5
93878 1
93879 0
93880 2
93881 3
93882 3
93883 4
93884 0
93885 5
93886 0
93887 2
93888 4
93889 0
93890 2
93891 1
93892 1
93893 4
93894 4
93895 2
93896 0
93897 4
93898 3
93899 2
93900 1
93901 6
93902 1
93903 3
93904 2
93905 1
93906 0
93907 0
93908 0
93909 4
93910 1
93911 1
93912 3
93913 5
93914 4
93915 4
93916 4
93917 3
93918 2
93919 2
93920 3
93921 4
93922 4
93923 2
93924 4
93925 3
93926 0
93927 1
93928 1
93929 0
93930 0
93931 2
93932 1
93933 1
93934 2
93935 2
93936 3
93937 1
93938 3
93939 2
93940 4
93941 3
93942 3
93943 0
93944 2
93945 3
93946 3
93947 3
93948 0
93949 2
93950 2
93951 3
93952 3
93953 1
93954 0
93955 1
93956 0
93957 1
93958 5
93959 4
93960 0
93961 4
93962 4
93963 3
93964 4
93965 3
93966 0
93967 1
93968 4
93969 2
93970 3
93971 0
93972 3
93973 2
93974 0
93975 4
93976 3
93977 3
93978 3
93979 2
93980 0
93981 1
93982 1
93983 3
93984 5
93985 4
93986 2
93987 1
93988 4
93989 3
93990 4
93991 0
93992 5
93993 3
93994 3
93995 5
93996 2
93997 3
93998 2
93999 1
94000 1
94001 4
94002 4
94003 5
94004 2
94005 4
94006 3
94007 1
94008 1
94009 2
94010 2
94011 0
94012 1
94013 5
94014 3
94015 1
94016 1
94017 4
94018 2
94019 2
94020 2
94021 1
94022 5
94023 1
94024 1
94025 4
94026 0
94027 0
94028 1
94029 5
94030 3
94031 2
94032 1
94033 4
94034 0
94035 0
94036 0
94037 1
94038 3
94039 5
94040 0
94041 3
94042 4
94043 2
94044 1
94045 3
94046 2
94047 2
94048 3
94049 4
94050 3
94051 3
94052 4
94053 2
94054 3
94055 2
94056 1
94057 2
94058 1
94059 2
94060 3
94061 2
94062 1
94063 0
94064 2
94065 3
94066 4
94067 3
94068 2
94069 3
94070 4
94071 1
94072 3
94073 5
94074 2
94075 2
94076 2
94077 0
94078 2
94079 3
94080 0
94081 4
94082 5
94083 1
94084 4
94085 3
94086 5
94087 1
94088 1
94089 4
94090 1
94091 0
94092 3
94093 2
94094 2
94095 3
94096 2
94097 1
94098 3
94099 0
94100 5
94101 0
94102 3
94103 3
94104 3
94105 2
94106 2
94107 1
94108 4
94109 2
94110 1
94111 3
94112 3
94113 1
94114 5
94115 3
94116 0
94117 0
94118 3
94119 1
94120 2
94121 3
94122 4
94123 0
94124 1
94125 1
94126 4
94127 1
94128 2
94129 2
94130 0
94131 4
94132 3
94133 2
94134 1
94135 2
94136 2
94137 3
94138 2
94139 1
94140 3
94141 2
94142 2
94143 4
94144 3
94145 4
94146 0
94147 1
94148 3
94149 2
94150 3
94151 1
94152 4
94153 4
94154 0
94155 2
94156 4
94157 0
94158 2
94159 4
94160 3
94161 0
94162 5
94163 0
94164 3
94165 4
94166 3
94167 2
94168 4
94169 2
94170 2
94171 4
94172 3
94173 2
94174 2
94175 0
94176 1
94177 1
94178 4
94179 3
94180 1
94181 3
94182 0
94183 0
94184 3
94185 4
94186 3
94187 2
94188 3
94189 2
94190 2
94191 4
94192 3
94193 1
94194 4
94195 4
94196 0
94197 0
94198 2
94199 0
94200 4
94201 2
94202 2
94203 1
94204 3
94205 1
94206 1
94207 2
94208 3
94209 0
94210 5
94211 2
94212 0
94213 0
94214 4
94215 2
94216 5
94217 2
94218 4
94219 0
94220 4
94221 3
94222 5
94223 3
94224 4
94225 0
94226 1
94227 1
94228 4
94229 2
94230 1
94231 0
94232 1
94233 2
94234 0
94235 3
94236 0
94237 3
94238 3
94239 4
94240 1
94241 1
94242 3
94243 1
94244 0
94245 2
94246 2
94247 1
94248 4
94249 3
94250 1
94251 4
94252 3
94253 3
94254 5
94255 4
94256 4
94257 1
94258 2
94259 4
94260 2
94261 3
94262 1
94263 3
94264 2
94265 0
94266 1
94267 0
94268 1
94269 3
94270 3
94271 4
94272 3
94273 3
94274 0
94275 4
94276 4
94277 1
94278 4
94279 0
94280 4
94281 2
94282 2
94283 1
94284 3
94285 5
94286 0
94287 5
94288 4
94289 3
94290 1
94291 0
94292 4
94293 2
94294 4
94295 3
94296 2
94297 2
94298 3
94299 1
94300 2
94301 4
94302 2
94303 4
94304 3
94305 3
94306 2
94307 2
94308 3
94309 0
94310 4
94311 0
94312 2
94313 4
94314 1
94315 4
94316 5
94317 1
94318 1
94319 4
94320 2
94321 5
94322 3
94323 4
94324 3
94325 4
94326 0
94327 0
94328 2
94329 4
94330 2
94331 0
94332 1
94333 5
94334 4
94335 0
94336 3
94337 2
94338 4
94339 2
94340 3
94341 3
94342 1
94343 0
94344 0
94345 0
94346 4
94347 1
94348 3
94349 3
94350 4
94351 2
94352 0
94353 2
94354 1
94355 4
94356 4
94357 3
94358 1
94359 2
94360 1
94361 4
94362 4
94363 2
94364 3
94365 2
94366 3
94367 0
94368 4
94369 2
94370 0
94371 2
94372 3
94373 1
94374 4
94375 1
94376 2
94377 1
94378 2
94379 2
94380 1
94381 3
94382 4
94383 2
94384 3
94385 5
94386 3
94387 2
94388 4
94389 4
94390 2
94391 0
94392 2
94393 3
94394 1
94395 3
94396 2
94397 1
94398 4
94399 0
94400 2
94401 0
94402 4
94403 0
94404 0
94405 3
94406 4
94407 3
94408 4
94409 2
94410 4
94411 2
94412 0
94413 2
94414 0
94415 1
94416 3
94417 0
94418 1
94419 4
94420 4
94421 3
94422 0
94423 1
94424 1
94425 2
94426 3
94427 4
94428 4
94429 2
94430 0
94431 0
94432 2
94433 1
94434 2
94435 3
94436 1
94437 5
94438 1
94439 0
94440 2
94441 4
94442 4
94443 4
94444 4
94445 0
94446 1
94447 5
94448 3
94449 1
94450 0
94451 2
94452 1
94453 2
94454 2
94455 3
94456 2
94457 4
94458 4
94459 2
94460 4
94461 2
94462 3
94463 2
94464 3
94465 3
94466 2
94467 1
94468 0
94469 2
94470 1
94471 2
94472 4
94473 4
94474 2
94475 0
94476 2
94477 0
94478 4
94479 1
94480 2
94481 3
94482 2
94483 1
94484 2
94485 3
94486 2
94487 2
94488 1
94489 3
94490 3
94491 2
94492 1
94493 4
94494 0
94495 0
94496 0
94497 4
94498 2
94499 2
94500 1
94501 3
94502 3
94503 3
94504 1
94505 3
94506 4
94507 3
94508 2
94509 0
94510 2
94511 2
94512 1
94513 0
94514 1
94515 0
94516 3
94517 1
94518 4
94519 4
94520 4
94521 4
94522 3
94523 3
94524 3
94525 1
94526 5
94527 3
94528 3
94529 1
94530 4
94531 3
94532 4
94533 0
94534 5
94535 1
94536 2
94537 3
94538 1
94539 0
94540 2
94541 0
94542 2
94543 4
94544 4
94545 1
94546 0
94547 4
94548 0
94549 3
94550 0
94551 1
94552 4
94553 4
94554 1
94555 4
94556 2
94557 4
94558 0
94559 0
94560 5
94561 4
94562 4
94563 4
94564 1
94565 3
94566 4
94567 5
94568 1
94569 3
94570 1
94571 3
94572 5
94573 1
94574 3
94575 3
94576 1
94577 1
94578 2
94579 5
94580 0
94581 1
94582 2
94583 3
94584 3
94585 0
94586 2
94587 2
94588 1
94589 3
94590 2
94591 3
94592 3
94593 4
94594 2
94595 2
94596 2
94597 2
94598 2
94599 3
94600 4
94601 3
94602 2
94603 4
94604 2
94605 4
94606 3
94607 2
94608 2
94609 3
94610 2
94611 0
94612 1
94613 2
94614 0
94615 0
94616 3
94617 4
94618 2
94619 3
94620 4
94621 0
94622 0
94623 4
94624 1
94625 2
94626 2
94627 1
94628 2
94629 4
94630 1
94631 1
94632 2
94633 3
94634 3
94635 0
94636 4
94637 3
94638 4
94639 1
94640 2
94641 6
94642 0
94643 0
94644 2
94645 3
94646 3
94647 0
94648 1
94649 2
94650 2
94651 4
94652 2
94653 3
94654 3
94655 1
94656 0
94657 0
94658 1
94659 3
94660 2
94661 2
94662 0
94663 2
94664 3
94665 4
94666 2
94667 1
94668 5
94669 0
94670 4
94671 3
94672 2
94673 3
94674 3
94675 2
94676 3
94677 3
94678 1
94679 2
94680 2
94681 2
94682 1
94683 3
94684 0
94685 2
94686 3
94687 5
94688 0
94689 4
94690 3
94691 1
94692 3
94693 2
94694 4
94695 2
94696 3
94697 0
94698 0
94699 1
94700 3
94701 2
94702 2
94703 0
94704 1
94705 4
94706 1
94707 1
94708 1
94709 3
94710 3
94711 0
94712 3
94713 3
94714 2
94715 0
94716 3
94717 4
94718 4
94719 2
94720 3
94721 4
94722 4
94723 3
94724 2
94725 4
94726 0
94727 4
94728 2
94729 0
94730 2
94731 2
94732 4
94733 1
94734 3
94735 4
94736 4
94737 3
94738 4
94739 5
94740 2
94741 1
94742 4
94743 2
94744 3
94745 2
94746 1
94747 4
94748 1
94749 3
94750 1
94751 1
94752 0
94753 3
94754 0
94755 0
94756 2
94757 2
94758 2
94759 4
94760 3
94761 1
94762 0
94763 1
94764 3
94765 4
94766 0
94767 4
94768 0
94769 4
94770 1
94771 3
94772 4
94773 4
94774 1
94775 3
94776 5
94777 4
94778 2
94779 1
94780 2
94781 0
94782 2
94783 0
94784 2
94785 5
94786 2
94787 4
94788 4
94789 4
94790 4
94791 5
94792 2
94793 1
94794 3
94795 3
94796 1
94797 3
94798 1
94799 3
94800 1
94801 2
94802 3
94803 4
94804 1
94805 4
94806 2
94807 1
94808 1
94809 3
94810 4
94811 5
94812 2
94813 4
94814 3
94815 0
94816 1
94817 3
94818 4
94819 2
94820 0
94821 3
94822 0
94823 3
94824 1
94825 3
94826 2
94827 0
94828 3
94829 3
94830 5
94831 0
94832 2
94833 4
94834 1
94835 1
94836 2
94837 3
94838 0
94839 1
94840 3
94841 3
94842 0
94843 3
94844 0
94845 0
94846 3
94847 4
94848 1
94849 0
94850 2
94851 0
94852 4
94853 1
94854 3
94855 4
94856 0
94857 0
94858 0
94859 1
94860 0
94861 5
94862 0
94863 4
94864 4
94865 0
94866 3
94867 2
94868 0
94869 4
94870 3
94871 1
94872 5
94873 3
94874 0
94875 3
94876 4
94877 4
94878 1
94879 4
94880 1
94881 2
94882 3
94883 4
94884 2
94885 1
94886 1
94887 1
94888 0
94889 0
94890 2
94891 4
94892 3
94893 4
94894 5
94895 2
94896 1
94897 3
94898 3
94899 3
94900 2
94901 3
94902 3
94903 4
94904 3
94905 5
94906 1
94907 2
94908 3
94909 0
94910 0
94911 4
94912 0
94913 3
94914 5
94915 1
94916 1
94917 3
94918 4
94919 1
94920 4
94921 3
94922 5
94923 2
94924 2
94925 4
94926 0
94927 5
94928 3
94929 3
94930 4
94931 3
94932 4
94933 0
94934 2
94935 0
94936 2
94937 3
94938 2
94939 3
94940 3
94941 3
94942 1
94943 1
94944 2
94945 4
94946 3
94947 4
94948 2
94949 4
94950 2
94951 1
94952 2
94953 5
94954 5
94955 2
94956 2
94957 1
94958 3
94959 1
94960 1
94961 3
94962 2
94963 1
94964 3
94965 1
94966 1
94967 1
94968 1
94969 5
94970 3
94971 0
94972 4
94973 1
94974 1
94975 1
94976 2
94977 5
94978 4
94979 3
94980 1
94981 2
94982 1
94983 2
94984 2
94985 2
94986 3
94987 5
94988 5
94989 4
94990 2
94991 3
94992 0
94993 0
94994 5
94995 3
94996 4
94997 2
94998 2
94999 1
95000 4
95001 2
95002 3
95003 0
95004 3
95005 2
95006 2
95007 2
95008 2
95009 3
95010 0
95011 4
95012 2
95013 3
95014 4
95015 2
95016 0
95017 2
95018 3
95019 1
95020 0
95021 3
95022 2
95023 3
95024 1
95025 4
95026 0
95027 2
95028 1
95029 4
95030 0
95031 2
95032 1
95033 4
95034 1
95035 3
95036 3
95037 2
95038 3
95039 2
95040 4
95041 0
95042 3
95043 4
95044 2
95045 2
95046 0
95047 3
95048 2
95049 0
95050 1
95051 0
95052 5
95053 2
95054 2
95055 5
95056 5
95057 5
95058 2
95059 3
95060 6
95061 0
95062 4
95063 0
95064 3
95065 4
95066 1
95067 2
95068 2
95069 1
95070 1
95071 0
95072 4
95073 3
95074 2
95075 3
95076 0
95077 2
95078 2
95079 4
95080 3
95081 3
95082 2
95083 4
95084 3
95085 0
95086 5
95087 3
95088 5
95089 2
95090 2
95091 0
95092 2
95093 5
95094 3
95095 3
95096 3
95097 1
95098 4
95099 0
95100 2
95101 3
95102 0
95103 2
95104 3
95105 1
95106 5
95107 4
95108 4
95109 4
95110 2
95111 0
95112 3
95113 1
95114 2
95115 0
95116 2
95117 5
95118 1
95119 2
95120 0
95121 2
95122 1
95123 4
95124 4
95125 2
95126 5
95127 3
95128 0
95129 3
95130 3
95131 4
95132 2
95133 5
95134 1
95135 0
95136 1
95137 1
95138 0
95139 0
95140 2
95141 2
95142 1
95143 4
95144 3
95145 2
95146 3
95147 0
95148 3
95149 4
95150 2
95151 3
95152 3
95153 2
95154 5
95155 3
95156 3
95157 3
95158 3
95159 3
95160 0
95161 3
95162 2
95163 3
95164 4
95165 0
95166 0
95167 1
95168 5
95169 2
95170 0
95171 4
95172 2
95173 0
95174 0
95175 3
95176 3
95177 2
95178 5
95179 4
95180 2
95181 4
95182 4
95183 5
95184 4
95185 4
95186 2
95187 3
95188 4
95189 0
95190 4
95191 4
95192 3
95193 3
95194 4
95195 2
95196 2
95197 0
95198 3
95199 2
95200 1
95201 2
95202 1
95203 4
95204 1
95205 2
95206 4
95207 4
95208 0
95209 3
95210 1
95211 4
95212 3
95213 4
95214 4
95215 0
95216 5
95217 4
95218 2
95219 3
95220 2
95221 1
95222 3
95223 3
95224 2
95225 5
95226 4
95227 0
95228 1
95229 1
95230 2
95231 0
95232 3
95233 0
95234 2
95235 0
95236 0
95237 3
95238 2
95239 4
95240 4
95241 2
95242 3
95243 2
95244 2
95245 0
95246 2
95247 3
95248 1
95249 1
95250 1
95251 4
95252 1
95253 0
95254 5
95255 2
95256 4
95257 5
95258 3
95259 1
95260 1
95261 1
95262 2
95263 1
95264 1
95265 3
95266 0
95267 2
95268 2
95269 2
95270 2
95271 1
95272 3
95273 4
95274 4
95275 3
95276 3
95277 2
95278 2
95279 1
95280 1
95281 1
95282 4
95283 3
95284 1
95285 4
95286 1
95287 2
95288 1
95289 1
95290 5
95291 0
95292 0
95293 1
95294 1
95295 3
95296 4
95297 3
95298 4
95299 5
95300 0
95301 4
95302 4
95303 4
95304 3
95305 1
95306 3
95307 0
95308 1
95309 3
95310 3
95311 1
95312 4
95313 1
95314 3
95315 0
95316 5
95317 4
95318 0
95319 3
95320 5
95321 2
95322 3
95323 4
95324 4
95325 2
95326 2
95327 3
95328 4
95329 4
95330 1
95331 1
95332 1
95333 3
95334 1
95335 4
95336 0
95337 3
95338 3
95339 2
95340 1
95341 0
95342 3
95343 1
95344 3
95345 3
95346 3
95347 4
95348 2
95349 1
95350 2
95351 4
95352 2
95353 4
95354 4
95355 1
95356 2
95357 1
95358 0
95359 1
95360 4
95361 3
95362 1
95363 4
95364 1
95365 0
95366 0
95367 2
95368 0
95369 4
95370 1
95371 3
95372 5
95373 2
95374 3
95375 5
95376 1
95377 1
95378 1
95379 3
95380 3
95381 2
95382 3
95383 3
95384 4
95385 2
95386 4
95387 3
95388 2
95389 3
95390 0
95391 0
95392 4
95393 4
95394 0
95395 0
95396 2
95397 3
95398 5
95399 3
95400 0
95401 3
95402 2
95403 1
95404 0
95405 3
95406 3
95407 1
95408 4
95409 5
95410 3
95411 4
95412 2
95413 1
95414 3
95415 0
95416 2
95417 0
95418 1
95419 2
95420 1
95421 4
95422 1
95423 0
95424 5
95425 1
95426 3
95427 1
95428 1
95429 3
95430 1
95431 1
95432 3
95433 2
95434 3
95435 3
95436 2
95437 0
95438 2
95439 2
95440 2
95441 0
95442 0
95443 2
95444 4
95445 3
95446 3
95447 2
95448 2
95449 3
95450 5
95451 2
95452 1
95453 0
95454 3
95455 3
95456 2
95457 4
95458 4
95459 2
95460 3
95461 1
95462 4
95463 1
95464 1
95465 4
95466 2
95467 5
95468 4
95469 1
95470 1
95471 2
95472 4
95473 2
95474 0
95475 0
95476 1
95477 3
95478 5
95479 0
95480 2
95481 3
95482 2
95483 0
95484 2
95485 4
95486 1
95487 3
95488 0
95489 3
95490 2
95491 2
95492 3
95493 1
95494 0
95495 1
95496 0
95497 0
95498 4
95499 4
95500 1
95501 1
95502 0
95503 3
95504 4
95505 1
95506 1
95507 3
95508 3
95509 3
95510 2
95511 5
95512 1
95513 4
95514 3
95515 2
95516 2
95517 4
95518 2
95519 5
95520 5
95521 2
95522 1
95523 2
95524 4
95525 1
95526 0
95527 1
95528 2
95529 6
95530 4
95531 5
95532 3
95533 1
95534 1
95535 0
95536 4
95537 0
95538 3
95539 3
95540 2
95541 4
95542 1
95543 3
95544 1
95545 4
95546 5
95547 1
95548 1
95549 2
95550 0
95551 2
95552 3
95553 1
95554 1
95555 0
95556 5
95557 1
95558 5
95559 4
95560 3
95561 4
95562 0
95563 2
95564 0
95565 4
95566 5
95567 3
95568 1
95569 1
95570 3
95571 3
95572 2
95573 4
95574 0
95575 4
95576 4
95577 4
95578 4
95579 1
95580 4
95581 0
95582 3
95583 3
95584 3
95585 1
95586 0
95587 3
95588 3
95589 0
95590 2
95591 0
95592 0
95593 3
95594 4
95595 3
95596 5
95597 3
95598 3
95599 4
95600 3
95601 5
95602 2
95603 3
95604 3
95605 4
95606 2
95607 1
95608 2
95609 3
95610 0
95611 1
95612 0
95613 3
95614 4
95615 3
95616 3
95617 1
95618 0
95619 0
95620 1
95621 4
95622 3
95623 2
95624 3
95625 1
95626 0
95627 3
95628 1
95629 1
95630 1
95631 5
95632 2
95633 2
95634 4
95635 2
95636 4
95637 2
95638 3
95639 3
95640 4
95641 2
95642 4
95643 2
95644 3
95645 1
95646 4
95647 3
95648 3
95649 1
95650 0
95651 2
95652 3
95653 1
95654 2
95655 0
95656 3
95657 4
95658 0
95659 1
95660 4
95661 2
95662 4
95663 3
95664 2
95665 3
95666 4
95667 3
95668 5
95669 0
95670 3
95671 1
95672 3
95673 1
95674 0
95675 3
95676 1
95677 2
95678 3
95679 2
95680 3
95681 2
95682 1
95683 2
95684 4
95685 2
95686 3
95687 1
95688 2
95689 1
95690 3
95691 2
95692 2
95693 0
95694 3
95695 3
95696 2
95697 1
95698 2
95699 4
95700 2
95701 2
95702 4
95703 4
95704 1
95705 0
95706 4
95707 2
95708 3
95709 1
95710 3
95711 0
95712 1
95713 2
95714 4
95715 2
95716 2
95717 1
95718 5
95719 4
95720 4
95721 3
95722 1
95723 2
95724 3
95725 4
95726 2
95727 1
95728 0
95729 2
95730 1
95731 4
95732 0
95733 4
95734 2
95735 3
95736 2
95737 1
95738 4
95739 1
95740 2
95741 0
95742 2
95743 2
95744 2
95745 2
95746 3
95747 1
95748 1
95749 4
95750 2
95751 3
95752 3
95753 2
95754 5
95755 1
95756 2
95757 4
95758 1
95759 0
95760 4
95761 0
95762 1
95763 2
95764 2
95765 2
95766 1
95767 5
95768 3
95769 2
95770 4
95771 1
95772 0
95773 4
95774 5
95775 3
95776 3
95777 2
95778 4
95779 3
95780 1
95781 0
95782 4
95783 3
95784 3
95785 1
95786 4
95787 2
95788 4
95789 1
95790 3
95791 2
95792 0
95793 2
95794 2
95795 3
95796 0
95797 4
95798 5
95799 3
95800 0
95801 0
95802 3
95803 0
95804 1
95805 2
95806 4
95807 3
95808 4
95809 4
95810 0
95811 4
95812 3
95813 1
95814 2
95815 0
95816 4
95817 1
95818 1
95819 5
95820 3
95821 2
95822 2
95823 2
95824 0
95825 1
95826 4
95827 0
95828 1
95829 1
95830 1
95831 2
95832 2
95833 2
95834 3
95835 4
95836 0
95837 3
95838 1
95839 5
95840 0
95841 3
95842 3
95843 3
95844 0
95845 4
95846 4
95847 0
95848 2
95849 0
95850 2
95851 4
95852 2
95853 3
95854 2
95855 4
95856 4
95857 0
95858 4
95859 3
95860 4
95861 2
95862 2
95863 0
95864 2
95865 0
95866 2
95867 4
95868 0
95869 0
95870 3
95871 5
95872 4
95873 2
95874 2
95875 1
95876 3
95877 0
95878 3
95879 3
95880 3
95881 3
95882 1
95883 1
95884 0
95885 0
95886 1
95887 3
95888 5
95889 5
95890 1
95891 2
95892 4
95893 0
95894 0
95895 0
95896 2
95897 5
95898 0
95899 2
95900 3
95901 2
95902 3
95903 1
95904 3
95905 2
95906 2
95907 3
95908 2
95909 2
95910 5
95911 4
95912 1
95913 1
95914 5
95915 3
95916 2
95917 3
95918 4
95919 1
95920 2
95921 2
95922 1
95923 0
95924 5
95925 2
95926 4
95927 3
95928 4
95929 5
95930 0
95931 2
95932 2
95933 3
95934 4
95935 4
95936 0
95937 3
95938 3
95939 4
95940 2
95941 1
95942 4
95943 4
95944 4
95945 0
95946 4
95947 4
95948 2
95949 4
95950 3
95951 3
95952 2
95953 4
95954 2
95955 1
95956 3
95957 1
95958 3
95959 4
95960 2
95961 4
95962 3
95963 0
95964 2
95965 0
95966 3
95967 2
95968 3
95969 2
95970 1
95971 2
95972 0
95973 1
95974 5
95975 3
95976 4
95977 3
95978 2
95979 4
95980 2
95981 0
95982 3
95983 2
95984 1
95985 1
95986 3
95987 0
95988 3
95989 3
95990 1
95991 0
95992 3
95993 1
95994 2
95995 1
95996 0
95997 2
95998 1
95999 3
96000 0
96001 1
96002 2
96003 4
96004 1
96005 4
96006 1
96007 0
96008 0
96009 2
96010 4
96011 2
96012 3
96013 2
96014 1
96015 0
96016 0
96017 2
96018 0
96019 5
96020 1
96021 1
96022 2
96023 2
96024 3
96025 2
96026 2
96027 1
96028 0
96029 4
96030 4
96031 3
96032 2
96033 2
96034 2
96035 0
96036 5
96037 5
96038 1
96039 2
96040 0
96041 3
96042 4
96043 5
96044 4
96045 4
96046 1
96047 4
96048 2
96049 2
96050 4
96051 3
96052 3
96053 4
96054 2
96055 5
96056 3
96057 4
96058 4
96059 2
96060 1
96061 4
96062 0
96063 2
96064 4
96065 1
96066 4
96067 4
96068 0
96069 2
96070 4
96071 0
96072 3
96073 2
96074 3
96075 3
96076 2
96077 2
96078 0
96079 3
96080 0
96081 5
96082 0
96083 4
96084 0
96085 3
96086 5
96087 0
96088 0
96089 2
96090 1
96091 4
96092 1
96093 0
96094 0
96095 3
96096 0
96097 3
96098 2
96099 1
96100 2
96101 3
96102 2
96103 3
96104 0
96105 0
96106 1
96107 1
96108 0
96109 2
96110 3
96111 3
96112 4
96113 2
96114 5
96115 0
96116 2
96117 6
96118 2
96119 3
96120 1
96121 4
96122 3
96123 4
96124 5
96125 4
96126 2
96127 0
96128 3
96129 3
96130 1
96131 0
96132 1
96133 3
96134 4
96135 0
96136 5
96137 1
96138 5
96139 0
96140 3
96141 4
96142 4
96143 4
96144 3
96145 0
96146 0
96147 0
96148 0
96149 5
96150 2
96151 1
96152 0
96153 0
96154 5
96155 4
96156 2
96157 3
96158 3
96159 3
96160 4
96161 1
96162 0
96163 4
96164 1
96165 3
96166 2
96167 5
96168 0
96169 1
96170 0
96171 4
96172 0
96173 3
96174 3
96175 0
96176 3
96177 2
96178 2
96179 1
96180 5
96181 2
96182 2
96183 2
96184 2
96185 4
96186 0
96187 2
96188 4
96189 0
96190 0
96191 2
96192 1
96193 2
96194 2
96195 1
96196 3
96197 0
96198 0
96199 1
96200 5
96201 2
96202 5
96203 4
96204 1
96205 3
96206 2
96207 1
96208 4
96209 1
96210 2
96211 2
96212 4
96213 1
96214 4
96215 5
96216 2
96217 3
96218 2
96219 3
96220 0
96221 0
96222 3
96223 3
96224 3
96225 4
96226 3
96227 4
96228 1
96229 3
96230 2
96231 3
96232 3
96233 3
96234 0
96235 3
96236 4
96237 1
96238 3
96239 1
96240 3
96241 4
96242 5
96243 5
96244 0
96245 4
96246 2
96247 0
96248 1
96249 2
96250 1
96251 3
96252 4
96253 3
96254 0
96255 3
96256 2
96257 3
96258 1
96259 4
96260 2
96261 3
96262 1
96263 4
96264 4
96265 2
96266 2
96267 3
96268 0
96269 0
96270 1
96271 2
96272 3
96273 0
96274 0
96275 1
96276 0
96277 3
96278 3
96279 2
96280 4
96281 1
96282 3
96283 2
96284 0
96285 5
96286 3
96287 5
96288 5
96289 0
96290 4
96291 4
96292 5
96293 0
96294 5
96295 2
96296 0
96297 4
96298 3
96299 0
96300 3
96301 1
96302 1
96303 1
96304 2
96305 3
96306 3
96307 1
96308 3
96309 0
96310 4
96311 0
96312 5
96313 2
96314 5
96315 4
96316 0
96317 5
96318 2
96319 0
96320 4
96321 4
96322 3
96323 0
96324 3
96325 0
96326 4
96327 4
96328 5
96329 0
96330 2
96331 4
96332 5
96333 4
96334 4
96335 6
96336 1
96337 1
96338 4
96339 1
96340 0
96341 3
96342 2
96343 1
96344 4
96345 1
96346 3
96347 3
96348 3
96349 2
96350 5
96351 3
96352 3
96353 2
96354 0
96355 2
96356 3
96357 0
96358 4
96359 3
96360 4
96361 3
96362 1
96363 4
96364 0
96365 3
96366 3
96367 4
96368 3
96369 3
96370 2
96371 2
96372 4
96373 1
96374 4
96375 3
96376 3
96377 4
96378 1
96379 4
96380 3
96381 1
96382 4
96383 4
96384 5
96385 3
96386 2
96387 2
96388 3
96389 1
96390 4
96391 4
96392 3
96393 3
96394 3
96395 3
96396 4
96397 0
96398 1
96399 1
96400 3
96401 4
96402 2
96403 2
96404 5
96405 4
96406 2
96407 4
96408 3
96409 1
96410 2
96411 3
96412 1
96413 2
96414 2
96415 0
96416 2
96417 3
96418 4
96419 2
96420 3
96421 2
96422 1
96423 2
96424 5
96425 3
96426 4
96427 5
96428 2
96429 2
96430 3
96431 2
96432 4
96433 2
96434 2
96435 2
96436 1
96437 4
96438 3
96439 0
96440 4
96441 0
96442 4
96443 3
96444 1
96445 3
96446 3
96447 4
96448 2
96449 0
96450 2
96451 1
96452 4
96453 2
96454 3
96455 1
96456 2
96457 3
96458 4
96459 4
96460 1
96461 2
96462 1
96463 4
96464 2
96465 2
96466 4
96467 3
96468 1
96469 4
96470 3
96471 2
96472 5
96473 5
96474 1
96475 3
96476 1
96477 4
96478 3
96479 1
96480 4
96481 4
96482 4
96483 5
96484 2
96485 4
96486 1
96487 2
96488 2
96489 1
96490 4
96491 2
96492 2
96493 1
96494 5
96495 3
96496 1
96497 5
96498 2
96499 1
96500 1
96501 1
96502 1
96503 2
96504 0
96505 0
96506 3
96507 0
96508 1
96509 0
96510 4
96511 2
96512 6
96513 1
96514 0
96515 1
96516 4
96517 1
96518 4
96519 3
96520 2
96521 0
96522 1
96523 1
96524 2
96525 2
96526 3
96527 4
96528 0
96529 3
96530 4
96531 1
96532 2
96533 0
96534 3
96535 3
96536 3
96537 0
96538 0
96539 2
96540 2
96541 5
96542 0
96543 2
96544 1
96545 3
96546 2
96547 2
96548 0
96549 3
96550 3
96551 3
96552 4
96553 0
96554 4
96555 3
96556 3
96557 1
96558 1
96559 3
96560 2
96561 0
96562 1
96563 0
96564 4
96565 1
96566 2
96567 4
96568 0
96569 3
96570 2
96571 0
96572 2
96573 3
96574 3
96575 1
96576 2
96577 3
96578 2
96579 0
96580 3
96581 5
96582 1
96583 1
96584 4
96585 3
96586 5
96587 5
96588 2
96589 2
96590 2
96591 2
96592 0
96593 2
96594 3
96595 4
96596 1
96597 5
96598 2
96599 0
96600 2
96601 3
96602 2
96603 2
96604 4
96605 3
96606 1
96607 4
96608 1
96609 2
96610 0
96611 2
96612 1
96613 2
96614 1
96615 1
96616 5
96617 3
96618 2
96619 4
96620 1
96621 2
96622 1
96623 1
96624 1
96625 0
96626 2
96627 1
96628 5
96629 4
96630 4
96631 3
96632 2
96633 2
96634 1
96635 3
96636 1
96637 3
96638 0
96639 2
96640 2
96641 1
96642 4
96643 4
96644 2
96645 4
96646 3
96647 1
96648 3
96649 5
96650 2
96651 4
96652 2
96653 2
96654 4
96655 4
96656 2
96657 1
96658 3
96659 3
96660 4
96661 3
96662 2
96663 4
96664 2
96665 2
96666 4
96667 2
96668 0
96669 0
96670 0
96671 5
96672 2
96673 5
96674 0
96675 1
96676 1
96677 1
96678 1
96679 1
96680 3
96681 3
96682 4
96683 4
96684 0
96685 3
96686 1
96687 1
96688 0
96689 4
96690 0
96691 2
96692 5
96693 1
96694 0
96695 4
96696 1
96697 3
96698 1
96699 0
96700 0
96701 0
96702 1
96703 1
96704 3
96705 3
96706 5
96707 0
96708 1
96709 2
96710 1
96711 1
96712 0
96713 3
96714 0
96715 0
96716 2
96717 4
96718 2
96719 3
96720 0
96721 5
96722 4
96723 1
96724 3
96725 4
96726 4
96727 1
96728 4
96729 4
96730 1
96731 0
96732 4
96733 4
96734 5
96735 3
96736 1
96737 1
96738 0
96739 3
96740 1
96741 2
96742 4
96743 0
96744 2
96745 0
96746 0
96747 4
96748 2
96749 1
96750 4
96751 5
96752 0
96753 5
96754 3
96755 0
96756 1
96757 0
96758 1
96759 4
96760 3
96761 4
96762 4
96763 0
96764 4
96765 4
96766 3
96767 3
96768 3
96769 4
96770 4
96771 1
96772 2
96773 3
96774 1
96775 4
96776 1
96777 2
96778 1
96779 1
96780 0
96781 0
96782 3
96783 5
96784 0
96785 0
96786 0
96787 3
96788 3
96789 4
96790 4
96791 3
96792 2
96793 5
96794 5
96795 1
96796 3
96797 2
96798 2
96799 2
96800 3
96801 4
96802 3
96803 3
96804 4
96805 4
96806 0
96807 5
96808 4
96809 0
96810 1
96811 4
96812 3
96813 2
96814 0
96815 0
96816 4
96817 2
96818 2
96819 4
96820 0
96821 0
96822 1
96823 3
96824 4
96825 2
96826 1
96827 2
96828 2
96829 4
96830 2
96831 4
96832 1
96833 3
96834 0
96835 2
96836 2
96837 0
96838 3
96839 1
96840 0
96841 3
96842 5
96843 3
96844 4
96845 1
96846 1
96847 3
96848 3
96849 1
96850 1
96851 1
96852 3
96853 4
96854 2
96855 3
96856 0
96857 0
96858 3
96859 1
96860 3
96861 1
96862 4
96863 5
96864 3
96865 3
96866 0
96867 0
96868 0
96869 5
96870 3
96871 2
96872 5
96873 1
96874 2
96875 0
96876 3
96877 5
96878 4
96879 1
96880 3
96881 5
96882 2
96883 5
96884 3
96885 2
96886 1
96887 1
96888 3
96889 3
96890 0
96891 3
96892 3
96893 3
96894 1
96895 1
96896 1
96897 0
96898 0
96899 5
96900 1
96901 1
96902 3
96903 1
96904 4
96905 0
96906 2
96907 1
96908 2
96909 4
96910 3
96911 3
96912 4
96913 2
96914 2
96915 4
96916 4
96917 2
96918 1
96919 4
96920 3
96921 3
96922 2
96923 5
96924 0
96925 0
96926 2
96927 2
96928 2
96929 3
96930 4
96931 2
96932 2
96933 5
96934 2
96935 2
96936 4
96937 5
96938 3
96939 0
96940 4
96941 2
96942 2
96943 2
96944 3
96945 1
96946 0
96947 0
96948 4
96949 0
96950 4
96951 3
96952 4
96953 5
96954 4
96955 4
96956 3
96957 0
96958 0
96959 3
96960 3
96961 2
96962 2
96963 4
96964 0
96965 3
96966 1
96967 3
96968 0
96969 2
96970 2
96971 2
96972 2
96973 3
96974 4
96975 0
96976 0
96977 2
96978 3
96979 4
96980 4
96981 0
96982 4
96983 0
96984 2
96985 3
96986 3
96987 3
96988 2
96989 4
96990 5
96991 4
96992 0
96993 2
96994 4
96995 1
96996 1
96997 2
96998 4
96999 3
97000 1
97001 3
97002 1
97003 3
97004 2
97005 3
97006 1
97007 1
97008 3
97009 1
97010 3
97011 1
97012 0
97013 3
97014 2
97015 2
97016 2
97017 3
97018 1
97019 5
97020 4
97021 3
97022 1
97023 3
97024 0
97025 1
97026 1
97027 0
97028 4
97029 2
97030 0
97031 3
97032 1
97033 0
97034 1
97035 4
97036 2
97037 1
97038 2
97039 0
97040 4
97041 4
97042 3
97043 3
97044 1
97045 5
97046 0
97047 2
97048 3
97049 4
97050 3
97051 3
97052 1
97053 0
97054 1
97055 2
97056 4
97057 2
97058 4
97059 3
97060 4
97061 2
97062 3
97063 3
97064 5
97065 5
97066 5
97067 5
97068 1
97069 4
97070 4
97071 1
97072 3
97073 0
97074 0
97075 2
97076 1
97077 3
97078 0
97079 2
97080 4
97081 0
97082 2
97083 3
97084 3
97085 5
97086 3
97087 4
97088 4
97089 2
97090 0
97091 1
97092 0
97093 4
97094 2
97095 2
97096 4
97097 2
97098 4
97099 1
97100 0
97101 3
97102 4
97103 4
97104 4
97105 5
97106 1
97107 0
97108 0
97109 2
97110 5
97111 2
97112 0
97113 3
97114 3
97115 0
97116 2
97117 4
97118 3
97119 1
97120 4
97121 5
97122 2
97123 4
97124 1
97125 4
97126 2
97127 3
97128 0
97129 4
97130 3
97131 2
97132 1
97133 2
97134 3
97135 2
97136 3
97137 4
97138 0
97139 5
97140 3
97141 2
97142 2
97143 3
97144 2
97145 0
97146 4
97147 5
97148 3
97149 1
97150 4
97151 3
97152 0
97153 0
97154 3
97155 1
97156 4
97157 0
97158 2
97159 0
97160 4
97161 0
97162 2
97163 4
97164 1
97165 4
97166 1
97167 1
97168 4
97169 4
97170 3
97171 5
97172 4
97173 0
97174 4
97175 0
97176 2
97177 2
97178 2
97179 5
97180 3
97181 0
97182 2
97183 4
97184 1
97185 0
97186 4
97187 0
97188 4
97189 1
97190 0
97191 0
97192 4
97193 4
97194 4
97195 0
97196 3
97197 2
97198 4
97199 1
97200 1
97201 1
97202 0
97203 0
97204 0
97205 3
97206 3
97207 3
97208 3
97209 0
97210 2
97211 5
97212 3
97213 4
97214 4
97215 2
97216 2
97217 1
97218 3
97219 2
97220 2
97221 0
97222 0
97223 2
97224 4
97225 2
97226 1
97227 0
97228 4
97229 3
97230 2
97231 0
97232 3
97233 2
97234 3
97235 0
97236 1
97237 2
97238 4
97239 3
97240 2
97241 3
97242 3
97243 2
97244 3
97245 1
97246 0
97247 3
97248 0
97249 1
97250 5
97251 3
97252 0
97253 1
97254 6
97255 3
97256 1
97257 4
97258 3
97259 4
97260 3
97261 2
97262 3
97263 2
97264 3
97265 3
97266 1
97267 3
97268 4
97269 0
97270 3
97271 3
97272 3
97273 3
97274 1
97275 3
97276 2
97277 0
97278 4
97279 2
97280 2
97281 5
97282 3
97283 1
97284 0
97285 0
97286 0
97287 4
97288 2
97289 2
97290 2
97291 0
97292 5
97293 4
97294 5
97295 4
97296 0
97297 3
97298 2
97299 0
97300 2
97301 4
97302 3
97303 2
97304 5
97305 1
97306 1
97307 5
97308 3
97309 5
97310 2
97311 3
97312 3
97313 4
97314 1
97315 2
97316 2
97317 3
97318 1
97319 3
97320 4
97321 1
97322 3
97323 1
97324 1
97325 5
97326 1
97327 1
97328 1
97329 0
97330 3
97331 3
97332 1
97333 1
97334 3
97335 1
97336 3
97337 3
97338 3
97339 3
97340 2
97341 3
97342 0
97343 0
97344 0
97345 1
97346 3
97347 1
97348 0
97349 3
97350 1
97351 2
97352 1
97353 0
97354 2
97355 5
97356 2
97357 2
97358 1
97359 0
97360 2
97361 0
97362 5
97363 0
97364 0
97365 4
97366 4
97367 5
97368 0
97369 2
97370 3
97371 4
97372 0
97373 4
97374 4
97375 2
97376 2
97377 0
97378 0
97379 3
97380 3
97381 4
97382 0
97383 1
97384 3
97385 1
97386 3
97387 2
97388 1
97389 3
97390 2
97391 3
97392 3
97393 3
97394 2
97395 3
97396 0
97397 3
97398 4
97399 4
97400 4
97401 0
97402 2
97403 1
97404 4
97405 2
97406 2
97407 1
97408 0
97409 4
97410 2
97411 4
97412 2
97413 0
97414 3
97415 0
97416 1
97417 4
97418 4
97419 5
97420 3
97421 0
97422 4
97423 3
97424 4
97425 5
97426 3
97427 0
97428 1
97429 2
97430 3
97431 1
97432 1
97433 4
97434 0
97435 1
97436 3
97437 3
97438 1
97439 4
97440 3
97441 1
97442 2
97443 5
97444 5
97445 2
97446 2
97447 1
97448 2
97449 1
97450 2
97451 0
97452 1
97453 2
97454 4
97455 1
97456 2
97457 3
97458 2
97459 3
97460 1
97461 1
97462 1
97463 1
97464 3
97465 2
97466 2
97467 0
97468 3
97469 4
97470 3
97471 1
97472 3
97473 3
97474 4
97475 2
97476 3
97477 2
97478 1
97479 3
97480 0
97481 4
97482 2
97483 2
97484 5
97485 3
97486 5
97487 3
97488 3
97489 4
97490 3
97491 4
97492 2
97493 4
97494 3
97495 2
97496 2
97497 3
97498 2
97499 2
97500 3
97501 3
97502 0
97503 3
97504 3
97505 4
97506 3
97507 4
97508 3
97509 3
97510 0
97511 4
97512 0
97513 3
97514 4
97515 2
97516 1
97517 2
97518 2
97519 1
97520 2
97521 2
97522 1
97523 3
97524 1
97525 2
97526 3
97527 2
97528 4
97529 1
97530 3
97531 3
97532 0
97533 2
97534 4
97535 2
97536 0
97537 4
97538 1
97539 4
97540 0
97541 1
97542 1
97543 1
97544 3
97545 5
97546 3
97547 2
97548 2
97549 3
97550 0
97551 1
97552 3
97553 3
97554 2
97555 2
97556 1
97557 4
97558 1
97559 0
97560 3
97561 1
97562 4
97563 3
97564 3
97565 2
97566 1
97567 5
97568 2
97569 2
97570 4
97571 4
97572 0
97573 1
97574 2
97575 3
97576 1
97577 4
97578 3
97579 3
97580 4
97581 3
97582 5
97583 2
97584 1
97585 2
97586 0
97587 1
97588 2
97589 1
97590 1
97591 3
97592 1
97593 5
97594 2
97595 0
97596 5
97597 1
97598 0
97599 1
97600 1
97601 1
97602 4
97603 0
97604 2
97605 3
97606 2
97607 1
97608 5
97609 1
97610 1
97611 4
97612 0
97613 2
97614 2
97615 2
97616 1
97617 1
97618 2
97619 2
97620 0
97621 2
97622 1
97623 2
97624 2
97625 2
97626 3
97627 2
97628 0
97629 5
97630 3
97631 0
97632 2
97633 3
97634 3
97635 4
97636 1
97637 6
97638 3
97639 4
97640 3
97641 5
97642 3
97643 1
97644 0
97645 5
97646 4
97647 4
97648 1
97649 1
97650 2
97651 4
97652 3
97653 1
97654 1
97655 1
97656 3
97657 3
97658 4
97659 3
97660 6
97661 0
97662 2
97663 4
97664 3
97665 0
97666 5
97667 1
97668 4
97669 4
97670 2
97671 1
97672 2
97673 5
97674 2
97675 2
97676 1
97677 0
97678 3
97679 1
97680 1
97681 4
97682 1
97683 2
97684 0
97685 3
97686 1
97687 3
97688 4
97689 4
97690 3
97691 1
97692 4
97693 3
97694 4
97695 4
97696 0
97697 1
97698 3
97699 1
97700 2
97701 3
97702 3
97703 4
97704 2
97705 4
97706 3
97707 4
97708 2
97709 4
97710 4
97711 1
97712 0
97713 3
97714 4
97715 4
97716 0
97717 0
97718 2
97719 3
97720 3
97721 0
97722 2
97723 0
97724 3
97725 4
97726 2
97727 3
97728 4
97729 0
97730 1
97731 0
97732 0
97733 0
97734 2
97735 2
97736 4
97737 0
97738 2
97739 3
97740 4
97741 3
97742 3
97743 2
97744 2
97745 3
97746 4
97747 1
97748 3
97749 5
97750 0
97751 3
97752 2
97753 2
97754 2
97755 3
97756 4
97757 3
97758 3
97759 1
97760 3
97761 3
97762 4
97763 1
97764 4
97765 4
97766 4
97767 2
97768 2
97769 1
97770 2
97771 4
97772 4
97773 3
97774 4
97775 2
97776 2
97777 4
97778 1
97779 3
97780 3
97781 0
97782 1
97783 1
97784 3
97785 4
97786 1
97787 2
97788 4
97789 0
97790 0
97791 2
97792 3
97793 4
97794 4
97795 5
97796 6
97797 3
97798 2
97799 3
97800 3
97801 1
97802 1
97803 1
97804 2
97805 5
97806 4
97807 4
97808 4
97809 3
97810 1
97811 1
97812 2
97813 3
97814 2
97815 0
97816 1
97817 1
97818 3
97819 4
97820 2
97821 1
97822 1
97823 1
97824 2
97825 3
97826 3
97827 0
97828 2
97829 2
97830 1
97831 0
97832 2
97833 2
97834 0
97835 4
97836 0
97837 4
97838 0
97839 0
97840 5
97841 4
97842 1
97843 3
97844 3
97845 4
97846 3
97847 0
97848 1
97849 4
97850 4
97851 2
97852 4
97853 5
97854 3
97855 1
97856 4
97857 0
97858 1
97859 4
97860 4
97861 5
97862 4
97863 4
97864 0
97865 3
97866 4
97867 4
97868 0
97869 3
97870 4
97871 3
97872 5
97873 2
97874 1
97875 3
97876 4
97877 1
97878 1
97879 0
97880 4
97881 2
97882 3
97883 2
97884 3
97885 2
97886 4
97887 4
97888 2
97889 0
97890 2
97891 5
97892 1
97893 3
97894 4
97895 4
97896 5
97897 0
97898 3
97899 1
97900 4
97901 1
97902 1
97903 2
97904 1
97905 0
97906 4
97907 4
97908 0
97909 5
97910 2
97911 1
97912 2
97913 2
97914 4
97915 3
97916 2
97917 1
97918 1
97919 1
97920 2
97921 2
97922 4
97923 0
97924 4
97925 2
97926 1
97927 1
97928 0
97929 4
97930 2
97931 3
97932 2
97933 2
97934 3
97935 3
97936 2
97937 4
97938 3
97939 4
97940 2
97941 3
97942 3
97943 3
97944 3
97945 4
97946 1
97947 1
97948 5
97949 2
97950 3
97951 5
97952 3
97953 1
97954 2
97955 1
97956 2
97957 4
97958 4
97959 4
97960 2
97961 4
97962 0
97963 2
97964 3
97965 4
97966 0
97967 0
97968 0
97969 2
97970 3
97971 1
97972 1
97973 4
97974 3
97975 2
97976 5
97977 4
97978 1
97979 1
97980 4
97981 0
97982 4
97983 1
97984 1
97985 2
97986 4
97987 1
97988 1
97989 3
97990 1
97991 2
97992 2
97993 4
97994 3
97995 0
97996 3
97997 1
97998 4
97999 4
98000 3
98001 0
98002 4
98003 1
98004 1
98005 2
98006 2
98007 3
98008 3
98009 1
98010 2
98011 2
98012 5
98013 1
98014 3
98015 2
98016 2
98017 4
98018 5
98019 3
98020 2
98021 3
98022 3
98023 4
98024 1
98025 5
98026 2
98027 2
98028 3
98029 3
98030 1
98031 1
98032 5
98033 3
98034 0
98035 1
98036 1
98037 3
98038 0
98039 2
98040 0
98041 2
98042 4
98043 5
98044 4
98045 4
98046 0
98047 4
98048 4
98049 4
98050 4
98051 2
98052 2
98053 5
98054 1
98055 0
98056 5
98057 0
98058 3
98059 2
98060 0
98061 4
98062 3
98063 4
98064 1
98065 2
98066 2
98067 1
98068 2
98069 5
98070 2
98071 5
98072 3
98073 3
98074 0
98075 2
98076 1
98077 3
98078 0
98079 2
98080 2
98081 5
98082 3
98083 4
98084 3
98085 1
98086 4
98087 5
98088 1
98089 4
98090 4
98091 3
98092 4
98093 3
98094 2
98095 1
98096 0
98097 2
98098 4
98099 4
98100 2
98101 5
98102 2
98103 3
98104 1
98105 4
98106 4
98107 2
98108 4
98109 5
98110 3
98111 1
98112 3
98113 2
98114 5
98115 1
98116 0
98117 1
98118 1
98119 3
98120 1
98121 5
98122 1
98123 2
98124 1
98125 0
98126 1
98127 3
98128 0
98129 4
98130 4
98131 3
98132 0
98133 4
98134 4
98135 3
98136 1
98137 0
98138 0
98139 1
98140 0
98141 3
98142 1
98143 4
98144 3
98145 1
98146 1
98147 2
98148 1
98149 4
98150 2
98151 2
98152 1
98153 1
98154 4
98155 4
98156 3
98157 3
98158 1
98159 3
98160 2
98161 5
98162 3
98163 0
98164 1
98165 0
98166 3
98167 0
98168 4
98169 3
98170 3
98171 3
98172 3
98173 4
98174 2
98175 5
98176 3
98177 1
98178 4
98179 3
98180 2
98181 4
98182 2
98183 4
98184 3
98185 1
98186 1
98187 1
98188 1
98189 2
98190 5
98191 3
98192 4
98193 5
98194 3
98195 0
98196 2
98197 2
98198 4
98199 0
98200 3
98201 3
98202 0
98203 4
98204 4
98205 2
98206 2
98207 4
98208 4
98209 4
98210 1
98211 2
98212 4
98213 4
98214 0
98215 0
98216 1
98217 2
98218 1
98219 4
98220 0
98221 3
98222 5
98223 2
98224 2
98225 4
98226 1
98227 0
98228 1
98229 1
98230 2
98231 3
98232 0
98233 4
98234 2
98235 3
98236 3
98237 3
98238 2
98239 4
98240 4
98241 3
98242 4
98243 2
98244 2
98245 5
98246 1
98247 4
98248 3
98249 2
98250 3
98251 1
98252 1
98253 4
98254 4
98255 2
98256 0
98257 1
98258 3
98259 2
98260 3
98261 3
98262 2
98263 1
98264 5
98265 3
98266 1
98267 1
98268 2
98269 4
98270 1
98271 4
98272 0
98273 5
98274 0
98275 3
98276 0
98277 5
98278 3
98279 3
98280 0
98281 4
98282 0
98283 3
98284 0
98285 4
98286 0
98287 1
98288 4
98289 1
98290 2
98291 3
98292 5
98293 3
98294 1
98295 0
98296 0
98297 2
98298 2
98299 1
98300 4
98301 3
98302 4
98303 3
98304 2
98305 5
98306 3
98307 3
98308 4
98309 2
98310 2
98311 3
98312 2
98313 2
98314 1
98315 0
98316 4
98317 3
98318 3
98319 4
98320 0
98321 4
98322 2
98323 3
98324 2
98325 3
98326 2
98327 1
98328 3
98329 1
98330 1
98331 0
98332 2
98333 3
98334 4
98335 0
98336 4
98337 2
98338 0
98339 1
98340 1
98341 1
98342 4
98343 0
98344 3
98345 2
98346 3
98347 0
98348 1
98349 3
98350 4
98351 0
98352 1
98353 0
98354 3
98355 0
98356 2
98357 0
98358 0
98359 1
98360 1
98361 4
98362 0
98363 0
98364 4
98365 1
98366 5
98367 3
98368 1
98369 1
98370 1
98371 3
98372 2
98373 2
98374 3
98375 3
98376 2
98377 5
98378 4
98379 4
98380 0
98381 0
98382 5
98383 2
98384 5
98385 4
98386 2
98387 4
98388 1
98389 4
98390 0
98391 2
98392 4
98393 1
98394 4
98395 0
98396 4
98397 4
98398 2
98399 4
98400 3
98401 1
98402 1
98403 3
98404 4
98405 2
98406 2
98407 1
98408 3
98409 3
98410 3
98411 3
98412 4
98413 3
98414 0
98415 3
98416 0
98417 2
98418 1
98419 4
98420 0
98421 2
98422 4
98423 4
98424 4
98425 1
98426 2
98427 5
98428 5
98429 3
98430 1
98431 4
98432 3
98433 2
98434 3
98435 4
98436 4
98437 4
98438 1
98439 3
98440 3
98441 5
98442 4
98443 2
98444 2
98445 4
98446 5
98447 1
98448 2
98449 2
98450 1
98451 1
98452 0
98453 2
98454 5
98455 2
98456 4
98457 5
98458 0
98459 0
98460 2
98461 4
98462 3
98463 1
98464 3
98465 5
98466 1
98467 2
98468 0
98469 1
98470 0
98471 5
98472 2
98473 0
98474 1
98475 3
98476 1
98477 2
98478 0
98479 3
98480 4
98481 2
98482 5
98483 0
98484 1
98485 3
98486 1
98487 0
98488 1
98489 0
98490 0
98491 5
98492 0
98493 2
98494 0
98495 3
98496 3
98497 1
98498 3
98499 0
98500 5
98501 1
98502 0
98503 4
98504 3
98505 3
98506 4
98507 4
98508 4
98509 4
98510 1
98511 0
98512 2
98513 3
98514 4
98515 3
98516 0
98517 3
98518 3
98519 0
98520 3
98521 0
98522 5
98523 0
98524 4
98525 2
98526 1
98527 0
98528 1
98529 4
98530 3
98531 4
98532 0
98533 1
98534 3
98535 0
98536 0
98537 1
98538 3
98539 1
98540 0
98541 4
98542 5
98543 2
98544 4
98545 2
98546 3
98547 2
98548 4
98549 0
98550 3
98551 3
98552 2
98553 0
98554 2
98555 3
98556 0
98557 4
98558 3
98559 4
98560 2
98561 3
98562 1
98563 2
98564 2
98565 4
98566 3
98567 0
98568 3
98569 3
98570 3
98571 3
98572 4
98573 4
98574 3
98575 2
98576 4
98577 4
98578 3
98579 1
98580 3
98581 1
98582 3
98583 1
98584 0
98585 4
98586 2
98587 0
98588 1
98589 1
98590 4
98591 2
98592 2
98593 4
98594 2
98595 1
98596 3
98597 0
98598 2
98599 3
98600 1
98601 0
98602 0
98603 0
98604 0
98605 3
98606 2
98607 2
98608 1
98609 2
98610 1
98611 4
98612 1
98613 4
98614 1
98615 3
98616 3
98617 0
98618 4
98619 2
98620 1
98621 3
98622 1
98623 4
98624 1
98625 1
98626 4
98627 2
98628 5
98629 2
98630 3
98631 1
98632 0
98633 0
98634 1
98635 3
98636 2
98637 2
98638 2
98639 4
98640 1
98641 0
98642 3
98643 1
98644 2
98645 5
98646 5
98647 4
98648 2
98649 2
98650 1
98651 3
98652 3
98653 1
98654 4
98655 0
98656 3
98657 1
98658 1
98659 3
98660 3
98661 0
98662 3
98663 3
98664 3
98665 3
98666 3
98667 1
98668 2
98669 1
98670 3
98671 4
98672 2
98673 1
98674 4
98675 1
98676 1
98677 4
98678 1
98679 4
98680 0
98681 1
98682 4
98683 4
98684 3
98685 0
98686 2
98687 2
98688 3
98689 0
98690 1
98691 2
98692 4
98693 2
98694 3
98695 3
98696 3
98697 3
98698 3
98699 0
98700 1
98701 0
98702 4
98703 2
98704 0
98705 1
98706 3
98707 3
98708 2
98709 4
98710 3
98711 1
98712 4
98713 3
98714 2
98715 1
98716 4
98717 3
98718 0
98719 0
98720 5
98721 4
98722 2
98723 1
98724 3
98725 3
98726 4
98727 3
98728 3
98729 1
98730 4
98731 0
98732 1
98733 0
98734 4
98735 2
98736 3
98737 3
98738 1
98739 4
98740 4
98741 1
98742 1
98743 2
98744 4
98745 2
98746 1
98747 0
98748 2
98749 2
98750 3
98751 3
98752 3
98753 1
98754 0
98755 2
98756 2
98757 2
98758 3
98759 1
98760 4
98761 1
98762 1
98763 2
98764 5
98765 2
98766 1
98767 4
98768 4
98769 2
98770 2
98771 1
98772 3
98773 4
98774 3
98775 3
98776 3
98777 2
98778 4
98779 1
98780 3
98781 2
98782 1
98783 1
98784 5
98785 2
98786 5
98787 2
98788 0
98789 0
98790 2
98791 1
98792 2
98793 3
98794 2
98795 2
98796 2
98797 2
98798 0
98799 1
98800 0
98801 5
98802 4
98803 4
98804 2
98805 0
98806 1
98807 1
98808 1
98809 3
98810 4
98811 1
98812 2
98813 1
98814 0
98815 3
98816 2
98817 3
98818 1
98819 0
98820 1
98821 4
98822 4
98823 2
98824 0
98825 2
98826 1
98827 3
98828 2
98829 4
98830 3
98831 0
98832 1
98833 2
98834 1
98835 0
98836 2
98837 2
98838 1
98839 6
98840 4
98841 1
98842 2
98843 5
98844 3
98845 3
98846 3
98847 3
98848 5
98849 0
98850 3
98851 0
98852 4
98853 3
98854 0
98855 2
98856 3
98857 3
98858 3
98859 2
98860 1
98861 2
98862 0
98863 0
98864 1
98865 1
98866 3
98867 2
98868 1
98869 5
98870 3
98871 3
98872 1
98873 3
98874 1
98875 0
98876 3
98877 5
98878 3
98879 0
98880 1
98881 4
98882 2
98883 5
98884 2
98885 1
98886 4
98887 0
98888 4
98889 3
98890 3
98891 2
98892 4
98893 3
98894 4
98895 3
98896 0
98897 1
98898 1
98899 3
98900 1
98901 5
98902 2
98903 3
98904 2
98905 1
98906 3
98907 2
98908 5
98909 2
98910 1
98911 3
98912 4
98913 1
98914 3
98915 5
98916 2
98917 3
98918 1
98919 1
98920 2
98921 3
98922 2
98923 2
98924 4
98925 3
98926 3
98927 2
98928 5
98929 1
98930 3
98931 2
98932 1
98933 2
98934 4
98935 2
98936 3
98937 4
98938 4
98939 1
98940 3
98941 0
98942 2
98943 1
98944 0
98945 1
98946 2
98947 3
98948 3
98949 2
98950 2
98951 1
98952 0
98953 3
98954 5
98955 3
98956 3
98957 5
98958 0
98959 4
98960 3
98961 4
98962 0
98963 2
98964 2
98965 2
98966 4
98967 2
98968 1
98969 0
98970 5
98971 1
98972 4
98973 3
98974 3
98975 1
98976 4
98977 4
98978 1
98979 3
98980 3
98981 4
98982 3
98983 4
98984 1
98985 0
98986 3
98987 5
98988 5
98989 3
98990 0
98991 2
98992 4
98993 4
98994 4
98995 1
98996 1
98997 3
98998 3
98999 0
99000 4
99001 1
99002 1
99003 2
99004 3
99005 0
99006 2
99007 1
99008 3
99009 2
99010 0
99011 3
99012 5
99013 1
99014 2
99015 4
99016 2
99017 4
99018 4
99019 3
99020 1
99021 3
99022 3
99023 3
99024 3
99025 3
99026 2
99027 5
99028 0
99029 1
99030 3
99031 2
99032 2
99033 5
99034 0
99035 5
99036 1
99037 2
99038 0
99039 2
99040 3
99041 0
99042 1
99043 0
99044 4
99045 4
99046 4
99047 4
99048 3
99049 3
99050 2
99051 3
99052 5
99053 2
99054 0
99055 5
99056 5
99057 3
99058 4
99059 2
99060 4
99061 4
99062 4
99063 1
99064 3
99065 1
99066 1
99067 4
99068 3
99069 0
99070 2
99071 3
99072 2
99073 4
99074 3
99075 3
99076 3
99077 3
99078 1
99079 3
99080 4
99081 4
99082 1
99083 4
99084 3
99085 1
99086 1
99087 0
99088 2
99089 0
99090 2
99091 2
99092 1
99093 2
99094 1
99095 3
99096 2
99097 4
99098 4
99099 4
99100 2
99101 0
99102 1
99103 5
99104 3
99105 4
99106 4
99107 3
99108 5
99109 2
99110 3
99111 0
99112 2
99113 5
99114 4
99115 4
99116 4
99117 2
99118 4
99119 1
99120 4
99121 2
99122 1
99123 0
99124 0
99125 2
99126 0
99127 4
99128 3
99129 2
99130 2
99131 2
99132 2
99133 1
99134 2
99135 3
99136 1
99137 2
99138 1
99139 2
99140 1
99141 4
99142 4
99143 3
99144 1
99145 1
99146 2
99147 0
99148 3
99149 4
99150 3
99151 2
99152 2
99153 6
99154 5
99155 2
99156 0
99157 0
99158 4
99159 4
99160 3
99161 5
99162 5
99163 4
99164 6
99165 0
99166 4
99167 3
99168 3
99169 4
99170 3
99171 3
99172 0
99173 0
99174 0
99175 0
99176 1
99177 1
99178 0
99179 1
99180 4
99181 4
99182 1
99183 0
99184 5
99185 4
99186 3
99187 0
99188 1
99189 3
99190 4
99191 1
99192 1
99193 3
99194 2
99195 1
99196 2
99197 2
99198 1
99199 2
99200 0
99201 4
99202 3
99203 0
99204 0
99205 2
99206 3
99207 1
99208 0
99209 3
99210 3
99211 2
99212 1
99213 3
99214 1
99215 0
99216 1
99217 0
99218 2
99219 0
99220 0
99221 1
99222 2
99223 2
99224 0
99225 0
99226 3
99227 0
99228 3
99229 2
99230 4
99231 3
99232 4
99233 2
99234 1
99235 1
99236 1
99237 4
99238 4
99239 3
99240 4
99241 2
99242 3
99243 3
99244 3
99245 4
99246 4
99247 4
99248 1
99249 0
99250 0
99251 0
99252 1
99253 5
99254 3
99255 4
99256 1
99257 3
99258 4
99259 2
99260 3
99261 0
99262 0
99263 1
99264 3
99265 4
99266 3
99267 3
99268 0
99269 0
99270 4
99271 0
99272 4
99273 4
99274 3
99275 0
99276 5
99277 1
99278 1
99279 4
99280 5
99281 3
99282 0
99283 3
99284 3
99285 0
99286 1
99287 4
99288 4
99289 4
99290 2
99291 2
99292 2
99293 3
99294 4
99295 0
99296 2
99297 3
99298 0
99299 0
99300 1
99301 1
99302 3
99303 1
99304 4
99305 0
99306 0
99307 2
99308 0
99309 2
99310 3
99311 5
99312 5
99313 3
99314 3
99315 3
99316 0
99317 3
99318 3
99319 2
99320 2
99321 3
99322 2
99323 2
99324 5
99325 1
99326 0
99327 3
99328 0
99329 1
99330 1
99331 1
99332 0
99333 1
99334 0
99335 2
99336 1
99337 3
99338 2
99339 2
99340 0
99341 3
99342 0
99343 4
99344 4
99345 3
99346 2
99347 0
99348 4
99349 2
99350 1
99351 2
99352 1
99353 0
99354 2
99355 4
99356 5
99357 0
99358 2
99359 0
99360 1
99361 1
99362 1
99363 2
99364 0
99365 5
99366 1
99367 1
99368 4
99369 2
99370 2
99371 1
99372 4
99373 1
99374 3
99375 2
99376 0
99377 2
99378 4
99379 3
99380 1
99381 0
99382 1
99383 5
99384 5
99385 1
99386 1
99387 3
99388 4
99389 0
99390 2
99391 3
99392 0
99393 2
99394 5
99395 1
99396 5
99397 0
99398 3
99399 2
99400 0
99401 3
99402 3
99403 3
99404 5
99405 1
99406 0
99407 4
99408 2
99409 1
99410 4
99411 3
99412 3
99413 3
99414 2
99415 0
99416 3
99417 1
99418 4
99419 5
99420 3
99421 3
99422 1
99423 1
99424 0
99425 2
99426 4
99427 4
99428 4
99429 3
99430 0
99431 4
99432 2
99433 2
99434 3
99435 2
99436 1
99437 2
99438 3
99439 0
99440 2
99441 4
99442 3
99443 3
99444 0
99445 2
99446 2
99447 2
99448 2
99449 2
99450 3
99451 1
99452 1
99453 0
99454 2
99455 4
99456 1
99457 3
99458 3
99459 4
99460 1
99461 3
99462 2
99463 2
99464 1
99465 4
99466 2
99467 4
99468 1
99469 2
99470 2
99471 2
99472 2
99473 4
99474 4
99475 0
99476 2
99477 3
99478 1
99479 0
99480 1
99481 5
99482 0
99483 0
99484 4
99485 1
99486 4
99487 2
99488 3
99489 1
99490 1
99491 2
99492 0
99493 4
99494 1
99495 2
99496 3
99497 4
99498 3
99499 3
99500 2
99501 2
99502 1
99503 3
99504 0
99505 4
99506 2
99507 1
99508 4
99509 4
99510 2
99511 0
99512 2
99513 3
99514 3
99515 4
99516 5
99517 4
99518 4
99519 3
99520 3
99521 3
99522 3
99523 5
99524 4
99525 4
99526 2
99527 1
99528 3
99529 5
99530 5
99531 3
99532 0
99533 2
99534 2
99535 4
99536 2
99537 3
99538 0
99539 4
99540 1
99541 5
99542 2
99543 3
99544 4
99545 3
99546 0
99547 2
99548 5
99549 2
99550 2
99551 4
99552 1
99553 2
99554 4
99555 2
99556 4
99557 5
99558 4
99559 0
99560 2
99561 2
99562 4
99563 3
99564 1
99565 3
99566 1
99567 1
99568 1
99569 2
99570 0
99571 3
99572 5
99573 2
99574 3
99575 4
99576 0
99577 4
99578 5
99579 1
99580 3
99581 2
99582 3
99583 3
99584 4
99585 5
99586 5
99587 1
99588 0
99589 3
99590 3
99591 2
99592 0
99593 3
99594 1
99595 3
99596 2
99597 1
99598 2
99599 0
99600 1
99601 3
99602 2
99603 1
99604 2
99605 2
99606 2
99607 0
99608 4
99609 5
99610 3
99611 0
99612 3
99613 4
99614 4
99615 5
99616 3
99617 2
99618 4
99619 2
99620 3
99621 4
99622 3
99623 2
99624 2
99625 2
99626 4
99627 1
99628 3
99629 1
99630 3
99631 3
99632 4
99633 3
99634 2
99635 2
99636 1
99637 2
99638 1
99639 1
99640 3
99641 2
99642 0
99643 2
99644 0
99645 1
99646 3
99647 0
99648 5
99649 3
99650 2
99651 2
99652 4
99653 0
99654 0
99655 0
99656 2
99657 3
99658 1
99659 1
99660 2
99661 5
99662 2
99663 2
99664 0
99665 4
99666 3
99667 0
99668 2
99669 2
99670 5
99671 2
99672 3
99673 4
99674 3
99675 0
99676 4
99677 0
99678 3
99679 2
99680 2
99681 1
99682 3
99683 4
99684 4
99685 2
99686 3
99687 1
99688 1
99689 1
99690 4
99691 3
99692 1
99693 3
99694 3
99695 3
99696 1
99697 3
99698 0
99699 4
99700 0
99701 0
99702 0
99703 2
99704 1
99705 5
99706 0
99707 3
99708 5
99709 2
99710 2
99711 0
99712 4
99713 2
99714 1
99715 5
99716 4
99717 0
99718 3
99719 3
99720 2
99721 2
99722 3
99723 3
99724 3
99725 2
99726 3
99727 2
99728 5
99729 1
99730 0
99731 2
99732 2
99733 5
99734 3
99735 2
99736 3
99737 4
99738 1
99739 5
99740 4
99741 4
99742 0
99743 3
99744 3
99745 3
99746 3
99747 1
99748 4
99749 2
99750 0
99751 0
99752 3
99753 5
99754 3
99755 3
99756 4
99757 4
99758 3
99759 0
99760 2
99761 3
99762 3
99763 2
99764 1
99765 4
99766 6
99767 3
99768 2
99769 3
99770 0
99771 2
99772 4
99773 3
99774 5
99775 1
99776 0
99777 0
99778 3
99779 1
99780 4
99781 0
99782 0
99783 3
99784 3
99785 2
99786 0
99787 4
99788 2
99789 0
99790 3
99791 1
99792 3
99793 4
99794 2
99795 5
99796 2
99797 0
99798 2
99799 0
99800 3
99801 3
99802 0
99803 1
99804 0
99805 4
99806 2
99807 4
99808 0
99809 5
99810 0
99811 3
99812 1
99813 2
99814 2
99815 0
99816 3
99817 5
99818 3
99819 4
99820 2
99821 0
99822 3
99823 2
99824 4
99825 0
99826 1
99827 4
99828 3
99829 1
99830 1
99831 3
99832 2
99833 1
99834 3
99835 2
99836 2
99837 2
99838 3
99839 2
99840 3
99841 4
99842 3
99843 2
99844 5
99845 5
99846 2
99847 4
99848 4
99849 0
99850 5
99851 0
99852 2
99853 1
99854 4
99855 2
99856 4
99857 1
99858 4
99859 0
99860 3
99861 3
99862 1
99863 2
99864 2
99865 2
99866 1
99867 2
99868 3
99869 3
99870 4
99871 4
99872 3
99873 2
99874 3
99875 2
99876 4
99877 0
99878 0
99879 3
99880 2
99881 5
99882 2
99883 2
99884 2
99885 4
99886 5
99887 4
99888 3
99889 4
99890 3
99891 4
99892 1
99893 0
99894 3
99895 1
99896 0
99897 1
99898 4
99899 3
99900 2
99901 1
99902 0
99903 5
99904 3
99905 0
99906 3
99907 2
99908 4
99909 3
99910 4
99911 3
99912 1
99913 2
99914 3
99915 1
99916 2
99917 4
99918 0
99919 3
99920 1
99921 1
99922 3
99923 5
99924 1
99925 3
99926 3
99927 3
99928 0
99929 3
99930 2
99931 4
99932 1
99933 4
99934 2
99935 5
99936 4
99937 3
99938 3
99939 1
99940 0
99941 3
99942 0
99943 3
99944 0
99945 1
99946 1
99947 4
99948 4
99949 3
99950 2
99951 1
99952 1
99953 2
99954 3
99955 3
99956 1
99957 0
99958 5
99959 5
99960 3
99961 5
99962 4
99963 0
99964 0
99965 3
99966 3
99967 0
99968 0
99969 3
99970 0
99971 5
99972 1
99973 3
99974 0
99975 3
99976 3
99977 4
99978 1
99979 4
99980 4
99981 1
99982 2
99983 1
99984 4
99985 0
99986 4
99987 4
99988 5
99989 4
99990 1
99991 5
99992 1
99993 2
99994 2
99995 3
99996 2
99997 2
99998 3
99999 3
Colors used: 7
Execution time: 126.308 ms
