Algorithm: PageRank
Damping: 0.85
Vertex ranks:
0 0.000118
1 0.000138
2 0.000054
3 0.000019
4 0.000171
5 0.000042
6 0.000065
7 0.000121
8 0.000175
9 0.000049
10 0.000052
11 0.000163
12 0.000037
13 0.000101
14 0.000165
15 0.000110
16 0.000097
17 0.000099
18 0.000047
19 0.000106
20 0.000040
21 0.000058
22 0.000048
23 0.000190
24 0.000038
25 0.000108
26 0.000084
27 0.000037
28 0.000061
29 0.000033
30 0.000100
31 0.000078
32 0.000100
33 0.000086
34 0.000131
35 0.000097
36 0.000106
37 0.000154
38 0.000092
39 0.000054
40 0.000159
41 0.000083
42 0.000169
43 0.000194
44 0.000099
45 0.000145
46 0.000044
47 0.000235
48 0.000232
49 0.000092
50 0.000061
51 0.000053
52 0.000317
53 0.000112
54 0.000066
55 0.000071
56 0.000212
57 0.000054
58 0.000136
59 0.000036
60 0.000213
61 0.000071
62 0.000113
63 0.000019
64 0.000182
65 0.000057
66 0.000241
67 0.000086
68 0.000091
69 0.000062
70 0.000076
71 0.000126
72 0.000120
73 0.000053
74 0.000121
75 0.000035
76 0.000063
77 0.000050
78 0.000158
79 0.000164
80 0.000151
81 0.000074
82 0.000151
83 0.000053
84 0.000072
85 0.000046
86 0.000066
87 0.000070
88 0.000027
89 0.000038
90 0.000043
91 0.000059
92 0.000068
93 0.000236
94 0.000260
95 0.000092
96 0.000086
97 0.000029
98 0.000127
99 0.000104
100 0.000203
101 0.000046
102 0.000081
103 0.000078
104 0.000131
105 0.000036
106 0.000062
107 0.000065
108 0.000155
109 0.000060
110 0.000170
111 0.000136
112 0.000083
113 0.000068
114 0.000038
115 0.000075
116 0.000046
117 0.000071
118 0.000123
119 0.000142
120 0.000072
121 0.000148
122 0.000019
123 0.000067
124 0.000108
125 0.000046
126 0.000042
127 0.000144
128 0.000019
129 0.000113
130 0.000089
131 0.000060
132 0.000154
133 0.000264
134 0.000045
135 0.000059
136 0.000054
137 0.000109
138 0.000399
139 0.000075
140 0.000040
141 0.000026
142 0.000089
143 0.000034
144 0.000027
145 0.000047
146 0.000066
147 0.000063
148 0.000029
149 0.000135
150 0.000046
151 0.000108
152 0.000039
153 0.000072
154 0.000079
155 0.000078
156 0.000085
157 0.000175
158 0.000198
159 0.000140
160 0.000091
161 0.000095
162 0.000092
163 0.000113
164 0.000057
165 0.000019
166 0.000246
167 0.000218
168 0.000131
169 0.000044
170 0.000123
171 0.000136
172 0.000059
173 0.000204
174 0.000060
175 0.000034
176 0.000283
177 0.000034
178 0.000034
179 0.000028
180 0.000019
181 0.000053
182 0.000064
183 0.000169
184 0.000077
185 0.000114
186 0.000146
187 0.000114
188 0.000200
189 0.000084
190 0.000096
191 0.000035
192 0.000044
193 0.000148
194 0.000097
195 0.000140
196 0.000165
197 0.000144
198 0.000068
199 0.000081
200 0.000082
201 0.000091
202 0.000146
203 0.000130
204 0.000095
205 0.000019
206 0.000089
207 0.000032
208 0.000168
209 0.000041
210 0.000099
211 0.000042
212 0.000083
213 0.000068
214 0.000223
215 0.000120
216 0.000123
217 0.000039
218 0.000078
219 0.000056
220 0.000081
221 0.000043
222 0.000143
223 0.000080
224 0.000032
225 0.000125
226 0.000081
227 0.000080
228 0.000083
229 0.000149
230 0.000069
231 0.000174
232 0.000177
233 0.000184
234 0.000223
235 0.000056
236 0.000035
237 0.000044
238 0.000061
239 0.000019
240 0.000059
241 0.000405
242 0.000090
243 0.000023
244 0.000152
245 0.000045
246 0.000235
247 0.000110
248 0.000035
249 0.000093
250 0.000120
251 0.000038
252 0.000241
253 0.000074
254 0.000078
255 0.000319
256 0.000097
257 0.000125
258 0.000095
259 0.000084
260 0.000100
261 0.000143
262 0.000127
263 0.000086
264 0.000172
265 0.000104
266 0.000099
267 0.000019
268 0.000142
269 0.000093
270 0.000047
271 0.000122
272 0.000111
273 0.000208
274 0.000096
275 0.000073
276 0.000184
277 0.000103
278 0.000028
279 0.000054
280 0.000096
281 0.000143
282 0.000150
283 0.000035
284 0.000082
285 0.000053
286 0.000088
287 0.000089
288 0.000019
289 0.000188
290 0.000143
291 0.000070
292 0.000109
293 0.000090
294 0.000025
295 0.000186
296 0.000077
297 0.000102
298 0.000083
299 0.000115
300 0.000019
301 0.000103
302 0.000141
303 0.000113
304 0.000034
305 0.000063
306 0.000134
307 0.000120
308 0.000073
309 0.000077
310 0.000125
311 0.000069
312 0.000109
313 0.000029
314 0.000049
315 0.000153
316 0.000049
317 0.000028
318 0.000118
319 0.000050
320 0.000155
321 0.000102
322 0.000052
323 0.000380
324 0.000224
325 0.000138
326 0.000118
327 0.000071
328 0.000120
329 0.000092
330 0.000257
331 0.000143
332 0.000036
333 0.000162
334 0.000051
335 0.000088
336 0.000019
337 0.000019
338 0.000121
339 0.000125
340 0.000045
341 0.000118
342 0.000152
343 0.000128
344 0.000078
345 0.000094
346 0.000094
347 0.000039
348 0.000126
349 0.000144
350 0.000189
351 0.000086
352 0.000198
353 0.000019
354 0.000110
355 0.000137
356 0.000075
357 0.000053
358 0.000106
359 0.000052
360 0.000075
361 0.000084
362 0.000044
363 0.000112
364 0.000070
365 0.000045
366 0.000073
367 0.000053
368 0.000096
369 0.000261
370 0.000019
371 0.000219
372 0.000022
373 0.000019
374 0.000075
375 0.000123
376 0.000117
377 0.000111
378 0.000115
379 0.000131
380 0.000068
381 0.000077
382 0.000058
383 0.000092
384 0.000080
385 0.000273
386 0.000059
387 0.000081
388 0.000209
389 0.000082
390 0.000116
391 0.000053
392 0.000222
393 0.000106
394 0.000095
395 0.000071
396 0.000227
397 0.000467
398 0.000035
399 0.000100
400 0.000093
401 0.000092
402 0.000155
403 0.000115
404 0.000053
405 0.000041
406 0.000103
407 0.000042
408 0.000218
409 0.000038
410 0.000077
411 0.000055
412 0.000086
413 0.000057
414 0.000222
415 0.000100
416 0.000148
417 0.000111
418 0.000147
419 0.000094
420 0.000169
421 0.000037
422 0.000047
423 0.000061
424 0.000250
425 0.000134
426 0.000058
427 0.000065
428 0.000022
429 0.000039
430 0.000147
431 0.000141
432 0.000187
433 0.000019
434 0.000050
435 0.000179
436 0.000050
437 0.000019
438 0.000166
439 0.000333
440 0.000127
441 0.000041
442 0.000042
443 0.000089
444 0.000039
445 0.000096
446 0.000111
447 0.000248
448 0.000211
449 0.000038
450 0.000096
451 0.000073
452 0.000044
453 0.000276
454 0.000133
455 0.000177
456 0.000062
457 0.000117
458 0.000061
459 0.000101
460 0.000063
461 0.000066
462 0.000062
463 0.000235
464 0.000055
465 0.000019
466 0.000110
467 0.000019
468 0.000080
469 0.000035
470 0.000083
471 0.000078
472 0.000156
473 0.000038
474 0.000162
475 0.000063
476 0.000171
477 0.000099
478 0.000220
479 0.000114
480 0.000096
481 0.000356
482 0.000142
483 0.000090
484 0.000085
485 0.000052
486 0.000045
487 0.000047
488 0.000104
489 0.000134
490 0.000064
491 0.000295
492 0.000019
493 0.000143
494 0.000086
495 0.000053
496 0.000065
497 0.000048
498 0.000073
499 0.000083
500 0.000081
501 0.000092
502 0.000062
503 0.000019
504 0.000044
505 0.000105
506 0.000091
507 0.000111
508 0.000158
509 0.000122
510 0.000105
511 0.000089
512 0.000231
513 0.000118
514 0.000071
515 0.000171
516 0.000081
517 0.000111
518 0.000041
519 0.000167
520 0.000064
521 0.000050
522 0.000085
523 0.000098
524 0.000055
525 0.000306
526 0.000061
527 0.000169
528 0.000132
529 0.000085
530 0.000135
531 0.000108
532 0.000219
533 0.000054
534 0.000089
535 0.000181
536 0.000092
537 0.000160
538 0.000050
539 0.000135
540 0.000101
541 0.000028
542 0.000206
543 0.000110
544 0.000033
545 0.000095
546 0.000076
547 0.000086
548 0.000103
549 0.000080
550 0.000081
551 0.000047
552 0.000026
553 0.000145
554 0.000125
555 0.000067
556 0.000174
557 0.000050
558 0.000129
559 0.000019
560 0.000025
561 0.000028
562 0.000024
563 0.000030
564 0.000120
565 0.000068
566 0.000165
567 0.000039
568 0.000093
569 0.000156
570 0.000068
571 0.000053
572 0.000151
573 0.000034
574 0.000019
575 0.000095
576 0.000019
577 0.000204
578 0.000032
579 0.000082
580 0.000127
581 0.000100
582 0.000041
583 0.000094
584 0.000064
585 0.000055
586 0.000110
587 0.000133
588 0.000108
589 0.000050
590 0.000113
591 0.000188
592 0.000111
593 0.000039
594 0.000076
595 0.000170
596 0.000073
597 0.000057
598 0.000211
599 0.000095
600 0.000225
601 0.000108
602 0.000065
603 0.000092
604 0.000034
605 0.000349
606 0.000133
607 0.000089
608 0.000043
609 0.000154
610 0.000064
611 0.000113
612 0.000195
613 0.000057
614 0.000098
615 0.000037
616 0.000211
617 0.000039
618 0.000074
619 0.000092
620 0.000122
621 0.000085
622 0.000043
623 0.000043
624 0.000170
625 0.000118
626 0.000066
627 0.000152
628 0.000039
629 0.000089
630 0.000019
631 0.000119
632 0.000046
633 0.000128
634 0.000101
635 0.000073
636 0.000062
637 0.000091
638 0.000111
639 0.000087
640 0.000161
641 0.000236
642 0.000088
643 0.000042
644 0.000083
645 0.000175
646 0.000066
647 0.000174
648 0.000029
649 0.000111
650 0.000106
651 0.000132
652 0.000111
653 0.000122
654 0.000079
655 0.000045
656 0.000088
657 0.000036
658 0.000091
659 0.000040
660 0.000119
661 0.000104
662 0.000092
663 0.000078
664 0.000091
665 0.000124
666 0.000019
667 0.000096
668 0.000097
669 0.000058
670 0.000082
671 0.000144
672 0.000194
673 0.000129
674 0.000215
675 0.000019
676 0.000129
677 0.000071
678 0.000025
679 0.000185
680 0.000163
681 0.000083
682 0.000097
683 0.000026
684 0.000150
685 0.000070
686 0.000228
687 0.000127
688 0.000096
689 0.000056
690 0.000125
691 0.000157
692 0.000069
693 0.000128
694 0.000027
695 0.000043
696 0.000039
697 0.000177
698 0.000105
699 0.000084
700 0.000084
701 0.000140
702 0.000112
703 0.000192
704 0.000319
705 0.000058
706 0.000058
707 0.000269
708 0.000180
709 0.000028
710 0.000090
711 0.000215
712 0.000041
713 0.000044
714 0.000191
715 0.000073
716 0.000105
717 0.000066
718 0.000114
719 0.000073
720 0.000019
721 0.000072
722 0.000159
723 0.000043
724 0.000076
725 0.000152
726 0.000031
727 0.000197
728 0.000225
729 0.000087
730 0.000106
731 0.000033
732 0.000120
733 0.000055
734 0.000302
735 0.000097
736 0.000042
737 0.000092
738 0.000080
739 0.000150
740 0.000178
741 0.000118
742 0.000079
743 0.000143
744 0.000147
745 0.000202
746 0.000089
747 0.000086
748 0.000060
749 0.000064
750 0.000106
751 0.000146
752 0.000110
753 0.000059
754 0.000038
755 0.000108
756 0.000033
757 0.000121
758 0.000019
759 0.000110
760 0.000128
761 0.000106
762 0.000074
763 0.000060
764 0.000126
765 0.000047
766 0.000019
767 0.000056
768 0.000175
769 0.000148
770 0.000068
771 0.000150
772 0.000102
773 0.000035
774 0.000117
775 0.000037
776 0.000106
777 0.000079
778 0.000087
779 0.000122
780 0.000062
781 0.000037
782 0.000242
783 0.000202
784 0.000025
785 0.000194
786 0.000038
787 0.000186
788 0.000367
789 0.000126
790 0.000067
791 0.000069
792 0.000078
793 0.000048
794 0.000106
795 0.000105
796 0.000031
797 0.000081
798 0.000053
799 0.000063
800 0.000119
801 0.000029
802 0.000139
803 0.000057
804 0.000048
805 0.000046
806 0.000069
807 0.000222
808 0.000034
809 0.000038
810 0.000055
811 0.000019
812 0.000186
813 0.000156
814 0.000185
815 0.000075
816 0.000088
817 0.000201
818 0.000068
819 0.000118
820 0.000046
821 0.000043
822 0.000123
823 0.000026
824 0.000103
825 0.000065
826 0.000093
827 0.000092
828 0.000088
829 0.000027
830 0.000063
831 0.000133
832 0.000023
833 0.000101
834 0.000232
835 0.000019
836 0.000039
837 0.000112
838 0.000215
839 0.000051
840 0.000081
841 0.000070
842 0.000056
843 0.000136
844 0.000115
845 0.000138
846 0.000062
847 0.000177
848 0.000140
849 0.000166
850 0.000058
851 0.000037
852 0.000082
853 0.000092
854 0.000111
855 0.000086
856 0.000033
857 0.000019
858 0.000048
859 0.000159
860 0.000037
861 0.000127
862 0.000099
863 0.000103
864 0.000040
865 0.000033
866 0.000105
867 0.000084
868 0.000167
869 0.000204
870 0.000064
871 0.000044
872 0.000029
873 0.000029
874 0.000069
875 0.000080
876 0.000032
877 0.000087
878 0.000153
879 0.000171
880 0.000054
881 0.000204
882 0.000088
883 0.000019
884 0.000120
885 0.000040
886 0.000139
887 0.000531
888 0.000133
889 0.000030
890 0.000190
891 0.000056
892 0.000019
893 0.000163
894 0.000179
895 0.000046
896 0.000058
897 0.000137
898 0.000085
899 0.000077
900 0.000053
901 0.000074
902 0.000129
903 0.000055
904 0.000019
905 0.000102
906 0.000134
907 0.000107
908 0.000118
909 0.000145
910 0.000049
911 0.000184
912 0.000052
913 0.000073
914 0.000045
915 0.000150
916 0.000087
917 0.000124
918 0.000058
919 0.000040
920 0.000086
921 0.000034
922 0.000041
923 0.000035
924 0.000143
925 0.000147
926 0.000019
927 0.000153
928 0.000038
929 0.000124
930 0.000055
931 0.000227
932 0.000045
933 0.000081
934 0.000089
935 0.000028
936 0.000144
937 0.000216
938 0.000078
939 0.000086
940 0.000076
941 0.000224
942 0.000187
943 0.000060
944 0.000098
945 0.000052
946 0.000063
947 0.000094
948 0.000108
949 0.000165
950 0.000047
951 0.000049
952 0.000080
953 0.000186
954 0.000126
955 0.000098
956 0.000137
957 0.000154
958 0.000058
959 0.000101
960 0.000087
961 0.000068
962 0.000052
963 0.000246
964 0.000032
965 0.000083
966 0.000058
967 0.000050
968 0.000105
969 0.000139
970 0.000073
971 0.000273
972 0.000061
973 0.000146
974 0.000043
975 0.000127
976 0.000066
977 0.000075
978 0.000050
979 0.000190
980 0.000084
981 0.000276
982 0.000067
983 0.000149
984 0.000109
985 0.000106
986 0.000025
987 0.000043
988 0.000096
989 0.000071
990 0.000199
991 0.000058
992 0.000067
993 0.000106
994 0.000103
995 0.000077
996 0.000097
997 0.000163
998 0.000110
999 0.000071
1000 0.000026
1001 0.000098
1002 0.000161
1003 0.000065
1004 0.000108
1005 0.000109
1006 0.000130
1007 0.000204
1008 0.000131
1009 0.000129
1010 0.000189
1011 0.000143
1012 0.000041
1013 0.000031
1014 0.000042
1015 0.000095
1016 0.000110
1017 0.000092
1018 0.000019
1019 0.000029
1020 0.000109
1021 0.000019
1022 0.000046
1023 0.000066
1024 0.000063
1025 0.000065
1026 0.000128
1027 0.000045
1028 0.000094
1029 0.000116
1030 0.000266
1031 0.000153
1032 0.000065
1033 0.000129
1034 0.000255
1035 0.000185
1036 0.000086
1037 0.000084
1038 0.000182
1039 0.000019
1040 0.000175
1041 0.000118
1042 0.000130
1043 0.000052
1044 0.000059
1045 0.000083
1046 0.000308
1047 0.000116
1048 0.000099
1049 0.000099
1050 0.000144
1051 0.000019
1052 0.000074
1053 0.000062
1054 0.000156
1055 0.000204
1056 0.000138
1057 0.000019
1058 0.000171
1059 0.000101
1060 0.000050
1061 0.000160
1062 0.000037
1063 0.000128
1064 0.000114
1065 0.000070
1066 0.000031
1067 0.000093
1068 0.000019
1069 0.000108
1070 0.000220
1071 0.000033
1072 0.000058
1073 0.000084
1074 0.000074
1075 0.000139
1076 0.000056
1077 0.000041
1078 0.000081
1079 0.000034
1080 0.000233
1081 0.000155
1082 0.000102
1083 0.000119
1084 0.000048
1085 0.000034
1086 0.000111
1087 0.000035
1088 0.000064
1089 0.000044
1090 0.000106
1091 0.000042
1092 0.000063
1093 0.000145
1094 0.000094
1095 0.000076
1096 0.000102
1097 0.000063
1098 0.000142
1099 0.000106
1100 0.000261
1101 0.000073
1102 0.000160
1103 0.000301
1104 0.000067
1105 0.000039
1106 0.000194
1107 0.000049
1108 0.000068
1109 0.000040
1110 0.000093
1111 0.000033
1112 0.000019
1113 0.000099
1114 0.000056
1115 0.000043
1116 0.000080
1117 0.000121
1118 0.000192
1119 0.000027
1120 0.000049
1121 0.000058
1122 0.000048
1123 0.000114
1124 0.000090
1125 0.000082
1126 0.000043
1127 0.000114
1128 0.000094
1129 0.000040
1130 0.000063
1131 0.000019
1132 0.000089
1133 0.000084
1134 0.000168
1135 0.000019
1136 0.000126
1137 0.000101
1138 0.000051
1139 0.000071
1140 0.000068
1141 0.000039
1142 0.000151
1143 0.000026
1144 0.000147
1145 0.000073
1146 0.000125
1147 0.000028
1148 0.000282
1149 0.000147
1150 0.000104
1151 0.000065
1152 0.000105
1153 0.000041
1154 0.000039
1155 0.000038
1156 0.000147
1157 0.000047
1158 0.000090
1159 0.000019
1160 0.000082
1161 0.000214
1162 0.000042
1163 0.000123
1164 0.000055
1165 0.000059
1166 0.000053
1167 0.000096
1168 0.000255
1169 0.000092
1170 0.000191
1171 0.000019
1172 0.000030
1173 0.000115
1174 0.000064
1175 0.000129
1176 0.000032
1177 0.000053
1178 0.000063
1179 0.000314
1180 0.000132
1181 0.000033
1182 0.000226
1183 0.000099
1184 0.000019
1185 0.000055
1186 0.000019
1187 0.000026
1188 0.000079
1189 0.000080
1190 0.000102
1191 0.000119
1192 0.000176
1193 0.000067
1194 0.000131
1195 0.000089
1196 0.000112
1197 0.000031
1198 0.000054
1199 0.000163
1200 0.000045
1201 0.000080
1202 0.000082
1203 0.000067
1204 0.000141
1205 0.000037
1206 0.000085
1207 0.000209
1208 0.000043
1209 0.000057
1210 0.000080
1211 0.000099
1212 0.000108
1213 0.000047
1214 0.000029
1215 0.000132
1216 0.000187
1217 0.000147
1218 0.000145
1219 0.000146
1220 0.000102
1221 0.000151
1222 0.000126
1223 0.000169
1224 0.000051
1225 0.000053
1226 0.000183
1227 0.000051
1228 0.000126
1229 0.000290
1230 0.000178
1231 0.000197
1232 0.000139
1233 0.000141
1234 0.000115
1235 0.000169
1236 0.000050
1237 0.000151
1238 0.000047
1239 0.000046
1240 0.000046
1241 0.000058
1242 0.000032
1243 0.000033
1244 0.000136
1245 0.000128
1246 0.000116
1247 0.000058
1248 0.000063
1249 0.000087
1250 0.000362
1251 0.000216
1252 0.000089
1253 0.000122
1254 0.000098
1255 0.000128
1256 0.000058
1257 0.000041
1258 0.000159
1259 0.000156
1260 0.000098
1261 0.000050
1262 0.000071
1263 0.000060
1264 0.000115
1265 0.000046
1266 0.000035
1267 0.000043
1268 0.000129
1269 0.000097
1270 0.000145
1271 0.000157
1272 0.000180
1273 0.000058
1274 0.000198
1275 0.000044
1276 0.000035
1277 0.000047
1278 0.000077
1279 0.000057
1280 0.000131
1281 0.000119
1282 0.000082
1283 0.000019
1284 0.000111
1285 0.000174
1286 0.000168
1287 0.000166
1288 0.000166
1289 0.000170
1290 0.000058
1291 0.000061
1292 0.000072
1293 0.000146
1294 0.000180
1295 0.000206
1296 0.000050
1297 0.000112
1298 0.000233
1299 0.000062
1300 0.000102
1301 0.000109
1302 0.000064
1303 0.000143
1304 0.000041
1305 0.000214
1306 0.000121
1307 0.000084
1308 0.000019
1309 0.000071
1310 0.000055
1311 0.000166
1312 0.000149
1313 0.000139
1314 0.000053
1315 0.000113
1316 0.000074
1317 0.000077
1318 0.000036
1319 0.000194
1320 0.000281
1321 0.000061
1322 0.000151
1323 0.000033
1324 0.000120
1325 0.000046
1326 0.000084
1327 0.000019
1328 0.000129
1329 0.000116
1330 0.000091
1331 0.000019
1332 0.000040
1333 0.000150
1334 0.000070
1335 0.000067
1336 0.000071
1337 0.000136
1338 0.000207
1339 0.000019
1340 0.000057
1341 0.000093
1342 0.000032
1343 0.000105
1344 0.000119
1345 0.000049
1346 0.000114
1347 0.000023
1348 0.000035
1349 0.000140
1350 0.000166
1351 0.000078
1352 0.000103
1353 0.000234
1354 0.000132
1355 0.000065
1356 0.000103
1357 0.000056
1358 0.000019
1359 0.000130
1360 0.000038
1361 0.000032
1362 0.000102
1363 0.000074
1364 0.000098
1365 0.000028
1366 0.000358
1367 0.000149
1368 0.000033
1369 0.000260
1370 0.000091
1371 0.000121
1372 0.000025
1373 0.000193
1374 0.000068
1375 0.000145
1376 0.000094
1377 0.000124
1378 0.000019
1379 0.000019
1380 0.000266
1381 0.000030
1382 0.000054
1383 0.000088
1384 0.000108
1385 0.000040
1386 0.000222
1387 0.000019
1388 0.000114
1389 0.000052
1390 0.000063
1391 0.000099
1392 0.000131
1393 0.000089
1394 0.000086
1395 0.000107
1396 0.000034
1397 0.000144
1398 0.000085
1399 0.000083
1400 0.000072
1401 0.000111
1402 0.000069
1403 0.000066
1404 0.000229
1405 0.000046
1406 0.000028
1407 0.000019
1408 0.000045
1409 0.000087
1410 0.000119
1411 0.000040
1412 0.000078
1413 0.000019
1414 0.000138
1415 0.000120
1416 0.000121
1417 0.000069
1418 0.000053
1419 0.000095
1420 0.000044
1421 0.000039
1422 0.000166
1423 0.000065
1424 0.000113
1425 0.000170
1426 0.000065
1427 0.000053
1428 0.000051
1429 0.000104
1430 0.000019
1431 0.000056
1432 0.000137
1433 0.000019
1434 0.000156
1435 0.000103
1436 0.000095
1437 0.000091
1438 0.000148
1439 0.000080
1440 0.000119
1441 0.000019
1442 0.000229
1443 0.000066
1444 0.000147
1445 0.000041
1446 0.000244
1447 0.000037
1448 0.000166
1449 0.000113
1450 0.000101
1451 0.000112
1452 0.000145
1453 0.000080
1454 0.000042
1455 0.000070
1456 0.000019
1457 0.000030
1458 0.000143
1459 0.000042
1460 0.000047
1461 0.000078
1462 0.000041
1463 0.000138
1464 0.000096
1465 0.000232
1466 0.000030
1467 0.000102
1468 0.000117
1469 0.000099
1470 0.000046
1471 0.000062
1472 0.000078
1473 0.000019
1474 0.000193
1475 0.000047
1476 0.000053
1477 0.000092
1478 0.000178
1479 0.000226
1480 0.000156
1481 0.000153
1482 0.000051
1483 0.000078
1484 0.000069
1485 0.000098
1486 0.000048
1487 0.000072
1488 0.000103
1489 0.000077
1490 0.000114
1491 0.000138
1492 0.000129
1493 0.000039
1494 0.000126
1495 0.000028
1496 0.000091
1497 0.000182
1498 0.000059
1499 0.000019
1500 0.000052
1501 0.000093
1502 0.000031
1503 0.000032
1504 0.000053
1505 0.000068
1506 0.000145
1507 0.000080
1508 0.000060
1509 0.000025
1510 0.000081
1511 0.000297
1512 0.000044
1513 0.000146
1514 0.000064
1515 0.000083
1516 0.000221
1517 0.000111
1518 0.000057
1519 0.000113
1520 0.000083
1521 0.000085
1522 0.000224
1523 0.000160
1524 0.000045
1525 0.000133
1526 0.000052
1527 0.000249
1528 0.000261
1529 0.000084
1530 0.000089
1531 0.000085
1532 0.000072
1533 0.000076
1534 0.000063
1535 0.000115
1536 0.000141
1537 0.000057
1538 0.000104
1539 0.000052
1540 0.000056
1541 0.000138
1542 0.000076
1543 0.000019
1544 0.000099
1545 0.000071
1546 0.000062
1547 0.000105
1548 0.000068
1549 0.000090
1550 0.000052
1551 0.000028
1552 0.000146
1553 0.000048
1554 0.000024
1555 0.000073
1556 0.000227
1557 0.000019
1558 0.000085
1559 0.000048
1560 0.000019
1561 0.000050
1562 0.000107
1563 0.000050
1564 0.000172
1565 0.000092
1566 0.000096
1567 0.000173
1568 0.000047
1569 0.000057
1570 0.000268
1571 0.000249
1572 0.000222
1573 0.000121
1574 0.000126
1575 0.000055
1576 0.000229
1577 0.000077
1578 0.000065
1579 0.000071
1580 0.000019
1581 0.000136
1582 0.000178
1583 0.000044
1584 0.000063
1585 0.000027
1586 0.000029
1587 0.000231
1588 0.000243
1589 0.000033
1590 0.000105
1591 0.000029
1592 0.000085
1593 0.000072
1594 0.000056
1595 0.000055
1596 0.000045
1597 0.000091
1598 0.000094
1599 0.000057
1600 0.000080
1601 0.000048
1602 0.000113
1603 0.000042
1604 0.000078
1605 0.000062
1606 0.000047
1607 0.000099
1608 0.000059
1609 0.000078
1610 0.000137
1611 0.000192
1612 0.000074
1613 0.000055
1614 0.000070
1615 0.000039
1616 0.000102
1617 0.000146
1618 0.000109
1619 0.000059
1620 0.000075
1621 0.000162
1622 0.000118
1623 0.000082
1624 0.000113
1625 0.000049
1626 0.000065
1627 0.000136
1628 0.000030
1629 0.000414
1630 0.000051
1631 0.000062
1632 0.000043
1633 0.000239
1634 0.000039
1635 0.000184
1636 0.000160
1637 0.000067
1638 0.000192
1639 0.000129
1640 0.000063
1641 0.000053
1642 0.000156
1643 0.000045
1644 0.000150
1645 0.000143
1646 0.000089
1647 0.000113
1648 0.000019
1649 0.000049
1650 0.000068
1651 0.000062
1652 0.000041
1653 0.000162
1654 0.000182
1655 0.000043
1656 0.000210
1657 0.000031
1658 0.000025
1659 0.000082
1660 0.000027
1661 0.000153
1662 0.000065
1663 0.000222
1664 0.000036
1665 0.000165
1666 0.000044
1667 0.000177
1668 0.000146
1669 0.000144
1670 0.000156
1671 0.000123
1672 0.000080
1673 0.000107
1674 0.000227
1675 0.000064
1676 0.000038
1677 0.000077
1678 0.000098
1679 0.000118
1680 0.000113
1681 0.000117
1682 0.000068
1683 0.000056
1684 0.000142
1685 0.000183
1686 0.000071
1687 0.000024
1688 0.000026
1689 0.000244
1690 0.000222
1691 0.000127
1692 0.000173
1693 0.000099
1694 0.000103
1695 0.000059
1696 0.000154
1697 0.000128
1698 0.000266
1699 0.000026
1700 0.000129
1701 0.000247
1702 0.000102
1703 0.000154
1704 0.000024
1705 0.000112
1706 0.000115
1707 0.000076
1708 0.000019
1709 0.000141
1710 0.000181
1711 0.000097
1712 0.000055
1713 0.000132
1714 0.000215
1715 0.000100
1716 0.000164
1717 0.000160
1718 0.000149
1719 0.000029
1720 0.000157
1721 0.000091
1722 0.000054
1723 0.000257
1724 0.000123
1725 0.000079
1726 0.000132
1727 0.000052
1728 0.000052
1729 0.000084
1730 0.000221
1731 0.000190
1732 0.000157
1733 0.000194
1734 0.000218
1735 0.000093
1736 0.000019
1737 0.000107
1738 0.000061
1739 0.000116
1740 0.000103
1741 0.000125
1742 0.000204
1743 0.000105
1744 0.000207
1745 0.000147
1746 0.000146
1747 0.000024
1748 0.000057
1749 0.000059
1750 0.000028
1751 0.000111
1752 0.000193
1753 0.000325
1754 0.000090
1755 0.000121
1756 0.000143
1757 0.000054
1758 0.000253
1759 0.000074
1760 0.000066
1761 0.000106
1762 0.000019
1763 0.000161
1764 0.000087
1765 0.000152
1766 0.000108
1767 0.000114
1768 0.000087
1769 0.000097
1770 0.000099
1771 0.000181
1772 0.000043
1773 0.000033
1774 0.000222
1775 0.000164
1776 0.000205
1777 0.000019
1778 0.000128
1779 0.000019
1780 0.000044
1781 0.000079
1782 0.000155
1783 0.000125
1784 0.000044
1785 0.000135
1786 0.000064
1787 0.000025
1788 0.000215
1789 0.000145
1790 0.000084
1791 0.000047
1792 0.000044
1793 0.000032
1794 0.000125
1795 0.000081
1796 0.000132
1797 0.000195
1798 0.000068
1799 0.000166
1800 0.000113
1801 0.000036
1802 0.000162
1803 0.000108
1804 0.000075
1805 0.000101
1806 0.000072
1807 0.000079
1808 0.000165
1809 0.000116
1810 0.000189
1811 0.000019
1812 0.000093
1813 0.000167
1814 0.000019
1815 0.000117
1816 0.000118
1817 0.000104
1818 0.000144
1819 0.000091
1820 0.000036
1821 0.000254
1822 0.000074
1823 0.000164
1824 0.000019
1825 0.000078
1826 0.000059
1827 0.000120
1828 0.000059
1829 0.000107
1830 0.000112
1831 0.000029
1832 0.000125
1833 0.000206
1834 0.000058
1835 0.000115
1836 0.000035
1837 0.000049
1838 0.000067
1839 0.000066
1840 0.000067
1841 0.000056
1842 0.000098
1843 0.000052
1844 0.000042
1845 0.000041
1846 0.000036
1847 0.000143
1848 0.000091
1849 0.000046
1850 0.000078
1851 0.000033
1852 0.000051
1853 0.000106
1854 0.000156
1855 0.000069
1856 0.000071
1857 0.000062
1858 0.000046
1859 0.000101
1860 0.000078
1861 0.000067
1862 0.000094
1863 0.000137
1864 0.000167
1865 0.000110
1866 0.000138
1867 0.000059
1868 0.000104
1869 0.000037
1870 0.000227
1871 0.000095
1872 0.000096
1873 0.000056
1874 0.000196
1875 0.000118
1876 0.000109
1877 0.000240
1878 0.000029
1879 0.000164
1880 0.000051
1881 0.000068
1882 0.000147
1883 0.000100
1884 0.000019
1885 0.000040
1886 0.000053
1887 0.000070
1888 0.000038
1889 0.000209
1890 0.000035
1891 0.000069
1892 0.000042
1893 0.000138
1894 0.000105
1895 0.000131
1896 0.000135
1897 0.000134
1898 0.000118
1899 0.000237
1900 0.000105
1901 0.000055
1902 0.000118
1903 0.000098
1904 0.000138
1905 0.000166
1906 0.000035
1907 0.000115
1908 0.000150
1909 0.000205
1910 0.000019
1911 0.000046
1912 0.000047
1913 0.000050
1914 0.000098
1915 0.000061
1916 0.000047
1917 0.000088
1918 0.000037
1919 0.000042
1920 0.000096
1921 0.000287
1922 0.000164
1923 0.000089
1924 0.000110
1925 0.000058
1926 0.000045
1927 0.000184
1928 0.000221
1929 0.000091
1930 0.000156
1931 0.000078
1932 0.000129
1933 0.000040
1934 0.000059
1935 0.000030
1936 0.000076
1937 0.000168
1938 0.000038
1939 0.000055
1940 0.000106
1941 0.000122
1942 0.000049
1943 0.000019
1944 0.000151
1945 0.000136
1946 0.000019
1947 0.000181
1948 0.000067
1949 0.000126
1950 0.000036
1951 0.000168
1952 0.000019
1953 0.000124
1954 0.000035
1955 0.000131
1956 0.000203
1957 0.000019
1958 0.000085
1959 0.000114
1960 0.000062
1961 0.000047
1962 0.000073
1963 0.000080
1964 0.000158
1965 0.000060
1966 0.000079
1967 0.000040
1968 0.000076
1969 0.000019
1970 0.000152
1971 0.000106
1972 0.000019
1973 0.000043
1974 0.000111
1975 0.000093
1976 0.000176
1977 0.000033
1978 0.000183
1979 0.000065
1980 0.000082
1981 0.000096
1982 0.000056
1983 0.000132
1984 0.000019
1985 0.000040
1986 0.000049
1987 0.000082
1988 0.000019
1989 0.000122
1990 0.000133
1991 0.000091
1992 0.000029
1993 0.000053
1994 0.000053
1995 0.000022
1996 0.000259
1997 0.000030
1998 0.000162
1999 0.000079
2000 0.000157
2001 0.000093
2002 0.000033
2003 0.000041
2004 0.000041
2005 0.000029
2006 0.000067
2007 0.000044
2008 0.000060
2009 0.000101
2010 0.000083
2011 0.000080
2012 0.000032
2013 0.000081
2014 0.000149
2015 0.000143
2016 0.000050
2017 0.000151
2018 0.000102
2019 0.000166
2020 0.000074
2021 0.000019
2022 0.000118
2023 0.000223
2024 0.000087
2025 0.000019
2026 0.000019
2027 0.000044
2028 0.000108
2029 0.000050
2030 0.000100
2031 0.000092
2032 0.000067
2033 0.000109
2034 0.000050
2035 0.000038
2036 0.000087
2037 0.000100
2038 0.000111
2039 0.000019
2040 0.000060
2041 0.000032
2042 0.000233
2043 0.000038
2044 0.000060
2045 0.000101
2046 0.000038
2047 0.000032
2048 0.000106
2049 0.000034
2050 0.000031
2051 0.000108
2052 0.000019
2053 0.000129
2054 0.000046
2055 0.000031
2056 0.000086
2057 0.000060
2058 0.000019
2059 0.000139
2060 0.000064
2061 0.000098
2062 0.000069
2063 0.000146
2064 0.000115
2065 0.000072
2066 0.000075
2067 0.000083
2068 0.000145
2069 0.000153
2070 0.000050
2071 0.000178
2072 0.000048
2073 0.000183
2074 0.000058
2075 0.000049
2076 0.000080
2077 0.000181
2078 0.000213
2079 0.000062
2080 0.000080
2081 0.000070
2082 0.000078
2083 0.000070
2084 0.000301
2085 0.000083
2086 0.000088
2087 0.000118
2088 0.000158
2089 0.000046
2090 0.000175
2091 0.000099
2092 0.000028
2093 0.000086
2094 0.000184
2095 0.000097
2096 0.000112
2097 0.000091
2098 0.000093
2099 0.000058
2100 0.000283
2101 0.000153
2102 0.000055
2103 0.000071
2104 0.000089
2105 0.000034
2106 0.000034
2107 0.000036
2108 0.000165
2109 0.000078
2110 0.000299
2111 0.000198
2112 0.000068
2113 0.000057
2114 0.000092
2115 0.000031
2116 0.000019
2117 0.000032
2118 0.000139
2119 0.000098
2120 0.000079
2121 0.000046
2122 0.000019
2123 0.000019
2124 0.000078
2125 0.000107
2126 0.000075
2127 0.000501
2128 0.000071
2129 0.000215
2130 0.000098
2131 0.000062
2132 0.000062
2133 0.000109
2134 0.000045
2135 0.000053
2136 0.000042
2137 0.000200
2138 0.000240
2139 0.000110
2140 0.000078
2141 0.000089
2142 0.000144
2143 0.000121
2144 0.000074
2145 0.000030
2146 0.000161
2147 0.000019
2148 0.000172
2149 0.000119
2150 0.000045
2151 0.000053
2152 0.000019
2153 0.000169
2154 0.000043
2155 0.000076
2156 0.000130
2157 0.000089
2158 0.000039
2159 0.000032
2160 0.000126
2161 0.000062
2162 0.000019
2163 0.000078
2164 0.000019
2165 0.000098
2166 0.000136
2167 0.000150
2168 0.000106
2169 0.000050
2170 0.000170
2171 0.000094
2172 0.000138
2173 0.000078
2174 0.000106
2175 0.000169
2176 0.000063
2177 0.000019
2178 0.000083
2179 0.000019
2180 0.000135
2181 0.000035
2182 0.000037
2183 0.000035
2184 0.000019
2185 0.000069
2186 0.000127
2187 0.000126
2188 0.000116
2189 0.000155
2190 0.000105
2191 0.000023
2192 0.000056
2193 0.000137
2194 0.000071
2195 0.000151
2196 0.000190
2197 0.000120
2198 0.000064
2199 0.000025
2200 0.000163
2201 0.000073
2202 0.000084
2203 0.000090
2204 0.000106
2205 0.000095
2206 0.000027
2207 0.000160
2208 0.000065
2209 0.000050
2210 0.000035
2211 0.000138
2212 0.000028
2213 0.000086
2214 0.000210
2215 0.000097
2216 0.000061
2217 0.000103
2218 0.000097
2219 0.000058
2220 0.000054
2221 0.000047
2222 0.000191
2223 0.000166
2224 0.000224
2225 0.000061
2226 0.000059
2227 0.000091
2228 0.000091
2229 0.000084
2230 0.000044
2231 0.000119
2232 0.000037
2233 0.000218
2234 0.000090
2235 0.000092
2236 0.000043
2237 0.000019
2238 0.000093
2239 0.000057
2240 0.000062
2241 0.000046
2242 0.000081
2243 0.000123
2244 0.000065
2245 0.000093
2246 0.000077
2247 0.000019
2248 0.000041
2249 0.000104
2250 0.000075
2251 0.000096
2252 0.000072
2253 0.000077
2254 0.000109
2255 0.000146
2256 0.000040
2257 0.000025
2258 0.000086
2259 0.000116
2260 0.000019
2261 0.000033
2262 0.000132
2263 0.000247
2264 0.000042
2265 0.000038
2266 0.000114
2267 0.000108
2268 0.000041
2269 0.000126
2270 0.000108
2271 0.000053
2272 0.000055
2273 0.000129
2274 0.000023
2275 0.000100
2276 0.000065
2277 0.000121
2278 0.000094
2279 0.000052
2280 0.000084
2281 0.000109
2282 0.000121
2283 0.000052
2284 0.000187
2285 0.000115
2286 0.000147
2287 0.000019
2288 0.000135
2289 0.000046
2290 0.000124
2291 0.000265
2292 0.000232
2293 0.000080
2294 0.000027
2295 0.000180
2296 0.000019
2297 0.000047
2298 0.000051
2299 0.000059
2300 0.000103
2301 0.000124
2302 0.000110
2303 0.000128
2304 0.000168
2305 0.000161
2306 0.000019
2307 0.000339
2308 0.000054
2309 0.000046
2310 0.000024
2311 0.000052
2312 0.000159
2313 0.000263
2314 0.000094
2315 0.000025
2316 0.000099
2317 0.000124
2318 0.000113
2319 0.000105
2320 0.000171
2321 0.000162
2322 0.000120
2323 0.000121
2324 0.000060
2325 0.000108
2326 0.000175
2327 0.000170
2328 0.000103
2329 0.000063
2330 0.000033
2331 0.000056
2332 0.000216
2333 0.000116
2334 0.000066
2335 0.000030
2336 0.000176
2337 0.000050
2338 0.000103
2339 0.000116
2340 0.000095
2341 0.000096
2342 0.000029
2343 0.000039
2344 0.000074
2345 0.000076
2346 0.000113
2347 0.000040
2348 0.000061
2349 0.000199
2350 0.000081
2351 0.000159
2352 0.000088
2353 0.000160
2354 0.000078
2355 0.000026
2356 0.000030
2357 0.000172
2358 0.000107
2359 0.000154
2360 0.000092
2361 0.000033
2362 0.000080
2363 0.000029
2364 0.000194
2365 0.000226
2366 0.000123
2367 0.000084
2368 0.000099
2369 0.000074
2370 0.000173
2371 0.000077
2372 0.000117
2373 0.000039
2374 0.000041
2375 0.000042
2376 0.000104
2377 0.000040
2378 0.000124
2379 0.000019
2380 0.000040
2381 0.000095
2382 0.000035
2383 0.000127
2384 0.000114
2385 0.000173
2386 0.000138
2387 0.000086
2388 0.000064
2389 0.000064
2390 0.000123
2391 0.000068
2392 0.000109
2393 0.000028
2394 0.000072
2395 0.000094
2396 0.000059
2397 0.000043
2398 0.000033
2399 0.000051
2400 0.000067
2401 0.000136
2402 0.000041
2403 0.000090
2404 0.000085
2405 0.000116
2406 0.000519
2407 0.000067
2408 0.000031
2409 0.000063
2410 0.000113
2411 0.000052
2412 0.000092
2413 0.000038
2414 0.000083
2415 0.000244
2416 0.000084
2417 0.000164
2418 0.000109
2419 0.000162
2420 0.000055
2421 0.000047
2422 0.000171
2423 0.000102
2424 0.000051
2425 0.000132
2426 0.000048
2427 0.000121
2428 0.000019
2429 0.000028
2430 0.000110
2431 0.000035
2432 0.000064
2433 0.000087
2434 0.000174
2435 0.000060
2436 0.000082
2437 0.000088
2438 0.000116
2439 0.000091
2440 0.000132
2441 0.000050
2442 0.000136
2443 0.000019
2444 0.000048
2445 0.000164
2446 0.000069
2447 0.000065
2448 0.000077
2449 0.000315
2450 0.000192
2451 0.000115
2452 0.000045
2453 0.000070
2454 0.000128
2455 0.000089
2456 0.000118
2457 0.000019
2458 0.000096
2459 0.000019
2460 0.000093
2461 0.000109
2462 0.000022
2463 0.000061
2464 0.000042
2465 0.000029
2466 0.000192
2467 0.000094
2468 0.000052
2469 0.000151
2470 0.000065
2471 0.000118
2472 0.000149
2473 0.000019
2474 0.000100
2475 0.000087
2476 0.000074
2477 0.000049
2478 0.000026
2479 0.000120
2480 0.000155
2481 0.000100
2482 0.000044
2483 0.000116
2484 0.000186
2485 0.000098
2486 0.000127
2487 0.000031
2488 0.000027
2489 0.000110
2490 0.000048
2491 0.000037
2492 0.000075
2493 0.000142
2494 0.000131
2495 0.000076
2496 0.000257
2497 0.000148
2498 0.000088
2499 0.000019
2500 0.000053
2501 0.000123
2502 0.000057
2503 0.000038
2504 0.000162
2505 0.000038
2506 0.000068
2507 0.000035
2508 0.000080
2509 0.000220
2510 0.000019
2511 0.000097
2512 0.000050
2513 0.000095
2514 0.000105
2515 0.000095
2516 0.000114
2517 0.000117
2518 0.000102
2519 0.000088
2520 0.000084
2521 0.000146
2522 0.000033
2523 0.000286
2524 0.000061
2525 0.000183
2526 0.000086
2527 0.000131
2528 0.000045
2529 0.000041
2530 0.000019
2531 0.000136
2532 0.000212
2533 0.000096
2534 0.000139
2535 0.000120
2536 0.000082
2537 0.000037
2538 0.000046
2539 0.000096
2540 0.000079
2541 0.000064
2542 0.000142
2543 0.000180
2544 0.000138
2545 0.000193
2546 0.000027
2547 0.000040
2548 0.000207
2549 0.000204
2550 0.000073
2551 0.000121
2552 0.000019
2553 0.000087
2554 0.000202
2555 0.000072
2556 0.000086
2557 0.000065
2558 0.000051
2559 0.000140
2560 0.000088
2561 0.000050
2562 0.000074
2563 0.000071
2564 0.000067
2565 0.000091
2566 0.000107
2567 0.000122
2568 0.000138
2569 0.000060
2570 0.000103
2571 0.000060
2572 0.000229
2573 0.000068
2574 0.000039
2575 0.000041
2576 0.000040
2577 0.000085
2578 0.000135
2579 0.000106
2580 0.000079
2581 0.000218
2582 0.000076
2583 0.000121
2584 0.000146
2585 0.000095
2586 0.000090
2587 0.000196
2588 0.000150
2589 0.000104
2590 0.000089
2591 0.000071
2592 0.000025
2593 0.000135
2594 0.000111
2595 0.000047
2596 0.000034
2597 0.000068
2598 0.000198
2599 0.000019
2600 0.000129
2601 0.000162
2602 0.000029
2603 0.000099
2604 0.000059
2605 0.000073
2606 0.000107
2607 0.000122
2608 0.000073
2609 0.000167
2610 0.000231
2611 0.000051
2612 0.000091
2613 0.000079
2614 0.000053
2615 0.000184
2616 0.000118
2617 0.000078
2618 0.000105
2619 0.000095
2620 0.000041
2621 0.000098
2622 0.000062
2623 0.000075
2624 0.000091
2625 0.000081
2626 0.000088
2627 0.000136
2628 0.000178
2629 0.000055
2630 0.000027
2631 0.000045
2632 0.000203
2633 0.000033
2634 0.000088
2635 0.000049
2636 0.000051
2637 0.000049
2638 0.000107
2639 0.000169
2640 0.000019
2641 0.000069
2642 0.000077
2643 0.000099
2644 0.000115
2645 0.000063
2646 0.000102
2647 0.000189
2648 0.000026
2649 0.000019
2650 0.000085
2651 0.000286
2652 0.000068
2653 0.000256
2654 0.000130
2655 0.000162
2656 0.000022
2657 0.000074
2658 0.000104
2659 0.000039
2660 0.000095
2661 0.000063
2662 0.000192
2663 0.000118
2664 0.000124
2665 0.000019
2666 0.000028
2667 0.000085
2668 0.000101
2669 0.000112
2670 0.000162
2671 0.000045
2672 0.000073
2673 0.000109
2674 0.000098
2675 0.000215
2676 0.000347
2677 0.000101
2678 0.000075
2679 0.000177
2680 0.000211
2681 0.000062
2682 0.000037
2683 0.000082
2684 0.000182
2685 0.000066
2686 0.000026
2687 0.000114
2688 0.000096
2689 0.000113
2690 0.000091
2691 0.000225
2692 0.000051
2693 0.000058
2694 0.000029
2695 0.000056
2696 0.000150
2697 0.000041
2698 0.000121
2699 0.000040
2700 0.000090
2701 0.000061
2702 0.000117
2703 0.000077
2704 0.000075
2705 0.000146
2706 0.000059
2707 0.000019
2708 0.000062
2709 0.000030
2710 0.000060
2711 0.000025
2712 0.000110
2713 0.000074
2714 0.000056
2715 0.000059
2716 0.000074
2717 0.000019
2718 0.000200
2719 0.000109
2720 0.000047
2721 0.000065
2722 0.000128
2723 0.000342
2724 0.000201
2725 0.000170
2726 0.000074
2727 0.000041
2728 0.000073
2729 0.000054
2730 0.000063
2731 0.000062
2732 0.000099
2733 0.000102
2734 0.000102
2735 0.000123
2736 0.000177
2737 0.000073
2738 0.000019
2739 0.000109
2740 0.000059
2741 0.000089
2742 0.000359
2743 0.000092
2744 0.000019
2745 0.000121
2746 0.000132
2747 0.000105
2748 0.000117
2749 0.000124
2750 0.000147
2751 0.000055
2752 0.000071
2753 0.000345
2754 0.000116
2755 0.000151
2756 0.000080
2757 0.000123
2758 0.000204
2759 0.000083
2760 0.000097
2761 0.000051
2762 0.000078
2763 0.000044
2764 0.000060
2765 0.000039
2766 0.000120
2767 0.000030
2768 0.000044
2769 0.000107
2770 0.000053
2771 0.000019
2772 0.000069
2773 0.000094
2774 0.000199
2775 0.000069
2776 0.000039
2777 0.000075
2778 0.000189
2779 0.000224
2780 0.000171
2781 0.000083
2782 0.000019
2783 0.000109
2784 0.000048
2785 0.000106
2786 0.000068
2787 0.000057
2788 0.000090
2789 0.000090
2790 0.000174
2791 0.000119
2792 0.000134
2793 0.000110
2794 0.000291
2795 0.000140
2796 0.000106
2797 0.000180
2798 0.000160
2799 0.000119
2800 0.000071
2801 0.000057
2802 0.000111
2803 0.000027
2804 0.000051
2805 0.000180
2806 0.000052
2807 0.000105
2808 0.000039
2809 0.000019
2810 0.000131
2811 0.000100
2812 0.000079
2813 0.000133
2814 0.000181
2815 0.000094
2816 0.000185
2817 0.000019
2818 0.000033
2819 0.000057
2820 0.000126
2821 0.000144
2822 0.000066
2823 0.000034
2824 0.000142
2825 0.000098
2826 0.000177
2827 0.000217
2828 0.000252
2829 0.000025
2830 0.000048
2831 0.000047
2832 0.000067
2833 0.000046
2834 0.000019
2835 0.000091
2836 0.000019
2837 0.000035
2838 0.000128
2839 0.000169
2840 0.000158
2841 0.000150
2842 0.000125
2843 0.000256
2844 0.000075
2845 0.000056
2846 0.000146
2847 0.000094
2848 0.000037
2849 0.000065
2850 0.000037
2851 0.000129
2852 0.000138
2853 0.000071
2854 0.000082
2855 0.000170
2856 0.000066
2857 0.000019
2858 0.000077
2859 0.000424
2860 0.000027
2861 0.000040
2862 0.000119
2863 0.000057
2864 0.000094
2865 0.000131
2866 0.000065
2867 0.000098
2868 0.000169
2869 0.000271
2870 0.000041
2871 0.000076
2872 0.000035
2873 0.000189
2874 0.000084
2875 0.000072
2876 0.000185
2877 0.000086
2878 0.000201
2879 0.000086
2880 0.000117
2881 0.000107
2882 0.000113
2883 0.000086
2884 0.000019
2885 0.000208
2886 0.000095
2887 0.000089
2888 0.000056
2889 0.000080
2890 0.000109
2891 0.000099
2892 0.000047
2893 0.000231
2894 0.000085
2895 0.000121
2896 0.000043
2897 0.000120
2898 0.000185
2899 0.000088
2900 0.000107
2901 0.000355
2902 0.000095
2903 0.000162
2904 0.000131
2905 0.000105
2906 0.000102
2907 0.000096
2908 0.000071
2909 0.000088
2910 0.000072
2911 0.000116
2912 0.000217
2913 0.000019
2914 0.000101
2915 0.000204
2916 0.000119
2917 0.000103
2918 0.000075
2919 0.000171
2920 0.000025
2921 0.000131
2922 0.000019
2923 0.000119
2924 0.000033
2925 0.000102
2926 0.000019
2927 0.000146
2928 0.000250
2929 0.000107
2930 0.000121
2931 0.000031
2932 0.000122
2933 0.000176
2934 0.000029
2935 0.000144
2936 0.000073
2937 0.000240
2938 0.000083
2939 0.000019
2940 0.000090
2941 0.000047
2942 0.000107
2943 0.000080
2944 0.000137
2945 0.000090
2946 0.000019
2947 0.000112
2948 0.000095
2949 0.000050
2950 0.000174
2951 0.000060
2952 0.000055
2953 0.000078
2954 0.000062
2955 0.000172
2956 0.000101
2957 0.000075
2958 0.000083
2959 0.000106
2960 0.000054
2961 0.000089
2962 0.000071
2963 0.000023
2964 0.000080
2965 0.000076
2966 0.000046
2967 0.000113
2968 0.000074
2969 0.000089
2970 0.000084
2971 0.000084
2972 0.000054
2973 0.000116
2974 0.000095
2975 0.000074
2976 0.000106
2977 0.000057
2978 0.000051
2979 0.000137
2980 0.000038
2981 0.000093
2982 0.000025
2983 0.000026
2984 0.000114
2985 0.000083
2986 0.000109
2987 0.000062
2988 0.000103
2989 0.000034
2990 0.000108
2991 0.000047
2992 0.000165
2993 0.000019
2994 0.000075
2995 0.000019
2996 0.000097
2997 0.000071
2998 0.000097
2999 0.000128
3000 0.000100
3001 0.000041
3002 0.000031
3003 0.000106
3004 0.000059
3005 0.000072
3006 0.000045
3007 0.000077
3008 0.000029
3009 0.000019
3010 0.000079
3011 0.000129
3012 0.000090
3013 0.000153
3014 0.000139
3015 0.000061
3016 0.000147
3017 0.000043
3018 0.000084
3019 0.000045
3020 0.000071
3021 0.000066
3022 0.000085
3023 0.000114
3024 0.000038
3025 0.000037
3026 0.000070
3027 0.000066
3028 0.000085
3029 0.000192
3030 0.000103
3031 0.000181
3032 0.000085
3033 0.000044
3034 0.000038
3035 0.000072
3036 0.000061
3037 0.000200
3038 0.000035
3039 0.000392
3040 0.000042
3041 0.000198
3042 0.000330
3043 0.000068
3044 0.000154
3045 0.000098
3046 0.000127
3047 0.000124
3048 0.000095
3049 0.000045
3050 0.000163
3051 0.000092
3052 0.000484
3053 0.000107
3054 0.000050
3055 0.000095
3056 0.000083
3057 0.000317
3058 0.000217
3059 0.000139
3060 0.000120
3061 0.000160
3062 0.000019
3063 0.000099
3064 0.000054
3065 0.000267
3066 0.000081
3067 0.000178
3068 0.000159
3069 0.000085
3070 0.000184
3071 0.000047
3072 0.000106
3073 0.000157
3074 0.000083
3075 0.000019
3076 0.000090
3077 0.000125
3078 0.000092
3079 0.000164
3080 0.000054
3081 0.000206
3082 0.000074
3083 0.000070
3084 0.000115
3085 0.000074
3086 0.000178
3087 0.000165
3088 0.000107
3089 0.000129
3090 0.000048
3091 0.000051
3092 0.000043
3093 0.000142
3094 0.000038
3095 0.000046
3096 0.000029
3097 0.000149
3098 0.000186
3099 0.000107
3100 0.000030
3101 0.000071
3102 0.000102
3103 0.000070
3104 0.000113
3105 0.000081
3106 0.000184
3107 0.000085
3108 0.000034
3109 0.000019
3110 0.000245
3111 0.000167
3112 0.000068
3113 0.000039
3114 0.000050
3115 0.000107
3116 0.000053
3117 0.000155
3118 0.000050
3119 0.000138
3120 0.000055
3121 0.000075
3122 0.000125
3123 0.000109
3124 0.000155
3125 0.000124
3126 0.000082
3127 0.000043
3128 0.000228
3129 0.000116
3130 0.000065
3131 0.000019
3132 0.000062
3133 0.000105
3134 0.000035
3135 0.000225
3136 0.000126
3137 0.000109
3138 0.000051
3139 0.000043
3140 0.000081
3141 0.000111
3142 0.000019
3143 0.000121
3144 0.000019
3145 0.000052
3146 0.000051
3147 0.000036
3148 0.000128
3149 0.000142
3150 0.000067
3151 0.000042
3152 0.000162
3153 0.000131
3154 0.000234
3155 0.000067
3156 0.000083
3157 0.000094
3158 0.000163
3159 0.000069
3160 0.000124
3161 0.000119
3162 0.000094
3163 0.000065
3164 0.000088
3165 0.000057
3166 0.000091
3167 0.000079
3168 0.000125
3169 0.000094
3170 0.000069
3171 0.000030
3172 0.000223
3173 0.000074
3174 0.000057
3175 0.000057
3176 0.000092
3177 0.000081
3178 0.000172
3179 0.000061
3180 0.000208
3181 0.000089
3182 0.000019
3183 0.000110
3184 0.000038
3185 0.000066
3186 0.000144
3187 0.000057
3188 0.000091
3189 0.000123
3190 0.000169
3191 0.000067
3192 0.000214
3193 0.000087
3194 0.000087
3195 0.000037
3196 0.000096
3197 0.000121
3198 0.000088
3199 0.000113
3200 0.000019
3201 0.000055
3202 0.000065
3203 0.000060
3204 0.000195
3205 0.000023
3206 0.000089
3207 0.000057
3208 0.000177
3209 0.000148
3210 0.000077
3211 0.000071
3212 0.000066
3213 0.000088
3214 0.000069
3215 0.000116
3216 0.000150
3217 0.000028
3218 0.000104
3219 0.000019
3220 0.000078
3221 0.000173
3222 0.000042
3223 0.000051
3224 0.000019
3225 0.000043
3226 0.000030
3227 0.000062
3228 0.000197
3229 0.000069
3230 0.000019
3231 0.000054
3232 0.000194
3233 0.000188
3234 0.000113
3235 0.000061
3236 0.000113
3237 0.000041
3238 0.000090
3239 0.000034
3240 0.000048
3241 0.000114
3242 0.000126
3243 0.000096
3244 0.000052
3245 0.000087
3246 0.000066
3247 0.000062
3248 0.000189
3249 0.000053
3250 0.000062
3251 0.000182
3252 0.000074
3253 0.000103
3254 0.000217
3255 0.000186
3256 0.000030
3257 0.000019
3258 0.000030
3259 0.000029
3260 0.000153
3261 0.000054
3262 0.000042
3263 0.000076
3264 0.000323
3265 0.000037
3266 0.000101
3267 0.000152
3268 0.000160
3269 0.000019
3270 0.000059
3271 0.000082
3272 0.000077
3273 0.000019
3274 0.000019
3275 0.000246
3276 0.000030
3277 0.000109
3278 0.000108
3279 0.000098
3280 0.000025
3281 0.000077
3282 0.000049
3283 0.000050
3284 0.000119
3285 0.000044
3286 0.000128
3287 0.000107
3288 0.000095
3289 0.000106
3290 0.000034
3291 0.000198
3292 0.000052
3293 0.000147
3294 0.000041
3295 0.000115
3296 0.000092
3297 0.000093
3298 0.000156
3299 0.000136
3300 0.000055
3301 0.000037
3302 0.000086
3303 0.000057
3304 0.000085
3305 0.000077
3306 0.000049
3307 0.000019
3308 0.000149
3309 0.000255
3310 0.000110
3311 0.000108
3312 0.000268
3313 0.000117
3314 0.000169
3315 0.000122
3316 0.000049
3317 0.000019
3318 0.000112
3319 0.000065
3320 0.000131
3321 0.000054
3322 0.000063
3323 0.000066
3324 0.000019
3325 0.000049
3326 0.000172
3327 0.000046
3328 0.000140
3329 0.000048
3330 0.000135
3331 0.000054
3332 0.000085
3333 0.000048
3334 0.000152
3335 0.000148
3336 0.000019
3337 0.000070
3338 0.000151
3339 0.000107
3340 0.000082
3341 0.000048
3342 0.000135
3343 0.000121
3344 0.000019
3345 0.000195
3346 0.000082
3347 0.000025
3348 0.000115
3349 0.000070
3350 0.000243
3351 0.000117
3352 0.000033
3353 0.000059
3354 0.000048
3355 0.000080
3356 0.000108
3357 0.000081
3358 0.000075
3359 0.000044
3360 0.000144
3361 0.000136
3362 0.000033
3363 0.000024
3364 0.000098
3365 0.000186
3366 0.000019
3367 0.000048
3368 0.000225
3369 0.000073
3370 0.000111
3371 0.000204
3372 0.000052
3373 0.000111
3374 0.000026
3375 0.000201
3376 0.000156
3377 0.000053
3378 0.000172
3379 0.000152
3380 0.000146
3381 0.000044
3382 0.000083
3383 0.000029
3384 0.000103
3385 0.000111
3386 0.000041
3387 0.000319
3388 0.000072
3389 0.000139
3390 0.000124
3391 0.000073
3392 0.000062
3393 0.000220
3394 0.000195
3395 0.000128
3396 0.000252
3397 0.000052
3398 0.000115
3399 0.000106
3400 0.000067
3401 0.000076
3402 0.000093
3403 0.000090
3404 0.000350
3405 0.000076
3406 0.000121
3407 0.000079
3408 0.000171
3409 0.000236
3410 0.000124
3411 0.000126
3412 0.000196
3413 0.000072
3414 0.000071
3415 0.000279
3416 0.000033
3417 0.000042
3418 0.000059
3419 0.000059
3420 0.000160
3421 0.000068
3422 0.000078
3423 0.000086
3424 0.000075
3425 0.000157
3426 0.000019
3427 0.000086
3428 0.000216
3429 0.000097
3430 0.000019
3431 0.000043
3432 0.000065
3433 0.000053
3434 0.000236
3435 0.000137
3436 0.000248
3437 0.000068
3438 0.000214
3439 0.000041
3440 0.000057
3441 0.000110
3442 0.000076
3443 0.000069
3444 0.000043
3445 0.000058
3446 0.000124
3447 0.000040
3448 0.000255
3449 0.000086
3450 0.000061
3451 0.000171
3452 0.000126
3453 0.000095
3454 0.000129
3455 0.000019
3456 0.000027
3457 0.000051
3458 0.000069
3459 0.000120
3460 0.000060
3461 0.000327
3462 0.000019
3463 0.000107
3464 0.000221
3465 0.000059
3466 0.000053
3467 0.000095
3468 0.000092
3469 0.000022
3470 0.000030
3471 0.000322
3472 0.000078
3473 0.000146
3474 0.000039
3475 0.000099
3476 0.000190
3477 0.000161
3478 0.000025
3479 0.000064
3480 0.000266
3481 0.000124
3482 0.000126
3483 0.000070
3484 0.000056
3485 0.000069
3486 0.000032
3487 0.000082
3488 0.000052
3489 0.000118
3490 0.000202
3491 0.000155
3492 0.000075
3493 0.000288
3494 0.000156
3495 0.000087
3496 0.000101
3497 0.000023
3498 0.000040
3499 0.000045
3500 0.000108
3501 0.000048
3502 0.000147
3503 0.000021
3504 0.000146
3505 0.000051
3506 0.000030
3507 0.000077
3508 0.000041
3509 0.000136
3510 0.000068
3511 0.000215
3512 0.000125
3513 0.000083
3514 0.000112
3515 0.000070
3516 0.000032
3517 0.000097
3518 0.000022
3519 0.000095
3520 0.000032
3521 0.000060
3522 0.000135
3523 0.000027
3524 0.000049
3525 0.000031
3526 0.000159
3527 0.000078
3528 0.000065
3529 0.000126
3530 0.000169
3531 0.000119
3532 0.000099
3533 0.000282
3534 0.000106
3535 0.000129
3536 0.000035
3537 0.000070
3538 0.000135
3539 0.000023
3540 0.000038
3541 0.000151
3542 0.000050
3543 0.000048
3544 0.000054
3545 0.000064
3546 0.000218
3547 0.000106
3548 0.000198
3549 0.000077
3550 0.000116
3551 0.000060
3552 0.000096
3553 0.000093
3554 0.000194
3555 0.000251
3556 0.000072
3557 0.000060
3558 0.000196
3559 0.000050
3560 0.000105
3561 0.000019
3562 0.000271
3563 0.000116
3564 0.000140
3565 0.000063
3566 0.000131
3567 0.000071
3568 0.000146
3569 0.000181
3570 0.000141
3571 0.000052
3572 0.000019
3573 0.000136
3574 0.000066
3575 0.000019
3576 0.000097
3577 0.000282
3578 0.000162
3579 0.000045
3580 0.000130
3581 0.000037
3582 0.000128
3583 0.000142
3584 0.000033
3585 0.000098
3586 0.000064
3587 0.000137
3588 0.000095
3589 0.000079
3590 0.000050
3591 0.000065
3592 0.000078
3593 0.000093
3594 0.000114
3595 0.000044
3596 0.000097
3597 0.000145
3598 0.000104
3599 0.000077
3600 0.000117
3601 0.000059
3602 0.000062
3603 0.000068
3604 0.000034
3605 0.000019
3606 0.000019
3607 0.000111
3608 0.000365
3609 0.000172
3610 0.000055
3611 0.000064
3612 0.000127
3613 0.000159
3614 0.000064
3615 0.000072
3616 0.000068
3617 0.000052
3618 0.000067
3619 0.000109
3620 0.000112
3621 0.000194
3622 0.000065
3623 0.000109
3624 0.000019
3625 0.000136
3626 0.000092
3627 0.000161
3628 0.000113
3629 0.000019
3630 0.000033
3631 0.000063
3632 0.000041
3633 0.000071
3634 0.000115
3635 0.000065
3636 0.000116
3637 0.000069
3638 0.000044
3639 0.000041
3640 0.000065
3641 0.000161
3642 0.000110
3643 0.000074
3644 0.000183
3645 0.000081
3646 0.000125
3647 0.000029
3648 0.000112
3649 0.000054
3650 0.000132
3651 0.000098
3652 0.000073
3653 0.000130
3654 0.000151
3655 0.000051
3656 0.000070
3657 0.000201
3658 0.000108
3659 0.000130
3660 0.000064
3661 0.000149
3662 0.000068
3663 0.000081
3664 0.000083
3665 0.000038
3666 0.000193
3667 0.000084
3668 0.000078
3669 0.000085
3670 0.000019
3671 0.000150
3672 0.000105
3673 0.000053
3674 0.000062
3675 0.000175
3676 0.000115
3677 0.000117
3678 0.000061
3679 0.000084
3680 0.000132
3681 0.000063
3682 0.000041
3683 0.000128
3684 0.000153
3685 0.000066
3686 0.000088
3687 0.000027
3688 0.000036
3689 0.000040
3690 0.000133
3691 0.000201
3692 0.000126
3693 0.000038
3694 0.000143
3695 0.000051
3696 0.000073
3697 0.000132
3698 0.000047
3699 0.000027
3700 0.000196
3701 0.000034
3702 0.000103
3703 0.000092
3704 0.000065
3705 0.000077
3706 0.000148
3707 0.000063
3708 0.000161
3709 0.000232
3710 0.000070
3711 0.000064
3712 0.000074
3713 0.000160
3714 0.000179
3715 0.000097
3716 0.000127
3717 0.000070
3718 0.000036
3719 0.000087
3720 0.000074
3721 0.000078
3722 0.000042
3723 0.000034
3724 0.000038
3725 0.000129
3726 0.000045
3727 0.000036
3728 0.000234
3729 0.000019
3730 0.000145
3731 0.000042
3732 0.000096
3733 0.000130
3734 0.000091
3735 0.000170
3736 0.000019
3737 0.000101
3738 0.000050
3739 0.000043
3740 0.000072
3741 0.000070
3742 0.000107
3743 0.000111
3744 0.000154
3745 0.000087
3746 0.000060
3747 0.000059
3748 0.000034
3749 0.000105
3750 0.000142
3751 0.000285
3752 0.000065
3753 0.000093
3754 0.000019
3755 0.000091
3756 0.000038
3757 0.000040
3758 0.000019
3759 0.000061
3760 0.000119
3761 0.000124
3762 0.000111
3763 0.000119
3764 0.000081
3765 0.000153
3766 0.000111
3767 0.000044
3768 0.000075
3769 0.000101
3770 0.000129
3771 0.000019
3772 0.000171
3773 0.000040
3774 0.000084
3775 0.000047
3776 0.000099
3777 0.000050
3778 0.000130
3779 0.000019
3780 0.000052
3781 0.000123
3782 0.000069
3783 0.000154
3784 0.000091
3785 0.000245
3786 0.000057
3787 0.000036
3788 0.000063
3789 0.000037
3790 0.000032
3791 0.000150
3792 0.000025
3793 0.000075
3794 0.000266
3795 0.000059
3796 0.000101
3797 0.000034
3798 0.000090
3799 0.000089
3800 0.000027
3801 0.000112
3802 0.000155
3803 0.000109
3804 0.000092
3805 0.000077
3806 0.000043
3807 0.000070
3808 0.000149
3809 0.000034
3810 0.000204
3811 0.000096
3812 0.000086
3813 0.000144
3814 0.000062
3815 0.000019
3816 0.000063
3817 0.000322
3818 0.000057
3819 0.000074
3820 0.000058
3821 0.000208
3822 0.000195
3823 0.000084
3824 0.000090
3825 0.000083
3826 0.000180
3827 0.000027
3828 0.000049
3829 0.000098
3830 0.000109
3831 0.000051
3832 0.000027
3833 0.000068
3834 0.000050
3835 0.000036
3836 0.000105
3837 0.000019
3838 0.000094
3839 0.000057
3840 0.000097
3841 0.000097
3842 0.000180
3843 0.000025
3844 0.000066
3845 0.000271
3846 0.000193
3847 0.000033
3848 0.000090
3849 0.000085
3850 0.000149
3851 0.000063
3852 0.000123
3853 0.000182
3854 0.000100
3855 0.000136
3856 0.000019
3857 0.000086
3858 0.000061
3859 0.000035
3860 0.000126
3861 0.000031
3862 0.000193
3863 0.000088
3864 0.000036
3865 0.000301
3866 0.000046
3867 0.000043
3868 0.000173
3869 0.000139
3870 0.000116
3871 0.000169
3872 0.000109
3873 0.000135
3874 0.000098
3875 0.000019
3876 0.000059
3877 0.000019
3878 0.000199
3879 0.000129
3880 0.000078
3881 0.000080
3882 0.000069
3883 0.000095
3884 0.000040
3885 0.000019
3886 0.000060
3887 0.000048
3888 0.000040
3889 0.000092
3890 0.000133
3891 0.000135
3892 0.000086
3893 0.000156
3894 0.000067
3895 0.000174
3896 0.000019
3897 0.000051
3898 0.000027
3899 0.000062
3900 0.000095
3901 0.000043
3902 0.000019
3903 0.000111
3904 0.000055
3905 0.000128
3906 0.000064
3907 0.000128
3908 0.000075
3909 0.000215
3910 0.000066
3911 0.000039
3912 0.000065
3913 0.000132
3914 0.000019
3915 0.000033
3916 0.000081
3917 0.000063
3918 0.000054
3919 0.000189
3920 0.000158
3921 0.000180
3922 0.000027
3923 0.000019
3924 0.000059
3925 0.000104
3926 0.000025
3927 0.000173
3928 0.000082
3929 0.000098
3930 0.000041
3931 0.000037
3932 0.000032
3933 0.000143
3934 0.000090
3935 0.000105
3936 0.000031
3937 0.000108
3938 0.000072
3939 0.000032
3940 0.000139
3941 0.000190
3942 0.000060
3943 0.000122
3944 0.000049
3945 0.000019
3946 0.000075
3947 0.000075
3948 0.000127
3949 0.000072
3950 0.000099
3951 0.000111
3952 0.000044
3953 0.000142
3954 0.000053
3955 0.000215
3956 0.000051
3957 0.000045
3958 0.000076
3959 0.000064
3960 0.000039
3961 0.000070
3962 0.000136
3963 0.000051
3964 0.000171
3965 0.000190
3966 0.000170
3967 0.000106
3968 0.000124
3969 0.000112
3970 0.000151
3971 0.000040
3972 0.000160
3973 0.000045
3974 0.000132
3975 0.000080
3976 0.000125
3977 0.000171
3978 0.000064
3979 0.000057
3980 0.000046
3981 0.000029
3982 0.000071
3983 0.000113
3984 0.000094
3985 0.000084
3986 0.000099
3987 0.000068
3988 0.000048
3989 0.000124
3990 0.000081
3991 0.000145
3992 0.000299
3993 0.000019
3994 0.000137
3995 0.000114
3996 0.000059
3997 0.000035
3998 0.000032
3999 0.000092
4000 0.000122
4001 0.000142
4002 0.000154
4003 0.000155
4004 0.000082
4005 0.000096
4006 0.000168
4007 0.000038
4008 0.000122
4009 0.000189
4010 0.000019
4011 0.000190
4012 0.000081
4013 0.000055
4014 0.000096
4015 0.000053
4016 0.000097
4017 0.000038
4018 0.000057
4019 0.000080
4020 0.000146
4021 0.000062
4022 0.000119
4023 0.000172
4024 0.000107
4025 0.000292
4026 0.000085
4027 0.000200
4028 0.000168
4029 0.000033
4030 0.000127
4031 0.000119
4032 0.000114
4033 0.000088
4034 0.000101
4035 0.000115
4036 0.000019
4037 0.000081
4038 0.000132
4039 0.000080
4040 0.000077
4041 0.000099
4042 0.000131
4043 0.000149
4044 0.000062
4045 0.000256
4046 0.000087
4047 0.000266
4048 0.000019
4049 0.000116
4050 0.000148
4051 0.000121
4052 0.000039
4053 0.000042
4054 0.000113
4055 0.000126
4056 0.000063
4057 0.000127
4058 0.000019
4059 0.000130
4060 0.000136
4061 0.000043
4062 0.000109
4063 0.000019
4064 0.000047
4065 0.000038
4066 0.000169
4067 0.000125
4068 0.000149
4069 0.000019
4070 0.000065
4071 0.000043
4072 0.000170
4073 0.000189
4074 0.000123
4075 0.000123
4076 0.000063
4077 0.000035
4078 0.000163
4079 0.000180
4080 0.000063
4081 0.000283
4082 0.000096
4083 0.000119
4084 0.000048
4085 0.000019
4086 0.000081
4087 0.000327
4088 0.000071
4089 0.000052
4090 0.000066
4091 0.000087
4092 0.000160
4093 0.000061
4094 0.000093
4095 0.000031
4096 0.000120
4097 0.000034
4098 0.000035
4099 0.000082
4100 0.000036
4101 0.000181
4102 0.000123
4103 0.000081
4104 0.000206
4105 0.000067
4106 0.000034
4107 0.000104
4108 0.000019
4109 0.000031
4110 0.000019
4111 0.000081
4112 0.000062
4113 0.000076
4114 0.000078
4115 0.000140
4116 0.000091
4117 0.000110
4118 0.000123
4119 0.000083
4120 0.000066
4121 0.000109
4122 0.000226
4123 0.000110
4124 0.000065
4125 0.000088
4126 0.000075
4127 0.000062
4128 0.000060
4129 0.000099
4130 0.000145
4131 0.000046
4132 0.000019
4133 0.000071
4134 0.000118
4135 0.000060
4136 0.000102
4137 0.000287
4138 0.000082
4139 0.000148
4140 0.000192
4141 0.000073
4142 0.000109
4143 0.000171
4144 0.000061
4145 0.000048
4146 0.000238
4147 0.000139
4148 0.000122
4149 0.000078
4150 0.000059
4151 0.000095
4152 0.000039
4153 0.000055
4154 0.000019
4155 0.000178
4156 0.000019
4157 0.000102
4158 0.000095
4159 0.000026
4160 0.000058
4161 0.000118
4162 0.000106
4163 0.000126
4164 0.000149
4165 0.000079
4166 0.000139
4167 0.000053
4168 0.000053
4169 0.000059
4170 0.000087
4171 0.000043
4172 0.000115
4173 0.000096
4174 0.000140
4175 0.000019
4176 0.000162
4177 0.000061
4178 0.000019
4179 0.000157
4180 0.000100
4181 0.000067
4182 0.000046
4183 0.000061
4184 0.000103
4185 0.000240
4186 0.000029
4187 0.000082
4188 0.000203
4189 0.000076
4190 0.000123
4191 0.000106
4192 0.000028
4193 0.000116
4194 0.000068
4195 0.000267
4196 0.000100
4197 0.000073
4198 0.000094
4199 0.000063
4200 0.000037
4201 0.000092
4202 0.000019
4203 0.000110
4204 0.000019
4205 0.000153
4206 0.000211
4207 0.000019
4208 0.000135
4209 0.000108
4210 0.000031
4211 0.000089
4212 0.000065
4213 0.000139
4214 0.000087
4215 0.000123
4216 0.000070
4217 0.000141
4218 0.000056
4219 0.000019
4220 0.000024
4221 0.000138
4222 0.000071
4223 0.000031
4224 0.000141
4225 0.000107
4226 0.000019
4227 0.000101
4228 0.000055
4229 0.000087
4230 0.000120
4231 0.000059
4232 0.000101
4233 0.000104
4234 0.000052
4235 0.000056
4236 0.000068
4237 0.000251
4238 0.000068
4239 0.000065
4240 0.000057
4241 0.000023
4242 0.000047
4243 0.000206
4244 0.000079
4245 0.000043
4246 0.000058
4247 0.000173
4248 0.000064
4249 0.000054
4250 0.000094
4251 0.000053
4252 0.000140
4253 0.000122
4254 0.000096
4255 0.000254
4256 0.000113
4257 0.000063
4258 0.000049
4259 0.000121
4260 0.000087
4261 0.000148
4262 0.000108
4263 0.000153
4264 0.000152
4265 0.000076
4266 0.000067
4267 0.000163
4268 0.000019
4269 0.000059
4270 0.000121
4271 0.000073
4272 0.000184
4273 0.000092
4274 0.000031
4275 0.000048
4276 0.000041
4277 0.000139
4278 0.000208
4279 0.000134
4280 0.000164
4281 0.000116
4282 0.000144
4283 0.000083
4284 0.000076
4285 0.000254
4286 0.000037
4287 0.000280
4288 0.000084
4289 0.000189
4290 0.000193
4291 0.000175
4292 0.000095
4293 0.000023
4294 0.000252
4295 0.000096
4296 0.000116
4297 0.000019
4298 0.000079
4299 0.000065
4300 0.000069
4301 0.000019
4302 0.000027
4303 0.000247
4304 0.000075
4305 0.000130
4306 0.000299
4307 0.000032
4308 0.000074
4309 0.000059
4310 0.000092
4311 0.000033
4312 0.000037
4313 0.000126
4314 0.000086
4315 0.000100
4316 0.000161
4317 0.000151
4318 0.000160
4319 0.000097
4320 0.000158
4321 0.000150
4322 0.000147
4323 0.000043
4324 0.000132
4325 0.000028
4326 0.000058
4327 0.000053
4328 0.000139
4329 0.000040
4330 0.000019
4331 0.000019
4332 0.000058
4333 0.000124
4334 0.000109
4335 0.000039
4336 0.000106
4337 0.000418
4338 0.000288
4339 0.000060
4340 0.000071
4341 0.000108
4342 0.000126
4343 0.000024
4344 0.000183
4345 0.000120
4346 0.000063
4347 0.000076
4348 0.000060
4349 0.000047
4350 0.000208
4351 0.000038
4352 0.000030
4353 0.000075
4354 0.000118
4355 0.000031
4356 0.000088
4357 0.000069
4358 0.000128
4359 0.000034
4360 0.000164
4361 0.000040
4362 0.000129
4363 0.000078
4364 0.000019
4365 0.000086
4366 0.000064
4367 0.000065
4368 0.000089
4369 0.000055
4370 0.000080
4371 0.000030
4372 0.000072
4373 0.000084
4374 0.000164
4375 0.000106
4376 0.000079
4377 0.000049
4378 0.000065
4379 0.000177
4380 0.000028
4381 0.000060
4382 0.000070
4383 0.000039
4384 0.000057
4385 0.000346
4386 0.000148
4387 0.000139
4388 0.000042
4389 0.000074
4390 0.000071
4391 0.000129
4392 0.000019
4393 0.000027
4394 0.000199
4395 0.000070
4396 0.000094
4397 0.000103
4398 0.000059
4399 0.000074
4400 0.000139
4401 0.000245
4402 0.000190
4403 0.000058
4404 0.000051
4405 0.000071
4406 0.000102
4407 0.000178
4408 0.000104
4409 0.000136
4410 0.000083
4411 0.000029
4412 0.000106
4413 0.000129
4414 0.000080
4415 0.000054
4416 0.000127
4417 0.000194
4418 0.000023
4419 0.000131
4420 0.000137
4421 0.000115
4422 0.000115
4423 0.000019
4424 0.000034
4425 0.000109
4426 0.000080
4427 0.000051
4428 0.000184
4429 0.000083
4430 0.000062
4431 0.000418
4432 0.000044
4433 0.000110
4434 0.000035
4435 0.000053
4436 0.000064
4437 0.000105
4438 0.000169
4439 0.000093
4440 0.000035
4441 0.000242
4442 0.000050
4443 0.000134
4444 0.000114
4445 0.000110
4446 0.000119
4447 0.000098
4448 0.000165
4449 0.000203
4450 0.000111
4451 0.000078
4452 0.000023
4453 0.000043
4454 0.000237
4455 0.000216
4456 0.000110
4457 0.000019
4458 0.000308
4459 0.000339
4460 0.000066
4461 0.000086
4462 0.000048
4463 0.000098
4464 0.000098
4465 0.000273
4466 0.000292
4467 0.000188
4468 0.000027
4469 0.000054
4470 0.000108
4471 0.000251
4472 0.000075
4473 0.000019
4474 0.000028
4475 0.000090
4476 0.000044
4477 0.000064
4478 0.000142
4479 0.000091
4480 0.000087
4481 0.000146
4482 0.000019
4483 0.000160
4484 0.000032
4485 0.000191
4486 0.000088
4487 0.000142
4488 0.000068
4489 0.000071
4490 0.000081
4491 0.000091
4492 0.000139
4493 0.000116
4494 0.000113
4495 0.000050
4496 0.000245
4497 0.000032
4498 0.000090
4499 0.000019
4500 0.000056
4501 0.000255
4502 0.000212
4503 0.000035
4504 0.000030
4505 0.000080
4506 0.000156
4507 0.000050
4508 0.000080
4509 0.000213
4510 0.000085
4511 0.000045
4512 0.000130
4513 0.000089
4514 0.000091
4515 0.000106
4516 0.000055
4517 0.000019
4518 0.000088
4519 0.000105
4520 0.000140
4521 0.000112
4522 0.000052
4523 0.000104
4524 0.000094
4525 0.000086
4526 0.000162
4527 0.000062
4528 0.000054
4529 0.000188
4530 0.000147
4531 0.000030
4532 0.000105
4533 0.000132
4534 0.000060
4535 0.000113
4536 0.000085
4537 0.000088
4538 0.000037
4539 0.000050
4540 0.000136
4541 0.000134
4542 0.000195
4543 0.000034
4544 0.000138
4545 0.000160
4546 0.000102
4547 0.000050
4548 0.000046
4549 0.000108
4550 0.000123
4551 0.000043
4552 0.000111
4553 0.000192
4554 0.000167
4555 0.000121
4556 0.000094
4557 0.000073
4558 0.000255
4559 0.000110
4560 0.000100
4561 0.000045
4562 0.000086
4563 0.000199
4564 0.000099
4565 0.000182
4566 0.000098
4567 0.000082
4568 0.000028
4569 0.000071
4570 0.000019
4571 0.000185
4572 0.000199
4573 0.000149
4574 0.000029
4575 0.000305
4576 0.000060
4577 0.000106
4578 0.000156
4579 0.000212
4580 0.000178
4581 0.000119
4582 0.000081
4583 0.000103
4584 0.000353
4585 0.000028
4586 0.000071
4587 0.000031
4588 0.000036
4589 0.000073
4590 0.000166
4591 0.000019
4592 0.000109
4593 0.000101
4594 0.000102
4595 0.000059
4596 0.000132
4597 0.000215
4598 0.000101
4599 0.000034
4600 0.000109
4601 0.000070
4602 0.000150
4603 0.000059
4604 0.000057
4605 0.000055
4606 0.000142
4607 0.000048
4608 0.000486
4609 0.000083
4610 0.000216
4611 0.000136
4612 0.000039
4613 0.000082
4614 0.000029
4615 0.000143
4616 0.000098
4617 0.000207
4618 0.000157
4619 0.000079
4620 0.000110
4621 0.000160
4622 0.000032
4623 0.000043
4624 0.000080
4625 0.000098
4626 0.000072
4627 0.000065
4628 0.000058
4629 0.000049
4630 0.000066
4631 0.000090
4632 0.000073
4633 0.000181
4634 0.000058
4635 0.000063
4636 0.000049
4637 0.000142
4638 0.000131
4639 0.000060
4640 0.000036
4641 0.000173
4642 0.000054
4643 0.000032
4644 0.000081
4645 0.000019
4646 0.000056
4647 0.000070
4648 0.000127
4649 0.000174
4650 0.000049
4651 0.000077
4652 0.000076
4653 0.000063
4654 0.000093
4655 0.000079
4656 0.000148
4657 0.000133
4658 0.000209
4659 0.000107
4660 0.000144
4661 0.000109
4662 0.000071
4663 0.000134
4664 0.000080
4665 0.000180
4666 0.000090
4667 0.000074
4668 0.000235
4669 0.000053
4670 0.000053
4671 0.000050
4672 0.000019
4673 0.000336
4674 0.000081
4675 0.000134
4676 0.000153
4677 0.000049
4678 0.000032
4679 0.000103
4680 0.000139
4681 0.000073
4682 0.000031
4683 0.000074
4684 0.000039
4685 0.000047
4686 0.000067
4687 0.000025
4688 0.000151
4689 0.000043
4690 0.000072
4691 0.000026
4692 0.000069
4693 0.000086
4694 0.000122
4695 0.000070
4696 0.000070
4697 0.000019
4698 0.000211
4699 0.000243
4700 0.000056
4701 0.000053
4702 0.000139
4703 0.000063
4704 0.000019
4705 0.000141
4706 0.000261
4707 0.000064
4708 0.000030
4709 0.000179
4710 0.000031
4711 0.000076
4712 0.000067
4713 0.000028
4714 0.000219
4715 0.000203
4716 0.000063
4717 0.000185
4718 0.000137
4719 0.000142
4720 0.000065
4721 0.000029
4722 0.000100
4723 0.000058
4724 0.000025
4725 0.000113
4726 0.000069
4727 0.000129
4728 0.000051
4729 0.000112
4730 0.000048
4731 0.000092
4732 0.000041
4733 0.000019
4734 0.000152
4735 0.000035
4736 0.000194
4737 0.000148
4738 0.000328
4739 0.000189
4740 0.000213
4741 0.000087
4742 0.000264
4743 0.000163
4744 0.000109
4745 0.000165
4746 0.000210
4747 0.000149
4748 0.000156
4749 0.000053
4750 0.000072
4751 0.000045
4752 0.000061
4753 0.000059
4754 0.000207
4755 0.000034
4756 0.000019
4757 0.000092
4758 0.000052
4759 0.000057
4760 0.000086
4761 0.000094
4762 0.000121
4763 0.000019
4764 0.000168
4765 0.000189
4766 0.000058
4767 0.000136
4768 0.000053
4769 0.000364
4770 0.000103
4771 0.000105
4772 0.000144
4773 0.000053
4774 0.000034
4775 0.000194
4776 0.000031
4777 0.000134
4778 0.000091
4779 0.000019
4780 0.000145
4781 0.000144
4782 0.000070
4783 0.000118
4784 0.000051
4785 0.000116
4786 0.000145
4787 0.000120
4788 0.000135
4789 0.000129
4790 0.000019
4791 0.000120
4792 0.000069
4793 0.000037
4794 0.000056
4795 0.000120
4796 0.000054
4797 0.000049
4798 0.000088
4799 0.000109
4800 0.000190
4801 0.000059
4802 0.000025
4803 0.000093
4804 0.000072
4805 0.000047
4806 0.000136
4807 0.000087
4808 0.000049
4809 0.000122
4810 0.000019
4811 0.000053
4812 0.000189
4813 0.000182
4814 0.000131
4815 0.000076
4816 0.000096
4817 0.000140
4818 0.000072
4819 0.000178
4820 0.000119
4821 0.000090
4822 0.000055
4823 0.000046
4824 0.000019
4825 0.000086
4826 0.000042
4827 0.000065
4828 0.000193
4829 0.000033
4830 0.000051
4831 0.000265
4832 0.000099
4833 0.000139
4834 0.000079
4835 0.000161
4836 0.000053
4837 0.000044
4838 0.000019
4839 0.000042
4840 0.000130
4841 0.000090
4842 0.000130
4843 0.000099
4844 0.000175
4845 0.000056
4846 0.000143
4847 0.000051
4848 0.000019
4849 0.000153
4850 0.000019
4851 0.000047
4852 0.000218
4853 0.000299
4854 0.000061
4855 0.000037
4856 0.000019
4857 0.000053
4858 0.000019
4859 0.000142
4860 0.000046
4861 0.000204
4862 0.000364
4863 0.000054
4864 0.000166
4865 0.000032
4866 0.000067
4867 0.000074
4868 0.000201
4869 0.000059
4870 0.000076
4871 0.000064
4872 0.000069
4873 0.000098
4874 0.000115
4875 0.000145
4876 0.000124
4877 0.000048
4878 0.000126
4879 0.000244
4880 0.000019
4881 0.000069
4882 0.000132
4883 0.000051
4884 0.000189
4885 0.000141
4886 0.000050
4887 0.000029
4888 0.000076
4889 0.000109
4890 0.000124
4891 0.000195
4892 0.000046
4893 0.000019
4894 0.000034
4895 0.000146
4896 0.000088
4897 0.000067
4898 0.000019
4899 0.000035
4900 0.000093
4901 0.000065
4902 0.000095
4903 0.000129
4904 0.000246
4905 0.000019
4906 0.000054
4907 0.000071
4908 0.000139
4909 0.000019
4910 0.000054
4911 0.000072
4912 0.000100
4913 0.000158
4914 0.000069
4915 0.000082
4916 0.000061
4917 0.000199
4918 0.000114
4919 0.000174
4920 0.000284
4921 0.000195
4922 0.000100
4923 0.000068
4924 0.000113
4925 0.000144
4926 0.000053
4927 0.000055
4928 0.000055
4929 0.000075
4930 0.000120
4931 0.000044
4932 0.000060
4933 0.000143
4934 0.000064
4935 0.000086
4936 0.000148
4937 0.000186
4938 0.000144
4939 0.000071
4940 0.000197
4941 0.000134
4942 0.000227
4943 0.000056
4944 0.000092
4945 0.000048
4946 0.000068
4947 0.000211
4948 0.000058
4949 0.000045
4950 0.000086
4951 0.000195
4952 0.000056
4953 0.000271
4954 0.000061
4955 0.000137
4956 0.000052
4957 0.000133
4958 0.000052
4959 0.000141
4960 0.000168
4961 0.000043
4962 0.000091
4963 0.000336
4964 0.000104
4965 0.000059
4966 0.000173
4967 0.000171
4968 0.000041
4969 0.000062
4970 0.000049
4971 0.000178
4972 0.000034
4973 0.000126
4974 0.000053
4975 0.000151
4976 0.000138
4977 0.000031
4978 0.000086
4979 0.000072
4980 0.000019
4981 0.000192
4982 0.000060
4983 0.000098
4984 0.000030
4985 0.000317
4986 0.000161
4987 0.000149
4988 0.000054
4989 0.000190
4990 0.000107
4991 0.000080
4992 0.000077
4993 0.000043
4994 0.000025
4995 0.000109
4996 0.000043
4997 0.000083
4998 0.000103
4999 0.000120
5000 0.000091
5001 0.000068
5002 0.000196
5003 0.000061
5004 0.000108
5005 0.000046
5006 0.000088
5007 0.000049
5008 0.000141
5009 0.000059
5010 0.000019
5011 0.000204
5012 0.000034
5013 0.000049
5014 0.000121
5015 0.000135
5016 0.000114
5017 0.000049
5018 0.000071
5019 0.000043
5020 0.000120
5021 0.000067
5022 0.000110
5023 0.000110
5024 0.000070
5025 0.000019
5026 0.000072
5027 0.000104
5028 0.000163
5029 0.000159
5030 0.000056
5031 0.000145
5032 0.000050
5033 0.000082
5034 0.000044
5035 0.000074
5036 0.000192
5037 0.000045
5038 0.000054
5039 0.000183
5040 0.000032
5041 0.000028
5042 0.000024
5043 0.000075
5044 0.000070
5045 0.000078
5046 0.000023
5047 0.000080
5048 0.000184
5049 0.000101
5050 0.000123
5051 0.000180
5052 0.000065
5053 0.000116
5054 0.000151
5055 0.000058
5056 0.000123
5057 0.000107
5058 0.000126
5059 0.000019
5060 0.000081
5061 0.000081
5062 0.000075
5063 0.000054
5064 0.000229
5065 0.000052
5066 0.000148
5067 0.000134
5068 0.000074
5069 0.000159
5070 0.000050
5071 0.000200
5072 0.000110
5073 0.000063
5074 0.000127
5075 0.000152
5076 0.000030
5077 0.000019
5078 0.000045
5079 0.000055
5080 0.000231
5081 0.000044
5082 0.000036
5083 0.000111
5084 0.000019
5085 0.000057
5086 0.000047
5087 0.000265
5088 0.000019
5089 0.000071
5090 0.000034
5091 0.000126
5092 0.000189
5093 0.000039
5094 0.000049
5095 0.000140
5096 0.000069
5097 0.000032
5098 0.000143
5099 0.000032
5100 0.000135
5101 0.000127
5102 0.000019
5103 0.000055
5104 0.000051
5105 0.000128
5106 0.000092
5107 0.000327
5108 0.000150
5109 0.000078
5110 0.000181
5111 0.000073
5112 0.000217
5113 0.000039
5114 0.000063
5115 0.000162
5116 0.000175
5117 0.000057
5118 0.000218
5119 0.000067
5120 0.000142
5121 0.000100
5122 0.000112
5123 0.000175
5124 0.000030
5125 0.000036
5126 0.000064
5127 0.000082
5128 0.000077
5129 0.000086
5130 0.000022
5131 0.000086
5132 0.000028
5133 0.000186
5134 0.000254
5135 0.000025
5136 0.000109
5137 0.000169
5138 0.000109
5139 0.000197
5140 0.000139
5141 0.000082
5142 0.000063
5143 0.000071
5144 0.000043
5145 0.000086
5146 0.000048
5147 0.000224
5148 0.000058
5149 0.000035
5150 0.000096
5151 0.000059
5152 0.000409
5153 0.000149
5154 0.000111
5155 0.000070
5156 0.000234
5157 0.000186
5158 0.000070
5159 0.000062
5160 0.000095
5161 0.000144
5162 0.000053
5163 0.000079
5164 0.000225
5165 0.000041
5166 0.000162
5167 0.000067
5168 0.000162
5169 0.000076
5170 0.000195
5171 0.000066
5172 0.000081
5173 0.000019
5174 0.000106
5175 0.000032
5176 0.000059
5177 0.000063
5178 0.000135
5179 0.000207
5180 0.000175
5181 0.000088
5182 0.000042
5183 0.000195
5184 0.000111
5185 0.000200
5186 0.000101
5187 0.000113
5188 0.000081
5189 0.000030
5190 0.000101
5191 0.000110
5192 0.000019
5193 0.000173
5194 0.000196
5195 0.000101
5196 0.000043
5197 0.000123
5198 0.000071
5199 0.000280
5200 0.000117
5201 0.000154
5202 0.000094
5203 0.000141
5204 0.000019
5205 0.000049
5206 0.000279
5207 0.000049
5208 0.000033
5209 0.000151
5210 0.000105
5211 0.000070
5212 0.000090
5213 0.000043
5214 0.000096
5215 0.000177
5216 0.000028
5217 0.000078
5218 0.000099
5219 0.000083
5220 0.000062
5221 0.000088
5222 0.000071
5223 0.000025
5224 0.000065
5225 0.000205
5226 0.000057
5227 0.000053
5228 0.000042
5229 0.000077
5230 0.000160
5231 0.000142
5232 0.000133
5233 0.000243
5234 0.000178
5235 0.000107
5236 0.000171
5237 0.000211
5238 0.000121
5239 0.000172
5240 0.000114
5241 0.000074
5242 0.000051
5243 0.000132
5244 0.000109
5245 0.000096
5246 0.000148
5247 0.000126
5248 0.000019
5249 0.000070
5250 0.000109
5251 0.000019
5252 0.000019
5253 0.000173
5254 0.000106
5255 0.000019
5256 0.000019
5257 0.000169
5258 0.000099
5259 0.000118
5260 0.000105
5261 0.000059
5262 0.000127
5263 0.000222
5264 0.000082
5265 0.000079
5266 0.000069
5267 0.000066
5268 0.000112
5269 0.000122
5270 0.000172
5271 0.000088
5272 0.000154
5273 0.000038
5274 0.000138
5275 0.000059
5276 0.000064
5277 0.000102
5278 0.000088
5279 0.000234
5280 0.000149
5281 0.000166
5282 0.000019
5283 0.000041
5284 0.000075
5285 0.000162
5286 0.000117
5287 0.000069
5288 0.000125
5289 0.000114
5290 0.000102
5291 0.000241
5292 0.000165
5293 0.000131
5294 0.000115
5295 0.000307
5296 0.000135
5297 0.000091
5298 0.000053
5299 0.000087
5300 0.000035
5301 0.000093
5302 0.000061
5303 0.000082
5304 0.000071
5305 0.000019
5306 0.000031
5307 0.000099
5308 0.000085
5309 0.000037
5310 0.000019
5311 0.000068
5312 0.000036
5313 0.000129
5314 0.000128
5315 0.000040
5316 0.000080
5317 0.000110
5318 0.000135
5319 0.000068
5320 0.000054
5321 0.000019
5322 0.000148
5323 0.000064
5324 0.000035
5325 0.000154
5326 0.000144
5327 0.000049
5328 0.000061
5329 0.000019
5330 0.000241
5331 0.000055
5332 0.000076
5333 0.000085
5334 0.000019
5335 0.000051
5336 0.000058
5337 0.000113
5338 0.000027
5339 0.000054
5340 0.000204
5341 0.000125
5342 0.000060
5343 0.000150
5344 0.000052
5345 0.000053
5346 0.000080
5347 0.000023
5348 0.000067
5349 0.000110
5350 0.000086
5351 0.000078
5352 0.000108
5353 0.000189
5354 0.000063
5355 0.000121
5356 0.000085
5357 0.000127
5358 0.000174
5359 0.000204
5360 0.000048
5361 0.000093
5362 0.000041
5363 0.000295
5364 0.000202
5365 0.000060
5366 0.000180
5367 0.000060
5368 0.000087
5369 0.000112
5370 0.000079
5371 0.000122
5372 0.000056
5373 0.000049
5374 0.000019
5375 0.000071
5376 0.000084
5377 0.000080
5378 0.000101
5379 0.000037
5380 0.000019
5381 0.000064
5382 0.000104
5383 0.000197
5384 0.000086
5385 0.000032
5386 0.000165
5387 0.000091
5388 0.000056
5389 0.000066
5390 0.000019
5391 0.000033
5392 0.000019
5393 0.000227
5394 0.000165
5395 0.000248
5396 0.000042
5397 0.000098
5398 0.000132
5399 0.000128
5400 0.000266
5401 0.000070
5402 0.000204
5403 0.000065
5404 0.000268
5405 0.000054
5406 0.000055
5407 0.000096
5408 0.000064
5409 0.000129
5410 0.000114
5411 0.000044
5412 0.000044
5413 0.000153
5414 0.000038
5415 0.000113
5416 0.000072
5417 0.000056
5418 0.000060
5419 0.000059
5420 0.000253
5421 0.000157
5422 0.000030
5423 0.000078
5424 0.000241
5425 0.000087
5426 0.000191
5427 0.000057
5428 0.000019
5429 0.000130
5430 0.000041
5431 0.000123
5432 0.000074
5433 0.000092
5434 0.000060
5435 0.000139
5436 0.000068
5437 0.000127
5438 0.000019
5439 0.000082
5440 0.000049
5441 0.000192
5442 0.000090
5443 0.000019
5444 0.000053
5445 0.000160
5446 0.000105
5447 0.000062
5448 0.000051
5449 0.000184
5450 0.000084
5451 0.000072
5452 0.000098
5453 0.000110
5454 0.000243
5455 0.000065
5456 0.000105
5457 0.000113
5458 0.000153
5459 0.000046
5460 0.000221
5461 0.000098
5462 0.000044
5463 0.000058
5464 0.000157
5465 0.000054
5466 0.000157
5467 0.000084
5468 0.000108
5469 0.000197
5470 0.000025
5471 0.000098
5472 0.000205
5473 0.000133
5474 0.000038
5475 0.000040
5476 0.000051
5477 0.000168
5478 0.000030
5479 0.000067
5480 0.000095
5481 0.000041
5482 0.000134
5483 0.000245
5484 0.000113
5485 0.000019
5486 0.000102
5487 0.000041
5488 0.000095
5489 0.000058
5490 0.000127
5491 0.000153
5492 0.000126
5493 0.000132
5494 0.000040
5495 0.000106
5496 0.000128
5497 0.000038
5498 0.000164
5499 0.000205
5500 0.000044
5501 0.000048
5502 0.000081
5503 0.000183
5504 0.000088
5505 0.000055
5506 0.000047
5507 0.000088
5508 0.000162
5509 0.000096
5510 0.000049
5511 0.000083
5512 0.000160
5513 0.000027
5514 0.000069
5515 0.000197
5516 0.000070
5517 0.000096
5518 0.000224
5519 0.000069
5520 0.000113
5521 0.000047
5522 0.000026
5523 0.000121
5524 0.000082
5525 0.000096
5526 0.000069
5527 0.000255
5528 0.000155
5529 0.000118
5530 0.000134
5531 0.000109
5532 0.000050
5533 0.000037
5534 0.000145
5535 0.000153
5536 0.000184
5537 0.000038
5538 0.000298
5539 0.000050
5540 0.000048
5541 0.000019
5542 0.000078
5543 0.000132
5544 0.000176
5545 0.000105
5546 0.000118
5547 0.000079
5548 0.000042
5549 0.000165
5550 0.000025
5551 0.000042
5552 0.000133
5553 0.000022
5554 0.000077
5555 0.000082
5556 0.000037
5557 0.000061
5558 0.000055
5559 0.000029
5560 0.000051
5561 0.000078
5562 0.000130
5563 0.000058
5564 0.000121
5565 0.000029
5566 0.000059
5567 0.000094
5568 0.000258
5569 0.000117
5570 0.000137
5571 0.000060
5572 0.000038
5573 0.000159
5574 0.000134
5575 0.000218
5576 0.000083
5577 0.000051
5578 0.000243
5579 0.000019
5580 0.000051
5581 0.000083
5582 0.000212
5583 0.000019
5584 0.000019
5585 0.000100
5586 0.000049
5587 0.000232
5588 0.000047
5589 0.000019
5590 0.000046
5591 0.000067
5592 0.000157
5593 0.000115
5594 0.000170
5595 0.000116
5596 0.000127
5597 0.000140
5598 0.000078
5599 0.000019
5600 0.000098
5601 0.000099
5602 0.000059
5603 0.000184
5604 0.000248
5605 0.000033
5606 0.000019
5607 0.000048
5608 0.000069
5609 0.000081
5610 0.000102
5611 0.000168
5612 0.000019
5613 0.000140
5614 0.000089
5615 0.000093
5616 0.000058
5617 0.000107
5618 0.000243
5619 0.000038
5620 0.000195
5621 0.000311
5622 0.000019
5623 0.000136
5624 0.000109
5625 0.000121
5626 0.000168
5627 0.000122
5628 0.000082
5629 0.000058
5630 0.000116
5631 0.000028
5632 0.000184
5633 0.000069
5634 0.000019
5635 0.000079
5636 0.000049
5637 0.000019
5638 0.000131
5639 0.000064
5640 0.000131
5641 0.000027
5642 0.000148
5643 0.000337
5644 0.000187
5645 0.000071
5646 0.000098
5647 0.000054
5648 0.000082
5649 0.000094
5650 0.000031
5651 0.000115
5652 0.000074
5653 0.000216
5654 0.000086
5655 0.000045
5656 0.000098
5657 0.000061
5658 0.000158
5659 0.000019
5660 0.000069
5661 0.000048
5662 0.000116
5663 0.000033
5664 0.000065
5665 0.000105
5666 0.000186
5667 0.000066
5668 0.000019
5669 0.000077
5670 0.000040
5671 0.000057
5672 0.000220
5673 0.000069
5674 0.000056
5675 0.000111
5676 0.000063
5677 0.000085
5678 0.000041
5679 0.000148
5680 0.000040
5681 0.000300
5682 0.000100
5683 0.000119
5684 0.000072
5685 0.000107
5686 0.000068
5687 0.000032
5688 0.000125
5689 0.000019
5690 0.000199
5691 0.000036
5692 0.000099
5693 0.000139
5694 0.000183
5695 0.000128
5696 0.000068
5697 0.000082
5698 0.000082
5699 0.000101
5700 0.000032
5701 0.000097
5702 0.000047
5703 0.000033
5704 0.000099
5705 0.000156
5706 0.000059
5707 0.000171
5708 0.000039
5709 0.000091
5710 0.000105
5711 0.000069
5712 0.000120
5713 0.000029
5714 0.000205
5715 0.000146
5716 0.000065
5717 0.000082
5718 0.000137
5719 0.000067
5720 0.000043
5721 0.000045
5722 0.000175
5723 0.000060
5724 0.000230
5725 0.000052
5726 0.000037
5727 0.000040
5728 0.000059
5729 0.000044
5730 0.000074
5731 0.000118
5732 0.000034
5733 0.000064
5734 0.000125
5735 0.000084
5736 0.000056
5737 0.000044
5738 0.000032
5739 0.000055
5740 0.000068
5741 0.000067
5742 0.000123
5743 0.000046
5744 0.000096
5745 0.000034
5746 0.000071
5747 0.000031
5748 0.000064
5749 0.000086
5750 0.000026
5751 0.000153
5752 0.000143
5753 0.000151
5754 0.000062
5755 0.000072
5756 0.000094
5757 0.000079
5758 0.000072
5759 0.000130
5760 0.000329
5761 0.000081
5762 0.000049
5763 0.000075
5764 0.000084
5765 0.000075
5766 0.000072
5767 0.000055
5768 0.000102
5769 0.000049
5770 0.000028
5771 0.000142
5772 0.000104
5773 0.000057
5774 0.000040
5775 0.000080
5776 0.000079
5777 0.000060
5778 0.000032
5779 0.000096
5780 0.000078
5781 0.000061
5782 0.000044
5783 0.000113
5784 0.000071
5785 0.000019
5786 0.000278
5787 0.000232
5788 0.000117
5789 0.000189
5790 0.000057
5791 0.000036
5792 0.000059
5793 0.000113
5794 0.000051
5795 0.000123
5796 0.000029
5797 0.000066
5798 0.000073
5799 0.000059
5800 0.000078
5801 0.000059
5802 0.000082
5803 0.000039
5804 0.000075
5805 0.000151
5806 0.000097
5807 0.000049
5808 0.000061
5809 0.000058
5810 0.000176
5811 0.000117
5812 0.000195
5813 0.000036
5814 0.000046
5815 0.000200
5816 0.000126
5817 0.000113
5818 0.000074
5819 0.000079
5820 0.000142
5821 0.000029
5822 0.000084
5823 0.000081
5824 0.000063
5825 0.000079
5826 0.000058
5827 0.000097
5828 0.000027
5829 0.000026
5830 0.000044
5831 0.000115
5832 0.000038
5833 0.000187
5834 0.000040
5835 0.000068
5836 0.000044
5837 0.000096
5838 0.000060
5839 0.000040
5840 0.000080
5841 0.000124
5842 0.000036
5843 0.000117
5844 0.000019
5845 0.000051
5846 0.000079
5847 0.000153
5848 0.000138
5849 0.000019
5850 0.000082
5851 0.000177
5852 0.000019
5853 0.000094
5854 0.000161
5855 0.000071
5856 0.000076
5857 0.000180
5858 0.000093
5859 0.000117
5860 0.000081
5861 0.000081
5862 0.000080
5863 0.000026
5864 0.000040
5865 0.000061
5866 0.000049
5867 0.000224
5868 0.000069
5869 0.000115
5870 0.000096
5871 0.000078
5872 0.000077
5873 0.000296
5874 0.000096
5875 0.000061
5876 0.000111
5877 0.000146
5878 0.000087
5879 0.000129
5880 0.000030
5881 0.000332
5882 0.000078
5883 0.000063
5884 0.000085
5885 0.000070
5886 0.000089
5887 0.000035
5888 0.000040
5889 0.000122
5890 0.000107
5891 0.000041
5892 0.000091
5893 0.000062
5894 0.000167
5895 0.000019
5896 0.000060
5897 0.000048
5898 0.000093
5899 0.000074
5900 0.000019
5901 0.000085
5902 0.000093
5903 0.000211
5904 0.000215
5905 0.000109
5906 0.000059
5907 0.000177
5908 0.000032
5909 0.000113
5910 0.000130
5911 0.000054
5912 0.000087
5913 0.000119
5914 0.000194
5915 0.000039
5916 0.000084
5917 0.000058
5918 0.000102
5919 0.000049
5920 0.000119
5921 0.000082
5922 0.000122
5923 0.000071
5924 0.000186
5925 0.000096
5926 0.000040
5927 0.000083
5928 0.000085
5929 0.000170
5930 0.000149
5931 0.000089
5932 0.000080
5933 0.000066
5934 0.000040
5935 0.000208
5936 0.000035
5937 0.000110
5938 0.000032
5939 0.000195
5940 0.000117
5941 0.000057
5942 0.000115
5943 0.000023
5944 0.000107
5945 0.000043
5946 0.000061
5947 0.000053
5948 0.000160
5949 0.000124
5950 0.000156
5951 0.000083
5952 0.000133
5953 0.000112
5954 0.000077
5955 0.000099
5956 0.000185
5957 0.000096
5958 0.000103
5959 0.000064
5960 0.000100
5961 0.000117
5962 0.000209
5963 0.000133
5964 0.000137
5965 0.000134
5966 0.000127
5967 0.000047
5968 0.000176
5969 0.000022
5970 0.000019
5971 0.000155
5972 0.000114
5973 0.000085
5974 0.000107
5975 0.000019
5976 0.000158
5977 0.000041
5978 0.000059
5979 0.000019
5980 0.000172
5981 0.000038
5982 0.000037
5983 0.000101
5984 0.000031
5985 0.000119
5986 0.000111
5987 0.000104
5988 0.000051
5989 0.000102
5990 0.000111
5991 0.000072
5992 0.000055
5993 0.000036
5994 0.000019
5995 0.000110
5996 0.000025
5997 0.000036
5998 0.000195
5999 0.000030
6000 0.000079
6001 0.000060
6002 0.000118
6003 0.000131
6004 0.000039
6005 0.000108
6006 0.000019
6007 0.000186
6008 0.000104
6009 0.000026
6010 0.000059
6011 0.000019
6012 0.000175
6013 0.000203
6014 0.000040
6015 0.000061
6016 0.000090
6017 0.000029
6018 0.000032
6019 0.000043
6020 0.000062
6021 0.000173
6022 0.000068
6023 0.000062
6024 0.000091
6025 0.000109
6026 0.000083
6027 0.000027
6028 0.000056
6029 0.000099
6030 0.000146
6031 0.000050
6032 0.000043
6033 0.000220
6034 0.000088
6035 0.000083
6036 0.000065
6037 0.000258
6038 0.000067
6039 0.000089
6040 0.000033
6041 0.000045
6042 0.000067
6043 0.000119
6044 0.000137
6045 0.000139
6046 0.000057
6047 0.000207
6048 0.000045
6049 0.000069
6050 0.000102
6051 0.000114
6052 0.000064
6053 0.000137
6054 0.000175
6055 0.000189
6056 0.000196
6057 0.000121
6058 0.000186
6059 0.000183
6060 0.000037
6061 0.000056
6062 0.000072
6063 0.000040
6064 0.000154
6065 0.000119
6066 0.000163
6067 0.000019
6068 0.000187
6069 0.000053
6070 0.000190
6071 0.000183
6072 0.000086
6073 0.000108
6074 0.000120
6075 0.000019
6076 0.000154
6077 0.000200
6078 0.000139
6079 0.000085
6080 0.000081
6081 0.000029
6082 0.000144
6083 0.000027
6084 0.000033
6085 0.000051
6086 0.000137
6087 0.000153
6088 0.000071
6089 0.000043
6090 0.000079
6091 0.000042
6092 0.000043
6093 0.000059
6094 0.000086
6095 0.000065
6096 0.000044
6097 0.000049
6098 0.000047
6099 0.000031
6100 0.000109
6101 0.000051
6102 0.000160
6103 0.000046
6104 0.000019
6105 0.000078
6106 0.000207
6107 0.000019
6108 0.000260
6109 0.000081
6110 0.000119
6111 0.000040
6112 0.000121
6113 0.000173
6114 0.000116
6115 0.000094
6116 0.000085
6117 0.000086
6118 0.000049
6119 0.000162
6120 0.000045
6121 0.000081
6122 0.000134
6123 0.000030
6124 0.000235
6125 0.000061
6126 0.000116
6127 0.000019
6128 0.000163
6129 0.000045
6130 0.000077
6131 0.000196
6132 0.000070
6133 0.000124
6134 0.000019
6135 0.000050
6136 0.000032
6137 0.000083
6138 0.000130
6139 0.000087
6140 0.000124
6141 0.000084
6142 0.000088
6143 0.000049
6144 0.000044
6145 0.000081
6146 0.000054
6147 0.000045
6148 0.000127
6149 0.000039
6150 0.000057
6151 0.000042
6152 0.000034
6153 0.000091
6154 0.000063
6155 0.000026
6156 0.000160
6157 0.000029
6158 0.000175
6159 0.000082
6160 0.000060
6161 0.000098
6162 0.000053
6163 0.000037
6164 0.000131
6165 0.000108
6166 0.000066
6167 0.000028
6168 0.000035
6169 0.000063
6170 0.000082
6171 0.000140
6172 0.000167
6173 0.000047
6174 0.000124
6175 0.000245
6176 0.000145
6177 0.000132
6178 0.000080
6179 0.000157
6180 0.000128
6181 0.000059
6182 0.000071
6183 0.000078
6184 0.000032
6185 0.000102
6186 0.000224
6187 0.000115
6188 0.000115
6189 0.000159
6190 0.000062
6191 0.000066
6192 0.000054
6193 0.000060
6194 0.000276
6195 0.000069
6196 0.000031
6197 0.000019
6198 0.000019
6199 0.000175
6200 0.000116
6201 0.000093
6202 0.000152
6203 0.000162
6204 0.000074
6205 0.000052
6206 0.000028
6207 0.000058
6208 0.000233
6209 0.000032
6210 0.000115
6211 0.000071
6212 0.000056
6213 0.000054
6214 0.000107
6215 0.000092
6216 0.000148
6217 0.000072
6218 0.000087
6219 0.000117
6220 0.000142
6221 0.000103
6222 0.000119
6223 0.000085
6224 0.000148
6225 0.000062
6226 0.000071
6227 0.000089
6228 0.000123
6229 0.000059
6230 0.000133
6231 0.000112
6232 0.000142
6233 0.000068
6234 0.000145
6235 0.000087
6236 0.000258
6237 0.000087
6238 0.000019
6239 0.000066
6240 0.000107
6241 0.000092
6242 0.000133
6243 0.000174
6244 0.000080
6245 0.000149
6246 0.000282
6247 0.000087
6248 0.000085
6249 0.000266
6250 0.000150
6251 0.000160
6252 0.000145
6253 0.000038
6254 0.000081
6255 0.000143
6256 0.000019
6257 0.000127
6258 0.000235
6259 0.000047
6260 0.000030
6261 0.000032
6262 0.000089
6263 0.000035
6264 0.000031
6265 0.000227
6266 0.000095
6267 0.000071
6268 0.000156
6269 0.000144
6270 0.000077
6271 0.000104
6272 0.000019
6273 0.000068
6274 0.000081
6275 0.000168
6276 0.000320
6277 0.000019
6278 0.000106
6279 0.000039
6280 0.000148
6281 0.000053
6282 0.000038
6283 0.000029
6284 0.000142
6285 0.000236
6286 0.000072
6287 0.000075
6288 0.000030
6289 0.000036
6290 0.000157
6291 0.000066
6292 0.000131
6293 0.000080
6294 0.000098
6295 0.000080
6296 0.000118
6297 0.000059
6298 0.000108
6299 0.000252
6300 0.000079
6301 0.000064
6302 0.000069
6303 0.000019
6304 0.000133
6305 0.000261
6306 0.000048
6307 0.000019
6308 0.000140
6309 0.000224
6310 0.000094
6311 0.000036
6312 0.000111
6313 0.000211
6314 0.000112
6315 0.000068
6316 0.000090
6317 0.000090
6318 0.000103
6319 0.000093
6320 0.000138
6321 0.000102
6322 0.000280
6323 0.000354
6324 0.000076
6325 0.000044
6326 0.000104
6327 0.000076
6328 0.000153
6329 0.000174
6330 0.000050
6331 0.000088
6332 0.000039
6333 0.000159
6334 0.000334
6335 0.000122
6336 0.000070
6337 0.000116
6338 0.000126
6339 0.000100
6340 0.000080
6341 0.000174
6342 0.000182
6343 0.000075
6344 0.000171
6345 0.000103
6346 0.000088
6347 0.000156
6348 0.000102
6349 0.000348
6350 0.000133
6351 0.000072
6352 0.000040
6353 0.000087
6354 0.000058
6355 0.000181
6356 0.000019
6357 0.000064
6358 0.000246
6359 0.000199
6360 0.000019
6361 0.000217
6362 0.000124
6363 0.000097
6364 0.000107
6365 0.000113
6366 0.000140
6367 0.000030
6368 0.000042
6369 0.000144
6370 0.000250
6371 0.000247
6372 0.000076
6373 0.000109
6374 0.000176
6375 0.000197
6376 0.000102
6377 0.000096
6378 0.000058
6379 0.000054
6380 0.000058
6381 0.000230
6382 0.000046
6383 0.000028
6384 0.000081
6385 0.000076
6386 0.000047
6387 0.000129
6388 0.000147
6389 0.000065
6390 0.000125
6391 0.000081
6392 0.000231
6393 0.000050
6394 0.000048
6395 0.000105
6396 0.000193
6397 0.000076
6398 0.000019
6399 0.000207
6400 0.000019
6401 0.000211
6402 0.000139
6403 0.000084
6404 0.000088
6405 0.000142
6406 0.000068
6407 0.000107
6408 0.000102
6409 0.000066
6410 0.000064
6411 0.000166
6412 0.000064
6413 0.000123
6414 0.000048
6415 0.000042
6416 0.000067
6417 0.000103
6418 0.000058
6419 0.000059
6420 0.000130
6421 0.000122
6422 0.000099
6423 0.000164
6424 0.000087
6425 0.000071
6426 0.000136
6427 0.000117
6428 0.000061
6429 0.000118
6430 0.000056
6431 0.000170
6432 0.000059
6433 0.000095
6434 0.000034
6435 0.000041
6436 0.000106
6437 0.000233
6438 0.000274
6439 0.000102
6440 0.000049
6441 0.000074
6442 0.000123
6443 0.000071
6444 0.000088
6445 0.000079
6446 0.000116
6447 0.000040
6448 0.000019
6449 0.000245
6450 0.000108
6451 0.000126
6452 0.000111
6453 0.000284
6454 0.000178
6455 0.000047
6456 0.000065
6457 0.000110
6458 0.000033
6459 0.000087
6460 0.000023
6461 0.000134
6462 0.000071
6463 0.000106
6464 0.000165
6465 0.000169
6466 0.000074
6467 0.000030
6468 0.000159
6469 0.000171
6470 0.000050
6471 0.000090
6472 0.000148
6473 0.000282
6474 0.000071
6475 0.000023
6476 0.000095
6477 0.000047
6478 0.000037
6479 0.000141
6480 0.000088
6481 0.000109
6482 0.000129
6483 0.000091
6484 0.000331
6485 0.000058
6486 0.000083
6487 0.000082
6488 0.000065
6489 0.000019
6490 0.000033
6491 0.000051
6492 0.000064
6493 0.000234
6494 0.000168
6495 0.000103
6496 0.000106
6497 0.000071
6498 0.000090
6499 0.000078
6500 0.000088
6501 0.000123
6502 0.000090
6503 0.000146
6504 0.000032
6505 0.000035
6506 0.000130
6507 0.000044
6508 0.000035
6509 0.000128
6510 0.000069
6511 0.000071
6512 0.000214
6513 0.000294
6514 0.000058
6515 0.000058
6516 0.000111
6517 0.000183
6518 0.000200
6519 0.000129
6520 0.000116
6521 0.000098
6522 0.000083
6523 0.000181
6524 0.000129
6525 0.000019
6526 0.000080
6527 0.000025
6528 0.000088
6529 0.000019
6530 0.000081
6531 0.000044
6532 0.000046
6533 0.000059
6534 0.000109
6535 0.000096
6536 0.000217
6537 0.000019
6538 0.000117
6539 0.000138
6540 0.000078
6541 0.000143
6542 0.000113
6543 0.000088
6544 0.000145
6545 0.000066
6546 0.000044
6547 0.000126
6548 0.000042
6549 0.000172
6550 0.000071
6551 0.000118
6552 0.000042
6553 0.000091
6554 0.000051
6555 0.000071
6556 0.000153
6557 0.000117
6558 0.000138
6559 0.000131
6560 0.000087
6561 0.000072
6562 0.000098
6563 0.000216
6564 0.000156
6565 0.000048
6566 0.000067
6567 0.000120
6568 0.000149
6569 0.000100
6570 0.000066
6571 0.000181
6572 0.000055
6573 0.000061
6574 0.000135
6575 0.000083
6576 0.000078
6577 0.000214
6578 0.000170
6579 0.000030
6580 0.000055
6581 0.000073
6582 0.000026
6583 0.000169
6584 0.000088
6585 0.000076
6586 0.000077
6587 0.000098
6588 0.000142
6589 0.000125
6590 0.000052
6591 0.000157
6592 0.000083
6593 0.000171
6594 0.000097
6595 0.000124
6596 0.000034
6597 0.000163
6598 0.000083
6599 0.000125
6600 0.000057
6601 0.000025
6602 0.000070
6603 0.000019
6604 0.000082
6605 0.000021
6606 0.000136
6607 0.000240
6608 0.000033
6609 0.000110
6610 0.000079
6611 0.000159
6612 0.000027
6613 0.000143
6614 0.000034
6615 0.000033
6616 0.000050
6617 0.000130
6618 0.000157
6619 0.000277
6620 0.000085
6621 0.000028
6622 0.000203
6623 0.000064
6624 0.000094
6625 0.000046
6626 0.000139
6627 0.000174
6628 0.000195
6629 0.000109
6630 0.000191
6631 0.000095
6632 0.000073
6633 0.000124
6634 0.000048
6635 0.000050
6636 0.000189
6637 0.000099
6638 0.000143
6639 0.000115
6640 0.000131
6641 0.000069
6642 0.000065
6643 0.000089
6644 0.000081
6645 0.000137
6646 0.000087
6647 0.000059
6648 0.000218
6649 0.000129
6650 0.000114
6651 0.000097
6652 0.000064
6653 0.000172
6654 0.000081
6655 0.000133
6656 0.000153
6657 0.000053
6658 0.000124
6659 0.000053
6660 0.000086
6661 0.000080
6662 0.000146
6663 0.000040
6664 0.000042
6665 0.000019
6666 0.000088
6667 0.000127
6668 0.000086
6669 0.000055
6670 0.000198
6671 0.000163
6672 0.000143
6673 0.000054
6674 0.000118
6675 0.000090
6676 0.000104
6677 0.000157
6678 0.000081
6679 0.000019
6680 0.000106
6681 0.000113
6682 0.000163
6683 0.000071
6684 0.000037
6685 0.000139
6686 0.000074
6687 0.000067
6688 0.000053
6689 0.000019
6690 0.000084
6691 0.000121
6692 0.000113
6693 0.000079
6694 0.000135
6695 0.000040
6696 0.000061
6697 0.000193
6698 0.000173
6699 0.000097
6700 0.000046
6701 0.000037
6702 0.000076
6703 0.000065
6704 0.000087
6705 0.000106
6706 0.000031
6707 0.000098
6708 0.000105
6709 0.000075
6710 0.000081
6711 0.000019
6712 0.000057
6713 0.000133
6714 0.000176
6715 0.000145
6716 0.000048
6717 0.000066
6718 0.000146
6719 0.000056
6720 0.000028
6721 0.000076
6722 0.000067
6723 0.000393
6724 0.000019
6725 0.000098
6726 0.000085
6727 0.000103
6728 0.000019
6729 0.000233
6730 0.000140
6731 0.000099
6732 0.000092
6733 0.000094
6734 0.000185
6735 0.000156
6736 0.000115
6737 0.000033
6738 0.000313
6739 0.000105
6740 0.000019
6741 0.000068
6742 0.000076
6743 0.000124
6744 0.000156
6745 0.000105
6746 0.000081
6747 0.000054
6748 0.000054
6749 0.000030
6750 0.000127
6751 0.000073
6752 0.000058
6753 0.000073
6754 0.000077
6755 0.000134
6756 0.000089
6757 0.000076
6758 0.000019
6759 0.000119
6760 0.000035
6761 0.000037
6762 0.000209
6763 0.000165
6764 0.000110
6765 0.000208
6766 0.000048
6767 0.000233
6768 0.000030
6769 0.000233
6770 0.000057
6771 0.000158
6772 0.000082
6773 0.000040
6774 0.000133
6775 0.000138
6776 0.000251
6777 0.000089
6778 0.000072
6779 0.000150
6780 0.000174
6781 0.000055
6782 0.000166
6783 0.000186
6784 0.000108
6785 0.000129
6786 0.000062
6787 0.000057
6788 0.000067
6789 0.000086
6790 0.000124
6791 0.000081
6792 0.000117
6793 0.000132
6794 0.000024
6795 0.000056
6796 0.000136
6797 0.000128
6798 0.000157
6799 0.000116
6800 0.000221
6801 0.000236
6802 0.000093
6803 0.000071
6804 0.000087
6805 0.000085
6806 0.000120
6807 0.000232
6808 0.000075
6809 0.000029
6810 0.000078
6811 0.000074
6812 0.000094
6813 0.000019
6814 0.000220
6815 0.000347
6816 0.000097
6817 0.000039
6818 0.000063
6819 0.000059
6820 0.000074
6821 0.000037
6822 0.000065
6823 0.000126
6824 0.000096
6825 0.000171
6826 0.000273
6827 0.000100
6828 0.000076
6829 0.000159
6830 0.000095
6831 0.000184
6832 0.000049
6833 0.000115
6834 0.000086
6835 0.000139
6836 0.000082
6837 0.000032
6838 0.000019
6839 0.000060
6840 0.000182
6841 0.000202
6842 0.000093
6843 0.000180
6844 0.000019
6845 0.000144
6846 0.000189
6847 0.000077
6848 0.000135
6849 0.000074
6850 0.000160
6851 0.000150
6852 0.000099
6853 0.000096
6854 0.000341
6855 0.000085
6856 0.000051
6857 0.000179
6858 0.000110
6859 0.000102
6860 0.000037
6861 0.000170
6862 0.000167
6863 0.000019
6864 0.000228
6865 0.000052
6866 0.000099
6867 0.000019
6868 0.000083
6869 0.000087
6870 0.000085
6871 0.000027
6872 0.000048
6873 0.000019
6874 0.000149
6875 0.000115
6876 0.000083
6877 0.000151
6878 0.000045
6879 0.000085
6880 0.000019
6881 0.000053
6882 0.000062
6883 0.000031
6884 0.000033
6885 0.000207
6886 0.000019
6887 0.000063
6888 0.000074
6889 0.000239
6890 0.000060
6891 0.000171
6892 0.000080
6893 0.000073
6894 0.000129
6895 0.000102
6896 0.000085
6897 0.000116
6898 0.000081
6899 0.000086
6900 0.000059
6901 0.000046
6902 0.000117
6903 0.000109
6904 0.000185
6905 0.000052
6906 0.000097
6907 0.000096
6908 0.000081
6909 0.000109
6910 0.000093
6911 0.000156
6912 0.000090
6913 0.000100
6914 0.000043
6915 0.000050
6916 0.000118
6917 0.000094
6918 0.000090
6919 0.000087
6920 0.000109
6921 0.000083
6922 0.000027
6923 0.000065
6924 0.000123
6925 0.000105
6926 0.000031
6927 0.000132
6928 0.000069
6929 0.000128
6930 0.000140
6931 0.000103
6932 0.000117
6933 0.000167
6934 0.000073
6935 0.000225
6936 0.000161
6937 0.000174
6938 0.000074
6939 0.000019
6940 0.000185
6941 0.000119
6942 0.000079
6943 0.000057
6944 0.000113
6945 0.000130
6946 0.000086
6947 0.000171
6948 0.000265
6949 0.000225
6950 0.000117
6951 0.000216
6952 0.000053
6953 0.000131
6954 0.000092
6955 0.000109
6956 0.000055
6957 0.000055
6958 0.000133
6959 0.000039
6960 0.000092
6961 0.000058
6962 0.000372
6963 0.000056
6964 0.000132
6965 0.000151
6966 0.000094
6967 0.000077
6968 0.000113
6969 0.000051
6970 0.000210
6971 0.000066
6972 0.000081
6973 0.000079
6974 0.000168
6975 0.000048
6976 0.000028
6977 0.000063
6978 0.000109
6979 0.000028
6980 0.000063
6981 0.000068
6982 0.000066
6983 0.000116
6984 0.000072
6985 0.000153
6986 0.000090
6987 0.000109
6988 0.000141
6989 0.000206
6990 0.000099
6991 0.000049
6992 0.000097
6993 0.000047
6994 0.000042
6995 0.000050
6996 0.000079
6997 0.000064
6998 0.000133
6999 0.000067
7000 0.000026
7001 0.000104
7002 0.000293
7003 0.000083
7004 0.000053
7005 0.000092
7006 0.000044
7007 0.000158
7008 0.000097
7009 0.000141
7010 0.000179
7011 0.000040
7012 0.000136
7013 0.000019
7014 0.000138
7015 0.000084
7016 0.000035
7017 0.000081
7018 0.000227
7019 0.000118
7020 0.000082
7021 0.000223
7022 0.000056
7023 0.000062
7024 0.000093
7025 0.000191
7026 0.000031
7027 0.000172
7028 0.000133
7029 0.000103
7030 0.000039
7031 0.000117
7032 0.000176
7033 0.000177
7034 0.000048
7035 0.000101
7036 0.000079
7037 0.000065
7038 0.000051
7039 0.000086
7040 0.000083
7041 0.000051
7042 0.000063
7043 0.000116
7044 0.000072
7045 0.000094
7046 0.000033
7047 0.000031
7048 0.000235
7049 0.000312
7050 0.000027
7051 0.000143
7052 0.000121
7053 0.000058
7054 0.000060
7055 0.000098
7056 0.000029
7057 0.000197
7058 0.000129
7059 0.000067
7060 0.000123
7061 0.000019
7062 0.000131
7063 0.000221
7064 0.000031
7065 0.000064
7066 0.000043
7067 0.000080
7068 0.000231
7069 0.000101
7070 0.000056
7071 0.000067
7072 0.000019
7073 0.000090
7074 0.000121
7075 0.000116
7076 0.000055
7077 0.000066
7078 0.000172
7079 0.000058
7080 0.000141
7081 0.000142
7082 0.000098
7083 0.000072
7084 0.000096
7085 0.000019
7086 0.000179
7087 0.000069
7088 0.000166
7089 0.000098
7090 0.000154
7091 0.000091
7092 0.000053
7093 0.000050
7094 0.000046
7095 0.000055
7096 0.000139
7097 0.000019
7098 0.000063
7099 0.000027
7100 0.000056
7101 0.000208
7102 0.000119
7103 0.000175
7104 0.000079
7105 0.000130
7106 0.000050
7107 0.000220
7108 0.000193
7109 0.000089
7110 0.000153
7111 0.000091
7112 0.000062
7113 0.000108
7114 0.000042
7115 0.000025
7116 0.000062
7117 0.000054
7118 0.000135
7119 0.000214
7120 0.000138
7121 0.000263
7122 0.000250
7123 0.000019
7124 0.000093
7125 0.000067
7126 0.000175
7127 0.000019
7128 0.000070
7129 0.000200
7130 0.000155
7131 0.000028
7132 0.000135
7133 0.000148
7134 0.000159
7135 0.000098
7136 0.000084
7137 0.000094
7138 0.000075
7139 0.000061
7140 0.000151
7141 0.000178
7142 0.000019
7143 0.000082
7144 0.000273
7145 0.000144
7146 0.000066
7147 0.000084
7148 0.000132
7149 0.000069
7150 0.000035
7151 0.000173
7152 0.000095
7153 0.000025
7154 0.000070
7155 0.000172
7156 0.000123
7157 0.000047
7158 0.000088
7159 0.000131
7160 0.000061
7161 0.000098
7162 0.000088
7163 0.000149
7164 0.000034
7165 0.000096
7166 0.000098
7167 0.000132
7168 0.000160
7169 0.000147
7170 0.000102
7171 0.000156
7172 0.000135
7173 0.000228
7174 0.000019
7175 0.000074
7176 0.000053
7177 0.000028
7178 0.000261
7179 0.000073
7180 0.000094
7181 0.000065
7182 0.000054
7183 0.000019
7184 0.000052
7185 0.000195
7186 0.000079
7187 0.000066
7188 0.000082
7189 0.000102
7190 0.000036
7191 0.000075
7192 0.000044
7193 0.000102
7194 0.000166
7195 0.000132
7196 0.000041
7197 0.000048
7198 0.000097
7199 0.000019
7200 0.000108
7201 0.000072
7202 0.000208
7203 0.000206
7204 0.000100
7205 0.000023
7206 0.000093
7207 0.000044
7208 0.000116
7209 0.000236
7210 0.000019
7211 0.000067
7212 0.000170
7213 0.000051
7214 0.000128
7215 0.000098
7216 0.000155
7217 0.000121
7218 0.000238
7219 0.000141
7220 0.000148
7221 0.000041
7222 0.000134
7223 0.000034
7224 0.000106
7225 0.000081
7226 0.000032
7227 0.000073
7228 0.000095
7229 0.000031
7230 0.000162
7231 0.000227
7232 0.000124
7233 0.000109
7234 0.000241
7235 0.000021
7236 0.000019
7237 0.000086
7238 0.000019
7239 0.000063
7240 0.000226
7241 0.000071
7242 0.000185
7243 0.000050
7244 0.000085
7245 0.000042
7246 0.000050
7247 0.000125
7248 0.000056
7249 0.000152
7250 0.000112
7251 0.000112
7252 0.000080
7253 0.000118
7254 0.000039
7255 0.000106
7256 0.000059
7257 0.000269
7258 0.000072
7259 0.000259
7260 0.000131
7261 0.000035
7262 0.000062
7263 0.000096
7264 0.000059
7265 0.000045
7266 0.000075
7267 0.000135
7268 0.000076
7269 0.000118
7270 0.000216
7271 0.000256
7272 0.000097
7273 0.000242
7274 0.000106
7275 0.000122
7276 0.000067
7277 0.000073
7278 0.000343
7279 0.000137
7280 0.000156
7281 0.000064
7282 0.000107
7283 0.000056
7284 0.000092
7285 0.000050
7286 0.000072
7287 0.000110
7288 0.000040
7289 0.000153
7290 0.000030
7291 0.000136
7292 0.000059
7293 0.000163
7294 0.000079
7295 0.000070
7296 0.000177
7297 0.000072
7298 0.000101
7299 0.000152
7300 0.000078
7301 0.000025
7302 0.000049
7303 0.000084
7304 0.000059
7305 0.000129
7306 0.000091
7307 0.000116
7308 0.000145
7309 0.000094
7310 0.000060
7311 0.000058
7312 0.000114
7313 0.000109
7314 0.000122
7315 0.000087
7316 0.000097
7317 0.000096
7318 0.000165
7319 0.000195
7320 0.000069
7321 0.000089
7322 0.000061
7323 0.000059
7324 0.000195
7325 0.000163
7326 0.000019
7327 0.000137
7328 0.000083
7329 0.000140
7330 0.000086
7331 0.000040
7332 0.000099
7333 0.000033
7334 0.000100
7335 0.000068
7336 0.000131
7337 0.000196
7338 0.000036
7339 0.000022
7340 0.000039
7341 0.000019
7342 0.000019
7343 0.000166
7344 0.000094
7345 0.000132
7346 0.000132
7347 0.000130
7348 0.000100
7349 0.000101
7350 0.000164
7351 0.000043
7352 0.000076
7353 0.000157
7354 0.000061
7355 0.000146
7356 0.000061
7357 0.000147
7358 0.000107
7359 0.000078
7360 0.000093
7361 0.000074
7362 0.000244
7363 0.000162
7364 0.000059
7365 0.000098
7366 0.000207
7367 0.000066
7368 0.000029
7369 0.000144
7370 0.000066
7371 0.000256
7372 0.000033
7373 0.000143
7374 0.000064
7375 0.000088
7376 0.000032
7377 0.000087
7378 0.000076
7379 0.000124
7380 0.000114
7381 0.000092
7382 0.000098
7383 0.000019
7384 0.000026
7385 0.000161
7386 0.000052
7387 0.000153
7388 0.000035
7389 0.000144
7390 0.000156
7391 0.000113
7392 0.000048
7393 0.000117
7394 0.000100
7395 0.000119
7396 0.000112
7397 0.000091
7398 0.000036
7399 0.000108
7400 0.000189
7401 0.000056
7402 0.000026
7403 0.000087
7404 0.000111
7405 0.000080
7406 0.000065
7407 0.000090
7408 0.000090
7409 0.000208
7410 0.000083
7411 0.000222
7412 0.000093
7413 0.000066
7414 0.000067
7415 0.000101
7416 0.000074
7417 0.000150
7418 0.000177
7419 0.000019
7420 0.000082
7421 0.000034
7422 0.000145
7423 0.000107
7424 0.000254
7425 0.000080
7426 0.000119
7427 0.000019
7428 0.000104
7429 0.000107
7430 0.000236
7431 0.000218
7432 0.000303
7433 0.000327
7434 0.000166
7435 0.000059
7436 0.000087
7437 0.000043
7438 0.000175
7439 0.000111
7440 0.000126
7441 0.000082
7442 0.000059
7443 0.000261
7444 0.000093
7445 0.000098
7446 0.000061
7447 0.000069
7448 0.000113
7449 0.000151
7450 0.000044
7451 0.000223
7452 0.000043
7453 0.000064
7454 0.000229
7455 0.000097
7456 0.000119
7457 0.000019
7458 0.000060
7459 0.000019
7460 0.000077
7461 0.000082
7462 0.000029
7463 0.000079
7464 0.000019
7465 0.000080
7466 0.000138
7467 0.000034
7468 0.000039
7469 0.000101
7470 0.000019
7471 0.000152
7472 0.000234
7473 0.000124
7474 0.000064
7475 0.000126
7476 0.000091
7477 0.000022
7478 0.000033
7479 0.000073
7480 0.000028
7481 0.000132
7482 0.000032
7483 0.000091
7484 0.000064
7485 0.000036
7486 0.000136
7487 0.000061
7488 0.000189
7489 0.000044
7490 0.000100
7491 0.000042
7492 0.000163
7493 0.000121
7494 0.000036
7495 0.000129
7496 0.000189
7497 0.000019
7498 0.000231
7499 0.000087
7500 0.000064
7501 0.000247
7502 0.000114
7503 0.000086
7504 0.000098
7505 0.000087
7506 0.000056
7507 0.000128
7508 0.000030
7509 0.000023
7510 0.000145
7511 0.000102
7512 0.000100
7513 0.000116
7514 0.000057
7515 0.000083
7516 0.000084
7517 0.000089
7518 0.000083
7519 0.000117
7520 0.000028
7521 0.000123
7522 0.000105
7523 0.000056
7524 0.000067
7525 0.000049
7526 0.000188
7527 0.000059
7528 0.000053
7529 0.000179
7530 0.000098
7531 0.000147
7532 0.000026
7533 0.000147
7534 0.000019
7535 0.000211
7536 0.000123
7537 0.000110
7538 0.000083
7539 0.000119
7540 0.000221
7541 0.000094
7542 0.000051
7543 0.000049
7544 0.000061
7545 0.000158
7546 0.000139
7547 0.000194
7548 0.000184
7549 0.000115
7550 0.000068
7551 0.000154
7552 0.000210
7553 0.000092
7554 0.000133
7555 0.000112
7556 0.000060
7557 0.000106
7558 0.000084
7559 0.000117
7560 0.000166
7561 0.000043
7562 0.000062
7563 0.000097
7564 0.000061
7565 0.000058
7566 0.000109
7567 0.000065
7568 0.000105
7569 0.000080
7570 0.000197
7571 0.000094
7572 0.000043
7573 0.000028
7574 0.000019
7575 0.000192
7576 0.000240
7577 0.000263
7578 0.000038
7579 0.000113
7580 0.000228
7581 0.000149
7582 0.000027
7583 0.000060
7584 0.000037
7585 0.000119
7586 0.000201
7587 0.000099
7588 0.000035
7589 0.000060
7590 0.000167
7591 0.000320
7592 0.000034
7593 0.000052
7594 0.000268
7595 0.000043
7596 0.000098
7597 0.000033
7598 0.000093
7599 0.000096
7600 0.000107
7601 0.000163
7602 0.000075
7603 0.000096
7604 0.000044
7605 0.000168
7606 0.000156
7607 0.000037
7608 0.000075
7609 0.000055
7610 0.000078
7611 0.000058
7612 0.000087
7613 0.000111
7614 0.000049
7615 0.000085
7616 0.000177
7617 0.000324
7618 0.000106
7619 0.000019
7620 0.000028
7621 0.000032
7622 0.000128
7623 0.000123
7624 0.000072
7625 0.000078
7626 0.000076
7627 0.000045
7628 0.000039
7629 0.000074
7630 0.000038
7631 0.000154
7632 0.000040
7633 0.000048
7634 0.000049
7635 0.000040
7636 0.000062
7637 0.000048
7638 0.000057
7639 0.000059
7640 0.000099
7641 0.000084
7642 0.000041
7643 0.000074
7644 0.000256
7645 0.000171
7646 0.000135
7647 0.000045
7648 0.000024
7649 0.000098
7650 0.000106
7651 0.000113
7652 0.000047
7653 0.000061
7654 0.000093
7655 0.000148
7656 0.000041
7657 0.000082
7658 0.000058
7659 0.000068
7660 0.000058
7661 0.000058
7662 0.000053
7663 0.000043
7664 0.000019
7665 0.000096
7666 0.000019
7667 0.000063
7668 0.000099
7669 0.000151
7670 0.000047
7671 0.000053
7672 0.000110
7673 0.000149
7674 0.000035
7675 0.000072
7676 0.000074
7677 0.000060
7678 0.000019
7679 0.000192
7680 0.000079
7681 0.000111
7682 0.000107
7683 0.000112
7684 0.000074
7685 0.000140
7686 0.000102
7687 0.000161
7688 0.000043
7689 0.000057
7690 0.000048
7691 0.000019
7692 0.000098
7693 0.000098
7694 0.000019
7695 0.000118
7696 0.000263
7697 0.000263
7698 0.000112
7699 0.000305
7700 0.000168
7701 0.000065
7702 0.000278
7703 0.000134
7704 0.000126
7705 0.000230
7706 0.000090
7707 0.000105
7708 0.000160
7709 0.000155
7710 0.000089
7711 0.000123
7712 0.000064
7713 0.000107
7714 0.000044
7715 0.000150
7716 0.000102
7717 0.000082
7718 0.000101
7719 0.000019
7720 0.000032
7721 0.000039
7722 0.000183
7723 0.000045
7724 0.000131
7725 0.000164
7726 0.000084
7727 0.000071
7728 0.000091
7729 0.000062
7730 0.000019
7731 0.000110
7732 0.000098
7733 0.000041
7734 0.000091
7735 0.000128
7736 0.000059
7737 0.000099
7738 0.000057
7739 0.000065
7740 0.000075
7741 0.000088
7742 0.000054
7743 0.000132
7744 0.000102
7745 0.000068
7746 0.000103
7747 0.000071
7748 0.000027
7749 0.000108
7750 0.000153
7751 0.000038
7752 0.000128
7753 0.000078
7754 0.000086
7755 0.000044
7756 0.000265
7757 0.000079
7758 0.000327
7759 0.000096
7760 0.000072
7761 0.000206
7762 0.000047
7763 0.000123
7764 0.000056
7765 0.000125
7766 0.000083
7767 0.000027
7768 0.000019
7769 0.000185
7770 0.000205
7771 0.000043
7772 0.000036
7773 0.000093
7774 0.000057
7775 0.000304
7776 0.000133
7777 0.000070
7778 0.000290
7779 0.000153
7780 0.000125
7781 0.000025
7782 0.000026
7783 0.000028
7784 0.000152
7785 0.000069
7786 0.000053
7787 0.000097
7788 0.000073
7789 0.000035
7790 0.000086
7791 0.000019
7792 0.000187
7793 0.000114
7794 0.000244
7795 0.000147
7796 0.000192
7797 0.000019
7798 0.000273
7799 0.000060
7800 0.000053
7801 0.000047
7802 0.000158
7803 0.000144
7804 0.000058
7805 0.000187
7806 0.000019
7807 0.000076
7808 0.000102
7809 0.000176
7810 0.000102
7811 0.000149
7812 0.000200
7813 0.000231
7814 0.000087
7815 0.000048
7816 0.000150
7817 0.000053
7818 0.000081
7819 0.000052
7820 0.000123
7821 0.000092
7822 0.000121
7823 0.000047
7824 0.000135
7825 0.000019
7826 0.000044
7827 0.000106
7828 0.000093
7829 0.000087
7830 0.000055
7831 0.000203
7832 0.000093
7833 0.000132
7834 0.000094
7835 0.000170
7836 0.000069
7837 0.000046
7838 0.000273
7839 0.000019
7840 0.000058
7841 0.000052
7842 0.000080
7843 0.000069
7844 0.000043
7845 0.000101
7846 0.000184
7847 0.000197
7848 0.000098
7849 0.000061
7850 0.000019
7851 0.000076
7852 0.000023
7853 0.000122
7854 0.000115
7855 0.000070
7856 0.000106
7857 0.000095
7858 0.000032
7859 0.000053
7860 0.000091
7861 0.000087
7862 0.000052
7863 0.000021
7864 0.000127
7865 0.000041
7866 0.000100
7867 0.000085
7868 0.000074
7869 0.000071
7870 0.000187
7871 0.000196
7872 0.000085
7873 0.000028
7874 0.000019
7875 0.000061
7876 0.000202
7877 0.000087
7878 0.000072
7879 0.000033
7880 0.000115
7881 0.000065
7882 0.000043
7883 0.000247
7884 0.000168
7885 0.000162
7886 0.000066
7887 0.000116
7888 0.000161
7889 0.000204
7890 0.000111
7891 0.000236
7892 0.000019
7893 0.000094
7894 0.000073
7895 0.000128
7896 0.000079
7897 0.000066
7898 0.000072
7899 0.000138
7900 0.000178
7901 0.000057
7902 0.000019
7903 0.000130
7904 0.000083
7905 0.000081
7906 0.000178
7907 0.000092
7908 0.000189
7909 0.000030
7910 0.000055
7911 0.000028
7912 0.000122
7913 0.000128
7914 0.000094
7915 0.000142
7916 0.000081
7917 0.000079
7918 0.000138
7919 0.000332
7920 0.000019
7921 0.000059
7922 0.000053
7923 0.000019
7924 0.000177
7925 0.000200
7926 0.000053
7927 0.000126
7928 0.000057
7929 0.000065
7930 0.000105
7931 0.000069
7932 0.000088
7933 0.000148
7934 0.000072
7935 0.000156
7936 0.000109
7937 0.000052
7938 0.000143
7939 0.000208
7940 0.000067
7941 0.000241
7942 0.000156
7943 0.000019
7944 0.000117
7945 0.000083
7946 0.000047
7947 0.000151
7948 0.000056
7949 0.000084
7950 0.000053
7951 0.000025
7952 0.000067
7953 0.000041
7954 0.000026
7955 0.000131
7956 0.000145
7957 0.000085
7958 0.000019
7959 0.000024
7960 0.000171
7961 0.000098
7962 0.000062
7963 0.000024
7964 0.000118
7965 0.000074
7966 0.000092
7967 0.000150
7968 0.000089
7969 0.000037
7970 0.000047
7971 0.000090
7972 0.000132
7973 0.000197
7974 0.000153
7975 0.000087
7976 0.000097
7977 0.000083
7978 0.000213
7979 0.000019
7980 0.000059
7981 0.000019
7982 0.000113
7983 0.000116
7984 0.000142
7985 0.000081
7986 0.000049
7987 0.000083
7988 0.000029
7989 0.000125
7990 0.000019
7991 0.000054
7992 0.000070
7993 0.000109
7994 0.000102
7995 0.000049
7996 0.000019
7997 0.000046
7998 0.000125
7999 0.000259
8000 0.000118
8001 0.000077
8002 0.000057
8003 0.000031
8004 0.000089
8005 0.000144
8006 0.000025
8007 0.000158
8008 0.000071
8009 0.000109
8010 0.000053
8011 0.000092
8012 0.000120
8013 0.000129
8014 0.000113
8015 0.000146
8016 0.000035
8017 0.000064
8018 0.000066
8019 0.000126
8020 0.000054
8021 0.000151
8022 0.000019
8023 0.000080
8024 0.000041
8025 0.000019
8026 0.000068
8027 0.000039
8028 0.000073
8029 0.000159
8030 0.000019
8031 0.000043
8032 0.000045
8033 0.000071
8034 0.000092
8035 0.000099
8036 0.000032
8037 0.000140
8038 0.000058
8039 0.000040
8040 0.000216
8041 0.000137
8042 0.000124
8043 0.000203
8044 0.000090
8045 0.000042
8046 0.000111
8047 0.000038
8048 0.000058
8049 0.000142
8050 0.000040
8051 0.000192
8052 0.000051
8053 0.000116
8054 0.000019
8055 0.000115
8056 0.000149
8057 0.000137
8058 0.000034
8059 0.000170
8060 0.000121
8061 0.000145
8062 0.000116
8063 0.000086
8064 0.000031
8065 0.000028
8066 0.000049
8067 0.000062
8068 0.000072
8069 0.000061
8070 0.000224
8071 0.000155
8072 0.000099
8073 0.000035
8074 0.000123
8075 0.000083
8076 0.000019
8077 0.000077
8078 0.000206
8079 0.000116
8080 0.000022
8081 0.000085
8082 0.000065
8083 0.000120
8084 0.000187
8085 0.000062
8086 0.000105
8087 0.000082
8088 0.000035
8089 0.000142
8090 0.000132
8091 0.000111
8092 0.000086
8093 0.000080
8094 0.000080
8095 0.000102
8096 0.000098
8097 0.000101
8098 0.000131
8099 0.000097
8100 0.000089
8101 0.000060
8102 0.000091
8103 0.000075
8104 0.000108
8105 0.000177
8106 0.000077
8107 0.000051
8108 0.000101
8109 0.000104
8110 0.000048
8111 0.000029
8112 0.000049
8113 0.000136
8114 0.000422
8115 0.000125
8116 0.000163
8117 0.000136
8118 0.000112
8119 0.000073
8120 0.000101
8121 0.000138
8122 0.000096
8123 0.000068
8124 0.000028
8125 0.000370
8126 0.000260
8127 0.000043
8128 0.000071
8129 0.000139
8130 0.000059
8131 0.000061
8132 0.000194
8133 0.000120
8134 0.000092
8135 0.000070
8136 0.000253
8137 0.000140
8138 0.000049
8139 0.000047
8140 0.000157
8141 0.000083
8142 0.000109
8143 0.000055
8144 0.000071
8145 0.000122
8146 0.000211
8147 0.000089
8148 0.000084
8149 0.000037
8150 0.000063
8151 0.000175
8152 0.000092
8153 0.000041
8154 0.000107
8155 0.000019
8156 0.000250
8157 0.000123
8158 0.000044
8159 0.000278
8160 0.000067
8161 0.000096
8162 0.000123
8163 0.000026
8164 0.000110
8165 0.000122
8166 0.000073
8167 0.000063
8168 0.000040
8169 0.000137
8170 0.000166
8171 0.000045
8172 0.000104
8173 0.000099
8174 0.000059
8175 0.000105
8176 0.000120
8177 0.000132
8178 0.000019
8179 0.000186
8180 0.000071
8181 0.000050
8182 0.000047
8183 0.000046
8184 0.000183
8185 0.000152
8186 0.000110
8187 0.000112
8188 0.000063
8189 0.000065
8190 0.000045
8191 0.000045
8192 0.000078
8193 0.000032
8194 0.000078
8195 0.000198
8196 0.000019
8197 0.000109
8198 0.000019
8199 0.000161
8200 0.000137
8201 0.000166
8202 0.000055
8203 0.000112
8204 0.000069
8205 0.000135
8206 0.000053
8207 0.000077
8208 0.000078
8209 0.000138
8210 0.000051
8211 0.000019
8212 0.000024
8213 0.000100
8214 0.000188
8215 0.000083
8216 0.000061
8217 0.000035
8218 0.000031
8219 0.000041
8220 0.000046
8221 0.000137
8222 0.000102
8223 0.000034
8224 0.000153
8225 0.000068
8226 0.000050
8227 0.000174
8228 0.000046
8229 0.000061
8230 0.000070
8231 0.000065
8232 0.000142
8233 0.000107
8234 0.000038
8235 0.000134
8236 0.000093
8237 0.000064
8238 0.000072
8239 0.000161
8240 0.000184
8241 0.000035
8242 0.000079
8243 0.000201
8244 0.000066
8245 0.000036
8246 0.000155
8247 0.000105
8248 0.000256
8249 0.000073
8250 0.000089
8251 0.000142
8252 0.000035
8253 0.000128
8254 0.000135
8255 0.000202
8256 0.000038
8257 0.000129
8258 0.000046
8259 0.000071
8260 0.000117
8261 0.000144
8262 0.000071
8263 0.000068
8264 0.000037
8265 0.000047
8266 0.000037
8267 0.000101
8268 0.000099
8269 0.000091
8270 0.000133
8271 0.000042
8272 0.000038
8273 0.000023
8274 0.000180
8275 0.000118
8276 0.000031
8277 0.000025
8278 0.000072
8279 0.000089
8280 0.000027
8281 0.000132
8282 0.000105
8283 0.000205
8284 0.000111
8285 0.000060
8286 0.000107
8287 0.000149
8288 0.000184
8289 0.000116
8290 0.000177
8291 0.000112
8292 0.000166
8293 0.000077
8294 0.000095
8295 0.000081
8296 0.000019
8297 0.000231
8298 0.000064
8299 0.000167
8300 0.000040
8301 0.000099
8302 0.000061
8303 0.000036
8304 0.000159
8305 0.000080
8306 0.000129
8307 0.000168
8308 0.000210
8309 0.000144
8310 0.000019
8311 0.000172
8312 0.000068
8313 0.000143
8314 0.000100
8315 0.000074
8316 0.000106
8317 0.000186
8318 0.000149
8319 0.000019
8320 0.000270
8321 0.000034
8322 0.000066
8323 0.000090
8324 0.000152
8325 0.000065
8326 0.000101
8327 0.000106
8328 0.000137
8329 0.000065
8330 0.000061
8331 0.000177
8332 0.000089
8333 0.000069
8334 0.000146
8335 0.000146
8336 0.000081
8337 0.000133
8338 0.000220
8339 0.000071
8340 0.000059
8341 0.000124
8342 0.000254
8343 0.000036
8344 0.000084
8345 0.000087
8346 0.000052
8347 0.000097
8348 0.000096
8349 0.000072
8350 0.000040
8351 0.000087
8352 0.000060
8353 0.000073
8354 0.000209
8355 0.000077
8356 0.000165
8357 0.000271
8358 0.000219
8359 0.000059
8360 0.000190
8361 0.000114
8362 0.000100
8363 0.000019
8364 0.000082
8365 0.000053
8366 0.000047
8367 0.000087
8368 0.000186
8369 0.000087
8370 0.000139
8371 0.000019
8372 0.000129
8373 0.000081
8374 0.000145
8375 0.000163
8376 0.000332
8377 0.000065
8378 0.000068
8379 0.000100
8380 0.000142
8381 0.000213
8382 0.000145
8383 0.000178
8384 0.000019
8385 0.000019
8386 0.000099
8387 0.000062
8388 0.000104
8389 0.000103
8390 0.000073
8391 0.000075
8392 0.000030
8393 0.000055
8394 0.000162
8395 0.000067
8396 0.000075
8397 0.000105
8398 0.000048
8399 0.000367
8400 0.000026
8401 0.000032
8402 0.000072
8403 0.000041
8404 0.000066
8405 0.000019
8406 0.000046
8407 0.000041
8408 0.000053
8409 0.000089
8410 0.000083
8411 0.000069
8412 0.000109
8413 0.000048
8414 0.000021
8415 0.000147
8416 0.000074
8417 0.000047
8418 0.000044
8419 0.000165
8420 0.000095
8421 0.000050
8422 0.000027
8423 0.000047
8424 0.000068
8425 0.000094
8426 0.000089
8427 0.000049
8428 0.000025
8429 0.000044
8430 0.000019
8431 0.000098
8432 0.000076
8433 0.000111
8434 0.000069
8435 0.000104
8436 0.000128
8437 0.000118
8438 0.000034
8439 0.000042
8440 0.000047
8441 0.000038
8442 0.000102
8443 0.000047
8444 0.000051
8445 0.000111
8446 0.000096
8447 0.000095
8448 0.000138
8449 0.000146
8450 0.000148
8451 0.000148
8452 0.000149
8453 0.000107
8454 0.000096
8455 0.000045
8456 0.000097
8457 0.000071
8458 0.000076
8459 0.000092
8460 0.000043
8461 0.000060
8462 0.000037
8463 0.000062
8464 0.000019
8465 0.000078
8466 0.000188
8467 0.000095
8468 0.000119
8469 0.000249
8470 0.000075
8471 0.000172
8472 0.000019
8473 0.000070
8474 0.000109
8475 0.000042
8476 0.000266
8477 0.000026
8478 0.000062
8479 0.000059
8480 0.000073
8481 0.000199
8482 0.000147
8483 0.000037
8484 0.000078
8485 0.000114
8486 0.000167
8487 0.000058
8488 0.000077
8489 0.000026
8490 0.000138
8491 0.000068
8492 0.000137
8493 0.000040
8494 0.000129
8495 0.000128
8496 0.000160
8497 0.000273
8498 0.000102
8499 0.000039
8500 0.000300
8501 0.000460
8502 0.000103
8503 0.000067
8504 0.000068
8505 0.000131
8506 0.000019
8507 0.000057
8508 0.000088
8509 0.000164
8510 0.000107
8511 0.000079
8512 0.000085
8513 0.000027
8514 0.000203
8515 0.000094
8516 0.000174
8517 0.000068
8518 0.000125
8519 0.000094
8520 0.000126
8521 0.000112
8522 0.000074
8523 0.000159
8524 0.000121
8525 0.000019
8526 0.000050
8527 0.000056
8528 0.000059
8529 0.000150
8530 0.000089
8531 0.000114
8532 0.000132
8533 0.000122
8534 0.000053
8535 0.000046
8536 0.000091
8537 0.000224
8538 0.000118
8539 0.000136
8540 0.000128
8541 0.000029
8542 0.000043
8543 0.000055
8544 0.000026
8545 0.000136
8546 0.000019
8547 0.000056
8548 0.000262
8549 0.000041
8550 0.000090
8551 0.000122
8552 0.000084
8553 0.000088
8554 0.000046
8555 0.000067
8556 0.000062
8557 0.000069
8558 0.000076
8559 0.000203
8560 0.000083
8561 0.000262
8562 0.000060
8563 0.000141
8564 0.000114
8565 0.000135
8566 0.000042
8567 0.000033
8568 0.000172
8569 0.000222
8570 0.000213
8571 0.000128
8572 0.000080
8573 0.000128
8574 0.000171
8575 0.000101
8576 0.000080
8577 0.000103
8578 0.000092
8579 0.000076
8580 0.000049
8581 0.000226
8582 0.000164
8583 0.000050
8584 0.000089
8585 0.000157
8586 0.000070
8587 0.000094
8588 0.000028
8589 0.000070
8590 0.000035
8591 0.000063
8592 0.000137
8593 0.000170
8594 0.000032
8595 0.000061
8596 0.000204
8597 0.000057
8598 0.000136
8599 0.000047
8600 0.000045
8601 0.000054
8602 0.000085
8603 0.000038
8604 0.000115
8605 0.000099
8606 0.000033
8607 0.000168
8608 0.000172
8609 0.000068
8610 0.000055
8611 0.000284
8612 0.000063
8613 0.000079
8614 0.000063
8615 0.000175
8616 0.000172
8617 0.000096
8618 0.000098
8619 0.000047
8620 0.000076
8621 0.000103
8622 0.000149
8623 0.000067
8624 0.000094
8625 0.000141
8626 0.000039
8627 0.000073
8628 0.000073
8629 0.000069
8630 0.000067
8631 0.000019
8632 0.000071
8633 0.000116
8634 0.000061
8635 0.000019
8636 0.000086
8637 0.000046
8638 0.000158
8639 0.000088
8640 0.000041
8641 0.000034
8642 0.000105
8643 0.000031
8644 0.000060
8645 0.000067
8646 0.000101
8647 0.000121
8648 0.000109
8649 0.000121
8650 0.000059
8651 0.000062
8652 0.000106
8653 0.000164
8654 0.000053
8655 0.000227
8656 0.000266
8657 0.000056
8658 0.000019
8659 0.000058
8660 0.000069
8661 0.000056
8662 0.000079
8663 0.000044
8664 0.000118
8665 0.000081
8666 0.000069
8667 0.000148
8668 0.000055
8669 0.000041
8670 0.000133
8671 0.000019
8672 0.000116
8673 0.000141
8674 0.000142
8675 0.000036
8676 0.000046
8677 0.000213
8678 0.000027
8679 0.000088
8680 0.000131
8681 0.000066
8682 0.000161
8683 0.000019
8684 0.000148
8685 0.000028
8686 0.000073
8687 0.000033
8688 0.000048
8689 0.000267
8690 0.000098
8691 0.000167
8692 0.000069
8693 0.000110
8694 0.000132
8695 0.000128
8696 0.000022
8697 0.000226
8698 0.000197
8699 0.000061
8700 0.000080
8701 0.000090
8702 0.000208
8703 0.000136
8704 0.000059
8705 0.000019
8706 0.000046
8707 0.000038
8708 0.000133
8709 0.000036
8710 0.000040
8711 0.000046
8712 0.000048
8713 0.000038
8714 0.000052
8715 0.000107
8716 0.000027
8717 0.000037
8718 0.000133
8719 0.000045
8720 0.000051
8721 0.000135
8722 0.000063
8723 0.000108
8724 0.000092
8725 0.000097
8726 0.000078
8727 0.000061
8728 0.000089
8729 0.000066
8730 0.000050
8731 0.000165
8732 0.000019
8733 0.000191
8734 0.000040
8735 0.000071
8736 0.000164
8737 0.000054
8738 0.000192
8739 0.000224
8740 0.000241
8741 0.000097
8742 0.000082
8743 0.000144
8744 0.000019
8745 0.000154
8746 0.000141
8747 0.000075
8748 0.000171
8749 0.000066
8750 0.000107
8751 0.000310
8752 0.000081
8753 0.000200
8754 0.000048
8755 0.000052
8756 0.000051
8757 0.000119
8758 0.000118
8759 0.000126
8760 0.000066
8761 0.000086
8762 0.000047
8763 0.000147
8764 0.000102
8765 0.000167
8766 0.000143
8767 0.000161
8768 0.000076
8769 0.000192
8770 0.000084
8771 0.000132
8772 0.000099
8773 0.000169
8774 0.000075
8775 0.000057
8776 0.000050
8777 0.000193
8778 0.000107
8779 0.000088
8780 0.000046
8781 0.000058
8782 0.000078
8783 0.000198
8784 0.000039
8785 0.000123
8786 0.000095
8787 0.000033
8788 0.000212
8789 0.000074
8790 0.000037
8791 0.000189
8792 0.000082
8793 0.000108
8794 0.000052
8795 0.000019
8796 0.000034
8797 0.000082
8798 0.000140
8799 0.000045
8800 0.000058
8801 0.000087
8802 0.000122
8803 0.000056
8804 0.000261
8805 0.000081
8806 0.000213
8807 0.000106
8808 0.000046
8809 0.000037
8810 0.000264
8811 0.000045
8812 0.000132
8813 0.000194
8814 0.000117
8815 0.000053
8816 0.000045
8817 0.000074
8818 0.000196
8819 0.000072
8820 0.000032
8821 0.000236
8822 0.000019
8823 0.000076
8824 0.000081
8825 0.000136
8826 0.000083
8827 0.000239
8828 0.000051
8829 0.000051
8830 0.000073
8831 0.000109
8832 0.000075
8833 0.000098
8834 0.000178
8835 0.000049
8836 0.000073
8837 0.000125
8838 0.000019
8839 0.000073
8840 0.000108
8841 0.000084
8842 0.000077
8843 0.000019
8844 0.000073
8845 0.000091
8846 0.000104
8847 0.000115
8848 0.000096
8849 0.000035
8850 0.000089
8851 0.000035
8852 0.000069
8853 0.000051
8854 0.000085
8855 0.000134
8856 0.000218
8857 0.000100
8858 0.000043
8859 0.000073
8860 0.000058
8861 0.000019
8862 0.000019
8863 0.000114
8864 0.000100
8865 0.000070
8866 0.000106
8867 0.000054
8868 0.000069
8869 0.000127
8870 0.000064
8871 0.000143
8872 0.000117
8873 0.000084
8874 0.000064
8875 0.000141
8876 0.000126
8877 0.000054
8878 0.000035
8879 0.000136
8880 0.000171
8881 0.000061
8882 0.000058
8883 0.000043
8884 0.000078
8885 0.000073
8886 0.000046
8887 0.000099
8888 0.000019
8889 0.000019
8890 0.000092
8891 0.000019
8892 0.000287
8893 0.000133
8894 0.000019
8895 0.000069
8896 0.000114
8897 0.000369
8898 0.000064
8899 0.000109
8900 0.000080
8901 0.000108
8902 0.000065
8903 0.000141
8904 0.000087
8905 0.000162
8906 0.000133
8907 0.000102
8908 0.000077
8909 0.000088
8910 0.000019
8911 0.000056
8912 0.000083
8913 0.000019
8914 0.000172
8915 0.000019
8916 0.000050
8917 0.000044
8918 0.000064
8919 0.000175
8920 0.000257
8921 0.000060
8922 0.000160
8923 0.000087
8924 0.000066
8925 0.000042
8926 0.000056
8927 0.000039
8928 0.000126
8929 0.000204
8930 0.000058
8931 0.000207
8932 0.000155
8933 0.000029
8934 0.000061
8935 0.000069
8936 0.000134
8937 0.000179
8938 0.000209
8939 0.000085
8940 0.000144
8941 0.000160
8942 0.000059
8943 0.000019
8944 0.000068
8945 0.000104
8946 0.000133
8947 0.000066
8948 0.000077
8949 0.000062
8950 0.000125
8951 0.000182
8952 0.000082
8953 0.000085
8954 0.000134
8955 0.000510
8956 0.000062
8957 0.000195
8958 0.000123
8959 0.000124
8960 0.000079
8961 0.000073
8962 0.000271
8963 0.000068
8964 0.000162
8965 0.000037
8966 0.000019
8967 0.000019
8968 0.000023
8969 0.000091
8970 0.000093
8971 0.000106
8972 0.000079
8973 0.000062
8974 0.000054
8975 0.000045
8976 0.000102
8977 0.000154
8978 0.000083
8979 0.000040
8980 0.000046
8981 0.000086
8982 0.000086
8983 0.000019
8984 0.000105
8985 0.000113
8986 0.000293
8987 0.000119
8988 0.000065
8989 0.000019
8990 0.000120
8991 0.000190
8992 0.000074
8993 0.000080
8994 0.000054
8995 0.000200
8996 0.000144
8997 0.000019
8998 0.000062
8999 0.000057
9000 0.000056
9001 0.000185
9002 0.000069
9003 0.000056
9004 0.000081
9005 0.000182
9006 0.000056
9007 0.000065
9008 0.000104
9009 0.000063
9010 0.000040
9011 0.000112
9012 0.000172
9013 0.000171
9014 0.000104
9015 0.000080
9016 0.000040
9017 0.000171
9018 0.000195
9019 0.000245
9020 0.000098
9021 0.000161
9022 0.000044
9023 0.000114
9024 0.000205
9025 0.000019
9026 0.000241
9027 0.000111
9028 0.000042
9029 0.000057
9030 0.000045
9031 0.000098
9032 0.000043
9033 0.000051
9034 0.000142
9035 0.000019
9036 0.000107
9037 0.000286
9038 0.000179
9039 0.000042
9040 0.000386
9041 0.000049
9042 0.000083
9043 0.000078
9044 0.000096
9045 0.000045
9046 0.000064
9047 0.000054
9048 0.000068
9049 0.000088
9050 0.000065
9051 0.000125
9052 0.000105
9053 0.000037
9054 0.000058
9055 0.000066
9056 0.000043
9057 0.000203
9058 0.000134
9059 0.000094
9060 0.000092
9061 0.000055
9062 0.000055
9063 0.000056
9064 0.000066
9065 0.000175
9066 0.000045
9067 0.000194
9068 0.000055
9069 0.000158
9070 0.000077
9071 0.000111
9072 0.000075
9073 0.000081
9074 0.000136
9075 0.000195
9076 0.000104
9077 0.000080
9078 0.000145
9079 0.000105
9080 0.000063
9081 0.000265
9082 0.000072
9083 0.000163
9084 0.000042
9085 0.000060
9086 0.000056
9087 0.000052
9088 0.000060
9089 0.000083
9090 0.000151
9091 0.000042
9092 0.000120
9093 0.000046
9094 0.000043
9095 0.000068
9096 0.000035
9097 0.000140
9098 0.000147
9099 0.000061
9100 0.000084
9101 0.000041
9102 0.000108
9103 0.000200
9104 0.000044
9105 0.000120
9106 0.000165
9107 0.000073
9108 0.000053
9109 0.000078
9110 0.000110
9111 0.000096
9112 0.000160
9113 0.000048
9114 0.000255
9115 0.000063
9116 0.000019
9117 0.000052
9118 0.000052
9119 0.000150
9120 0.000066
9121 0.000066
9122 0.000106
9123 0.000123
9124 0.000019
9125 0.000054
9126 0.000094
9127 0.000086
9128 0.000059
9129 0.000047
9130 0.000069
9131 0.000086
9132 0.000019
9133 0.000103
9134 0.000056
9135 0.000126
9136 0.000089
9137 0.000163
9138 0.000019
9139 0.000150
9140 0.000099
9141 0.000076
9142 0.000101
9143 0.000055
9144 0.000039
9145 0.000118
9146 0.000094
9147 0.000032
9148 0.000273
9149 0.000050
9150 0.000031
9151 0.000054
9152 0.000209
9153 0.000121
9154 0.000031
9155 0.000183
9156 0.000063
9157 0.000190
9158 0.000075
9159 0.000084
9160 0.000106
9161 0.000077
9162 0.000092
9163 0.000029
9164 0.000019
9165 0.000169
9166 0.000115
9167 0.000084
9168 0.000035
9169 0.000061
9170 0.000039
9171 0.000044
9172 0.000032
9173 0.000063
9174 0.000137
9175 0.000128
9176 0.000096
9177 0.000110
9178 0.000088
9179 0.000173
9180 0.000073
9181 0.000019
9182 0.000126
9183 0.000019
9184 0.000073
9185 0.000027
9186 0.000135
9187 0.000075
9188 0.000117
9189 0.000141
9190 0.000052
9191 0.000102
9192 0.000094
9193 0.000019
9194 0.000071
9195 0.000059
9196 0.000246
9197 0.000097
9198 0.000158
9199 0.000041
9200 0.000120
9201 0.000189
9202 0.000077
9203 0.000070
9204 0.000144
9205 0.000028
9206 0.000065
9207 0.000203
9208 0.000076
9209 0.000019
9210 0.000142
9211 0.000082
9212 0.000042
9213 0.000087
9214 0.000082
9215 0.000179
9216 0.000072
9217 0.000058
9218 0.000125
9219 0.000101
9220 0.000094
9221 0.000026
9222 0.000073
9223 0.000019
9224 0.000260
9225 0.000057
9226 0.000191
9227 0.000367
9228 0.000097
9229 0.000234
9230 0.000029
9231 0.000131
9232 0.000136
9233 0.000092
9234 0.000084
9235 0.000239
9236 0.000121
9237 0.000148
9238 0.000065
9239 0.000091
9240 0.000096
9241 0.000259
9242 0.000019
9243 0.000336
9244 0.000134
9245 0.000019
9246 0.000038
9247 0.000090
9248 0.000081
9249 0.000166
9250 0.000208
9251 0.000058
9252 0.000029
9253 0.000047
9254 0.000065
9255 0.000033
9256 0.000145
9257 0.000118
9258 0.000171
9259 0.000065
9260 0.000147
9261 0.000152
9262 0.000148
9263 0.000190
9264 0.000099
9265 0.000183
9266 0.000180
9267 0.000081
9268 0.000101
9269 0.000155
9270 0.000056
9271 0.000116
9272 0.000050
9273 0.000045
9274 0.000043
9275 0.000229
9276 0.000036
9277 0.000113
9278 0.000053
9279 0.000169
9280 0.000054
9281 0.000052
9282 0.000250
9283 0.000078
9284 0.000182
9285 0.000019
9286 0.000072
9287 0.000150
9288 0.000131
9289 0.000019
9290 0.000157
9291 0.000023
9292 0.000131
9293 0.000178
9294 0.000087
9295 0.000064
9296 0.000138
9297 0.000242
9298 0.000051
9299 0.000098
9300 0.000366
9301 0.000066
9302 0.000134
9303 0.000085
9304 0.000106
9305 0.000113
9306 0.000119
9307 0.000102
9308 0.000099
9309 0.000089
9310 0.000120
9311 0.000036
9312 0.000060
9313 0.000120
9314 0.000098
9315 0.000039
9316 0.000045
9317 0.000196
9318 0.000124
9319 0.000044
9320 0.000067
9321 0.000030
9322 0.000036
9323 0.000068
9324 0.000119
9325 0.000145
9326 0.000060
9327 0.000050
9328 0.000184
9329 0.000050
9330 0.000141
9331 0.000074
9332 0.000046
9333 0.000038
9334 0.000075
9335 0.000077
9336 0.000115
9337 0.000078
9338 0.000091
9339 0.000124
9340 0.000051
9341 0.000033
9342 0.000093
9343 0.000028
9344 0.000153
9345 0.000066
9346 0.000066
9347 0.000078
9348 0.000163
9349 0.000181
9350 0.000094
9351 0.000078
9352 0.000065
9353 0.000066
9354 0.000069
9355 0.000112
9356 0.000137
9357 0.000054
9358 0.000054
9359 0.000098
9360 0.000041
9361 0.000179
9362 0.000212
9363 0.000060
9364 0.000129
9365 0.000173
9366 0.000191
9367 0.000103
9368 0.000068
9369 0.000041
9370 0.000111
9371 0.000039
9372 0.000212
9373 0.000063
9374 0.000185
9375 0.000150
9376 0.000227
9377 0.000029
9378 0.000271
9379 0.000019
9380 0.000095
9381 0.000166
9382 0.000046
9383 0.000306
9384 0.000019
9385 0.000094
9386 0.000176
9387 0.000065
9388 0.000099
9389 0.000122
9390 0.000098
9391 0.000184
9392 0.000038
9393 0.000097
9394 0.000136
9395 0.000076
9396 0.000041
9397 0.000070
9398 0.000106
9399 0.000038
9400 0.000117
9401 0.000057
9402 0.000265
9403 0.000125
9404 0.000136
9405 0.000165
9406 0.000074
9407 0.000164
9408 0.000070
9409 0.000094
9410 0.000145
9411 0.000088
9412 0.000040
9413 0.000144
9414 0.000044
9415 0.000104
9416 0.000116
9417 0.000133
9418 0.000027
9419 0.000317
9420 0.000129
9421 0.000108
9422 0.000121
9423 0.000117
9424 0.000296
9425 0.000072
9426 0.000077
9427 0.000044
9428 0.000210
9429 0.000122
9430 0.000164
9431 0.000156
9432 0.000197
9433 0.000056
9434 0.000059
9435 0.000219
9436 0.000028
9437 0.000044
9438 0.000195
9439 0.000071
9440 0.000369
9441 0.000132
9442 0.000093
9443 0.000076
9444 0.000096
9445 0.000053
9446 0.000149
9447 0.000187
9448 0.000049
9449 0.000076
9450 0.000156
9451 0.000161
9452 0.000087
9453 0.000104
9454 0.000070
9455 0.000041
9456 0.000056
9457 0.000134
9458 0.000087
9459 0.000036
9460 0.000212
9461 0.000069
9462 0.000046
9463 0.000069
9464 0.000148
9465 0.000080
9466 0.000037
9467 0.000083
9468 0.000128
9469 0.000025
9470 0.000054
9471 0.000074
9472 0.000065
9473 0.000063
9474 0.000183
9475 0.000108
9476 0.000189
9477 0.000237
9478 0.000043
9479 0.000147
9480 0.000034
9481 0.000083
9482 0.000103
9483 0.000028
9484 0.000091
9485 0.000142
9486 0.000100
9487 0.000032
9488 0.000078
9489 0.000087
9490 0.000120
9491 0.000099
9492 0.000057
9493 0.000059
9494 0.000183
9495 0.000245
9496 0.000077
9497 0.000038
9498 0.000063
9499 0.000099
9500 0.000027
9501 0.000087
9502 0.000197
9503 0.000115
9504 0.000090
9505 0.000051
9506 0.000035
9507 0.000099
9508 0.000131
9509 0.000082
9510 0.000105
9511 0.000039
9512 0.000060
9513 0.000061
9514 0.000155
9515 0.000113
9516 0.000094
9517 0.000324
9518 0.000118
9519 0.000089
9520 0.000191
9521 0.000030
9522 0.000080
9523 0.000085
9524 0.000039
9525 0.000051
9526 0.000047
9527 0.000087
9528 0.000019
9529 0.000145
9530 0.000178
9531 0.000051
9532 0.000066
9533 0.000057
9534 0.000062
9535 0.000100
9536 0.000272
9537 0.000249
9538 0.000030
9539 0.000062
9540 0.000028
9541 0.000053
9542 0.000155
9543 0.000086
9544 0.000125
9545 0.000109
9546 0.000099
9547 0.000235
9548 0.000062
9549 0.000184
9550 0.000096
9551 0.000145
9552 0.000075
9553 0.000084
9554 0.000094
9555 0.000038
9556 0.000097
9557 0.000029
9558 0.000046
9559 0.000033
9560 0.000168
9561 0.000097
9562 0.000081
9563 0.000174
9564 0.000050
9565 0.000019
9566 0.000129
9567 0.000111
9568 0.000358
9569 0.000134
9570 0.000204
9571 0.000122
9572 0.000089
9573 0.000175
9574 0.000152
9575 0.000083
9576 0.000250
9577 0.000115
9578 0.000117
9579 0.000058
9580 0.000268
9581 0.000094
9582 0.000060
9583 0.000034
9584 0.000062
9585 0.000236
9586 0.000076
9587 0.000077
9588 0.000118
9589 0.000323
9590 0.000061
9591 0.000072
9592 0.000040
9593 0.000050
9594 0.000143
9595 0.000055
9596 0.000026
9597 0.000094
9598 0.000051
9599 0.000090
9600 0.000067
9601 0.000050
9602 0.000075
9603 0.000215
9604 0.000126
9605 0.000019
9606 0.000137
9607 0.000338
9608 0.000073
9609 0.000030
9610 0.000040
9611 0.000051
9612 0.000048
9613 0.000062
9614 0.000084
9615 0.000467
9616 0.000114
9617 0.000124
9618 0.000057
9619 0.000238
9620 0.000189
9621 0.000068
9622 0.000088
9623 0.000084
9624 0.000079
9625 0.000088
9626 0.000421
9627 0.000063
9628 0.000057
9629 0.000114
9630 0.000060
9631 0.000110
9632 0.000019
9633 0.000126
9634 0.000193
9635 0.000051
9636 0.000019
9637 0.000090
9638 0.000132
9639 0.000058
9640 0.000128
9641 0.000044
9642 0.000050
9643 0.000077
9644 0.000055
9645 0.000086
9646 0.000121
9647 0.000148
9648 0.000130
9649 0.000056
9650 0.000061
9651 0.000026
9652 0.000042
9653 0.000089
9654 0.000046
9655 0.000116
9656 0.000019
9657 0.000094
9658 0.000074
9659 0.000182
9660 0.000160
9661 0.000035
9662 0.000019
9663 0.000095
9664 0.000065
9665 0.000019
9666 0.000076
9667 0.000088
9668 0.000070
9669 0.000070
9670 0.000056
9671 0.000134
9672 0.000086
9673 0.000147
9674 0.000103
9675 0.000112
9676 0.000117
9677 0.000098
9678 0.000142
9679 0.000326
9680 0.000022
9681 0.000099
9682 0.000039
9683 0.000167
9684 0.000019
9685 0.000280
9686 0.000044
9687 0.000062
9688 0.000079
9689 0.000112
9690 0.000025
9691 0.000019
9692 0.000069
9693 0.000078
9694 0.000099
9695 0.000076
9696 0.000019
9697 0.000178
9698 0.000019
9699 0.000019
9700 0.000073
9701 0.000225
9702 0.000092
9703 0.000134
9704 0.000138
9705 0.000037
9706 0.000096
9707 0.000073
9708 0.000105
9709 0.000095
9710 0.000042
9711 0.000098
9712 0.000019
9713 0.000091
9714 0.000098
9715 0.000080
9716 0.000064
9717 0.000193
9718 0.000213
9719 0.000065
9720 0.000080
9721 0.000060
9722 0.000072
9723 0.000125
9724 0.000064
9725 0.000180
9726 0.000211
9727 0.000118
9728 0.000097
9729 0.000133
9730 0.000113
9731 0.000019
9732 0.000141
9733 0.000062
9734 0.000040
9735 0.000081
9736 0.000186
9737 0.000069
9738 0.000064
9739 0.000260
9740 0.000309
9741 0.000037
9742 0.000234
9743 0.000079
9744 0.000059
9745 0.000104
9746 0.000088
9747 0.000107
9748 0.000100
9749 0.000102
9750 0.000094
9751 0.000044
9752 0.000121
9753 0.000139
9754 0.000106
9755 0.000019
9756 0.000047
9757 0.000063
9758 0.000044
9759 0.000094
9760 0.000147
9761 0.000163
9762 0.000075
9763 0.000207
9764 0.000177
9765 0.000028
9766 0.000097
9767 0.000154
9768 0.000111
9769 0.000052
9770 0.000214
9771 0.000095
9772 0.000089
9773 0.000059
9774 0.000080
9775 0.000077
9776 0.000075
9777 0.000170
9778 0.000198
9779 0.000048
9780 0.000110
9781 0.000153
9782 0.000187
9783 0.000152
9784 0.000073
9785 0.000063
9786 0.000027
9787 0.000040
9788 0.000203
9789 0.000072
9790 0.000025
9791 0.000162
9792 0.000073
9793 0.000077
9794 0.000107
9795 0.000189
9796 0.000052
9797 0.000062
9798 0.000107
9799 0.000065
9800 0.000035
9801 0.000234
9802 0.000108
9803 0.000027
9804 0.000290
9805 0.000019
9806 0.000083
9807 0.000104
9808 0.000040
9809 0.000100
9810 0.000081
9811 0.000182
9812 0.000029
9813 0.000055
9814 0.000022
9815 0.000175
9816 0.000069
9817 0.000040
9818 0.000117
9819 0.000030
9820 0.000019
9821 0.000096
9822 0.000100
9823 0.000221
9824 0.000055
9825 0.000105
9826 0.000076
9827 0.000091
9828 0.000044
9829 0.000115
9830 0.000086
9831 0.000202
9832 0.000105
9833 0.000080
9834 0.000056
9835 0.000095
9836 0.000088
9837 0.000069
9838 0.000114
9839 0.000031
9840 0.000062
9841 0.000027
9842 0.000019
9843 0.000106
9844 0.000058
9845 0.000038
9846 0.000027
9847 0.000099
9848 0.000092
9849 0.000180
9850 0.000025
9851 0.000038
9852 0.000050
9853 0.000156
9854 0.000080
9855 0.000030
9856 0.000265
9857 0.000176
9858 0.000112
9859 0.000089
9860 0.000113
9861 0.000074
9862 0.000019
9863 0.000080
9864 0.000078
9865 0.000068
9866 0.000090
9867 0.000053
9868 0.000114
9869 0.000118
9870 0.000119
9871 0.000081
9872 0.000117
9873 0.000038
9874 0.000080
9875 0.000119
9876 0.000036
9877 0.000038
9878 0.000077
9879 0.000174
9880 0.000027
9881 0.000047
9882 0.000162
9883 0.000072
9884 0.000167
9885 0.000254
9886 0.000051
9887 0.000107
9888 0.000038
9889 0.000367
9890 0.000221
9891 0.000204
9892 0.000044
9893 0.000019
9894 0.000051
9895 0.000104
9896 0.000098
9897 0.000051
9898 0.000176
9899 0.000131
9900 0.000226
9901 0.000108
9902 0.000172
9903 0.000121
9904 0.000187
9905 0.000072
9906 0.000050
9907 0.000070
9908 0.000145
9909 0.000056
9910 0.000074
9911 0.000065
9912 0.000097
9913 0.000115
9914 0.000062
9915 0.000188
9916 0.000019
9917 0.000128
9918 0.000212
9919 0.000069
9920 0.000069
9921 0.000044
9922 0.000132
9923 0.000057
9924 0.000085
9925 0.000019
9926 0.000083
9927 0.000106
9928 0.000095
9929 0.000121
9930 0.000077
9931 0.000062
9932 0.000400
9933 0.000041
9934 0.000145
9935 0.000029
9936 0.000112
9937 0.000146
9938 0.000100
9939 0.000319
9940 0.000099
9941 0.000081
9942 0.000069
9943 0.000155
9944 0.000085
9945 0.000042
9946 0.000105
9947 0.000109
9948 0.000066
9949 0.000227
9950 0.000159
9951 0.000214
9952 0.000229
9953 0.000172
9954 0.000028
9955 0.000094
9956 0.000054
9957 0.000019
9958 0.000082
9959 0.000039
9960 0.000149
9961 0.000222
9962 0.000030
9963 0.000060
9964 0.000019
9965 0.000095
9966 0.000052
9967 0.000088
9968 0.000052
9969 0.000024
9970 0.000158
9971 0.000170
9972 0.000082
9973 0.000320
9974 0.000090
9975 0.000188
9976 0.000019
9977 0.000133
9978 0.000019
9979 0.000083
9980 0.000039
9981 0.000192
9982 0.000092
9983 0.000099
9984 0.000140
9985 0.000033
9986 0.000061
9987 0.000343
9988 0.000140
9989 0.000167
9990 0.000103
9991 0.000165
9992 0.000112
9993 0.000019
9994 0.000405
9995 0.000028
9996 0.000054
9997 0.000068
9998 0.000068
9999 0.000208
Sum of ranks: 1.000000
Iterations: 15
Converged: true
Execution time: 20.249 ms
