Algorithm: PageRank
Damping: 0.85
Vertex ranks:
0 0.000021
1 0.000004
2 0.000019
3 0.000013
4 0.000013
5 0.000025
6 0.000018
7 0.000038
8 0.000013
9 0.000005
10 0.000012
11 0.000005
12 0.000046
13 0.000012
14 0.000011
15 0.000011
16 0.000033
17 0.000024
18 0.000018
19 0.000010
20 0.000006
21 0.000016
22 0.000011
23 0.000026
24 0.000009
25 0.000010
26 0.000021
27 0.000023
28 0.000017
29 0.000015
30 0.000052
31 0.000015
32 0.000007
33 0.000008
34 0.000034
35 0.000035
36 0.000011
37 0.000029
38 0.000009
39 0.000017
40 0.000008
41 0.000013
42 0.000038
43 0.000023
44 0.000012
45 0.000011
46 0.000004
47 0.000006
48 0.000010
49 0.000004
50 0.000004
51 0.000005
52 0.000007
53 0.000050
54 0.000004
55 0.000009
56 0.000013
57 0.000030
58 0.000025
59 0.000018
60 0.000025
61 0.000083
62 0.000021
63 0.000010
64 0.000005
65 0.000066
66 0.000012
67 0.000019
68 0.000010
69 0.000021
70 0.000016
71 0.000027
72 0.000005
73 0.000005
74 0.000008
75 0.000032
76 0.000020
77 0.000008
78 0.000027
79 0.000031
80 0.000043
81 0.000032
82 0.000009
83 0.000012
84 0.000014
85 0.000010
86 0.000018
87 0.000012
88 0.000012
89 0.000035
90 0.000032
91 0.000037
92 0.000013
93 0.000015
94 0.000021
95 0.000034
96 0.000036
97 0.000004
98 0.000008
99 0.000015
100 0.000037
101 0.000004
102 0.000016
103 0.000044
104 0.000027
105 0.000028
106 0.000039
107 0.000035
108 0.000025
109 0.000018
110 0.000012
111 0.000026
112 0.000010
113 0.000031
114 0.000030
115 0.000031
116 0.000023
117 0.000025
118 0.000007
119 0.000022
120 0.000035
121 0.000014
122 0.000024
123 0.000020
124 0.000017
125 0.000019
126 0.000016
127 0.000022
128 0.000013
129 0.000041
130 0.000018
131 0.000008
132 0.000034
133 0.000009
134 0.000007
135 0.000021
136 0.000036
137 0.000012
138 0.000018
139 0.000031
140 0.000011
141 0.000006
142 0.000008
143 0.000011
144 0.000017
145 0.000014
146 0.000017
147 0.000014
148 0.000019
149 0.000008
150 0.000020
151 0.000008
152 0.000027
153 0.000007
154 0.000023
155 0.000009
156 0.000008
157 0.000008
158 0.000008
159 0.000017
160 0.000029
161 0.000010
162 0.000010
163 0.000050
164 0.000030
165 0.000046
166 0.000018
167 0.000026
168 0.000027
169 0.000009
170 0.000018
171 0.000006
172 0.000026
173 0.000008
174 0.000056
175 0.000018
176 0.000015
177 0.000020
178 0.000023
179 0.000046
180 0.000016
181 0.000008
182 0.000039
183 0.000013
184 0.000027
185 0.000022
186 0.000026
187 0.000018
188 0.000015
189 0.000032
190 0.000014
191 0.000009
192 0.000004
193 0.000008
194 0.000007
195 0.000019
196 0.000027
197 0.000013
198 0.000007
199 0.000010
200 0.000013
201 0.000027
202 0.000035
203 0.000019
204 0.000017
205 0.000026
206 0.000022
207 0.000008
208 0.000032
209 0.000019
210 0.000046
211 0.000016
212 0.000013
213 0.000032
214 0.000019
215 0.000015
216 0.000007
217 0.000020
218 0.000038
219 0.000040
220 0.000018
221 0.000052
222 0.000007
223 0.000007
224 0.000013
225 0.000005
226 0.000034
227 0.000019
228 0.000017
229 0.000007
230 0.000022
231 0.000019
232 0.000010
233 0.000004
234 0.000026
235 0.000017
236 0.000008
237 0.000028
238 0.000026
239 0.000014
240 0.000033
241 0.000024
242 0.000006
243 0.000020
244 0.000017
245 0.000018
246 0.000005
247 0.000020
248 0.000022
249 0.000024
250 0.000024
251 0.000008
252 0.000028
253 0.000015
254 0.000039
255 0.000010
256 0.000023
257 0.000032
258 0.000024
259 0.000027
260 0.000013
261 0.000025
262 0.000004
263 0.000020
264 0.000022
265 0.000007
266 0.000018
267 0.000010
268 0.000014
269 0.000023
270 0.000021
271 0.000006
272 0.000036
273 0.000015
274 0.000004
275 0.000004
276 0.000029
277 0.000023
278 0.000013
279 0.000018
280 0.000032
281 0.000010
282 0.000004
283 0.000024
284 0.000017
285 0.000015
286 0.000014
287 0.000031
288 0.000014
289 0.000041
290 0.000022
291 0.000024
292 0.000007
293 0.000055
294 0.000011
295 0.000007
296 0.000056
297 0.000004
298 0.000009
299 0.000023
300 0.000010
301 0.000010
302 0.000015
303 0.000032
304 0.000019
305 0.000029
306 0.000030
307 0.000009
308 0.000042
309 0.000016
310 0.000030
311 0.000075
312 0.000028
313 0.000026
314 0.000038
315 0.000016
316 0.000012
317 0.000020
318 0.000012
319 0.000021
320 0.000020
321 0.000016
322 0.000019
323 0.000004
324 0.000025
325 0.000020
326 0.000012
327 0.000023
328 0.000026
329 0.000025
330 0.000022
331 0.000014
332 0.000017
333 0.000004
334 0.000023
335 0.000009
336 0.000021
337 0.000029
338 0.000031
339 0.000031
340 0.000006
341 0.000010
342 0.000016
343 0.000017
344 0.000022
345 0.000004
346 0.000053
347 0.000016
348 0.000040
349 0.000017
350 0.000017
351 0.000017
352 0.000017
353 0.000013
354 0.000012
355 0.000026
356 0.000006
357 0.000013
358 0.000005
359 0.000039
360 0.000014
361 0.000010
362 0.000004
363 0.000025
364 0.000016
365 0.000030
366 0.000007
367 0.000006
368 0.000012
369 0.000026
370 0.000008
371 0.000011
372 0.000043
373 0.000053
374 0.000014
375 0.000006
376 0.000035
377 0.000010
378 0.000007
379 0.000019
380 0.000033
381 0.000012
382 0.000009
383 0.000018
384 0.000014
385 0.000033
386 0.000053
387 0.000005
388 0.000013
389 0.000012
390 0.000040
391 0.000015
392 0.000015
393 0.000004
394 0.000028
395 0.000014
396 0.000021
397 0.000011
398 0.000017
399 0.000008
400 0.000016
401 0.000019
402 0.000004
403 0.000012
404 0.000022
405 0.000004
406 0.000004
407 0.000015
408 0.000008
409 0.000009
410 0.000009
411 0.000029
412 0.000028
413 0.000015
414 0.000009
415 0.000009
416 0.000042
417 0.000011
418 0.000016
419 0.000016
420 0.000034
421 0.000012
422 0.000026
423 0.000008
424 0.000023
425 0.000015
426 0.000010
427 0.000062
428 0.000025
429 0.000008
430 0.000035
431 0.000012
432 0.000008
433 0.000017
434 0.000024
435 0.000020
436 0.000035
437 0.000020
438 0.000041
439 0.000027
440 0.000024
441 0.000040
442 0.000016
443 0.000030
444 0.000032
445 0.000015
446 0.000033
447 0.000004
448 0.000013
449 0.000016
450 0.000054
451 0.000032
452 0.000032
453 0.000041
454 0.000017
455 0.000018
456 0.000017
457 0.000011
458 0.000010
459 0.000009
460 0.000009
461 0.000032
462 0.000029
463 0.000024
464 0.000016
465 0.000041
466 0.000040
467 0.000028
468 0.000028
469 0.000022
470 0.000019
471 0.000018
472 0.000054
473 0.000040
474 0.000054
475 0.000015
476 0.000013
477 0.000032
478 0.000018
479 0.000015
480 0.000025
481 0.000009
482 0.000024
483 0.000021
484 0.000017
485 0.000021
486 0.000016
487 0.000025
488 0.000018
489 0.000020
490 0.000004
491 0.000016
492 0.000013
493 0.000017
494 0.000004
495 0.000006
496 0.000037
497 0.000013
498 0.000018
499 0.000006
500 0.000004
501 0.000028
502 0.000004
503 0.000022
504 0.000005
505 0.000004
506 0.000019
507 0.000015
508 0.000040
509 0.000033
510 0.000026
511 0.000024
512 0.000019
513 0.000035
514 0.000012
515 0.000033
516 0.000037
517 0.000042
518 0.000009
519 0.000025
520 0.000033
521 0.000011
522 0.000025
523 0.000009
524 0.000028
525 0.000026
526 0.000019
527 0.000024
528 0.000016
529 0.000034
530 0.000008
531 0.000025
532 0.000004
533 0.000021
534 0.000023
535 0.000027
536 0.000007
537 0.000007
538 0.000026
539 0.000009
540 0.000009
541 0.000035
542 0.000036
543 0.000012
544 0.000015
545 0.000010
546 0.000008
547 0.000013
548 0.000022
549 0.000016
550 0.000023
551 0.000049
552 0.000022
553 0.000037
554 0.000011
555 0.000040
556 0.000024
557 0.000028
558 0.000036
559 0.000022
560 0.000013
561 0.000004
562 0.000007
563 0.000008
564 0.000035
565 0.000015
566 0.000017
567 0.000013
568 0.000024
569 0.000004
570 0.000017
571 0.000037
572 0.000035
573 0.000025
574 0.000006
575 0.000012
576 0.000008
577 0.000011
578 0.000007
579 0.000031
580 0.000006
581 0.000019
582 0.000020
583 0.000022
584 0.000032
585 0.000034
586 0.000019
587 0.000020
588 0.000043
589 0.000023
590 0.000009
591 0.000031
592 0.000036
593 0.000025
594 0.000014
595 0.000009
596 0.000007
597 0.000024
598 0.000016
599 0.000007
600 0.000008
601 0.000034
602 0.000008
603 0.000022
604 0.000011
605 0.000007
606 0.000031
607 0.000016
608 0.000039
609 0.000015
610 0.000006
611 0.000009
612 0.000007
613 0.000023
614 0.000004
615 0.000024
616 0.000023
617 0.000043
618 0.000015
619 0.000012
620 0.000019
621 0.000020
622 0.000004
623 0.000022
624 0.000007
625 0.000023
626 0.000006
627 0.000009
628 0.000015
629 0.000013
630 0.000033
631 0.000015
632 0.000008
633 0.000021
634 0.000016
635 0.000009
636 0.000022
637 0.000035
638 0.000033
639 0.000025
640 0.000037
641 0.000014
642 0.000027
643 0.000012
644 0.000014
645 0.000004
646 0.000010
647 0.000006
648 0.000032
649 0.000008
650 0.000019
651 0.000012
652 0.000004
653 0.000015
654 0.000033
655 0.000027
656 0.000036
657 0.000029
658 0.000023
659 0.000012
660 0.000007
661 0.000007
662 0.000005
663 0.000013
664 0.000012
665 0.000048
666 0.000023
667 0.000011
668 0.000007
669 0.000018
670 0.000021
671 0.000024
672 0.000018
673 0.000009
674 0.000030
675 0.000013
676 0.000022
677 0.000005
678 0.000050
679 0.000013
680 0.000013
681 0.000012
682 0.000018
683 0.000026
684 0.000011
685 0.000013
686 0.000021
687 0.000015
688 0.000006
689 0.000004
690 0.000019
691 0.000008
692 0.000034
693 0.000010
694 0.000004
695 0.000051
696 0.000018
697 0.000031
698 0.000012
699 0.000042
700 0.000045
701 0.000009
702 0.000009
703 0.000017
704 0.000024
705 0.000009
706 0.000023
707 0.000049
708 0.000017
709 0.000004
710 0.000039
711 0.000007
712 0.000045
713 0.000010
714 0.000004
715 0.000025
716 0.000010
717 0.000017
718 0.000017
719 0.000042
720 0.000028
721 0.000025
722 0.000007
723 0.000015
724 0.000039
725 0.000026
726 0.000009
727 0.000030
728 0.000021
729 0.000025
730 0.000005
731 0.000021
732 0.000026
733 0.000017
734 0.000026
735 0.000033
736 0.000012
737 0.000018
738 0.000026
739 0.000010
740 0.000023
741 0.000010
742 0.000023
743 0.000005
744 0.000030
745 0.000016
746 0.000010
747 0.000022
748 0.000019
749 0.000018
750 0.000029
751 0.000026
752 0.000009
753 0.000013
754 0.000035
755 0.000034
756 0.000008
757 0.000019
758 0.000005
759 0.000049
760 0.000008
761 0.000017
762 0.000012
763 0.000009
764 0.000022
765 0.000014
766 0.000049
767 0.000007
768 0.000020
769 0.000004
770 0.000024
771 0.000005
772 0.000022
773 0.000008
774 0.000035
775 0.000024
776 0.000014
777 0.000013
778 0.000013
779 0.000028
780 0.000014
781 0.000017
782 0.000011
783 0.000023
784 0.000026
785 0.000012
786 0.000026
787 0.000017
788 0.000026
789 0.000019
790 0.000028
791 0.000008
792 0.000028
793 0.000011
794 0.000037
795 0.000011
796 0.000020
797 0.000032
798 0.000030
799 0.000014
800 0.000027
801 0.000008
802 0.000014
803 0.000009
804 0.000010
805 0.000006
806 0.000018
807 0.000015
808 0.000029
809 0.000004
810 0.000034
811 0.000037
812 0.000034
813 0.000006
814 0.000009
815 0.000016
816 0.000020
817 0.000020
818 0.000008
819 0.000006
820 0.000013
821 0.000005
822 0.000019
823 0.000016
824 0.000025
825 0.000012
826 0.000023
827 0.000011
828 0.000010
829 0.000015
830 0.000007
831 0.000032
832 0.000008
833 0.000068
834 0.000018
835 0.000004
836 0.000022
837 0.000010
838 0.000009
839 0.000023
840 0.000008
841 0.000032
842 0.000038
843 0.000046
844 0.000017
845 0.000019
846 0.000026
847 0.000014
848 0.000013
849 0.000040
850 0.000014
851 0.000018
852 0.000031
853 0.000010
854 0.000059
855 0.000041
856 0.000019
857 0.000028
858 0.000014
859 0.000020
860 0.000027
861 0.000031
862 0.000012
863 0.000023
864 0.000028
865 0.000062
866 0.000048
867 0.000040
868 0.000039
869 0.000028
870 0.000024
871 0.000017
872 0.000006
873 0.000006
874 0.000023
875 0.000028
876 0.000021
877 0.000036
878 0.000034
879 0.000027
880 0.000007
881 0.000014
882 0.000011
883 0.000011
884 0.000012
885 0.000037
886 0.000017
887 0.000013
888 0.000051
889 0.000014
890 0.000025
891 0.000011
892 0.000007
893 0.000008
894 0.000004
895 0.000026
896 0.000048
897 0.000024
898 0.000005
899 0.000025
900 0.000020
901 0.000009
902 0.000021
903 0.000038
904 0.000019
905 0.000008
906 0.000011
907 0.000025
908 0.000029
909 0.000009
910 0.000020
911 0.000006
912 0.000010
913 0.000009
914 0.000037
915 0.000013
916 0.000049
917 0.000024
918 0.000011
919 0.000005
920 0.000011
921 0.000005
922 0.000009
923 0.000035
924 0.000032
925 0.000067
926 0.000006
927 0.000068
928 0.000015
929 0.000022
930 0.000037
931 0.000019
932 0.000015
933 0.000006
934 0.000015
935 0.000045
936 0.000006
937 0.000020
938 0.000029
939 0.000014
940 0.000015
941 0.000021
942 0.000011
943 0.000004
944 0.000043
945 0.000013
946 0.000023
947 0.000007
948 0.000015
949 0.000018
950 0.000056
951 0.000005
952 0.000023
953 0.000051
954 0.000065
955 0.000012
956 0.000019
957 0.000013
958 0.000026
959 0.000006
960 0.000021
961 0.000017
962 0.000008
963 0.000040
964 0.000031
965 0.000042
966 0.000016
967 0.000031
968 0.000042
969 0.000034
970 0.000028
971 0.000010
972 0.000012
973 0.000033
974 0.000021
975 0.000029
976 0.000051
977 0.000036
978 0.000022
979 0.000019
980 0.000006
981 0.000020
982 0.000014
983 0.000013
984 0.000010
985 0.000025
986 0.000013
987 0.000021
988 0.000016
989 0.000026
990 0.000019
991 0.000004
992 0.000025
993 0.000006
994 0.000006
995 0.000016
996 0.000012
997 0.000051
998 0.000025
999 0.000014
1000 0.000017
1001 0.000004
1002 0.000017
1003 0.000022
1004 0.000021
1005 0.000015
1006 0.000005
1007 0.000007
1008 0.000012
1009 0.000004
1010 0.000029
1011 0.000029
1012 0.000007
1013 0.000038
1014 0.000027
1015 0.000011
1016 0.000039
1017 0.000014
1018 0.000011
1019 0.000020
1020 0.000023
1021 0.000004
1022 0.000025
1023 0.000058
1024 0.000017
1025 0.000013
1026 0.000007
1027 0.000006
1028 0.000011
1029 0.000012
1030 0.000028
1031 0.000017
1032 0.000037
1033 0.000004
1034 0.000004
1035 0.000020
1036 0.000012
1037 0.000025
1038 0.000006
1039 0.000067
1040 0.000006
1041 0.000033
1042 0.000005
1043 0.000013
1044 0.000025
1045 0.000023
1046 0.000008
1047 0.000015
1048 0.000014
1049 0.000010
1050 0.000019
1051 0.000006
1052 0.000010
1053 0.000012
1054 0.000010
1055 0.000009
1056 0.000037
1057 0.000013
1058 0.000028
1059 0.000011
1060 0.000004
1061 0.000012
1062 0.000007
1063 0.000027
1064 0.000046
1065 0.000022
1066 0.000024
1067 0.000021
1068 0.000015
1069 0.000020
1070 0.000008
1071 0.000020
1072 0.000016
1073 0.000023
1074 0.000023
1075 0.000028
1076 0.000021
1077 0.000023
1078 0.000064
1079 0.000017
1080 0.000034
1081 0.000022
1082 0.000014
1083 0.000012
1084 0.000021
1085 0.000011
1086 0.000010
1087 0.000039
1088 0.000012
1089 0.000004
1090 0.000027
1091 0.000047
1092 0.000030
1093 0.000007
1094 0.000043
1095 0.000017
1096 0.000012
1097 0.000004
1098 0.000006
1099 0.000026
1100 0.000016
1101 0.000013
1102 0.000016
1103 0.000010
1104 0.000011
1105 0.000034
1106 0.000004
1107 0.000014
1108 0.000007
1109 0.000004
1110 0.000006
1111 0.000020
1112 0.000014
1113 0.000010
1114 0.000012
1115 0.000038
1116 0.000015
1117 0.000034
1118 0.000009
1119 0.000016
1120 0.000012
1121 0.000032
1122 0.000009
1123 0.000021
1124 0.000018
1125 0.000019
1126 0.000027
1127 0.000010
1128 0.000023
1129 0.000024
1130 0.000048
1131 0.000009
1132 0.000010
1133 0.000004
1134 0.000022
1135 0.000028
1136 0.000013
1137 0.000009
1138 0.000021
1139 0.000021
1140 0.000034
1141 0.000020
1142 0.000006
1143 0.000006
1144 0.000039
1145 0.000012
1146 0.000013
1147 0.000022
1148 0.000008
1149 0.000012
1150 0.000008
1151 0.000007
1152 0.000028
1153 0.000010
1154 0.000054
1155 0.000011
1156 0.000009
1157 0.000027
1158 0.000033
1159 0.000023
1160 0.000017
1161 0.000010
1162 0.000028
1163 0.000018
1164 0.000007
1165 0.000009
1166 0.000025
1167 0.000021
1168 0.000018
1169 0.000022
1170 0.000040
1171 0.000020
1172 0.000051
1173 0.000014
1174 0.000022
1175 0.000005
1176 0.000005
1177 0.000019
1178 0.000017
1179 0.000008
1180 0.000028
1181 0.000009
1182 0.000019
1183 0.000020
1184 0.000048
1185 0.000025
1186 0.000016
1187 0.000004
1188 0.000016
1189 0.000045
1190 0.000025
1191 0.000007
1192 0.000026
1193 0.000026
1194 0.000014
1195 0.000034
1196 0.000009
1197 0.000011
1198 0.000037
1199 0.000009
1200 0.000012
1201 0.000011
1202 0.000013
1203 0.000004
1204 0.000036
1205 0.000013
1206 0.000009
1207 0.000011
1208 0.000012
1209 0.000030
1210 0.000028
1211 0.000018
1212 0.000032
1213 0.000038
1214 0.000022
1215 0.000022
1216 0.000017
1217 0.000014
1218 0.000008
1219 0.000040
1220 0.000024
1221 0.000010
1222 0.000031
1223 0.000049
1224 0.000024
1225 0.000014
1226 0.000009
1227 0.000005
1228 0.000010
1229 0.000030
1230 0.000017
1231 0.000008
1232 0.000022
1233 0.000020
1234 0.000017
1235 0.000010
1236 0.000030
1237 0.000037
1238 0.000026
1239 0.000005
1240 0.000017
1241 0.000037
1242 0.000006
1243 0.000014
1244 0.000004
1245 0.000030
1246 0.000013
1247 0.000033
1248 0.000008
1249 0.000019
1250 0.000048
1251 0.000019
1252 0.000021
1253 0.000010
1254 0.000026
1255 0.000020
1256 0.000013
1257 0.000007
1258 0.000008
1259 0.000023
1260 0.000028
1261 0.000022
1262 0.000090
1263 0.000021
1264 0.000005
1265 0.000006
1266 0.000020
1267 0.000018
1268 0.000012
1269 0.000013
1270 0.000009
1271 0.000013
1272 0.000011
1273 0.000010
1274 0.000020
1275 0.000025
1276 0.000011
1277 0.000023
1278 0.000018
1279 0.000013
1280 0.000050
1281 0.000015
1282 0.000013
1283 0.000008
1284 0.000010
1285 0.000020
1286 0.000025
1287 0.000010
1288 0.000031
1289 0.000025
1290 0.000020
1291 0.000023
1292 0.000019
1293 0.000026
1294 0.000046
1295 0.000009
1296 0.000034
1297 0.000021
1298 0.000015
1299 0.000021
1300 0.000026
1301 0.000013
1302 0.000028
1303 0.000004
1304 0.000033
1305 0.000009
1306 0.000019
1307 0.000030
1308 0.000024
1309 0.000004
1310 0.000016
1311 0.000015
1312 0.000004
1313 0.000004
1314 0.000011
1315 0.000018
1316 0.000029
1317 0.000016
1318 0.000016
1319 0.000005
1320 0.000006
1321 0.000009
1322 0.000020
1323 0.000014
1324 0.000012
1325 0.000013
1326 0.000008
1327 0.000022
1328 0.000020
1329 0.000016
1330 0.000027
1331 0.000021
1332 0.000023
1333 0.000015
1334 0.000007
1335 0.000012
1336 0.000018
1337 0.000013
1338 0.000010
1339 0.000049
1340 0.000012
1341 0.000031
1342 0.000011
1343 0.000032
1344 0.000011
1345 0.000009
1346 0.000033
1347 0.000027
1348 0.000006
1349 0.000024
1350 0.000025
1351 0.000011
1352 0.000022
1353 0.000011
1354 0.000032
1355 0.000004
1356 0.000020
1357 0.000030
1358 0.000023
1359 0.000013
1360 0.000008
1361 0.000024
1362 0.000028
1363 0.000037
1364 0.000018
1365 0.000019
1366 0.000030
1367 0.000029
1368 0.000018
1369 0.000028
1370 0.000037
1371 0.000007
1372 0.000012
1373 0.000029
1374 0.000031
1375 0.000025
1376 0.000023
1377 0.000018
1378 0.000009
1379 0.000005
1380 0.000037
1381 0.000005
1382 0.000029
1383 0.000008
1384 0.000014
1385 0.000023
1386 0.000015
1387 0.000017
1388 0.000053
1389 0.000025
1390 0.000012
1391 0.000004
1392 0.000032
1393 0.000036
1394 0.000009
1395 0.000021
1396 0.000015
1397 0.000021
1398 0.000032
1399 0.000032
1400 0.000042
1401 0.000012
1402 0.000008
1403 0.000004
1404 0.000014
1405 0.000044
1406 0.000008
1407 0.000039
1408 0.000033
1409 0.000021
1410 0.000038
1411 0.000033
1412 0.000034
1413 0.000013
1414 0.000034
1415 0.000020
1416 0.000026
1417 0.000044
1418 0.000025
1419 0.000037
1420 0.000020
1421 0.000025
1422 0.000014
1423 0.000018
1424 0.000013
1425 0.000017
1426 0.000017
1427 0.000008
1428 0.000023
1429 0.000049
1430 0.000012
1431 0.000023
1432 0.000006
1433 0.000014
1434 0.000013
1435 0.000020
1436 0.000034
1437 0.000019
1438 0.000055
1439 0.000008
1440 0.000012
1441 0.000006
1442 0.000015
1443 0.000014
1444 0.000028
1445 0.000067
1446 0.000013
1447 0.000021
1448 0.000007
1449 0.000013
1450 0.000028
1451 0.000026
1452 0.000014
1453 0.000026
1454 0.000005
1455 0.000017
1456 0.000004
1457 0.000013
1458 0.000004
1459 0.000036
1460 0.000019
1461 0.000004
1462 0.000008
1463 0.000014
1464 0.000017
1465 0.000007
1466 0.000018
1467 0.000009
1468 0.000016
1469 0.000015
1470 0.000011
1471 0.000013
1472 0.000007
1473 0.000030
1474 0.000020
1475 0.000021
1476 0.000023
1477 0.000027
1478 0.000006
1479 0.000010
1480 0.000020
1481 0.000008
1482 0.000033
1483 0.000007
1484 0.000027
1485 0.000022
1486 0.000021
1487 0.000036
1488 0.000017
1489 0.000015
1490 0.000024
1491 0.000015
1492 0.000037
1493 0.000004
1494 0.000025
1495 0.000011
1496 0.000022
1497 0.000020
1498 0.000011
1499 0.000045
1500 0.000013
1501 0.000024
1502 0.000033
1503 0.000014
1504 0.000019
1505 0.000029
1506 0.000010
1507 0.000016
1508 0.000015
1509 0.000047
1510 0.000022
1511 0.000033
1512 0.000027
1513 0.000015
1514 0.000038
1515 0.000026
1516 0.000023
1517 0.000019
1518 0.000038
1519 0.000041
1520 0.000038
1521 0.000007
1522 0.000025
1523 0.000032
1524 0.000013
1525 0.000008
1526 0.000056
1527 0.000031
1528 0.000016
1529 0.000025
1530 0.000037
1531 0.000053
1532 0.000032
1533 0.000021
1534 0.000011
1535 0.000010
1536 0.000007
1537 0.000011
1538 0.000021
1539 0.000021
1540 0.000017
1541 0.000021
1542 0.000044
1543 0.000008
1544 0.000020
1545 0.000019
1546 0.000035
1547 0.000005
1548 0.000034
1549 0.000019
1550 0.000016
1551 0.000041
1552 0.000013
1553 0.000010
1554 0.000022
1555 0.000040
1556 0.000004
1557 0.000004
1558 0.000005
1559 0.000017
1560 0.000024
1561 0.000020
1562 0.000012
1563 0.000023
1564 0.000027
1565 0.000024
1566 0.000020
1567 0.000024
1568 0.000011
1569 0.000022
1570 0.000019
1571 0.000020
1572 0.000020
1573 0.000009
1574 0.000036
1575 0.000029
1576 0.000023
1577 0.000042
1578 0.000004
1579 0.000013
1580 0.000022
1581 0.000026
1582 0.000029
1583 0.000004
1584 0.000023
1585 0.000007
1586 0.000023
1587 0.000025
1588 0.000019
1589 0.000024
1590 0.000017
1591 0.000041
1592 0.000012
1593 0.000016
1594 0.000005
1595 0.000005
1596 0.000032
1597 0.000007
1598 0.000010
1599 0.000033
1600 0.000013
1601 0.000016
1602 0.000016
1603 0.000011
1604 0.000012
1605 0.000028
1606 0.000048
1607 0.000017
1608 0.000015
1609 0.000044
1610 0.000018
1611 0.000022
1612 0.000014
1613 0.000028
1614 0.000026
1615 0.000013
1616 0.000015
1617 0.000018
1618 0.000024
1619 0.000023
1620 0.000008
1621 0.000013
1622 0.000013
1623 0.000059
1624 0.000019
1625 0.000031
1626 0.000005
1627 0.000023
1628 0.000004
1629 0.000028
1630 0.000016
1631 0.000046
1632 0.000019
1633 0.000020
1634 0.000035
1635 0.000007
1636 0.000014
1637 0.000009
1638 0.000022
1639 0.000012
1640 0.000010
1641 0.000004
1642 0.000033
1643 0.000004
1644 0.000046
1645 0.000018
1646 0.000008
1647 0.000022
1648 0.000013
1649 0.000026
1650 0.000037
1651 0.000018
1652 0.000011
1653 0.000017
1654 0.000006
1655 0.000004
1656 0.000019
1657 0.000014
1658 0.000039
1659 0.000025
1660 0.000011
1661 0.000020
1662 0.000021
1663 0.000004
1664 0.000056
1665 0.000044
1666 0.000028
1667 0.000007
1668 0.000020
1669 0.000004
1670 0.000022
1671 0.000012
1672 0.000005
1673 0.000050
1674 0.000009
1675 0.000043
1676 0.000023
1677 0.000051
1678 0.000033
1679 0.000035
1680 0.000007
1681 0.000020
1682 0.000033
1683 0.000010
1684 0.000024
1685 0.000013
1686 0.000034
1687 0.000019
1688 0.000013
1689 0.000024
1690 0.000035
1691 0.000012
1692 0.000023
1693 0.000011
1694 0.000005
1695 0.000023
1696 0.000019
1697 0.000021
1698 0.000014
1699 0.000006
1700 0.000005
1701 0.000056
1702 0.000005
1703 0.000023
1704 0.000045
1705 0.000019
1706 0.000034
1707 0.000011
1708 0.000007
1709 0.000016
1710 0.000033
1711 0.000006
1712 0.000013
1713 0.000039
1714 0.000055
1715 0.000012
1716 0.000007
1717 0.000005
1718 0.000022
1719 0.000007
1720 0.000014
1721 0.000022
1722 0.000010
1723 0.000044
1724 0.000021
1725 0.000036
1726 0.000037
1727 0.000035
1728 0.000021
1729 0.000020
1730 0.000008
1731 0.000021
1732 0.000017
1733 0.000007
1734 0.000027
1735 0.000013
1736 0.000007
1737 0.000025
1738 0.000012
1739 0.000012
1740 0.000022
1741 0.000008
1742 0.000034
1743 0.000012
1744 0.000027
1745 0.000023
1746 0.000039
1747 0.000009
1748 0.000033
1749 0.000004
1750 0.000018
1751 0.000006
1752 0.000083
1753 0.000018
1754 0.000004
1755 0.000043
1756 0.000023
1757 0.000032
1758 0.000015
1759 0.000023
1760 0.000047
1761 0.000013
1762 0.000021
1763 0.000015
1764 0.000007
1765 0.000004
1766 0.000006
1767 0.000054
1768 0.000013
1769 0.000007
1770 0.000016
1771 0.000011
1772 0.000020
1773 0.000028
1774 0.000025
1775 0.000016
1776 0.000013
1777 0.000025
1778 0.000012
1779 0.000034
1780 0.000007
1781 0.000024
1782 0.000017
1783 0.000022
1784 0.000042
1785 0.000016
1786 0.000016
1787 0.000005
1788 0.000016
1789 0.000009
1790 0.000017
1791 0.000009
1792 0.000044
1793 0.000014
1794 0.000011
1795 0.000019
1796 0.000012
1797 0.000012
1798 0.000023
1799 0.000022
1800 0.000036
1801 0.000023
1802 0.000009
1803 0.000015
1804 0.000032
1805 0.000027
1806 0.000027
1807 0.000009
1808 0.000041
1809 0.000020
1810 0.000008
1811 0.000014
1812 0.000018
1813 0.000017
1814 0.000027
1815 0.000019
1816 0.000007
1817 0.000017
1818 0.000008
1819 0.000014
1820 0.000014
1821 0.000032
1822 0.000016
1823 0.000017
1824 0.000024
1825 0.000019
1826 0.000020
1827 0.000008
1828 0.000023
1829 0.000016
1830 0.000031
1831 0.000036
1832 0.000014
1833 0.000019
1834 0.000017
1835 0.000027
1836 0.000015
1837 0.000043
1838 0.000015
1839 0.000020
1840 0.000014
1841 0.000014
1842 0.000005
1843 0.000012
1844 0.000012
1845 0.000019
1846 0.000013
1847 0.000020
1848 0.000012
1849 0.000012
1850 0.000024
1851 0.000016
1852 0.000026
1853 0.000015
1854 0.000009
1855 0.000021
1856 0.000004
1857 0.000014
1858 0.000006
1859 0.000013
1860 0.000019
1861 0.000007
1862 0.000023
1863 0.000022
1864 0.000017
1865 0.000025
1866 0.000016
1867 0.000018
1868 0.000010
1869 0.000022
1870 0.000004
1871 0.000011
1872 0.000034
1873 0.000029
1874 0.000016
1875 0.000026
1876 0.000004
1877 0.000018
1878 0.000015
1879 0.000019
1880 0.000041
1881 0.000019
1882 0.000021
1883 0.000018
1884 0.000014
1885 0.000005
1886 0.000064
1887 0.000019
1888 0.000047
1889 0.000041
1890 0.000025
1891 0.000014
1892 0.000011
1893 0.000017
1894 0.000004
1895 0.000016
1896 0.000020
1897 0.000021
1898 0.000032
1899 0.000043
1900 0.000048
1901 0.000007
1902 0.000004
1903 0.000016
1904 0.000038
1905 0.000004
1906 0.000006
1907 0.000017
1908 0.000007
1909 0.000041
1910 0.000016
1911 0.000012
1912 0.000028
1913 0.000021
1914 0.000004
1915 0.000021
1916 0.000004
1917 0.000008
1918 0.000041
1919 0.000026
1920 0.000005
1921 0.000051
1922 0.000006
1923 0.000027
1924 0.000039
1925 0.000015
1926 0.000030
1927 0.000058
1928 0.000011
1929 0.000017
1930 0.000009
1931 0.000024
1932 0.000006
1933 0.000022
1934 0.000031
1935 0.000011
1936 0.000018
1937 0.000018
1938 0.000010
1939 0.000032
1940 0.000010
1941 0.000012
1942 0.000043
1943 0.000008
1944 0.000034
1945 0.000025
1946 0.000026
1947 0.000022
1948 0.000034
1949 0.000025
1950 0.000005
1951 0.000007
1952 0.000029
1953 0.000015
1954 0.000012
1955 0.000015
1956 0.000016
1957 0.000030
1958 0.000018
1959 0.000027
1960 0.000019
1961 0.000018
1962 0.000039
1963 0.000024
1964 0.000022
1965 0.000036
1966 0.000023
1967 0.000028
1968 0.000004
1969 0.000032
1970 0.000012
1971 0.000037
1972 0.000006
1973 0.000013
1974 0.000018
1975 0.000010
1976 0.000030
1977 0.000014
1978 0.000025
1979 0.000057
1980 0.000011
1981 0.000008
1982 0.000008
1983 0.000022
1984 0.000010
1985 0.000004
1986 0.000018
1987 0.000033
1988 0.000023
1989 0.000010
1990 0.000004
1991 0.000022
1992 0.000072
1993 0.000008
1994 0.000054
1995 0.000019
1996 0.000035
1997 0.000023
1998 0.000004
1999 0.000010
2000 0.000025
2001 0.000035
2002 0.000018
2003 0.000048
2004 0.000008
2005 0.000015
2006 0.000026
2007 0.000018
2008 0.000014
2009 0.000021
2010 0.000004
2011 0.000050
2012 0.000010
2013 0.000013
2014 0.000012
2015 0.000015
2016 0.000004
2017 0.000008
2018 0.000011
2019 0.000025
2020 0.000011
2021 0.000018
2022 0.000012
2023 0.000023
2024 0.000013
2025 0.000013
2026 0.000004
2027 0.000044
2028 0.000015
2029 0.000012
2030 0.000049
2031 0.000005
2032 0.000011
2033 0.000034
2034 0.000024
2035 0.000031
2036 0.000032
2037 0.000052
2038 0.000007
2039 0.000018
2040 0.000012
2041 0.000059
2042 0.000014
2043 0.000015
2044 0.000017
2045 0.000017
2046 0.000022
2047 0.000018
2048 0.000012
2049 0.000020
2050 0.000010
2051 0.000010
2052 0.000018
2053 0.000006
2054 0.000009
2055 0.000011
2056 0.000058
2057 0.000016
2058 0.000012
2059 0.000015
2060 0.000024
2061 0.000014
2062 0.000016
2063 0.000009
2064 0.000024
2065 0.000004
2066 0.000014
2067 0.000034
2068 0.000054
2069 0.000026
2070 0.000021
2071 0.000056
2072 0.000028
2073 0.000004
2074 0.000023
2075 0.000013
2076 0.000011
2077 0.000038
2078 0.000021
2079 0.000015
2080 0.000031
2081 0.000026
2082 0.000016
2083 0.000016
2084 0.000041
2085 0.000025
2086 0.000013
2087 0.000021
2088 0.000037
2089 0.000043
2090 0.000018
2091 0.000018
2092 0.000007
2093 0.000022
2094 0.000027
2095 0.000005
2096 0.000026
2097 0.000011
2098 0.000040
2099 0.000065
2100 0.000035
2101 0.000045
2102 0.000038
2103 0.000033
2104 0.000024
2105 0.000016
2106 0.000027
2107 0.000008
2108 0.000006
2109 0.000009
2110 0.000007
2111 0.000019
2112 0.000008
2113 0.000018
2114 0.000007
2115 0.000011
2116 0.000018
2117 0.000006
2118 0.000038
2119 0.000019
2120 0.000012
2121 0.000015
2122 0.000020
2123 0.000004
2124 0.000033
2125 0.000021
2126 0.000009
2127 0.000005
2128 0.000030
2129 0.000016
2130 0.000028
2131 0.000017
2132 0.000021
2133 0.000025
2134 0.000019
2135 0.000015
2136 0.000037
2137 0.000043
2138 0.000026
2139 0.000011
2140 0.000014
2141 0.000028
2142 0.000027
2143 0.000024
2144 0.000008
2145 0.000023
2146 0.000023
2147 0.000006
2148 0.000011
2149 0.000032
2150 0.000013
2151 0.000027
2152 0.000019
2153 0.000018
2154 0.000025
2155 0.000016
2156 0.000011
2157 0.000013
2158 0.000012
2159 0.000035
2160 0.000004
2161 0.000006
2162 0.000049
2163 0.000040
2164 0.000019
2165 0.000015
2166 0.000012
2167 0.000009
2168 0.000016
2169 0.000022
2170 0.000012
2171 0.000028
2172 0.000023
2173 0.000044
2174 0.000032
2175 0.000009
2176 0.000043
2177 0.000010
2178 0.000009
2179 0.000032
2180 0.000027
2181 0.000028
2182 0.000008
2183 0.000021
2184 0.000039
2185 0.000022
2186 0.000014
2187 0.000014
2188 0.000034
2189 0.000038
2190 0.000004
2191 0.000011
2192 0.000030
2193 0.000043
2194 0.000012
2195 0.000022
2196 0.000025
2197 0.000068
2198 0.000028
2199 0.000026
2200 0.000046
2201 0.000016
2202 0.000012
2203 0.000022
2204 0.000035
2205 0.000033
2206 0.000036
2207 0.000025
2208 0.000010
2209 0.000007
2210 0.000021
2211 0.000008
2212 0.000023
2213 0.000021
2214 0.000007
2215 0.000022
2216 0.000038
2217 0.000023
2218 0.000009
2219 0.000014
2220 0.000025
2221 0.000016
2222 0.000010
2223 0.000008
2224 0.000014
2225 0.000018
2226 0.000007
2227 0.000052
2228 0.000021
2229 0.000009
2230 0.000028
2231 0.000008
2232 0.000020
2233 0.000011
2234 0.000014
2235 0.000012
2236 0.000014
2237 0.000006
2238 0.000006
2239 0.000006
2240 0.000035
2241 0.000004
2242 0.000024
2243 0.000009
2244 0.000008
2245 0.000010
2246 0.000021
2247 0.000017
2248 0.000010
2249 0.000014
2250 0.000027
2251 0.000007
2252 0.000013
2253 0.000013
2254 0.000004
2255 0.000009
2256 0.000009
2257 0.000007
2258 0.000014
2259 0.000009
2260 0.000021
2261 0.000013
2262 0.000050
2263 0.000023
2264 0.000019
2265 0.000011
2266 0.000007
2267 0.000013
2268 0.000023
2269 0.000006
2270 0.000014
2271 0.000021
2272 0.000022
2273 0.000036
2274 0.000018
2275 0.000033
2276 0.000034
2277 0.000013
2278 0.000061
2279 0.000021
2280 0.000056
2281 0.000013
2282 0.000027
2283 0.000019
2284 0.000017
2285 0.000034
2286 0.000016
2287 0.000007
2288 0.000025
2289 0.000006
2290 0.000021
2291 0.000019
2292 0.000007
2293 0.000027
2294 0.000007
2295 0.000004
2296 0.000014
2297 0.000033
2298 0.000023
2299 0.000009
2300 0.000028
2301 0.000054
2302 0.000039
2303 0.000011
2304 0.000006
2305 0.000009
2306 0.000023
2307 0.000008
2308 0.000006
2309 0.000018
2310 0.000019
2311 0.000052
2312 0.000005
2313 0.000018
2314 0.000023
2315 0.000016
2316 0.000016
2317 0.000041
2318 0.000016
2319 0.000004
2320 0.000004
2321 0.000031
2322 0.000013
2323 0.000013
2324 0.000011
2325 0.000005
2326 0.000011
2327 0.000008
2328 0.000014
2329 0.000013
2330 0.000005
2331 0.000008
2332 0.000029
2333 0.000014
2334 0.000023
2335 0.000021
2336 0.000033
2337 0.000015
2338 0.000014
2339 0.000013
2340 0.000044
2341 0.000012
2342 0.000022
2343 0.000076
2344 0.000005
2345 0.000023
2346 0.000033
2347 0.000008
2348 0.000032
2349 0.000020
2350 0.000026
2351 0.000012
2352 0.000008
2353 0.000018
2354 0.000007
2355 0.000045
2356 0.000004
2357 0.000009
2358 0.000035
2359 0.000031
2360 0.000052
2361 0.000012
2362 0.000016
2363 0.000018
2364 0.000006
2365 0.000022
2366 0.000006
2367 0.000040
2368 0.000009
2369 0.000013
2370 0.000019
2371 0.000004
2372 0.000033
2373 0.000012
2374 0.000013
2375 0.000019
2376 0.000016
2377 0.000013
2378 0.000011
2379 0.000015
2380 0.000022
2381 0.000014
2382 0.000016
2383 0.000020
2384 0.000017
2385 0.000015
2386 0.000026
2387 0.000013
2388 0.000015
2389 0.000004
2390 0.000007
2391 0.000008
2392 0.000042
2393 0.000004
2394 0.000026
2395 0.000021
2396 0.000010
2397 0.000011
2398 0.000008
2399 0.000004
2400 0.000021
2401 0.000015
2402 0.000028
2403 0.000007
2404 0.000033
2405 0.000009
2406 0.000019
2407 0.000024
2408 0.000009
2409 0.000016
2410 0.000016
2411 0.000015
2412 0.000024
2413 0.000016
2414 0.000035
2415 0.000004
2416 0.000029
2417 0.000009
2418 0.000014
2419 0.000017
2420 0.000008
2421 0.000043
2422 0.000011
2423 0.000067
2424 0.000016
2425 0.000022
2426 0.000007
2427 0.000008
2428 0.000035
2429 0.000030
2430 0.000035
2431 0.000015
2432 0.000013
2433 0.000023
2434 0.000015
2435 0.000015
2436 0.000028
2437 0.000023
2438 0.000017
2439 0.000007
2440 0.000016
2441 0.000056
2442 0.000008
2443 0.000031
2444 0.000067
2445 0.000015
2446 0.000010
2447 0.000017
2448 0.000017
2449 0.000008
2450 0.000004
2451 0.000015
2452 0.000013
2453 0.000007
2454 0.000009
2455 0.000011
2456 0.000022
2457 0.000015
2458 0.000021
2459 0.000029
2460 0.000022
2461 0.000008
2462 0.000063
2463 0.000045
2464 0.000023
2465 0.000028
2466 0.000026
2467 0.000004
2468 0.000013
2469 0.000006
2470 0.000021
2471 0.000025
2472 0.000009
2473 0.000011
2474 0.000026
2475 0.000012
2476 0.000017
2477 0.000026
2478 0.000005
2479 0.000021
2480 0.000009
2481 0.000032
2482 0.000009
2483 0.000027
2484 0.000054
2485 0.000005
2486 0.000027
2487 0.000018
2488 0.000023
2489 0.000011
2490 0.000049
2491 0.000009
2492 0.000060
2493 0.000009
2494 0.000024
2495 0.000025
2496 0.000018
2497 0.000006
2498 0.000004
2499 0.000024
2500 0.000018
2501 0.000013
2502 0.000028
2503 0.000026
2504 0.000018
2505 0.000007
2506 0.000032
2507 0.000038
2508 0.000029
2509 0.000028
2510 0.000044
2511 0.000027
2512 0.000004
2513 0.000029
2514 0.000017
2515 0.000004
2516 0.000066
2517 0.000015
2518 0.000009
2519 0.000030
2520 0.000016
2521 0.000019
2522 0.000013
2523 0.000013
2524 0.000004
2525 0.000024
2526 0.000012
2527 0.000004
2528 0.000030
2529 0.000050
2530 0.000024
2531 0.000004
2532 0.000025
2533 0.000016
2534 0.000019
2535 0.000004
2536 0.000007
2537 0.000029
2538 0.000036
2539 0.000017
2540 0.000028
2541 0.000062
2542 0.000009
2543 0.000006
2544 0.000021
2545 0.000023
2546 0.000016
2547 0.000009
2548 0.000007
2549 0.000014
2550 0.000028
2551 0.000008
2552 0.000010
2553 0.000007
2554 0.000022
2555 0.000017
2556 0.000012
2557 0.000012
2558 0.000006
2559 0.000020
2560 0.000037
2561 0.000033
2562 0.000023
2563 0.000006
2564 0.000040
2565 0.000030
2566 0.000020
2567 0.000004
2568 0.000015
2569 0.000004
2570 0.000027
2571 0.000009
2572 0.000020
2573 0.000004
2574 0.000030
2575 0.000020
2576 0.000019
2577 0.000020
2578 0.000012
2579 0.000051
2580 0.000027
2581 0.000011
2582 0.000017
2583 0.000009
2584 0.000022
2585 0.000025
2586 0.000014
2587 0.000012
2588 0.000016
2589 0.000012
2590 0.000015
2591 0.000007
2592 0.000027
2593 0.000009
2594 0.000015
2595 0.000028
2596 0.000007
2597 0.000010
2598 0.000012
2599 0.000017
2600 0.000013
2601 0.000016
2602 0.000022
2603 0.000028
2604 0.000032
2605 0.000027
2606 0.000008
2607 0.000044
2608 0.000004
2609 0.000023
2610 0.000036
2611 0.000022
2612 0.000026
2613 0.000017
2614 0.000007
2615 0.000015
2616 0.000038
2617 0.000059
2618 0.000026
2619 0.000007
2620 0.000021
2621 0.000037
2622 0.000023
2623 0.000016
2624 0.000006
2625 0.000029
2626 0.000012
2627 0.000016
2628 0.000025
2629 0.000016
2630 0.000052
2631 0.000010
2632 0.000006
2633 0.000005
2634 0.000024
2635 0.000004
2636 0.000020
2637 0.000006
2638 0.000017
2639 0.000053
2640 0.000040
2641 0.000012
2642 0.000016
2643 0.000015
2644 0.000022
2645 0.000054
2646 0.000013
2647 0.000014
2648 0.000004
2649 0.000009
2650 0.000010
2651 0.000018
2652 0.000021
2653 0.000014
2654 0.000007
2655 0.000007
2656 0.000023
2657 0.000016
2658 0.000023
2659 0.000007
2660 0.000018
2661 0.000051
2662 0.000029
2663 0.000018
2664 0.000007
2665 0.000018
2666 0.000024
2667 0.000011
2668 0.000008
2669 0.000035
2670 0.000007
2671 0.000004
2672 0.000023
2673 0.000014
2674 0.000017
2675 0.000004
2676 0.000017
2677 0.000010
2678 0.000012
2679 0.000009
2680 0.000016
2681 0.000026
2682 0.000008
2683 0.000020
2684 0.000004
2685 0.000016
2686 0.000026
2687 0.000015
2688 0.000020
2689 0.000036
2690 0.000019
2691 0.000020
2692 0.000007
2693 0.000022
2694 0.000017
2695 0.000010
2696 0.000020
2697 0.000011
2698 0.000010
2699 0.000010
2700 0.000036
2701 0.000007
2702 0.000036
2703 0.000026
2704 0.000017
2705 0.000013
2706 0.000004
2707 0.000013
2708 0.000012
2709 0.000005
2710 0.000007
2711 0.000012
2712 0.000004
2713 0.000025
2714 0.000012
2715 0.000013
2716 0.000012
2717 0.000013
2718 0.000011
2719 0.000012
2720 0.000011
2721 0.000004
2722 0.000042
2723 0.000020
2724 0.000016
2725 0.000014
2726 0.000015
2727 0.000006
2728 0.000023
2729 0.000004
2730 0.000011
2731 0.000013
2732 0.000017
2733 0.000021
2734 0.000004
2735 0.000019
2736 0.000005
2737 0.000007
2738 0.000012
2739 0.000033
2740 0.000019
2741 0.000024
2742 0.000014
2743 0.000024
2744 0.000012
2745 0.000028
2746 0.000020
2747 0.000011
2748 0.000027
2749 0.000045
2750 0.000024
2751 0.000005
2752 0.000027
2753 0.000014
2754 0.000037
2755 0.000019
2756 0.000023
2757 0.000020
2758 0.000012
2759 0.000011
2760 0.000014
2761 0.000011
2762 0.000018
2763 0.000030
2764 0.000028
2765 0.000008
2766 0.000009
2767 0.000042
2768 0.000017
2769 0.000007
2770 0.000029
2771 0.000010
2772 0.000025
2773 0.000007
2774 0.000014
2775 0.000009
2776 0.000005
2777 0.000013
2778 0.000016
2779 0.000015
2780 0.000013
2781 0.000022
2782 0.000012
2783 0.000026
2784 0.000043
2785 0.000028
2786 0.000015
2787 0.000012
2788 0.000017
2789 0.000050
2790 0.000031
2791 0.000028
2792 0.000033
2793 0.000015
2794 0.000023
2795 0.000007
2796 0.000015
2797 0.000051
2798 0.000022
2799 0.000010
2800 0.000004
2801 0.000032
2802 0.000024
2803 0.000004
2804 0.000017
2805 0.000023
2806 0.000030
2807 0.000012
2808 0.000006
2809 0.000028
2810 0.000040
2811 0.000030
2812 0.000037
2813 0.000027
2814 0.000025
2815 0.000043
2816 0.000011
2817 0.000009
2818 0.000017
2819 0.000011
2820 0.000035
2821 0.000022
2822 0.000020
2823 0.000020
2824 0.000022
2825 0.000026
2826 0.000013
2827 0.000013
2828 0.000027
2829 0.000010
2830 0.000027
2831 0.000011
2832 0.000028
2833 0.000011
2834 0.000007
2835 0.000020
2836 0.000004
2837 0.000019
2838 0.000012
2839 0.000014
2840 0.000053
2841 0.000026
2842 0.000010
2843 0.000075
2844 0.000008
2845 0.000029
2846 0.000011
2847 0.000041
2848 0.000016
2849 0.000004
2850 0.000004
2851 0.000018
2852 0.000017
2853 0.000023
2854 0.000031
2855 0.000012
2856 0.000010
2857 0.000028
2858 0.000029
2859 0.000031
2860 0.000013
2861 0.000010
2862 0.000018
2863 0.000031
2864 0.000012
2865 0.000011
2866 0.000008
2867 0.000020
2868 0.000023
2869 0.000022
2870 0.000044
2871 0.000005
2872 0.000011
2873 0.000032
2874 0.000014
2875 0.000052
2876 0.000014
2877 0.000025
2878 0.000015
2879 0.000013
2880 0.000008
2881 0.000011
2882 0.000029
2883 0.000043
2884 0.000026
2885 0.000012
2886 0.000007
2887 0.000012
2888 0.000008
2889 0.000004
2890 0.000013
2891 0.000013
2892 0.000023
2893 0.000007
2894 0.000023
2895 0.000008
2896 0.000006
2897 0.000006
2898 0.000048
2899 0.000030
2900 0.000026
2901 0.000015
2902 0.000022
2903 0.000030
2904 0.000023
2905 0.000028
2906 0.000011
2907 0.000022
2908 0.000021
2909 0.000027
2910 0.000032
2911 0.000026
2912 0.000015
2913 0.000016
2914 0.000019
2915 0.000021
2916 0.000036
2917 0.000005
2918 0.000031
2919 0.000015
2920 0.000013
2921 0.000025
2922 0.000030
2923 0.000017
2924 0.000014
2925 0.000025
2926 0.000011
2927 0.000012
2928 0.000010
2929 0.000022
2930 0.000024
2931 0.000021
2932 0.000004
2933 0.000028
2934 0.000012
2935 0.000006
2936 0.000049
2937 0.000028
2938 0.000007
2939 0.000012
2940 0.000010
2941 0.000031
2942 0.000021
2943 0.000011
2944 0.000011
2945 0.000004
2946 0.000016
2947 0.000005
2948 0.000006
2949 0.000019
2950 0.000018
2951 0.000007
2952 0.000009
2953 0.000037
2954 0.000018
2955 0.000008
2956 0.000032
2957 0.000027
2958 0.000006
2959 0.000024
2960 0.000012
2961 0.000044
2962 0.000033
2963 0.000030
2964 0.000013
2965 0.000025
2966 0.000028
2967 0.000012
2968 0.000014
2969 0.000022
2970 0.000008
2971 0.000041
2972 0.000015
2973 0.000065
2974 0.000044
2975 0.000047
2976 0.000027
2977 0.000023
2978 0.000027
2979 0.000015
2980 0.000009
2981 0.000028
2982 0.000030
2983 0.000021
2984 0.000008
2985 0.000018
2986 0.000009
2987 0.000037
2988 0.000019
2989 0.000009
2990 0.000008
2991 0.000008
2992 0.000014
2993 0.000010
2994 0.000021
2995 0.000060
2996 0.000014
2997 0.000009
2998 0.000014
2999 0.000038
3000 0.000052
3001 0.000009
3002 0.000012
3003 0.000017
3004 0.000004
3005 0.000015
3006 0.000029
3007 0.000006
3008 0.000021
3009 0.000035
3010 0.000037
3011 0.000004
3012 0.000031
3013 0.000021
3014 0.000018
3015 0.000045
3016 0.000009
3017 0.000013
3018 0.000009
3019 0.000012
3020 0.000017
3021 0.000007
3022 0.000004
3023 0.000029
3024 0.000006
3025 0.000030
3026 0.000031
3027 0.000005
3028 0.000014
3029 0.000017
3030 0.000026
3031 0.000052
3032 0.000025
3033 0.000004
3034 0.000016
3035 0.000030
3036 0.000016
3037 0.000007
3038 0.000017
3039 0.000032
3040 0.000019
3041 0.000017
3042 0.000016
3043 0.000043
3044 0.000031
3045 0.000004
3046 0.000020
3047 0.000044
3048 0.000013
3049 0.000017
3050 0.000004
3051 0.000026
3052 0.000015
3053 0.000023
3054 0.000004
3055 0.000008
3056 0.000020
3057 0.000006
3058 0.000009
3059 0.000022
3060 0.000020
3061 0.000011
3062 0.000021
3063 0.000017
3064 0.000031
3065 0.000029
3066 0.000013
3067 0.000012
3068 0.000006
3069 0.000008
3070 0.000029
3071 0.000011
3072 0.000026
3073 0.000019
3074 0.000023
3075 0.000005
3076 0.000022
3077 0.000033
3078 0.000056
3079 0.000011
3080 0.000089
3081 0.000026
3082 0.000054
3083 0.000034
3084 0.000007
3085 0.000034
3086 0.000042
3087 0.000016
3088 0.000045
3089 0.000015
3090 0.000028
3091 0.000049
3092 0.000014
3093 0.000012
3094 0.000050
3095 0.000011
3096 0.000016
3097 0.000024
3098 0.000032
3099 0.000008
3100 0.000069
3101 0.000022
3102 0.000014
3103 0.000011
3104 0.000026
3105 0.000018
3106 0.000038
3107 0.000026
3108 0.000038
3109 0.000008
3110 0.000016
3111 0.000009
3112 0.000062
3113 0.000028
3114 0.000012
3115 0.000021
3116 0.000013
3117 0.000030
3118 0.000030
3119 0.000004
3120 0.000007
3121 0.000004
3122 0.000031
3123 0.000015
3124 0.000007
3125 0.000018
3126 0.000017
3127 0.000010
3128 0.000041
3129 0.000037
3130 0.000022
3131 0.000009
3132 0.000016
3133 0.000013
3134 0.000034
3135 0.000020
3136 0.000005
3137 0.000009
3138 0.000011
3139 0.000042
3140 0.000015
3141 0.000014
3142 0.000028
3143 0.000016
3144 0.000032
3145 0.000006
3146 0.000025
3147 0.000027
3148 0.000014
3149 0.000016
3150 0.000034
3151 0.000010
3152 0.000014
3153 0.000014
3154 0.000004
3155 0.000015
3156 0.000019
3157 0.000013
3158 0.000019
3159 0.000004
3160 0.000012
3161 0.000008
3162 0.000008
3163 0.000014
3164 0.000037
3165 0.000019
3166 0.000004
3167 0.000009
3168 0.000007
3169 0.000022
3170 0.000007
3171 0.000008
3172 0.000019
3173 0.000014
3174 0.000015
3175 0.000014
3176 0.000036
3177 0.000011
3178 0.000020
3179 0.000013
3180 0.000029
3181 0.000006
3182 0.000011
3183 0.000023
3184 0.000018
3185 0.000042
3186 0.000009
3187 0.000028
3188 0.000007
3189 0.000014
3190 0.000013
3191 0.000011
3192 0.000020
3193 0.000006
3194 0.000023
3195 0.000017
3196 0.000017
3197 0.000012
3198 0.000009
3199 0.000012
3200 0.000017
3201 0.000013
3202 0.000007
3203 0.000013
3204 0.000009
3205 0.000031
3206 0.000013
3207 0.000004
3208 0.000026
3209 0.000020
3210 0.000006
3211 0.000014
3212 0.000023
3213 0.000017
3214 0.000033
3215 0.000005
3216 0.000012
3217 0.000025
3218 0.000018
3219 0.000024
3220 0.000034
3221 0.000013
3222 0.000030
3223 0.000015
3224 0.000014
3225 0.000013
3226 0.000011
3227 0.000009
3228 0.000024
3229 0.000011
3230 0.000052
3231 0.000025
3232 0.000038
3233 0.000009
3234 0.000018
3235 0.000007
3236 0.000010
3237 0.000022
3238 0.000012
3239 0.000028
3240 0.000004
3241 0.000029
3242 0.000018
3243 0.000009
3244 0.000005
3245 0.000025
3246 0.000047
3247 0.000005
3248 0.000030
3249 0.000015
3250 0.000016
3251 0.000007
3252 0.000013
3253 0.000021
3254 0.000017
3255 0.000007
3256 0.000016
3257 0.000020
3258 0.000006
3259 0.000022
3260 0.000022
3261 0.000021
3262 0.000007
3263 0.000031
3264 0.000015
3265 0.000027
3266 0.000024
3267 0.000017
3268 0.000012
3269 0.000012
3270 0.000018
3271 0.000030
3272 0.000010
3273 0.000012
3274 0.000049
3275 0.000017
3276 0.000012
3277 0.000012
3278 0.000013
3279 0.000065
3280 0.000009
3281 0.000018
3282 0.000016
3283 0.000014
3284 0.000026
3285 0.000011
3286 0.000048
3287 0.000008
3288 0.000024
3289 0.000013
3290 0.000022
3291 0.000004
3292 0.000004
3293 0.000004
3294 0.000004
3295 0.000016
3296 0.000021
3297 0.000022
3298 0.000004
3299 0.000058
3300 0.000018
3301 0.000020
3302 0.000020
3303 0.000021
3304 0.000014
3305 0.000014
3306 0.000030
3307 0.000039
3308 0.000013
3309 0.000008
3310 0.000033
3311 0.000026
3312 0.000006
3313 0.000013
3314 0.000024
3315 0.000041
3316 0.000012
3317 0.000016
3318 0.000027
3319 0.000018
3320 0.000013
3321 0.000013
3322 0.000009
3323 0.000086
3324 0.000042
3325 0.000032
3326 0.000032
3327 0.000010
3328 0.000020
3329 0.000006
3330 0.000036
3331 0.000027
3332 0.000009
3333 0.000010
3334 0.000019
3335 0.000025
3336 0.000004
3337 0.000015
3338 0.000035
3339 0.000034
3340 0.000017
3341 0.000034
3342 0.000031
3343 0.000004
3344 0.000014
3345 0.000004
3346 0.000018
3347 0.000016
3348 0.000010
3349 0.000015
3350 0.000038
3351 0.000030
3352 0.000017
3353 0.000017
3354 0.000015
3355 0.000019
3356 0.000015
3357 0.000038
3358 0.000026
3359 0.000022
3360 0.000036
3361 0.000015
3362 0.000011
3363 0.000021
3364 0.000008
3365 0.000050
3366 0.000024
3367 0.000021
3368 0.000019
3369 0.000032
3370 0.000049
3371 0.000030
3372 0.000007
3373 0.000026
3374 0.000016
3375 0.000013
3376 0.000008
3377 0.000005
3378 0.000008
3379 0.000020
3380 0.000012
3381 0.000016
3382 0.000019
3383 0.000023
3384 0.000005
3385 0.000025
3386 0.000013
3387 0.000004
3388 0.000019
3389 0.000033
3390 0.000011
3391 0.000018
3392 0.000017
3393 0.000018
3394 0.000025
3395 0.000076
3396 0.000031
3397 0.000044
3398 0.000024
3399 0.000016
3400 0.000007
3401 0.000009
3402 0.000007
3403 0.000018
3404 0.000004
3405 0.000004
3406 0.000014
3407 0.000018
3408 0.000021
3409 0.000016
3410 0.000022
3411 0.000017
3412 0.000037
3413 0.000016
3414 0.000008
3415 0.000018
3416 0.000045
3417 0.000021
3418 0.000029
3419 0.000028
3420 0.000012
3421 0.000036
3422 0.000039
3423 0.000012
3424 0.000052
3425 0.000008
3426 0.000010
3427 0.000017
3428 0.000020
3429 0.000018
3430 0.000011
3431 0.000022
3432 0.000009
3433 0.000006
3434 0.000033
3435 0.000036
3436 0.000033
3437 0.000015
3438 0.000031
3439 0.000034
3440 0.000006
3441 0.000042
3442 0.000023
3443 0.000025
3444 0.000008
3445 0.000017
3446 0.000006
3447 0.000026
3448 0.000008
3449 0.000025
3450 0.000061
3451 0.000015
3452 0.000007
3453 0.000022
3454 0.000031
3455 0.000015
3456 0.000016
3457 0.000022
3458 0.000026
3459 0.000009
3460 0.000004
3461 0.000006
3462 0.000004
3463 0.000006
3464 0.000006
3465 0.000012
3466 0.000016
3467 0.000007
3468 0.000011
3469 0.000024
3470 0.000034
3471 0.000021
3472 0.000015
3473 0.000013
3474 0.000063
3475 0.000010
3476 0.000046
3477 0.000021
3478 0.000025
3479 0.000026
3480 0.000035
3481 0.000060
3482 0.000014
3483 0.000014
3484 0.000020
3485 0.000011
3486 0.000051
3487 0.000008
3488 0.000028
3489 0.000008
3490 0.000025
3491 0.000007
3492 0.000037
3493 0.000010
3494 0.000010
3495 0.000050
3496 0.000023
3497 0.000039
3498 0.000022
3499 0.000024
3500 0.000046
3501 0.000054
3502 0.000051
3503 0.000015
3504 0.000017
3505 0.000019
3506 0.000013
3507 0.000008
3508 0.000013
3509 0.000017
3510 0.000015
3511 0.000018
3512 0.000028
3513 0.000060
3514 0.000012
3515 0.000030
3516 0.000026
3517 0.000012
3518 0.000014
3519 0.000047
3520 0.000012
3521 0.000009
3522 0.000034
3523 0.000033
3524 0.000035
3525 0.000032
3526 0.000009
3527 0.000018
3528 0.000050
3529 0.000007
3530 0.000004
3531 0.000004
3532 0.000006
3533 0.000024
3534 0.000017
3535 0.000005
3536 0.000017
3537 0.000023
3538 0.000020
3539 0.000006
3540 0.000026
3541 0.000007
3542 0.000004
3543 0.000028
3544 0.000014
3545 0.000011
3546 0.000023
3547 0.000028
3548 0.000017
3549 0.000007
3550 0.000018
3551 0.000024
3552 0.000011
3553 0.000067
3554 0.000010
3555 0.000008
3556 0.000015
3557 0.000009
3558 0.000029
3559 0.000007
3560 0.000024
3561 0.000022
3562 0.000015
3563 0.000013
3564 0.000021
3565 0.000004
3566 0.000029
3567 0.000015
3568 0.000031
3569 0.000056
3570 0.000014
3571 0.000014
3572 0.000035
3573 0.000009
3574 0.000022
3575 0.000009
3576 0.000029
3577 0.000016
3578 0.000035
3579 0.000008
3580 0.000010
3581 0.000032
3582 0.000060
3583 0.000020
3584 0.000006
3585 0.000029
3586 0.000040
3587 0.000026
3588 0.000030
3589 0.000027
3590 0.000050
3591 0.000020
3592 0.000021
3593 0.000010
3594 0.000055
3595 0.000025
3596 0.000007
3597 0.000021
3598 0.000027
3599 0.000025
3600 0.000022
3601 0.000032
3602 0.000023
3603 0.000012
3604 0.000030
3605 0.000006
3606 0.000027
3607 0.000009
3608 0.000011
3609 0.000020
3610 0.000009
3611 0.000006
3612 0.000026
3613 0.000021
3614 0.000016
3615 0.000007
3616 0.000022
3617 0.000013
3618 0.000017
3619 0.000030
3620 0.000004
3621 0.000015
3622 0.000009
3623 0.000030
3624 0.000024
3625 0.000020
3626 0.000015
3627 0.000024
3628 0.000009
3629 0.000020
3630 0.000009
3631 0.000010
3632 0.000011
3633 0.000011
3634 0.000019
3635 0.000019
3636 0.000017
3637 0.000077
3638 0.000016
3639 0.000006
3640 0.000014
3641 0.000023
3642 0.000019
3643 0.000019
3644 0.000016
3645 0.000030
3646 0.000013
3647 0.000037
3648 0.000028
3649 0.000011
3650 0.000005
3651 0.000018
3652 0.000048
3653 0.000031
3654 0.000019
3655 0.000034
3656 0.000016
3657 0.000012
3658 0.000009
3659 0.000011
3660 0.000006
3661 0.000015
3662 0.000005
3663 0.000005
3664 0.000015
3665 0.000032
3666 0.000025
3667 0.000013
3668 0.000011
3669 0.000025
3670 0.000011
3671 0.000028
3672 0.000014
3673 0.000014
3674 0.000046
3675 0.000033
3676 0.000038
3677 0.000029
3678 0.000030
3679 0.000011
3680 0.000032
3681 0.000018
3682 0.000012
3683 0.000011
3684 0.000008
3685 0.000049
3686 0.000025
3687 0.000020
3688 0.000004
3689 0.000016
3690 0.000013
3691 0.000025
3692 0.000015
3693 0.000050
3694 0.000028
3695 0.000034
3696 0.000030
3697 0.000021
3698 0.000030
3699 0.000013
3700 0.000018
3701 0.000013
3702 0.000026
3703 0.000008
3704 0.000005
3705 0.000011
3706 0.000004
3707 0.000008
3708 0.000070
3709 0.000032
3710 0.000014
3711 0.000019
3712 0.000027
3713 0.000031
3714 0.000011
3715 0.000019
3716 0.000030
3717 0.000013
3718 0.000007
3719 0.000010
3720 0.000007
3721 0.000032
3722 0.000020
3723 0.000009
3724 0.000012
3725 0.000015
3726 0.000004
3727 0.000023
3728 0.000014
3729 0.000004
3730 0.000009
3731 0.000009
3732 0.000006
3733 0.000029
3734 0.000014
3735 0.000011
3736 0.000038
3737 0.000023
3738 0.000010
3739 0.000012
3740 0.000006
3741 0.000024
3742 0.000025
3743 0.000017
3744 0.000010
3745 0.000011
3746 0.000020
3747 0.000004
3748 0.000041
3749 0.000025
3750 0.000011
3751 0.000016
3752 0.000004
3753 0.000028
3754 0.000030
3755 0.000005
3756 0.000015
3757 0.000009
3758 0.000013
3759 0.000010
3760 0.000014
3761 0.000010
3762 0.000022
3763 0.000004
3764 0.000036
3765 0.000015
3766 0.000005
3767 0.000023
3768 0.000016
3769 0.000021
3770 0.000016
3771 0.000004
3772 0.000020
3773 0.000059
3774 0.000015
3775 0.000009
3776 0.000041
3777 0.000008
3778 0.000055
3779 0.000023
3780 0.000022
3781 0.000014
3782 0.000004
3783 0.000037
3784 0.000004
3785 0.000006
3786 0.000033
3787 0.000007
3788 0.000016
3789 0.000015
3790 0.000019
3791 0.000011
3792 0.000015
3793 0.000011
3794 0.000011
3795 0.000022
3796 0.000014
3797 0.000021
3798 0.000030
3799 0.000025
3800 0.000005
3801 0.000014
3802 0.000015
3803 0.000015
3804 0.000027
3805 0.000012
3806 0.000008
3807 0.000028
3808 0.000015
3809 0.000018
3810 0.000016
3811 0.000010
3812 0.000024
3813 0.000014
3814 0.000025
3815 0.000023
3816 0.000018
3817 0.000018
3818 0.000018
3819 0.000017
3820 0.000020
3821 0.000019
3822 0.000005
3823 0.000009
3824 0.000018
3825 0.000019
3826 0.000008
3827 0.000026
3828 0.000052
3829 0.000013
3830 0.000025
3831 0.000009
3832 0.000035
3833 0.000013
3834 0.000019
3835 0.000010
3836 0.000020
3837 0.000011
3838 0.000015
3839 0.000011
3840 0.000060
3841 0.000016
3842 0.000015
3843 0.000016
3844 0.000010
3845 0.000006
3846 0.000061
3847 0.000063
3848 0.000040
3849 0.000009
3850 0.000028
3851 0.000011
3852 0.000012
3853 0.000038
3854 0.000014
3855 0.000012
3856 0.000034
3857 0.000032
3858 0.000026
3859 0.000014
3860 0.000007
3861 0.000030
3862 0.000008
3863 0.000026
3864 0.000004
3865 0.000052
3866 0.000037
3867 0.000010
3868 0.000039
3869 0.000006
3870 0.000021
3871 0.000020
3872 0.000049
3873 0.000022
3874 0.000008
3875 0.000006
3876 0.000008
3877 0.000014
3878 0.000011
3879 0.000043
3880 0.000018
3881 0.000040
3882 0.000017
3883 0.000010
3884 0.000027
3885 0.000013
3886 0.000030
3887 0.000049
3888 0.000005
3889 0.000017
3890 0.000021
3891 0.000042
3892 0.000015
3893 0.000015
3894 0.000017
3895 0.000005
3896 0.000016
3897 0.000006
3898 0.000020
3899 0.000017
3900 0.000005
3901 0.000005
3902 0.000017
3903 0.000006
3904 0.000022
3905 0.000021
3906 0.000012
3907 0.000011
3908 0.000041
3909 0.000022
3910 0.000004
3911 0.000009
3912 0.000012
3913 0.000012
3914 0.000016
3915 0.000007
3916 0.000020
3917 0.000005
3918 0.000008
3919 0.000026
3920 0.000028
3921 0.000024
3922 0.000010
3923 0.000012
3924 0.000057
3925 0.000033
3926 0.000011
3927 0.000034
3928 0.000011
3929 0.000019
3930 0.000013
3931 0.000009
3932 0.000012
3933 0.000007
3934 0.000004
3935 0.000006
3936 0.000032
3937 0.000022
3938 0.000016
3939 0.000028
3940 0.000016
3941 0.000082
3942 0.000014
3943 0.000011
3944 0.000049
3945 0.000008
3946 0.000013
3947 0.000031
3948 0.000031
3949 0.000025
3950 0.000013
3951 0.000029
3952 0.000008
3953 0.000028
3954 0.000009
3955 0.000028
3956 0.000024
3957 0.000020
3958 0.000024
3959 0.000015
3960 0.000028
3961 0.000028
3962 0.000043
3963 0.000013
3964 0.000019
3965 0.000034
3966 0.000022
3967 0.000015
3968 0.000020
3969 0.000009
3970 0.000031
3971 0.000008
3972 0.000021
3973 0.000018
3974 0.000010
3975 0.000014
3976 0.000020
3977 0.000064
3978 0.000016
3979 0.000023
3980 0.000022
3981 0.000013
3982 0.000027
3983 0.000034
3984 0.000035
3985 0.000019
3986 0.000025
3987 0.000006
3988 0.000027
3989 0.000040
3990 0.000014
3991 0.000019
3992 0.000006
3993 0.000009
3994 0.000033
3995 0.000012
3996 0.000054
3997 0.000019
3998 0.000019
3999 0.000031
4000 0.000018
4001 0.000009
4002 0.000020
4003 0.000013
4004 0.000008
4005 0.000005
4006 0.000015
4007 0.000010
4008 0.000009
4009 0.000028
4010 0.000030
4011 0.000009
4012 0.000032
4013 0.000025
4014 0.000020
4015 0.000018
4016 0.000023
4017 0.000033
4018 0.000017
4019 0.000004
4020 0.000018
4021 0.000024
4022 0.000028
4023 0.000027
4024 0.000027
4025 0.000027
4026 0.000056
4027 0.000039
4028 0.000015
4029 0.000048
4030 0.000018
4031 0.000025
4032 0.000023
4033 0.000016
4034 0.000028
4035 0.000015
4036 0.000086
4037 0.000011
4038 0.000012
4039 0.000023
4040 0.000016
4041 0.000019
4042 0.000009
4043 0.000021
4044 0.000027
4045 0.000019
4046 0.000044
4047 0.000009
4048 0.000008
4049 0.000015
4050 0.000013
4051 0.000010
4052 0.000009
4053 0.000037
4054 0.000006
4055 0.000020
4056 0.000010
4057 0.000009
4058 0.000006
4059 0.000013
4060 0.000035
4061 0.000040
4062 0.000007
4063 0.000026
4064 0.000014
4065 0.000010
4066 0.000012
4067 0.000016
4068 0.000018
4069 0.000027
4070 0.000037
4071 0.000025
4072 0.000009
4073 0.000073
4074 0.000011
4075 0.000019
4076 0.000051
4077 0.000023
4078 0.000011
4079 0.000008
4080 0.000019
4081 0.000040
4082 0.000004
4083 0.000004
4084 0.000013
4085 0.000018
4086 0.000015
4087 0.000005
4088 0.000010
4089 0.000022
4090 0.000006
4091 0.000009
4092 0.000014
4093 0.000012
4094 0.000030
4095 0.000004
4096 0.000035
4097 0.000011
4098 0.000012
4099 0.000009
4100 0.000011
4101 0.000027
4102 0.000054
4103 0.000018
4104 0.000018
4105 0.000023
4106 0.000036
4107 0.000014
4108 0.000024
4109 0.000018
4110 0.000004
4111 0.000029
4112 0.000008
4113 0.000025
4114 0.000007
4115 0.000017
4116 0.000023
4117 0.000029
4118 0.000012
4119 0.000015
4120 0.000015
4121 0.000022
4122 0.000007
4123 0.000006
4124 0.000036
4125 0.000004
4126 0.000019
4127 0.000010
4128 0.000024
4129 0.000035
4130 0.000018
4131 0.000024
4132 0.000019
4133 0.000025
4134 0.000006
4135 0.000013
4136 0.000034
4137 0.000030
4138 0.000015
4139 0.000031
4140 0.000028
4141 0.000016
4142 0.000025
4143 0.000024
4144 0.000017
4145 0.000004
4146 0.000011
4147 0.000017
4148 0.000021
4149 0.000031
4150 0.000021
4151 0.000029
4152 0.000017
4153 0.000029
4154 0.000014
4155 0.000007
4156 0.000016
4157 0.000014
4158 0.000012
4159 0.000054
4160 0.000017
4161 0.000045
4162 0.000042
4163 0.000007
4164 0.000005
4165 0.000027
4166 0.000019
4167 0.000010
4168 0.000013
4169 0.000021
4170 0.000008
4171 0.000022
4172 0.000012
4173 0.000053
4174 0.000012
4175 0.000014
4176 0.000016
4177 0.000011
4178 0.000016
4179 0.000021
4180 0.000052
4181 0.000015
4182 0.000006
4183 0.000015
4184 0.000008
4185 0.000005
4186 0.000022
4187 0.000029
4188 0.000025
4189 0.000019
4190 0.000036
4191 0.000015
4192 0.000007
4193 0.000028
4194 0.000015
4195 0.000013
4196 0.000016
4197 0.000013
4198 0.000088
4199 0.000043
4200 0.000018
4201 0.000009
4202 0.000016
4203 0.000016
4204 0.000022
4205 0.000005
4206 0.000019
4207 0.000016
4208 0.000019
4209 0.000033
4210 0.000024
4211 0.000021
4212 0.000025
4213 0.000020
4214 0.000020
4215 0.000014
4216 0.000006
4217 0.000011
4218 0.000005
4219 0.000016
4220 0.000006
4221 0.000021
4222 0.000013
4223 0.000034
4224 0.000019
4225 0.000010
4226 0.000006
4227 0.000074
4228 0.000012
4229 0.000004
4230 0.000013
4231 0.000037
4232 0.000043
4233 0.000028
4234 0.000028
4235 0.000021
4236 0.000012
4237 0.000023
4238 0.000026
4239 0.000015
4240 0.000022
4241 0.000004
4242 0.000005
4243 0.000044
4244 0.000010
4245 0.000016
4246 0.000028
4247 0.000018
4248 0.000012
4249 0.000021
4250 0.000029
4251 0.000016
4252 0.000021
4253 0.000023
4254 0.000050
4255 0.000019
4256 0.000040
4257 0.000009
4258 0.000012
4259 0.000014
4260 0.000014
4261 0.000007
4262 0.000008
4263 0.000008
4264 0.000019
4265 0.000063
4266 0.000033
4267 0.000008
4268 0.000010
4269 0.000013
4270 0.000024
4271 0.000011
4272 0.000016
4273 0.000012
4274 0.000013
4275 0.000006
4276 0.000013
4277 0.000008
4278 0.000004
4279 0.000023
4280 0.000011
4281 0.000015
4282 0.000011
4283 0.000032
4284 0.000016
4285 0.000004
4286 0.000006
4287 0.000004
4288 0.000029
4289 0.000004
4290 0.000004
4291 0.000012
4292 0.000024
4293 0.000010
4294 0.000031
4295 0.000011
4296 0.000008
4297 0.000012
4298 0.000013
4299 0.000018
4300 0.000021
4301 0.000009
4302 0.000004
4303 0.000047
4304 0.000023
4305 0.000025
4306 0.000019
4307 0.000047
4308 0.000004
4309 0.000021
4310 0.000028
4311 0.000017
4312 0.000004
4313 0.000036
4314 0.000010
4315 0.000031
4316 0.000010
4317 0.000006
4318 0.000008
4319 0.000013
4320 0.000015
4321 0.000012
4322 0.000049
4323 0.000013
4324 0.000020
4325 0.000019
4326 0.000042
4327 0.000037
4328 0.000014
4329 0.000018
4330 0.000040
4331 0.000009
4332 0.000043
4333 0.000024
4334 0.000020
4335 0.000009
4336 0.000008
4337 0.000018
4338 0.000025
4339 0.000028
4340 0.000022
4341 0.000018
4342 0.000027
4343 0.000004
4344 0.000038
4345 0.000017
4346 0.000027
4347 0.000019
4348 0.000026
4349 0.000023
4350 0.000024
4351 0.000016
4352 0.000008
4353 0.000024
4354 0.000005
4355 0.000036
4356 0.000005
4357 0.000022
4358 0.000018
4359 0.000006
4360 0.000012
4361 0.000045
4362 0.000071
4363 0.000005
4364 0.000015
4365 0.000019
4366 0.000026
4367 0.000025
4368 0.000008
4369 0.000010
4370 0.000024
4371 0.000004
4372 0.000016
4373 0.000015
4374 0.000018
4375 0.000049
4376 0.000012
4377 0.000006
4378 0.000014
4379 0.000045
4380 0.000004
4381 0.000004
4382 0.000045
4383 0.000039
4384 0.000038
4385 0.000027
4386 0.000035
4387 0.000004
4388 0.000005
4389 0.000013
4390 0.000035
4391 0.000019
4392 0.000007
4393 0.000019
4394 0.000007
4395 0.000015
4396 0.000009
4397 0.000018
4398 0.000009
4399 0.000047
4400 0.000042
4401 0.000032
4402 0.000023
4403 0.000027
4404 0.000031
4405 0.000025
4406 0.000028
4407 0.000013
4408 0.000017
4409 0.000007
4410 0.000028
4411 0.000017
4412 0.000037
4413 0.000013
4414 0.000015
4415 0.000011
4416 0.000004
4417 0.000013
4418 0.000040
4419 0.000017
4420 0.000023
4421 0.000005
4422 0.000004
4423 0.000012
4424 0.000020
4425 0.000057
4426 0.000026
4427 0.000026
4428 0.000024
4429 0.000004
4430 0.000010
4431 0.000022
4432 0.000046
4433 0.000015
4434 0.000014
4435 0.000014
4436 0.000010
4437 0.000014
4438 0.000024
4439 0.000011
4440 0.000012
4441 0.000015
4442 0.000029
4443 0.000013
4444 0.000015
4445 0.000027
4446 0.000009
4447 0.000004
4448 0.000009
4449 0.000015
4450 0.000015
4451 0.000020
4452 0.000005
4453 0.000033
4454 0.000015
4455 0.000025
4456 0.000008
4457 0.000019
4458 0.000024
4459 0.000037
4460 0.000006
4461 0.000010
4462 0.000019
4463 0.000013
4464 0.000028
4465 0.000020
4466 0.000020
4467 0.000010
4468 0.000034
4469 0.000013
4470 0.000013
4471 0.000016
4472 0.000035
4473 0.000023
4474 0.000011
4475 0.000023
4476 0.000018
4477 0.000016
4478 0.000009
4479 0.000010
4480 0.000014
4481 0.000036
4482 0.000022
4483 0.000016
4484 0.000013
4485 0.000058
4486 0.000036
4487 0.000030
4488 0.000030
4489 0.000015
4490 0.000014
4491 0.000015
4492 0.000006
4493 0.000029
4494 0.000035
4495 0.000043
4496 0.000025
4497 0.000015
4498 0.000016
4499 0.000013
4500 0.000016
4501 0.000012
4502 0.000014
4503 0.000013
4504 0.000020
4505 0.000033
4506 0.000039
4507 0.000033
4508 0.000013
4509 0.000044
4510 0.000013
4511 0.000017
4512 0.000028
4513 0.000010
4514 0.000012
4515 0.000015
4516 0.000017
4517 0.000009
4518 0.000019
4519 0.000028
4520 0.000013
4521 0.000009
4522 0.000053
4523 0.000008
4524 0.000006
4525 0.000008
4526 0.000004
4527 0.000033
4528 0.000020
4529 0.000020
4530 0.000022
4531 0.000004
4532 0.000026
4533 0.000013
4534 0.000018
4535 0.000017
4536 0.000007
4537 0.000037
4538 0.000023
4539 0.000021
4540 0.000012
4541 0.000009
4542 0.000016
4543 0.000012
4544 0.000029
4545 0.000019
4546 0.000018
4547 0.000051
4548 0.000028
4549 0.000015
4550 0.000015
4551 0.000013
4552 0.000009
4553 0.000004
4554 0.000052
4555 0.000014
4556 0.000013
4557 0.000026
4558 0.000009
4559 0.000006
4560 0.000013
4561 0.000016
4562 0.000009
4563 0.000004
4564 0.000004
4565 0.000009
4566 0.000015
4567 0.000005
4568 0.000012
4569 0.000017
4570 0.000016
4571 0.000041
4572 0.000007
4573 0.000008
4574 0.000012
4575 0.000038
4576 0.000009
4577 0.000012
4578 0.000016
4579 0.000010
4580 0.000006
4581 0.000008
4582 0.000021
4583 0.000007
4584 0.000016
4585 0.000016
4586 0.000032
4587 0.000012
4588 0.000007
4589 0.000021
4590 0.000009
4591 0.000011
4592 0.000019
4593 0.000015
4594 0.000013
4595 0.000026
4596 0.000006
4597 0.000004
4598 0.000026
4599 0.000031
4600 0.000004
4601 0.000028
4602 0.000015
4603 0.000020
4604 0.000022
4605 0.000011
4606 0.000011
4607 0.000028
4608 0.000046
4609 0.000008
4610 0.000027
4611 0.000028
4612 0.000030
4613 0.000048
4614 0.000010
4615 0.000023
4616 0.000028
4617 0.000009
4618 0.000025
4619 0.000034
4620 0.000016
4621 0.000015
4622 0.000020
4623 0.000014
4624 0.000018
4625 0.000016
4626 0.000022
4627 0.000014
4628 0.000024
4629 0.000036
4630 0.000043
4631 0.000028
4632 0.000014
4633 0.000018
4634 0.000077
4635 0.000008
4636 0.000007
4637 0.000013
4638 0.000018
4639 0.000008
4640 0.000026
4641 0.000019
4642 0.000022
4643 0.000027
4644 0.000020
4645 0.000009
4646 0.000004
4647 0.000069
4648 0.000011
4649 0.000026
4650 0.000004
4651 0.000089
4652 0.000010
4653 0.000009
4654 0.000004
4655 0.000026
4656 0.000004
4657 0.000008
4658 0.000008
4659 0.000032
4660 0.000022
4661 0.000008
4662 0.000010
4663 0.000030
4664 0.000008
4665 0.000043
4666 0.000031
4667 0.000016
4668 0.000042
4669 0.000012
4670 0.000005
4671 0.000005
4672 0.000023
4673 0.000017
4674 0.000012
4675 0.000018
4676 0.000032
4677 0.000032
4678 0.000004
4679 0.000011
4680 0.000006
4681 0.000011
4682 0.000010
4683 0.000016
4684 0.000023
4685 0.000012
4686 0.000007
4687 0.000024
4688 0.000033
4689 0.000010
4690 0.000036
4691 0.000018
4692 0.000031
4693 0.000026
4694 0.000013
4695 0.000019
4696 0.000008
4697 0.000012
4698 0.000030
4699 0.000005
4700 0.000019
4701 0.000023
4702 0.000020
4703 0.000009
4704 0.000015
4705 0.000008
4706 0.000031
4707 0.000008
4708 0.000016
4709 0.000012
4710 0.000014
4711 0.000021
4712 0.000009
4713 0.000007
4714 0.000019
4715 0.000022
4716 0.000054
4717 0.000018
4718 0.000007
4719 0.000004
4720 0.000039
4721 0.000030
4722 0.000004
4723 0.000004
4724 0.000011
4725 0.000048
4726 0.000029
4727 0.000027
4728 0.000022
4729 0.000013
4730 0.000004
4731 0.000037
4732 0.000050
4733 0.000026
4734 0.000006
4735 0.000035
4736 0.000016
4737 0.000015
4738 0.000023
4739 0.000010
4740 0.000004
4741 0.000018
4742 0.000031
4743 0.000012
4744 0.000013
4745 0.000024
4746 0.000031
4747 0.000045
4748 0.000006
4749 0.000014
4750 0.000008
4751 0.000004
4752 0.000006
4753 0.000012
4754 0.000006
4755 0.000020
4756 0.000010
4757 0.000014
4758 0.000010
4759 0.000032
4760 0.000028
4761 0.000016
4762 0.000017
4763 0.000021
4764 0.000026
4765 0.000005
4766 0.000013
4767 0.000032
4768 0.000017
4769 0.000019
4770 0.000017
4771 0.000014
4772 0.000005
4773 0.000020
4774 0.000011
4775 0.000033
4776 0.000032
4777 0.000009
4778 0.000017
4779 0.000021
4780 0.000031
4781 0.000017
4782 0.000048
4783 0.000006
4784 0.000016
4785 0.000023
4786 0.000011
4787 0.000011
4788 0.000035
4789 0.000013
4790 0.000017
4791 0.000034
4792 0.000004
4793 0.000004
4794 0.000017
4795 0.000021
4796 0.000016
4797 0.000010
4798 0.000004
4799 0.000023
4800 0.000004
4801 0.000067
4802 0.000046
4803 0.000016
4804 0.000009
4805 0.000025
4806 0.000011
4807 0.000007
4808 0.000006
4809 0.000004
4810 0.000018
4811 0.000007
4812 0.000034
4813 0.000017
4814 0.000004
4815 0.000025
4816 0.000006
4817 0.000018
4818 0.000041
4819 0.000004
4820 0.000007
4821 0.000034
4822 0.000017
4823 0.000036
4824 0.000016
4825 0.000019
4826 0.000019
4827 0.000010
4828 0.000010
4829 0.000048
4830 0.000025
4831 0.000034
4832 0.000029
4833 0.000011
4834 0.000009
4835 0.000014
4836 0.000018
4837 0.000008
4838 0.000055
4839 0.000029
4840 0.000018
4841 0.000016
4842 0.000031
4843 0.000023
4844 0.000017
4845 0.000053
4846 0.000013
4847 0.000011
4848 0.000016
4849 0.000021
4850 0.000026
4851 0.000028
4852 0.000006
4853 0.000029
4854 0.000033
4855 0.000013
4856 0.000017
4857 0.000009
4858 0.000014
4859 0.000004
4860 0.000024
4861 0.000014
4862 0.000041
4863 0.000007
4864 0.000010
4865 0.000021
4866 0.000025
4867 0.000042
4868 0.000005
4869 0.000036
4870 0.000029
4871 0.000016
4872 0.000045
4873 0.000025
4874 0.000029
4875 0.000012
4876 0.000020
4877 0.000030
4878 0.000024
4879 0.000030
4880 0.000009
4881 0.000033
4882 0.000034
4883 0.000012
4884 0.000014
4885 0.000007
4886 0.000044
4887 0.000073
4888 0.000021
4889 0.000004
4890 0.000012
4891 0.000009
4892 0.000028
4893 0.000004
4894 0.000029
4895 0.000008
4896 0.000012
4897 0.000033
4898 0.000033
4899 0.000035
4900 0.000018
4901 0.000020
4902 0.000008
4903 0.000056
4904 0.000099
4905 0.000039
4906 0.000007
4907 0.000024
4908 0.000013
4909 0.000015
4910 0.000025
4911 0.000021
4912 0.000014
4913 0.000022
4914 0.000044
4915 0.000039
4916 0.000015
4917 0.000019
4918 0.000033
4919 0.000040
4920 0.000011
4921 0.000006
4922 0.000011
4923 0.000015
4924 0.000040
4925 0.000035
4926 0.000011
4927 0.000004
4928 0.000009
4929 0.000004
4930 0.000026
4931 0.000015
4932 0.000017
4933 0.000029
4934 0.000019
4935 0.000029
4936 0.000004
4937 0.000015
4938 0.000028
4939 0.000031
4940 0.000022
4941 0.000023
4942 0.000015
4943 0.000004
4944 0.000004
4945 0.000031
4946 0.000033
4947 0.000005
4948 0.000004
4949 0.000029
4950 0.000022
4951 0.000078
4952 0.000013
4953 0.000014
4954 0.000004
4955 0.000007
4956 0.000013
4957 0.000019
4958 0.000004
4959 0.000028
4960 0.000010
4961 0.000018
4962 0.000016
4963 0.000017
4964 0.000006
4965 0.000019
4966 0.000040
4967 0.000018
4968 0.000009
4969 0.000019
4970 0.000008
4971 0.000009
4972 0.000029
4973 0.000013
4974 0.000012
4975 0.000017
4976 0.000026
4977 0.000009
4978 0.000014
4979 0.000052
4980 0.000006
4981 0.000014
4982 0.000035
4983 0.000027
4984 0.000015
4985 0.000038
4986 0.000021
4987 0.000027
4988 0.000006
4989 0.000016
4990 0.000040
4991 0.000017
4992 0.000019
4993 0.000020
4994 0.000019
4995 0.000016
4996 0.000015
4997 0.000007
4998 0.000009
4999 0.000015
5000 0.000034
5001 0.000012
5002 0.000004
5003 0.000011
5004 0.000028
5005 0.000025
5006 0.000012
5007 0.000028
5008 0.000019
5009 0.000008
5010 0.000023
5011 0.000023
5012 0.000004
5013 0.000007
5014 0.000021
5015 0.000010
5016 0.000010
5017 0.000013
5018 0.000006
5019 0.000025
5020 0.000031
5021 0.000019
5022 0.000010
5023 0.000019
5024 0.000005
5025 0.000035
5026 0.000021
5027 0.000050
5028 0.000052
5029 0.000034
5030 0.000022
5031 0.000015
5032 0.000014
5033 0.000022
5034 0.000020
5035 0.000009
5036 0.000011
5037 0.000033
5038 0.000023
5039 0.000029
5040 0.000016
5041 0.000032
5042 0.000061
5043 0.000011
5044 0.000005
5045 0.000036
5046 0.000004
5047 0.000016
5048 0.000011
5049 0.000005
5050 0.000042
5051 0.000038
5052 0.000004
5053 0.000004
5054 0.000054
5055 0.000016
5056 0.000015
5057 0.000046
5058 0.000004
5059 0.000004
5060 0.000010
5061 0.000014
5062 0.000010
5063 0.000013
5064 0.000020
5065 0.000004
5066 0.000006
5067 0.000030
5068 0.000007
5069 0.000023
5070 0.000008
5071 0.000009
5072 0.000012
5073 0.000029
5074 0.000022
5075 0.000009
5076 0.000012
5077 0.000020
5078 0.000009
5079 0.000012
5080 0.000046
5081 0.000013
5082 0.000004
5083 0.000023
5084 0.000024
5085 0.000012
5086 0.000012
5087 0.000027
5088 0.000017
5089 0.000004
5090 0.000010
5091 0.000032
5092 0.000014
5093 0.000040
5094 0.000008
5095 0.000004
5096 0.000017
5097 0.000022
5098 0.000018
5099 0.000021
5100 0.000019
5101 0.000038
5102 0.000026
5103 0.000009
5104 0.000004
5105 0.000008
5106 0.000010
5107 0.000026
5108 0.000038
5109 0.000019
5110 0.000013
5111 0.000017
5112 0.000004
5113 0.000041
5114 0.000012
5115 0.000014
5116 0.000020
5117 0.000034
5118 0.000024
5119 0.000020
5120 0.000018
5121 0.000024
5122 0.000028
5123 0.000029
5124 0.000017
5125 0.000017
5126 0.000009
5127 0.000014
5128 0.000008
5129 0.000009
5130 0.000012
5131 0.000018
5132 0.000004
5133 0.000023
5134 0.000056
5135 0.000006
5136 0.000004
5137 0.000014
5138 0.000014
5139 0.000058
5140 0.000020
5141 0.000012
5142 0.000025
5143 0.000006
5144 0.000021
5145 0.000052
5146 0.000040
5147 0.000015
5148 0.000049
5149 0.000010
5150 0.000011
5151 0.000023
5152 0.000026
5153 0.000004
5154 0.000041
5155 0.000038
5156 0.000018
5157 0.000016
5158 0.000010
5159 0.000009
5160 0.000031
5161 0.000016
5162 0.000012
5163 0.000039
5164 0.000016
5165 0.000013
5166 0.000027
5167 0.000010
5168 0.000083
5169 0.000028
5170 0.000005
5171 0.000011
5172 0.000004
5173 0.000019
5174 0.000010
5175 0.000019
5176 0.000006
5177 0.000013
5178 0.000019
5179 0.000012
5180 0.000029
5181 0.000029
5182 0.000020
5183 0.000018
5184 0.000007
5185 0.000067
5186 0.000067
5187 0.000008
5188 0.000004
5189 0.000020
5190 0.000018
5191 0.000004
5192 0.000038
5193 0.000013
5194 0.000016
5195 0.000020
5196 0.000017
5197 0.000012
5198 0.000033
5199 0.000021
5200 0.000032
5201 0.000004
5202 0.000022
5203 0.000035
5204 0.000036
5205 0.000009
5206 0.000061
5207 0.000052
5208 0.000028
5209 0.000008
5210 0.000021
5211 0.000016
5212 0.000023
5213 0.000022
5214 0.000009
5215 0.000016
5216 0.000035
5217 0.000033
5218 0.000007
5219 0.000007
5220 0.000011
5221 0.000029
5222 0.000021
5223 0.000014
5224 0.000012
5225 0.000018
5226 0.000029
5227 0.000032
5228 0.000012
5229 0.000021
5230 0.000021
5231 0.000012
5232 0.000025
5233 0.000011
5234 0.000019
5235 0.000006
5236 0.000027
5237 0.000010
5238 0.000018
5239 0.000030
5240 0.000028
5241 0.000038
5242 0.000021
5243 0.000030
5244 0.000018
5245 0.000021
5246 0.000020
5247 0.000011
5248 0.000009
5249 0.000020
5250 0.000040
5251 0.000023
5252 0.000012
5253 0.000007
5254 0.000027
5255 0.000023
5256 0.000039
5257 0.000028
5258 0.000013
5259 0.000024
5260 0.000012
5261 0.000032
5262 0.000029
5263 0.000020
5264 0.000020
5265 0.000013
5266 0.000011
5267 0.000050
5268 0.000037
5269 0.000007
5270 0.000035
5271 0.000035
5272 0.000040
5273 0.000021
5274 0.000010
5275 0.000017
5276 0.000031
5277 0.000011
5278 0.000011
5279 0.000011
5280 0.000010
5281 0.000010
5282 0.000007
5283 0.000042
5284 0.000007
5285 0.000007
5286 0.000016
5287 0.000015
5288 0.000039
5289 0.000007
5290 0.000022
5291 0.000018
5292 0.000006
5293 0.000026
5294 0.000040
5295 0.000012
5296 0.000009
5297 0.000006
5298 0.000017
5299 0.000004
5300 0.000024
5301 0.000039
5302 0.000011
5303 0.000025
5304 0.000004
5305 0.000022
5306 0.000021
5307 0.000006
5308 0.000015
5309 0.000025
5310 0.000010
5311 0.000028
5312 0.000052
5313 0.000007
5314 0.000012
5315 0.000012
5316 0.000010
5317 0.000010
5318 0.000075
5319 0.000012
5320 0.000005
5321 0.000004
5322 0.000005
5323 0.000009
5324 0.000008
5325 0.000007
5326 0.000018
5327 0.000020
5328 0.000027
5329 0.000022
5330 0.000015
5331 0.000020
5332 0.000009
5333 0.000012
5334 0.000026
5335 0.000038
5336 0.000030
5337 0.000008
5338 0.000039
5339 0.000006
5340 0.000016
5341 0.000028
5342 0.000015
5343 0.000024
5344 0.000011
5345 0.000024
5346 0.000016
5347 0.000008
5348 0.000025
5349 0.000013
5350 0.000014
5351 0.000011
5352 0.000027
5353 0.000026
5354 0.000012
5355 0.000032
5356 0.000015
5357 0.000023
5358 0.000010
5359 0.000012
5360 0.000029
5361 0.000008
5362 0.000016
5363 0.000012
5364 0.000022
5365 0.000033
5366 0.000029
5367 0.000023
5368 0.000011
5369 0.000013
5370 0.000045
5371 0.000011
5372 0.000024
5373 0.000011
5374 0.000021
5375 0.000011
5376 0.000021
5377 0.000026
5378 0.000037
5379 0.000027
5380 0.000030
5381 0.000043
5382 0.000022
5383 0.000036
5384 0.000027
5385 0.000018
5386 0.000004
5387 0.000029
5388 0.000031
5389 0.000005
5390 0.000015
5391 0.000039
5392 0.000028
5393 0.000016
5394 0.000015
5395 0.000006
5396 0.000027
5397 0.000025
5398 0.000010
5399 0.000021
5400 0.000010
5401 0.000030
5402 0.000064
5403 0.000065
5404 0.000018
5405 0.000020
5406 0.000014
5407 0.000055
5408 0.000014
5409 0.000024
5410 0.000008
5411 0.000010
5412 0.000027
5413 0.000008
5414 0.000046
5415 0.000020
5416 0.000014
5417 0.000039
5418 0.000017
5419 0.000009
5420 0.000007
5421 0.000012
5422 0.000033
5423 0.000011
5424 0.000058
5425 0.000023
5426 0.000017
5427 0.000015
5428 0.000028
5429 0.000004
5430 0.000012
5431 0.000051
5432 0.000014
5433 0.000028
5434 0.000010
5435 0.000011
5436 0.000008
5437 0.000060
5438 0.000045
5439 0.000014
5440 0.000027
5441 0.000025
5442 0.000013
5443 0.000018
5444 0.000042
5445 0.000014
5446 0.000016
5447 0.000014
5448 0.000016
5449 0.000031
5450 0.000035
5451 0.000009
5452 0.000014
5453 0.000014
5454 0.000021
5455 0.000008
5456 0.000020
5457 0.000008
5458 0.000028
5459 0.000032
5460 0.000008
5461 0.000031
5462 0.000014
5463 0.000014
5464 0.000031
5465 0.000063
5466 0.000028
5467 0.000009
5468 0.000034
5469 0.000018
5470 0.000036
5471 0.000012
5472 0.000033
5473 0.000024
5474 0.000007
5475 0.000009
5476 0.000039
5477 0.000025
5478 0.000044
5479 0.000038
5480 0.000051
5481 0.000055
5482 0.000023
5483 0.000024
5484 0.000014
5485 0.000021
5486 0.000029
5487 0.000013
5488 0.000026
5489 0.000043
5490 0.000011
5491 0.000018
5492 0.000027
5493 0.000009
5494 0.000020
5495 0.000018
5496 0.000033
5497 0.000009
5498 0.000033
5499 0.000007
5500 0.000013
5501 0.000004
5502 0.000034
5503 0.000022
5504 0.000012
5505 0.000048
5506 0.000010
5507 0.000008
5508 0.000005
5509 0.000008
5510 0.000029
5511 0.000004
5512 0.000013
5513 0.000005
5514 0.000019
5515 0.000053
5516 0.000022
5517 0.000004
5518 0.000006
5519 0.000010
5520 0.000006
5521 0.000045
5522 0.000006
5523 0.000016
5524 0.000040
5525 0.000025
5526 0.000016
5527 0.000026
5528 0.000030
5529 0.000037
5530 0.000024
5531 0.000038
5532 0.000008
5533 0.000008
5534 0.000033
5535 0.000019
5536 0.000019
5537 0.000008
5538 0.000014
5539 0.000015
5540 0.000016
5541 0.000009
5542 0.000029
5543 0.000016
5544 0.000022
5545 0.000024
5546 0.000016
5547 0.000025
5548 0.000013
5549 0.000022
5550 0.000007
5551 0.000009
5552 0.000021
5553 0.000028
5554 0.000016
5555 0.000027
5556 0.000034
5557 0.000070
5558 0.000010
5559 0.000017
5560 0.000007
5561 0.000023
5562 0.000006
5563 0.000044
5564 0.000020
5565 0.000009
5566 0.000024
5567 0.000017
5568 0.000007
5569 0.000025
5570 0.000017
5571 0.000013
5572 0.000011
5573 0.000073
5574 0.000015
5575 0.000038
5576 0.000022
5577 0.000004
5578 0.000021
5579 0.000027
5580 0.000015
5581 0.000008
5582 0.000011
5583 0.000014
5584 0.000021
5585 0.000041
5586 0.000013
5587 0.000020
5588 0.000026
5589 0.000005
5590 0.000004
5591 0.000012
5592 0.000023
5593 0.000008
5594 0.000010
5595 0.000007
5596 0.000050
5597 0.000025
5598 0.000009
5599 0.000014
5600 0.000007
5601 0.000011
5602 0.000014
5603 0.000008
5604 0.000014
5605 0.000013
5606 0.000007
5607 0.000009
5608 0.000017
5609 0.000013
5610 0.000022
5611 0.000021
5612 0.000034
5613 0.000017
5614 0.000016
5615 0.000017
5616 0.000014
5617 0.000016
5618 0.000016
5619 0.000014
5620 0.000017
5621 0.000035
5622 0.000027
5623 0.000018
5624 0.000034
5625 0.000012
5626 0.000016
5627 0.000021
5628 0.000009
5629 0.000083
5630 0.000016
5631 0.000009
5632 0.000016
5633 0.000013
5634 0.000016
5635 0.000016
5636 0.000008
5637 0.000008
5638 0.000019
5639 0.000012
5640 0.000008
5641 0.000024
5642 0.000017
5643 0.000019
5644 0.000038
5645 0.000004
5646 0.000004
5647 0.000015
5648 0.000013
5649 0.000051
5650 0.000011
5651 0.000020
5652 0.000036
5653 0.000012
5654 0.000018
5655 0.000029
5656 0.000007
5657 0.000015
5658 0.000014
5659 0.000013
5660 0.000013
5661 0.000013
5662 0.000015
5663 0.000046
5664 0.000019
5665 0.000040
5666 0.000013
5667 0.000014
5668 0.000006
5669 0.000014
5670 0.000019
5671 0.000047
5672 0.000047
5673 0.000015
5674 0.000023
5675 0.000014
5676 0.000007
5677 0.000040
5678 0.000020
5679 0.000019
5680 0.000065
5681 0.000013
5682 0.000024
5683 0.000012
5684 0.000006
5685 0.000015
5686 0.000015
5687 0.000009
5688 0.000004
5689 0.000008
5690 0.000013
5691 0.000037
5692 0.000019
5693 0.000025
5694 0.000015
5695 0.000022
5696 0.000022
5697 0.000009
5698 0.000031
5699 0.000036
5700 0.000015
5701 0.000006
5702 0.000006
5703 0.000022
5704 0.000013
5705 0.000016
5706 0.000017
5707 0.000026
5708 0.000006
5709 0.000015
5710 0.000023
5711 0.000016
5712 0.000040
5713 0.000004
5714 0.000033
5715 0.000010
5716 0.000033
5717 0.000015
5718 0.000015
5719 0.000014
5720 0.000006
5721 0.000015
5722 0.000023
5723 0.000017
5724 0.000030
5725 0.000047
5726 0.000013
5727 0.000016
5728 0.000032
5729 0.000004
5730 0.000016
5731 0.000013
5732 0.000032
5733 0.000023
5734 0.000016
5735 0.000017
5736 0.000067
5737 0.000036
5738 0.000013
5739 0.000014
5740 0.000024
5741 0.000037
5742 0.000024
5743 0.000023
5744 0.000071
5745 0.000025
5746 0.000020
5747 0.000033
5748 0.000095
5749 0.000042
5750 0.000009
5751 0.000028
5752 0.000012
5753 0.000082
5754 0.000016
5755 0.000020
5756 0.000011
5757 0.000022
5758 0.000020
5759 0.000012
5760 0.000010
5761 0.000004
5762 0.000012
5763 0.000014
5764 0.000006
5765 0.000012
5766 0.000030
5767 0.000017
5768 0.000066
5769 0.000015
5770 0.000006
5771 0.000015
5772 0.000028
5773 0.000014
5774 0.000011
5775 0.000011
5776 0.000027
5777 0.000021
5778 0.000014
5779 0.000006
5780 0.000019
5781 0.000014
5782 0.000013
5783 0.000007
5784 0.000020
5785 0.000015
5786 0.000010
5787 0.000028
5788 0.000015
5789 0.000029
5790 0.000018
5791 0.000021
5792 0.000018
5793 0.000035
5794 0.000011
5795 0.000025
5796 0.000020
5797 0.000014
5798 0.000011
5799 0.000014
5800 0.000015
5801 0.000009
5802 0.000027
5803 0.000056
5804 0.000013
5805 0.000018
5806 0.000016
5807 0.000017
5808 0.000022
5809 0.000013
5810 0.000016
5811 0.000026
5812 0.000011
5813 0.000018
5814 0.000029
5815 0.000005
5816 0.000012
5817 0.000004
5818 0.000009
5819 0.000021
5820 0.000012
5821 0.000011
5822 0.000022
5823 0.000016
5824 0.000013
5825 0.000026
5826 0.000020
5827 0.000013
5828 0.000061
5829 0.000021
5830 0.000033
5831 0.000036
5832 0.000023
5833 0.000022
5834 0.000032
5835 0.000007
5836 0.000016
5837 0.000015
5838 0.000004
5839 0.000007
5840 0.000008
5841 0.000017
5842 0.000008
5843 0.000049
5844 0.000043
5845 0.000016
5846 0.000032
5847 0.000004
5848 0.000007
5849 0.000021
5850 0.000021
5851 0.000012
5852 0.000036
5853 0.000010
5854 0.000031
5855 0.000015
5856 0.000018
5857 0.000014
5858 0.000004
5859 0.000021
5860 0.000043
5861 0.000027
5862 0.000013
5863 0.000024
5864 0.000004
5865 0.000004
5866 0.000012
5867 0.000005
5868 0.000028
5869 0.000032
5870 0.000012
5871 0.000012
5872 0.000012
5873 0.000016
5874 0.000025
5875 0.000006
5876 0.000017
5877 0.000013
5878 0.000014
5879 0.000005
5880 0.000011
5881 0.000010
5882 0.000006
5883 0.000039
5884 0.000008
5885 0.000070
5886 0.000028
5887 0.000017
5888 0.000009
5889 0.000025
5890 0.000023
5891 0.000013
5892 0.000025
5893 0.000004
5894 0.000008
5895 0.000008
5896 0.000038
5897 0.000019
5898 0.000008
5899 0.000029
5900 0.000012
5901 0.000035
5902 0.000015
5903 0.000025
5904 0.000021
5905 0.000008
5906 0.000019
5907 0.000023
5908 0.000035
5909 0.000035
5910 0.000009
5911 0.000010
5912 0.000023
5913 0.000011
5914 0.000019
5915 0.000013
5916 0.000025
5917 0.000047
5918 0.000020
5919 0.000029
5920 0.000012
5921 0.000009
5922 0.000006
5923 0.000072
5924 0.000020
5925 0.000019
5926 0.000024
5927 0.000028
5928 0.000028
5929 0.000013
5930 0.000024
5931 0.000007
5932 0.000022
5933 0.000014
5934 0.000015
5935 0.000071
5936 0.000025
5937 0.000020
5938 0.000004
5939 0.000014
5940 0.000022
5941 0.000014
5942 0.000016
5943 0.000017
5944 0.000004
5945 0.000004
5946 0.000022
5947 0.000004
5948 0.000007
5949 0.000016
5950 0.000021
5951 0.000010
5952 0.000006
5953 0.000014
5954 0.000006
5955 0.000012
5956 0.000014
5957 0.000030
5958 0.000006
5959 0.000037
5960 0.000010
5961 0.000006
5962 0.000023
5963 0.000033
5964 0.000005
5965 0.000021
5966 0.000026
5967 0.000025
5968 0.000019
5969 0.000040
5970 0.000039
5971 0.000007
5972 0.000026
5973 0.000009
5974 0.000034
5975 0.000030
5976 0.000025
5977 0.000022
5978 0.000009
5979 0.000032
5980 0.000020
5981 0.000017
5982 0.000020
5983 0.000025
5984 0.000034
5985 0.000023
5986 0.000029
5987 0.000019
5988 0.000010
5989 0.000012
5990 0.000019
5991 0.000014
5992 0.000019
5993 0.000014
5994 0.000005
5995 0.000012
5996 0.000008
5997 0.000028
5998 0.000019
5999 0.000023
6000 0.000005
6001 0.000016
6002 0.000005
6003 0.000013
6004 0.000011
6005 0.000022
6006 0.000044
6007 0.000010
6008 0.000025
6009 0.000020
6010 0.000015
6011 0.000043
6012 0.000007
6013 0.000020
6014 0.000049
6015 0.000020
6016 0.000016
6017 0.000048
6018 0.000012
6019 0.000041
6020 0.000042
6021 0.000006
6022 0.000020
6023 0.000046
6024 0.000014
6025 0.000018
6026 0.000030
6027 0.000019
6028 0.000062
6029 0.000008
6030 0.000014
6031 0.000011
6032 0.000036
6033 0.000047
6034 0.000005
6035 0.000053
6036 0.000013
6037 0.000012
6038 0.000012
6039 0.000018
6040 0.000018
6041 0.000014
6042 0.000016
6043 0.000013
6044 0.000022
6045 0.000009
6046 0.000017
6047 0.000046
6048 0.000025
6049 0.000016
6050 0.000019
6051 0.000009
6052 0.000012
6053 0.000014
6054 0.000015
6055 0.000004
6056 0.000013
6057 0.000024
6058 0.000055
6059 0.000014
6060 0.000011
6061 0.000024
6062 0.000030
6063 0.000055
6064 0.000033
6065 0.000023
6066 0.000027
6067 0.000017
6068 0.000018
6069 0.000014
6070 0.000017
6071 0.000016
6072 0.000009
6073 0.000016
6074 0.000015
6075 0.000014
6076 0.000004
6077 0.000010
6078 0.000021
6079 0.000013
6080 0.000018
6081 0.000006
6082 0.000026
6083 0.000020
6084 0.000020
6085 0.000011
6086 0.000022
6087 0.000010
6088 0.000050
6089 0.000021
6090 0.000024
6091 0.000032
6092 0.000011
6093 0.000015
6094 0.000007
6095 0.000033
6096 0.000037
6097 0.000004
6098 0.000047
6099 0.000014
6100 0.000006
6101 0.000019
6102 0.000023
6103 0.000053
6104 0.000017
6105 0.000046
6106 0.000022
6107 0.000008
6108 0.000015
6109 0.000022
6110 0.000040
6111 0.000010
6112 0.000075
6113 0.000012
6114 0.000021
6115 0.000033
6116 0.000021
6117 0.000015
6118 0.000026
6119 0.000005
6120 0.000025
6121 0.000023
6122 0.000029
6123 0.000010
6124 0.000026
6125 0.000032
6126 0.000014
6127 0.000004
6128 0.000019
6129 0.000017
6130 0.000017
6131 0.000040
6132 0.000024
6133 0.000008
6134 0.000022
6135 0.000029
6136 0.000012
6137 0.000017
6138 0.000008
6139 0.000034
6140 0.000011
6141 0.000081
6142 0.000004
6143 0.000004
6144 0.000011
6145 0.000012
6146 0.000024
6147 0.000010
6148 0.000015
6149 0.000009
6150 0.000032
6151 0.000064
6152 0.000018
6153 0.000025
6154 0.000016
6155 0.000030
6156 0.000025
6157 0.000017
6158 0.000011
6159 0.000013
6160 0.000012
6161 0.000012
6162 0.000021
6163 0.000007
6164 0.000018
6165 0.000024
6166 0.000010
6167 0.000010
6168 0.000006
6169 0.000024
6170 0.000024
6171 0.000007
6172 0.000008
6173 0.000017
6174 0.000045
6175 0.000005
6176 0.000015
6177 0.000029
6178 0.000013
6179 0.000012
6180 0.000006
6181 0.000012
6182 0.000010
6183 0.000013
6184 0.000012
6185 0.000004
6186 0.000017
6187 0.000008
6188 0.000020
6189 0.000007
6190 0.000022
6191 0.000012
6192 0.000021
6193 0.000016
6194 0.000023
6195 0.000017
6196 0.000032
6197 0.000009
6198 0.000014
6199 0.000009
6200 0.000022
6201 0.000016
6202 0.000032
6203 0.000037
6204 0.000024
6205 0.000026
6206 0.000029
6207 0.000026
6208 0.000021
6209 0.000016
6210 0.000020
6211 0.000014
6212 0.000012
6213 0.000012
6214 0.000012
6215 0.000022
6216 0.000010
6217 0.000034
6218 0.000026
6219 0.000016
6220 0.000023
6221 0.000026
6222 0.000016
6223 0.000007
6224 0.000026
6225 0.000014
6226 0.000019
6227 0.000009
6228 0.000004
6229 0.000010
6230 0.000006
6231 0.000016
6232 0.000020
6233 0.000020
6234 0.000068
6235 0.000013
6236 0.000023
6237 0.000021
6238 0.000017
6239 0.000007
6240 0.000017
6241 0.000020
6242 0.000019
6243 0.000014
6244 0.000034
6245 0.000030
6246 0.000027
6247 0.000025
6248 0.000010
6249 0.000019
6250 0.000010
6251 0.000043
6252 0.000015
6253 0.000006
6254 0.000006
6255 0.000046
6256 0.000037
6257 0.000020
6258 0.000014
6259 0.000031
6260 0.000013
6261 0.000029
6262 0.000047
6263 0.000010
6264 0.000008
6265 0.000021
6266 0.000023
6267 0.000011
6268 0.000016
6269 0.000006
6270 0.000023
6271 0.000009
6272 0.000006
6273 0.000004
6274 0.000009
6275 0.000029
6276 0.000037
6277 0.000018
6278 0.000011
6279 0.000015
6280 0.000053
6281 0.000018
6282 0.000021
6283 0.000011
6284 0.000028
6285 0.000009
6286 0.000022
6287 0.000004
6288 0.000014
6289 0.000048
6290 0.000012
6291 0.000017
6292 0.000012
6293 0.000022
6294 0.000017
6295 0.000018
6296 0.000033
6297 0.000024
6298 0.000020
6299 0.000014
6300 0.000004
6301 0.000007
6302 0.000018
6303 0.000024
6304 0.000004
6305 0.000026
6306 0.000015
6307 0.000067
6308 0.000007
6309 0.000030
6310 0.000064
6311 0.000036
6312 0.000012
6313 0.000016
6314 0.000011
6315 0.000021
6316 0.000009
6317 0.000031
6318 0.000008
6319 0.000020
6320 0.000004
6321 0.000012
6322 0.000030
6323 0.000011
6324 0.000010
6325 0.000013
6326 0.000024
6327 0.000028
6328 0.000011
6329 0.000037
6330 0.000024
6331 0.000009
6332 0.000020
6333 0.000081
6334 0.000017
6335 0.000016
6336 0.000009
6337 0.000012
6338 0.000005
6339 0.000007
6340 0.000014
6341 0.000012
6342 0.000036
6343 0.000018
6344 0.000021
6345 0.000037
6346 0.000017
6347 0.000013
6348 0.000028
6349 0.000027
6350 0.000016
6351 0.000022
6352 0.000034
6353 0.000019
6354 0.000011
6355 0.000011
6356 0.000021
6357 0.000026
6358 0.000033
6359 0.000004
6360 0.000023
6361 0.000008
6362 0.000033
6363 0.000044
6364 0.000018
6365 0.000019
6366 0.000008
6367 0.000017
6368 0.000018
6369 0.000025
6370 0.000004
6371 0.000031
6372 0.000020
6373 0.000033
6374 0.000015
6375 0.000005
6376 0.000027
6377 0.000008
6378 0.000018
6379 0.000004
6380 0.000015
6381 0.000021
6382 0.000030
6383 0.000018
6384 0.000029
6385 0.000017
6386 0.000030
6387 0.000014
6388 0.000020
6389 0.000027
6390 0.000026
6391 0.000022
6392 0.000023
6393 0.000018
6394 0.000017
6395 0.000008
6396 0.000026
6397 0.000023
6398 0.000024
6399 0.000029
6400 0.000035
6401 0.000011
6402 0.000006
6403 0.000019
6404 0.000017
6405 0.000008
6406 0.000019
6407 0.000008
6408 0.000007
6409 0.000021
6410 0.000065
6411 0.000005
6412 0.000004
6413 0.000013
6414 0.000019
6415 0.000016
6416 0.000029
6417 0.000004
6418 0.000032
6419 0.000035
6420 0.000058
6421 0.000016
6422 0.000013
6423 0.000014
6424 0.000015
6425 0.000033
6426 0.000017
6427 0.000011
6428 0.000048
6429 0.000027
6430 0.000008
6431 0.000012
6432 0.000052
6433 0.000017
6434 0.000030
6435 0.000011
6436 0.000023
6437 0.000005
6438 0.000024
6439 0.000036
6440 0.000026
6441 0.000037
6442 0.000004
6443 0.000028
6444 0.000012
6445 0.000010
6446 0.000007
6447 0.000043
6448 0.000006
6449 0.000014
6450 0.000012
6451 0.000009
6452 0.000024
6453 0.000019
6454 0.000017
6455 0.000018
6456 0.000024
6457 0.000021
6458 0.000023
6459 0.000017
6460 0.000016
6461 0.000022
6462 0.000018
6463 0.000012
6464 0.000023
6465 0.000021
6466 0.000026
6467 0.000024
6468 0.000009
6469 0.000012
6470 0.000009
6471 0.000016
6472 0.000018
6473 0.000015
6474 0.000023
6475 0.000022
6476 0.000025
6477 0.000020
6478 0.000004
6479 0.000010
6480 0.000030
6481 0.000019
6482 0.000013
6483 0.000007
6484 0.000010
6485 0.000015
6486 0.000028
6487 0.000016
6488 0.000063
6489 0.000010
6490 0.000028
6491 0.000015
6492 0.000024
6493 0.000018
6494 0.000029
6495 0.000021
6496 0.000029
6497 0.000019
6498 0.000015
6499 0.000007
6500 0.000009
6501 0.000028
6502 0.000008
6503 0.000016
6504 0.000005
6505 0.000029
6506 0.000059
6507 0.000053
6508 0.000009
6509 0.000027
6510 0.000014
6511 0.000015
6512 0.000008
6513 0.000026
6514 0.000031
6515 0.000034
6516 0.000048
6517 0.000010
6518 0.000016
6519 0.000018
6520 0.000016
6521 0.000006
6522 0.000014
6523 0.000038
6524 0.000022
6525 0.000012
6526 0.000014
6527 0.000011
6528 0.000015
6529 0.000033
6530 0.000032
6531 0.000006
6532 0.000023
6533 0.000014
6534 0.000016
6535 0.000021
6536 0.000032
6537 0.000022
6538 0.000011
6539 0.000017
6540 0.000030
6541 0.000032
6542 0.000020
6543 0.000047
6544 0.000053
6545 0.000040
6546 0.000016
6547 0.000025
6548 0.000023
6549 0.000022
6550 0.000009
6551 0.000009
6552 0.000040
6553 0.000014
6554 0.000015
6555 0.000020
6556 0.000012
6557 0.000034
6558 0.000009
6559 0.000027
6560 0.000010
6561 0.000011
6562 0.000041
6563 0.000027
6564 0.000025
6565 0.000016
6566 0.000012
6567 0.000014
6568 0.000032
6569 0.000042
6570 0.000048
6571 0.000027
6572 0.000009
6573 0.000012
6574 0.000012
6575 0.000032
6576 0.000042
6577 0.000029
6578 0.000025
6579 0.000014
6580 0.000039
6581 0.000018
6582 0.000008
6583 0.000014
6584 0.000010
6585 0.000021
6586 0.000026
6587 0.000025
6588 0.000028
6589 0.000031
6590 0.000034
6591 0.000015
6592 0.000022
6593 0.000016
6594 0.000007
6595 0.000008
6596 0.000014
6597 0.000020
6598 0.000011
6599 0.000008
6600 0.000036
6601 0.000010
6602 0.000014
6603 0.000029
6604 0.000014
6605 0.000023
6606 0.000029
6607 0.000038
6608 0.000019
6609 0.000004
6610 0.000006
6611 0.000013
6612 0.000009
6613 0.000016
6614 0.000012
6615 0.000034
6616 0.000005
6617 0.000014
6618 0.000034
6619 0.000073
6620 0.000006
6621 0.000042
6622 0.000024
6623 0.000015
6624 0.000005
6625 0.000025
6626 0.000005
6627 0.000010
6628 0.000011
6629 0.000018
6630 0.000024
6631 0.000008
6632 0.000020
6633 0.000023
6634 0.000021
6635 0.000033
6636 0.000013
6637 0.000017
6638 0.000006
6639 0.000014
6640 0.000033
6641 0.000012
6642 0.000018
6643 0.000010
6644 0.000023
6645 0.000015
6646 0.000069
6647 0.000018
6648 0.000028
6649 0.000014
6650 0.000018
6651 0.000024
6652 0.000051
6653 0.000026
6654 0.000007
6655 0.000015
6656 0.000027
6657 0.000021
6658 0.000009
6659 0.000024
6660 0.000020
6661 0.000023
6662 0.000018
6663 0.000023
6664 0.000021
6665 0.000019
6666 0.000024
6667 0.000012
6668 0.000016
6669 0.000020
6670 0.000032
6671 0.000039
6672 0.000015
6673 0.000019
6674 0.000058
6675 0.000006
6676 0.000026
6677 0.000014
6678 0.000018
6679 0.000022
6680 0.000032
6681 0.000011
6682 0.000029
6683 0.000016
6684 0.000018
6685 0.000038
6686 0.000010
6687 0.000004
6688 0.000036
6689 0.000030
6690 0.000007
6691 0.000007
6692 0.000026
6693 0.000061
6694 0.000053
6695 0.000016
6696 0.000005
6697 0.000019
6698 0.000031
6699 0.000020
6700 0.000006
6701 0.000023
6702 0.000021
6703 0.000016
6704 0.000030
6705 0.000026
6706 0.000030
6707 0.000017
6708 0.000011
6709 0.000008
6710 0.000013
6711 0.000014
6712 0.000005
6713 0.000010
6714 0.000013
6715 0.000034
6716 0.000024
6717 0.000033
6718 0.000027
6719 0.000010
6720 0.000026
6721 0.000024
6722 0.000022
6723 0.000037
6724 0.000022
6725 0.000007
6726 0.000047
6727 0.000008
6728 0.000005
6729 0.000017
6730 0.000014
6731 0.000015
6732 0.000025
6733 0.000023
6734 0.000014
6735 0.000022
6736 0.000028
6737 0.000036
6738 0.000009
6739 0.000017
6740 0.000041
6741 0.000024
6742 0.000018
6743 0.000022
6744 0.000029
6745 0.000019
6746 0.000008
6747 0.000033
6748 0.000019
6749 0.000007
6750 0.000049
6751 0.000011
6752 0.000015
6753 0.000015
6754 0.000011
6755 0.000022
6756 0.000023
6757 0.000018
6758 0.000025
6759 0.000023
6760 0.000016
6761 0.000011
6762 0.000014
6763 0.000023
6764 0.000020
6765 0.000017
6766 0.000025
6767 0.000056
6768 0.000039
6769 0.000017
6770 0.000048
6771 0.000038
6772 0.000026
6773 0.000033
6774 0.000005
6775 0.000012
6776 0.000013
6777 0.000027
6778 0.000013
6779 0.000017
6780 0.000023
6781 0.000022
6782 0.000028
6783 0.000020
6784 0.000016
6785 0.000026
6786 0.000014
6787 0.000033
6788 0.000060
6789 0.000015
6790 0.000015
6791 0.000024
6792 0.000007
6793 0.000017
6794 0.000022
6795 0.000018
6796 0.000031
6797 0.000013
6798 0.000010
6799 0.000010
6800 0.000005
6801 0.000016
6802 0.000023
6803 0.000034
6804 0.000013
6805 0.000005
6806 0.000015
6807 0.000033
6808 0.000022
6809 0.000035
6810 0.000026
6811 0.000017
6812 0.000044
6813 0.000015
6814 0.000024
6815 0.000030
6816 0.000032
6817 0.000018
6818 0.000005
6819 0.000012
6820 0.000042
6821 0.000012
6822 0.000029
6823 0.000007
6824 0.000013
6825 0.000011
6826 0.000009
6827 0.000005
6828 0.000013
6829 0.000016
6830 0.000030
6831 0.000022
6832 0.000013
6833 0.000004
6834 0.000013
6835 0.000011
6836 0.000020
6837 0.000035
6838 0.000024
6839 0.000020
6840 0.000031
6841 0.000132
6842 0.000051
6843 0.000010
6844 0.000004
6845 0.000011
6846 0.000007
6847 0.000022
6848 0.000004
6849 0.000020
6850 0.000016
6851 0.000033
6852 0.000038
6853 0.000013
6854 0.000021
6855 0.000055
6856 0.000012
6857 0.000028
6858 0.000049
6859 0.000006
6860 0.000018
6861 0.000007
6862 0.000006
6863 0.000008
6864 0.000026
6865 0.000024
6866 0.000016
6867 0.000023
6868 0.000016
6869 0.000029
6870 0.000011
6871 0.000016
6872 0.000013
6873 0.000040
6874 0.000015
6875 0.000029
6876 0.000007
6877 0.000004
6878 0.000034
6879 0.000006
6880 0.000031
6881 0.000048
6882 0.000004
6883 0.000033
6884 0.000018
6885 0.000011
6886 0.000019
6887 0.000020
6888 0.000007
6889 0.000013
6890 0.000009
6891 0.000035
6892 0.000042
6893 0.000047
6894 0.000011
6895 0.000009
6896 0.000024
6897 0.000025
6898 0.000012
6899 0.000010
6900 0.000044
6901 0.000007
6902 0.000024
6903 0.000061
6904 0.000046
6905 0.000022
6906 0.000020
6907 0.000049
6908 0.000015
6909 0.000010
6910 0.000019
6911 0.000008
6912 0.000007
6913 0.000019
6914 0.000031
6915 0.000012
6916 0.000011
6917 0.000004
6918 0.000020
6919 0.000029
6920 0.000027
6921 0.000019
6922 0.000011
6923 0.000021
6924 0.000032
6925 0.000017
6926 0.000015
6927 0.000033
6928 0.000016
6929 0.000006
6930 0.000009
6931 0.000030
6932 0.000011
6933 0.000010
6934 0.000021
6935 0.000055
6936 0.000082
6937 0.000049
6938 0.000005
6939 0.000038
6940 0.000019
6941 0.000046
6942 0.000020
6943 0.000011
6944 0.000016
6945 0.000018
6946 0.000023
6947 0.000007
6948 0.000014
6949 0.000076
6950 0.000033
6951 0.000019
6952 0.000010
6953 0.000036
6954 0.000008
6955 0.000031
6956 0.000019
6957 0.000030
6958 0.000008
6959 0.000030
6960 0.000007
6961 0.000022
6962 0.000017
6963 0.000010
6964 0.000010
6965 0.000046
6966 0.000020
6967 0.000034
6968 0.000010
6969 0.000025
6970 0.000015
6971 0.000025
6972 0.000017
6973 0.000023
6974 0.000014
6975 0.000013
6976 0.000004
6977 0.000023
6978 0.000060
6979 0.000005
6980 0.000013
6981 0.000034
6982 0.000017
6983 0.000006
6984 0.000030
6985 0.000027
6986 0.000011
6987 0.000045
6988 0.000024
6989 0.000028
6990 0.000004
6991 0.000019
6992 0.000007
6993 0.000018
6994 0.000022
6995 0.000015
6996 0.000015
6997 0.000021
6998 0.000023
6999 0.000016
7000 0.000043
7001 0.000043
7002 0.000032
7003 0.000017
7004 0.000021
7005 0.000016
7006 0.000030
7007 0.000010
7008 0.000029
7009 0.000030
7010 0.000017
7011 0.000015
7012 0.000011
7013 0.000031
7014 0.000006
7015 0.000050
7016 0.000010
7017 0.000032
7018 0.000013
7019 0.000006
7020 0.000034
7021 0.000014
7022 0.000028
7023 0.000009
7024 0.000021
7025 0.000018
7026 0.000007
7027 0.000022
7028 0.000014
7029 0.000012
7030 0.000010
7031 0.000032
7032 0.000017
7033 0.000017
7034 0.000009
7035 0.000015
7036 0.000009
7037 0.000009
7038 0.000032
7039 0.000017
7040 0.000020
7041 0.000013
7042 0.000020
7043 0.000015
7044 0.000004
7045 0.000034
7046 0.000022
7047 0.000037
7048 0.000008
7049 0.000007
7050 0.000004
7051 0.000015
7052 0.000016
7053 0.000024
7054 0.000016
7055 0.000022
7056 0.000026
7057 0.000057
7058 0.000011
7059 0.000008
7060 0.000028
7061 0.000011
7062 0.000023
7063 0.000014
7064 0.000028
7065 0.000022
7066 0.000006
7067 0.000004
7068 0.000012
7069 0.000012
7070 0.000032
7071 0.000004
7072 0.000009
7073 0.000025
7074 0.000016
7075 0.000006
7076 0.000035
7077 0.000009
7078 0.000021
7079 0.000027
7080 0.000023
7081 0.000023
7082 0.000025
7083 0.000005
7084 0.000047
7085 0.000005
7086 0.000018
7087 0.000010
7088 0.000007
7089 0.000022
7090 0.000004
7091 0.000020
7092 0.000020
7093 0.000013
7094 0.000007
7095 0.000019
7096 0.000017
7097 0.000005
7098 0.000015
7099 0.000024
7100 0.000028
7101 0.000016
7102 0.000029
7103 0.000021
7104 0.000055
7105 0.000033
7106 0.000022
7107 0.000010
7108 0.000021
7109 0.000015
7110 0.000025
7111 0.000036
7112 0.000032
7113 0.000012
7114 0.000028
7115 0.000024
7116 0.000055
7117 0.000020
7118 0.000017
7119 0.000021
7120 0.000019
7121 0.000021
7122 0.000015
7123 0.000063
7124 0.000022
7125 0.000037
7126 0.000041
7127 0.000013
7128 0.000045
7129 0.000008
7130 0.000031
7131 0.000013
7132 0.000017
7133 0.000011
7134 0.000035
7135 0.000010
7136 0.000026
7137 0.000014
7138 0.000012
7139 0.000018
7140 0.000006
7141 0.000031
7142 0.000037
7143 0.000016
7144 0.000011
7145 0.000027
7146 0.000007
7147 0.000023
7148 0.000027
7149 0.000007
7150 0.000033
7151 0.000020
7152 0.000025
7153 0.000017
7154 0.000017
7155 0.000013
7156 0.000016
7157 0.000020
7158 0.000014
7159 0.000024
7160 0.000004
7161 0.000029
7162 0.000011
7163 0.000026
7164 0.000020
7165 0.000031
7166 0.000005
7167 0.000046
7168 0.000025
7169 0.000019
7170 0.000005
7171 0.000013
7172 0.000015
7173 0.000028
7174 0.000006
7175 0.000054
7176 0.000028
7177 0.000021
7178 0.000011
7179 0.000012
7180 0.000014
7181 0.000021
7182 0.000024
7183 0.000018
7184 0.000006
7185 0.000020
7186 0.000010
7187 0.000018
7188 0.000036
7189 0.000014
7190 0.000016
7191 0.000015
7192 0.000020
7193 0.000004
7194 0.000015
7195 0.000016
7196 0.000014
7197 0.000021
7198 0.000021
7199 0.000032
7200 0.000019
7201 0.000004
7202 0.000051
7203 0.000014
7204 0.000013
7205 0.000015
7206 0.000030
7207 0.000023
7208 0.000013
7209 0.000008
7210 0.000010
7211 0.000009
7212 0.000030
7213 0.000016
7214 0.000015
7215 0.000022
7216 0.000004
7217 0.000040
7218 0.000012
7219 0.000017
7220 0.000047
7221 0.000035
7222 0.000030
7223 0.000030
7224 0.000035
7225 0.000050
7226 0.000004
7227 0.000019
7228 0.000004
7229 0.000007
7230 0.000029
7231 0.000034
7232 0.000026
7233 0.000029
7234 0.000008
7235 0.000011
7236 0.000046
7237 0.000026
7238 0.000023
7239 0.000016
7240 0.000014
7241 0.000018
7242 0.000009
7243 0.000018
7244 0.000009
7245 0.000028
7246 0.000009
7247 0.000021
7248 0.000033
7249 0.000004
7250 0.000023
7251 0.000029
7252 0.000045
7253 0.000043
7254 0.000006
7255 0.000005
7256 0.000005
7257 0.000021
7258 0.000015
7259 0.000020
7260 0.000015
7261 0.000027
7262 0.000018
7263 0.000035
7264 0.000012
7265 0.000027
7266 0.000011
7267 0.000012
7268 0.000013
7269 0.000015
7270 0.000008
7271 0.000016
7272 0.000025
7273 0.000011
7274 0.000016
7275 0.000007
7276 0.000019
7277 0.000005
7278 0.000012
7279 0.000024
7280 0.000020
7281 0.000014
7282 0.000016
7283 0.000018
7284 0.000021
7285 0.000004
7286 0.000011
7287 0.000016
7288 0.000074
7289 0.000028
7290 0.000029
7291 0.000028
7292 0.000014
7293 0.000022
7294 0.000014
7295 0.000024
7296 0.000037
7297 0.000034
7298 0.000033
7299 0.000023
7300 0.000007
7301 0.000010
7302 0.000017
7303 0.000006
7304 0.000023
7305 0.000014
7306 0.000019
7307 0.000012
7308 0.000025
7309 0.000019
7310 0.000027
7311 0.000017
7312 0.000004
7313 0.000014
7314 0.000061
7315 0.000007
7316 0.000040
7317 0.000017
7318 0.000024
7319 0.000019
7320 0.000016
7321 0.000010
7322 0.000014
7323 0.000014
7324 0.000006
7325 0.000056
7326 0.000018
7327 0.000006
7328 0.000033
7329 0.000008
7330 0.000019
7331 0.000020
7332 0.000017
7333 0.000009
7334 0.000024
7335 0.000018
7336 0.000021
7337 0.000020
7338 0.000014
7339 0.000004
7340 0.000008
7341 0.000029
7342 0.000022
7343 0.000016
7344 0.000006
7345 0.000014
7346 0.000015
7347 0.000020
7348 0.000019
7349 0.000037
7350 0.000015
7351 0.000049
7352 0.000018
7353 0.000019
7354 0.000009
7355 0.000017
7356 0.000004
7357 0.000019
7358 0.000008
7359 0.000018
7360 0.000038
7361 0.000020
7362 0.000005
7363 0.000044
7364 0.000017
7365 0.000007
7366 0.000049
7367 0.000028
7368 0.000010
7369 0.000004
7370 0.000018
7371 0.000042
7372 0.000023
7373 0.000019
7374 0.000013
7375 0.000006
7376 0.000024
7377 0.000006
7378 0.000004
7379 0.000004
7380 0.000025
7381 0.000007
7382 0.000028
7383 0.000011
7384 0.000027
7385 0.000036
7386 0.000010
7387 0.000018
7388 0.000015
7389 0.000004
7390 0.000017
7391 0.000027
7392 0.000013
7393 0.000004
7394 0.000019
7395 0.000039
7396 0.000004
7397 0.000007
7398 0.000022
7399 0.000004
7400 0.000026
7401 0.000027
7402 0.000010
7403 0.000020
7404 0.000015
7405 0.000020
7406 0.000008
7407 0.000015
7408 0.000015
7409 0.000018
7410 0.000033
7411 0.000018
7412 0.000012
7413 0.000008
7414 0.000014
7415 0.000016
7416 0.000012
7417 0.000028
7418 0.000007
7419 0.000022
7420 0.000018
7421 0.000010
7422 0.000013
7423 0.000065
7424 0.000019
7425 0.000025
7426 0.000010
7427 0.000027
7428 0.000005
7429 0.000029
7430 0.000019
7431 0.000011
7432 0.000010
7433 0.000014
7434 0.000025
7435 0.000027
7436 0.000020
7437 0.000017
7438 0.000029
7439 0.000025
7440 0.000018
7441 0.000018
7442 0.000013
7443 0.000012
7444 0.000033
7445 0.000032
7446 0.000012
7447 0.000016
7448 0.000053
7449 0.000012
7450 0.000011
7451 0.000016
7452 0.000006
7453 0.000036
7454 0.000025
7455 0.000016
7456 0.000032
7457 0.000043
7458 0.000017
7459 0.000006
7460 0.000017
7461 0.000013
7462 0.000013
7463 0.000045
7464 0.000015
7465 0.000007
7466 0.000011
7467 0.000015
7468 0.000036
7469 0.000018
7470 0.000007
7471 0.000029
7472 0.000022
7473 0.000007
7474 0.000030
7475 0.000007
7476 0.000015
7477 0.000028
7478 0.000020
7479 0.000011
7480 0.000014
7481 0.000044
7482 0.000030
7483 0.000013
7484 0.000027
7485 0.000004
7486 0.000027
7487 0.000008
7488 0.000007
7489 0.000016
7490 0.000006
7491 0.000048
7492 0.000022
7493 0.000028
7494 0.000043
7495 0.000013
7496 0.000017
7497 0.000016
7498 0.000017
7499 0.000022
7500 0.000019
7501 0.000011
7502 0.000017
7503 0.000013
7504 0.000022
7505 0.000008
7506 0.000022
7507 0.000030
7508 0.000009
7509 0.000060
7510 0.000017
7511 0.000035
7512 0.000054
7513 0.000027
7514 0.000011
7515 0.000020
7516 0.000015
7517 0.000011
7518 0.000006
7519 0.000020
7520 0.000045
7521 0.000006
7522 0.000010
7523 0.000017
7524 0.000004
7525 0.000010
7526 0.000005
7527 0.000017
7528 0.000033
7529 0.000011
7530 0.000010
7531 0.000019
7532 0.000018
7533 0.000004
7534 0.000005
7535 0.000016
7536 0.000024
7537 0.000013
7538 0.000031
7539 0.000042
7540 0.000010
7541 0.000013
7542 0.000025
7543 0.000008
7544 0.000012
7545 0.000078
7546 0.000019
7547 0.000005
7548 0.000022
7549 0.000017
7550 0.000004
7551 0.000010
7552 0.000007
7553 0.000013
7554 0.000022
7555 0.000050
7556 0.000023
7557 0.000010
7558 0.000013
7559 0.000019
7560 0.000025
7561 0.000026
7562 0.000004
7563 0.000013
7564 0.000015
7565 0.000017
7566 0.000018
7567 0.000004
7568 0.000019
7569 0.000010
7570 0.000016
7571 0.000022
7572 0.000012
7573 0.000011
7574 0.000008
7575 0.000021
7576 0.000016
7577 0.000040
7578 0.000030
7579 0.000013
7580 0.000017
7581 0.000026
7582 0.000026
7583 0.000031
7584 0.000029
7585 0.000029
7586 0.000004
7587 0.000004
7588 0.000016
7589 0.000021
7590 0.000021
7591 0.000017
7592 0.000040
7593 0.000025
7594 0.000010
7595 0.000028
7596 0.000009
7597 0.000014
7598 0.000078
7599 0.000008
7600 0.000019
7601 0.000022
7602 0.000015
7603 0.000011
7604 0.000004
7605 0.000008
7606 0.000010
7607 0.000006
7608 0.000021
7609 0.000009
7610 0.000016
7611 0.000011
7612 0.000038
7613 0.000005
7614 0.000035
7615 0.000007
7616 0.000023
7617 0.000011
7618 0.000016
7619 0.000019
7620 0.000010
7621 0.000028
7622 0.000009
7623 0.000024
7624 0.000012
7625 0.000010
7626 0.000055
7627 0.000014
7628 0.000007
7629 0.000012
7630 0.000016
7631 0.000009
7632 0.000029
7633 0.000016
7634 0.000024
7635 0.000021
7636 0.000032
7637 0.000006
7638 0.000025
7639 0.000030
7640 0.000004
7641 0.000005
7642 0.000010
7643 0.000004
7644 0.000011
7645 0.000005
7646 0.000038
7647 0.000039
7648 0.000005
7649 0.000036
7650 0.000013
7651 0.000021
7652 0.000005
7653 0.000039
7654 0.000004
7655 0.000004
7656 0.000022
7657 0.000026
7658 0.000031
7659 0.000031
7660 0.000029
7661 0.000020
7662 0.000023
7663 0.000006
7664 0.000006
7665 0.000051
7666 0.000004
7667 0.000008
7668 0.000015
7669 0.000009
7670 0.000035
7671 0.000013
7672 0.000014
7673 0.000013
7674 0.000017
7675 0.000012
7676 0.000122
7677 0.000025
7678 0.000017
7679 0.000008
7680 0.000028
7681 0.000011
7682 0.000006
7683 0.000004
7684 0.000026
7685 0.000017
7686 0.000015
7687 0.000010
7688 0.000030
7689 0.000029
7690 0.000034
7691 0.000038
7692 0.000023
7693 0.000009
7694 0.000010
7695 0.000029
7696 0.000015
7697 0.000017
7698 0.000032
7699 0.000010
7700 0.000007
7701 0.000024
7702 0.000020
7703 0.000022
7704 0.000006
7705 0.000008
7706 0.000039
7707 0.000032
7708 0.000007
7709 0.000008
7710 0.000013
7711 0.000047
7712 0.000005
7713 0.000025
7714 0.000034
7715 0.000021
7716 0.000014
7717 0.000010
7718 0.000013
7719 0.000012
7720 0.000009
7721 0.000067
7722 0.000035
7723 0.000008
7724 0.000052
7725 0.000028
7726 0.000023
7727 0.000025
7728 0.000030
7729 0.000077
7730 0.000006
7731 0.000007
7732 0.000008
7733 0.000004
7734 0.000007
7735 0.000022
7736 0.000015
7737 0.000013
7738 0.000014
7739 0.000006
7740 0.000018
7741 0.000008
7742 0.000012
7743 0.000010
7744 0.000036
7745 0.000012
7746 0.000036
7747 0.000011
7748 0.000006
7749 0.000052
7750 0.000016
7751 0.000038
7752 0.000006
7753 0.000032
7754 0.000017
7755 0.000009
7756 0.000016
7757 0.000018
7758 0.000024
7759 0.000004
7760 0.000007
7761 0.000010
7762 0.000022
7763 0.000012
7764 0.000025
7765 0.000012
7766 0.000029
7767 0.000014
7768 0.000011
7769 0.000030
7770 0.000020
7771 0.000008
7772 0.000021
7773 0.000025
7774 0.000007
7775 0.000004
7776 0.000040
7777 0.000033
7778 0.000010
7779 0.000018
7780 0.000007
7781 0.000009
7782 0.000053
7783 0.000016
7784 0.000057
7785 0.000027
7786 0.000015
7787 0.000011
7788 0.000018
7789 0.000038
7790 0.000005
7791 0.000012
7792 0.000029
7793 0.000008
7794 0.000015
7795 0.000035
7796 0.000011
7797 0.000017
7798 0.000015
7799 0.000005
7800 0.000025
7801 0.000025
7802 0.000004
7803 0.000040
7804 0.000009
7805 0.000020
7806 0.000010
7807 0.000004
7808 0.000007
7809 0.000011
7810 0.000038
7811 0.000028
7812 0.000007
7813 0.000038
7814 0.000010
7815 0.000034
7816 0.000009
7817 0.000059
7818 0.000010
7819 0.000008
7820 0.000016
7821 0.000024
7822 0.000036
7823 0.000027
7824 0.000020
7825 0.000020
7826 0.000019
7827 0.000039
7828 0.000010
7829 0.000021
7830 0.000008
7831 0.000005
7832 0.000016
7833 0.000014
7834 0.000014
7835 0.000037
7836 0.000004
7837 0.000020
7838 0.000017
7839 0.000006
7840 0.000027
7841 0.000023
7842 0.000023
7843 0.000035
7844 0.000021
7845 0.000005
7846 0.000037
7847 0.000022
7848 0.000025
7849 0.000008
7850 0.000006
7851 0.000025
7852 0.000040
7853 0.000011
7854 0.000014
7855 0.000018
7856 0.000044
7857 0.000026
7858 0.000023
7859 0.000026
7860 0.000049
7861 0.000010
7862 0.000013
7863 0.000068
7864 0.000015
7865 0.000005
7866 0.000012
7867 0.000019
7868 0.000022
7869 0.000004
7870 0.000019
7871 0.000014
7872 0.000033
7873 0.000013
7874 0.000053
7875 0.000045
7876 0.000004
7877 0.000014
7878 0.000004
7879 0.000026
7880 0.000015
7881 0.000020
7882 0.000031
7883 0.000018
7884 0.000025
7885 0.000018
7886 0.000015
7887 0.000011
7888 0.000015
7889 0.000011
7890 0.000052
7891 0.000017
7892 0.000009
7893 0.000011
7894 0.000019
7895 0.000012
7896 0.000018
7897 0.000020
7898 0.000028
7899 0.000037
7900 0.000018
7901 0.000004
7902 0.000016
7903 0.000021
7904 0.000052
7905 0.000014
7906 0.000013
7907 0.000018
7908 0.000011
7909 0.000033
7910 0.000011
7911 0.000064
7912 0.000019
7913 0.000013
7914 0.000030
7915 0.000033
7916 0.000037
7917 0.000057
7918 0.000006
7919 0.000004
7920 0.000018
7921 0.000031
7922 0.000024
7923 0.000008
7924 0.000026
7925 0.000024
7926 0.000013
7927 0.000006
7928 0.000028
7929 0.000027
7930 0.000018
7931 0.000027
7932 0.000027
7933 0.000008
7934 0.000051
7935 0.000016
7936 0.000008
7937 0.000022
7938 0.000011
7939 0.000004
7940 0.000043
7941 0.000016
7942 0.000049
7943 0.000022
7944 0.000013
7945 0.000041
7946 0.000017
7947 0.000009
7948 0.000017
7949 0.000004
7950 0.000036
7951 0.000019
7952 0.000019
7953 0.000022
7954 0.000039
7955 0.000025
7956 0.000008
7957 0.000018
7958 0.000012
7959 0.000036
7960 0.000008
7961 0.000007
7962 0.000024
7963 0.000022
7964 0.000016
7965 0.000017
7966 0.000018
7967 0.000006
7968 0.000012
7969 0.000014
7970 0.000029
7971 0.000005
7972 0.000007
7973 0.000020
7974 0.000004
7975 0.000010
7976 0.000043
7977 0.000019
7978 0.000007
7979 0.000014
7980 0.000017
7981 0.000035
7982 0.000004
7983 0.000006
7984 0.000013
7985 0.000012
7986 0.000015
7987 0.000021
7988 0.000049
7989 0.000039
7990 0.000006
7991 0.000013
7992 0.000015
7993 0.000019
7994 0.000013
7995 0.000010
7996 0.000022
7997 0.000008
7998 0.000033
7999 0.000017
8000 0.000013
8001 0.000011
8002 0.000018
8003 0.000009
8004 0.000055
8005 0.000007
8006 0.000016
8007 0.000043
8008 0.000013
8009 0.000007
8010 0.000018
8011 0.000011
8012 0.000013
8013 0.000050
8014 0.000011
8015 0.000010
8016 0.000004
8017 0.000026
8018 0.000056
8019 0.000009
8020 0.000019
8021 0.000009
8022 0.000010
8023 0.000012
8024 0.000004
8025 0.000015
8026 0.000013
8027 0.000006
8028 0.000019
8029 0.000022
8030 0.000038
8031 0.000035
8032 0.000011
8033 0.000013
8034 0.000023
8035 0.000008
8036 0.000023
8037 0.000026
8038 0.000025
8039 0.000011
8040 0.000024
8041 0.000024
8042 0.000019
8043 0.000018
8044 0.000011
8045 0.000029
8046 0.000006
8047 0.000010
8048 0.000056
8049 0.000015
8050 0.000023
8051 0.000009
8052 0.000017
8053 0.000016
8054 0.000022
8055 0.000019
8056 0.000011
8057 0.000009
8058 0.000024
8059 0.000029
8060 0.000033
8061 0.000013
8062 0.000015
8063 0.000023
8064 0.000004
8065 0.000020
8066 0.000013
8067 0.000011
8068 0.000032
8069 0.000012
8070 0.000040
8071 0.000007
8072 0.000022
8073 0.000019
8074 0.000019
8075 0.000018
8076 0.000006
8077 0.000046
8078 0.000013
8079 0.000018
8080 0.000013
8081 0.000039
8082 0.000017
8083 0.000027
8084 0.000017
8085 0.000022
8086 0.000020
8087 0.000035
8088 0.000088
8089 0.000019
8090 0.000007
8091 0.000014
8092 0.000006
8093 0.000032
8094 0.000013
8095 0.000026
8096 0.000094
8097 0.000012
8098 0.000004
8099 0.000022
8100 0.000036
8101 0.000013
8102 0.000013
8103 0.000019
8104 0.000023
8105 0.000021
8106 0.000032
8107 0.000007
8108 0.000009
8109 0.000007
8110 0.000022
8111 0.000023
8112 0.000023
8113 0.000023
8114 0.000030
8115 0.000015
8116 0.000027
8117 0.000011
8118 0.000024
8119 0.000037
8120 0.000021
8121 0.000037
8122 0.000023
8123 0.000023
8124 0.000015
8125 0.000011
8126 0.000017
8127 0.000007
8128 0.000037
8129 0.000004
8130 0.000015
8131 0.000004
8132 0.000007
8133 0.000031
8134 0.000031
8135 0.000018
8136 0.000022
8137 0.000014
8138 0.000004
8139 0.000029
8140 0.000004
8141 0.000034
8142 0.000018
8143 0.000058
8144 0.000007
8145 0.000018
8146 0.000017
8147 0.000016
8148 0.000024
8149 0.000009
8150 0.000019
8151 0.000028
8152 0.000011
8153 0.000016
8154 0.000039
8155 0.000042
8156 0.000008
8157 0.000017
8158 0.000018
8159 0.000009
8160 0.000031
8161 0.000004
8162 0.000016
8163 0.000025
8164 0.000052
8165 0.000009
8166 0.000020
8167 0.000041
8168 0.000006
8169 0.000038
8170 0.000035
8171 0.000024
8172 0.000009
8173 0.000014
8174 0.000010
8175 0.000011
8176 0.000010
8177 0.000024
8178 0.000025
8179 0.000006
8180 0.000009
8181 0.000017
8182 0.000004
8183 0.000024
8184 0.000033
8185 0.000005
8186 0.000004
8187 0.000019
8188 0.000007
8189 0.000028
8190 0.000030
8191 0.000037
8192 0.000018
8193 0.000007
8194 0.000010
8195 0.000010
8196 0.000007
8197 0.000028
8198 0.000012
8199 0.000029
8200 0.000006
8201 0.000013
8202 0.000013
8203 0.000035
8204 0.000013
8205 0.000030
8206 0.000009
8207 0.000017
8208 0.000013
8209 0.000033
8210 0.000005
8211 0.000018
8212 0.000007
8213 0.000011
8214 0.000011
8215 0.000036
8216 0.000032
8217 0.000023
8218 0.000023
8219 0.000016
8220 0.000055
8221 0.000015
8222 0.000004
8223 0.000015
8224 0.000028
8225 0.000024
8226 0.000022
8227 0.000031
8228 0.000022
8229 0.000017
8230 0.000009
8231 0.000023
8232 0.000006
8233 0.000023
8234 0.000024
8235 0.000027
8236 0.000039
8237 0.000010
8238 0.000013
8239 0.000049
8240 0.000042
8241 0.000013
8242 0.000026
8243 0.000031
8244 0.000016
8245 0.000004
8246 0.000022
8247 0.000039
8248 0.000019
8249 0.000017
8250 0.000010
8251 0.000012
8252 0.000024
8253 0.000045
8254 0.000017
8255 0.000019
8256 0.000011
8257 0.000041
8258 0.000058
8259 0.000029
8260 0.000016
8261 0.000046
8262 0.000020
8263 0.000005
8264 0.000019
8265 0.000012
8266 0.000043
8267 0.000013
8268 0.000014
8269 0.000013
8270 0.000027
8271 0.000015
8272 0.000056
8273 0.000041
8274 0.000035
8275 0.000050
8276 0.000024
8277 0.000004
8278 0.000067
8279 0.000025
8280 0.000053
8281 0.000015
8282 0.000018
8283 0.000018
8284 0.000044
8285 0.000013
8286 0.000025
8287 0.000035
8288 0.000030
8289 0.000014
8290 0.000013
8291 0.000021
8292 0.000014
8293 0.000015
8294 0.000012
8295 0.000030
8296 0.000018
8297 0.000009
8298 0.000004
8299 0.000026
8300 0.000009
8301 0.000015
8302 0.000021
8303 0.000009
8304 0.000020
8305 0.000019
8306 0.000018
8307 0.000008
8308 0.000031
8309 0.000051
8310 0.000027
8311 0.000046
8312 0.000016
8313 0.000023
8314 0.000025
8315 0.000014
8316 0.000035
8317 0.000004
8318 0.000004
8319 0.000008
8320 0.000026
8321 0.000028
8322 0.000016
8323 0.000016
8324 0.000004
8325 0.000022
8326 0.000022
8327 0.000010
8328 0.000026
8329 0.000018
8330 0.000016
8331 0.000030
8332 0.000006
8333 0.000004
8334 0.000020
8335 0.000020
8336 0.000015
8337 0.000004
8338 0.000018
8339 0.000023
8340 0.000010
8341 0.000011
8342 0.000007
8343 0.000009
8344 0.000021
8345 0.000012
8346 0.000027
8347 0.000004
8348 0.000008
8349 0.000004
8350 0.000025
8351 0.000016
8352 0.000032
8353 0.000020
8354 0.000046
8355 0.000016
8356 0.000016
8357 0.000013
8358 0.000021
8359 0.000015
8360 0.000018
8361 0.000021
8362 0.000018
8363 0.000023
8364 0.000016
8365 0.000011
8366 0.000017
8367 0.000004
8368 0.000040
8369 0.000018
8370 0.000036
8371 0.000010
8372 0.000007
8373 0.000024
8374 0.000021
8375 0.000013
8376 0.000010
8377 0.000020
8378 0.000004
8379 0.000023
8380 0.000025
8381 0.000010
8382 0.000015
8383 0.000013
8384 0.000049
8385 0.000047
8386 0.000009
8387 0.000016
8388 0.000031
8389 0.000007
8390 0.000020
8391 0.000055
8392 0.000016
8393 0.000009
8394 0.000014
8395 0.000015
8396 0.000042
8397 0.000019
8398 0.000004
8399 0.000010
8400 0.000004
8401 0.000033
8402 0.000007
8403 0.000011
8404 0.000006
8405 0.000007
8406 0.000012
8407 0.000009
8408 0.000016
8409 0.000018
8410 0.000021
8411 0.000021
8412 0.000028
8413 0.000031
8414 0.000010
8415 0.000009
8416 0.000048
8417 0.000018
8418 0.000025
8419 0.000009
8420 0.000036
8421 0.000011
8422 0.000023
8423 0.000015
8424 0.000012
8425 0.000004
8426 0.000017
8427 0.000018
8428 0.000016
8429 0.000026
8430 0.000012
8431 0.000009
8432 0.000017
8433 0.000013
8434 0.000005
8435 0.000022
8436 0.000011
8437 0.000006
8438 0.000023
8439 0.000008
8440 0.000030
8441 0.000016
8442 0.000019
8443 0.000006
8444 0.000063
8445 0.000022
8446 0.000004
8447 0.000013
8448 0.000020
8449 0.000011
8450 0.000006
8451 0.000005
8452 0.000023
8453 0.000038
8454 0.000015
8455 0.000004
8456 0.000018
8457 0.000014
8458 0.000035
8459 0.000070
8460 0.000012
8461 0.000027
8462 0.000015
8463 0.000018
8464 0.000005
8465 0.000007
8466 0.000010
8467 0.000006
8468 0.000031
8469 0.000015
8470 0.000006
8471 0.000015
8472 0.000005
8473 0.000051
8474 0.000036
8475 0.000009
8476 0.000054
8477 0.000004
8478 0.000008
8479 0.000032
8480 0.000018
8481 0.000009
8482 0.000013
8483 0.000051
8484 0.000063
8485 0.000019
8486 0.000014
8487 0.000022
8488 0.000008
8489 0.000010
8490 0.000010
8491 0.000029
8492 0.000013
8493 0.000012
8494 0.000029
8495 0.000006
8496 0.000013
8497 0.000007
8498 0.000020
8499 0.000011
8500 0.000027
8501 0.000037
8502 0.000035
8503 0.000010
8504 0.000021
8505 0.000010
8506 0.000006
8507 0.000010
8508 0.000041
8509 0.000004
8510 0.000014
8511 0.000027
8512 0.000022
8513 0.000009
8514 0.000004
8515 0.000015
8516 0.000016
8517 0.000009
8518 0.000008
8519 0.000036
8520 0.000014
8521 0.000018
8522 0.000017
8523 0.000033
8524 0.000014
8525 0.000025
8526 0.000023
8527 0.000004
8528 0.000004
8529 0.000023
8530 0.000026
8531 0.000014
8532 0.000011
8533 0.000006
8534 0.000007
8535 0.000016
8536 0.000024
8537 0.000068
8538 0.000022
8539 0.000009
8540 0.000005
8541 0.000027
8542 0.000011
8543 0.000024
8544 0.000010
8545 0.000023
8546 0.000034
8547 0.000017
8548 0.000011
8549 0.000014
8550 0.000023
8551 0.000036
8552 0.000015
8553 0.000023
8554 0.000020
8555 0.000010
8556 0.000034
8557 0.000010
8558 0.000025
8559 0.000024
8560 0.000053
8561 0.000006
8562 0.000004
8563 0.000029
8564 0.000010
8565 0.000028
8566 0.000008
8567 0.000017
8568 0.000031
8569 0.000010
8570 0.000009
8571 0.000029
8572 0.000021
8573 0.000029
8574 0.000028
8575 0.000018
8576 0.000012
8577 0.000013
8578 0.000016
8579 0.000019
8580 0.000009
8581 0.000023
8582 0.000008
8583 0.000004
8584 0.000013
8585 0.000016
8586 0.000030
8587 0.000015
8588 0.000015
8589 0.000017
8590 0.000009
8591 0.000016
8592 0.000011
8593 0.000029
8594 0.000005
8595 0.000032
8596 0.000014
8597 0.000011
8598 0.000053
8599 0.000004
8600 0.000009
8601 0.000028
8602 0.000019
8603 0.000004
8604 0.000023
8605 0.000018
8606 0.000029
8607 0.000034
8608 0.000031
8609 0.000020
8610 0.000014
8611 0.000010
8612 0.000028
8613 0.000006
8614 0.000013
8615 0.000004
8616 0.000019
8617 0.000032
8618 0.000017
8619 0.000007
8620 0.000028
8621 0.000014
8622 0.000023
8623 0.000004
8624 0.000035
8625 0.000009
8626 0.000032
8627 0.000010
8628 0.000015
8629 0.000012
8630 0.000014
8631 0.000027
8632 0.000026
8633 0.000004
8634 0.000008
8635 0.000013
8636 0.000032
8637 0.000004
8638 0.000009
8639 0.000052
8640 0.000015
8641 0.000020
8642 0.000027
8643 0.000006
8644 0.000015
8645 0.000026
8646 0.000006
8647 0.000010
8648 0.000018
8649 0.000026
8650 0.000012
8651 0.000009
8652 0.000014
8653 0.000009
8654 0.000014
8655 0.000017
8656 0.000020
8657 0.000012
8658 0.000031
8659 0.000016
8660 0.000034
8661 0.000013
8662 0.000007
8663 0.000031
8664 0.000028
8665 0.000008
8666 0.000017
8667 0.000015
8668 0.000017
8669 0.000007
8670 0.000017
8671 0.000027
8672 0.000016
8673 0.000013
8674 0.000023
8675 0.000006
8676 0.000015
8677 0.000010
8678 0.000006
8679 0.000008
8680 0.000013
8681 0.000012
8682 0.000009
8683 0.000011
8684 0.000014
8685 0.000016
8686 0.000013
8687 0.000029
8688 0.000015
8689 0.000017
8690 0.000011
8691 0.000006
8692 0.000034
8693 0.000006
8694 0.000023
8695 0.000010
8696 0.000036
8697 0.000031
8698 0.000029
8699 0.000015
8700 0.000014
8701 0.000009
8702 0.000022
8703 0.000014
8704 0.000020
8705 0.000015
8706 0.000023
8707 0.000038
8708 0.000009
8709 0.000024
8710 0.000009
8711 0.000015
8712 0.000014
8713 0.000017
8714 0.000010
8715 0.000041
8716 0.000011
8717 0.000004
8718 0.000014
8719 0.000015
8720 0.000011
8721 0.000019
8722 0.000013
8723 0.000024
8724 0.000004
8725 0.000020
8726 0.000011
8727 0.000011
8728 0.000040
8729 0.000025
8730 0.000059
8731 0.000016
8732 0.000014
8733 0.000015
8734 0.000015
8735 0.000026
8736 0.000004
8737 0.000013
8738 0.000015
8739 0.000010
8740 0.000006
8741 0.000020
8742 0.000036
8743 0.000018
8744 0.000041
8745 0.000055
8746 0.000028
8747 0.000029
8748 0.000034
8749 0.000051
8750 0.000021
8751 0.000022
8752 0.000011
8753 0.000030
8754 0.000022
8755 0.000049
8756 0.000024
8757 0.000022
8758 0.000064
8759 0.000027
8760 0.000026
8761 0.000010
8762 0.000022
8763 0.000011
8764 0.000050
8765 0.000035
8766 0.000021
8767 0.000014
8768 0.000025
8769 0.000010
8770 0.000017
8771 0.000022
8772 0.000019
8773 0.000011
8774 0.000013
8775 0.000037
8776 0.000005
8777 0.000015
8778 0.000021
8779 0.000010
8780 0.000007
8781 0.000013
8782 0.000023
8783 0.000030
8784 0.000026
8785 0.000018
8786 0.000018
8787 0.000029
8788 0.000027
8789 0.000011
8790 0.000008
8791 0.000013
8792 0.000022
8793 0.000026
8794 0.000020
8795 0.000027
8796 0.000015
8797 0.000009
8798 0.000006
8799 0.000011
8800 0.000014
8801 0.000034
8802 0.000008
8803 0.000038
8804 0.000074
8805 0.000022
8806 0.000019
8807 0.000013
8808 0.000026
8809 0.000030
8810 0.000058
8811 0.000024
8812 0.000019
8813 0.000025
8814 0.000063
8815 0.000045
8816 0.000015
8817 0.000009
8818 0.000004
8819 0.000029
8820 0.000029
8821 0.000019
8822 0.000018
8823 0.000013
8824 0.000015
8825 0.000008
8826 0.000009
8827 0.000039
8828 0.000049
8829 0.000026
8830 0.000008
8831 0.000022
8832 0.000028
8833 0.000007
8834 0.000019
8835 0.000006
8836 0.000024
8837 0.000026
8838 0.000016
8839 0.000007
8840 0.000009
8841 0.000015
8842 0.000024
8843 0.000016
8844 0.000026
8845 0.000016
8846 0.000004
8847 0.000008
8848 0.000016
8849 0.000017
8850 0.000017
8851 0.000013
8852 0.000012
8853 0.000016
8854 0.000027
8855 0.000007
8856 0.000005
8857 0.000021
8858 0.000033
8859 0.000020
8860 0.000040
8861 0.000032
8862 0.000027
8863 0.000006
8864 0.000008
8865 0.000027
8866 0.000017
8867 0.000028
8868 0.000015
8869 0.000052
8870 0.000005
8871 0.000014
8872 0.000018
8873 0.000011
8874 0.000040
8875 0.000055
8876 0.000025
8877 0.000022
8878 0.000038
8879 0.000069
8880 0.000024
8881 0.000028
8882 0.000007
8883 0.000006
8884 0.000030
8885 0.000014
8886 0.000022
8887 0.000008
8888 0.000028
8889 0.000060
8890 0.000029
8891 0.000019
8892 0.000027
8893 0.000023
8894 0.000028
8895 0.000034
8896 0.000016
8897 0.000035
8898 0.000025
8899 0.000018
8900 0.000047
8901 0.000004
8902 0.000004
8903 0.000014
8904 0.000021
8905 0.000021
8906 0.000028
8907 0.000014
8908 0.000005
8909 0.000026
8910 0.000024
8911 0.000009
8912 0.000044
8913 0.000009
8914 0.000007
8915 0.000022
8916 0.000023
8917 0.000040
8918 0.000010
8919 0.000007
8920 0.000014
8921 0.000015
8922 0.000009
8923 0.000022
8924 0.000010
8925 0.000006
8926 0.000011
8927 0.000018
8928 0.000014
8929 0.000005
8930 0.000006
8931 0.000008
8932 0.000025
8933 0.000004
8934 0.000007
8935 0.000006
8936 0.000033
8937 0.000016
8938 0.000051
8939 0.000048
8940 0.000004
8941 0.000016
8942 0.000013
8943 0.000006
8944 0.000007
8945 0.000034
8946 0.000009
8947 0.000021
8948 0.000026
8949 0.000004
8950 0.000014
8951 0.000019
8952 0.000004
8953 0.000016
8954 0.000020
8955 0.000042
8956 0.000005
8957 0.000034
8958 0.000030
8959 0.000024
8960 0.000008
8961 0.000014
8962 0.000004
8963 0.000006
8964 0.000028
8965 0.000004
8966 0.000030
8967 0.000016
8968 0.000040
8969 0.000016
8970 0.000023
8971 0.000007
8972 0.000041
8973 0.000027
8974 0.000009
8975 0.000010
8976 0.000021
8977 0.000011
8978 0.000013
8979 0.000017
8980 0.000015
8981 0.000039
8982 0.000004
8983 0.000007
8984 0.000011
8985 0.000009
8986 0.000030
8987 0.000026
8988 0.000011
8989 0.000022
8990 0.000047
8991 0.000015
8992 0.000008
8993 0.000026
8994 0.000040
8995 0.000017
8996 0.000053
8997 0.000036
8998 0.000032
8999 0.000015
9000 0.000004
9001 0.000021
9002 0.000047
9003 0.000012
9004 0.000020
9005 0.000012
9006 0.000021
9007 0.000018
9008 0.000017
9009 0.000018
9010 0.000005
9011 0.000052
9012 0.000022
9013 0.000012
9014 0.000018
9015 0.000005
9016 0.000006
9017 0.000040
9018 0.000039
9019 0.000010
9020 0.000041
9021 0.000011
9022 0.000044
9023 0.000031
9024 0.000004
9025 0.000038
9026 0.000025
9027 0.000025
9028 0.000010
9029 0.000023
9030 0.000010
9031 0.000014
9032 0.000004
9033 0.000051
9034 0.000021
9035 0.000031
9036 0.000007
9037 0.000034
9038 0.000010
9039 0.000020
9040 0.000044
9041 0.000010
9042 0.000011
9043 0.000009
9044 0.000016
9045 0.000015
9046 0.000008
9047 0.000046
9048 0.000008
9049 0.000017
9050 0.000032
9051 0.000014
9052 0.000025
9053 0.000015
9054 0.000021
9055 0.000013
9056 0.000027
9057 0.000010
9058 0.000018
9059 0.000025
9060 0.000032
9061 0.000019
9062 0.000026
9063 0.000010
9064 0.000027
9065 0.000018
9066 0.000021
9067 0.000021
9068 0.000034
9069 0.000019
9070 0.000022
9071 0.000014
9072 0.000018
9073 0.000007
9074 0.000032
9075 0.000040
9076 0.000057
9077 0.000042
9078 0.000019
9079 0.000013
9080 0.000023
9081 0.000010
9082 0.000005
9083 0.000021
9084 0.000007
9085 0.000004
9086 0.000009
9087 0.000013
9088 0.000009
9089 0.000027
9090 0.000024
9091 0.000050
9092 0.000033
9093 0.000017
9094 0.000010
9095 0.000033
9096 0.000028
9097 0.000020
9098 0.000055
9099 0.000008
9100 0.000018
9101 0.000029
9102 0.000007
9103 0.000005
9104 0.000019
9105 0.000005
9106 0.000018
9107 0.000023
9108 0.000020
9109 0.000013
9110 0.000009
9111 0.000010
9112 0.000045
9113 0.000018
9114 0.000018
9115 0.000017
9116 0.000006
9117 0.000011
9118 0.000021
9119 0.000008
9120 0.000028
9121 0.000051
9122 0.000015
9123 0.000020
9124 0.000029
9125 0.000016
9126 0.000006
9127 0.000015
9128 0.000038
9129 0.000063
9130 0.000019
9131 0.000018
9132 0.000012
9133 0.000021
9134 0.000004
9135 0.000027
9136 0.000014
9137 0.000055
9138 0.000028
9139 0.000028
9140 0.000012
9141 0.000019
9142 0.000038
9143 0.000011
9144 0.000012
9145 0.000052
9146 0.000032
9147 0.000027
9148 0.000023
9149 0.000005
9150 0.000064
9151 0.000025
9152 0.000033
9153 0.000028
9154 0.000024
9155 0.000015
9156 0.000023
9157 0.000027
9158 0.000016
9159 0.000006
9160 0.000018
9161 0.000036
9162 0.000021
9163 0.000016
9164 0.000019
9165 0.000012
9166 0.000031
9167 0.000018
9168 0.000010
9169 0.000019
9170 0.000043
9171 0.000021
9172 0.000050
9173 0.000027
9174 0.000018
9175 0.000013
9176 0.000020
9177 0.000020
9178 0.000005
9179 0.000009
9180 0.000021
9181 0.000047
9182 0.000027
9183 0.000026
9184 0.000031
9185 0.000013
9186 0.000026
9187 0.000014
9188 0.000042
9189 0.000005
9190 0.000022
9191 0.000007
9192 0.000020
9193 0.000031
9194 0.000032
9195 0.000004
9196 0.000007
9197 0.000008
9198 0.000013
9199 0.000017
9200 0.000009
9201 0.000016
9202 0.000058
9203 0.000035
9204 0.000021
9205 0.000025
9206 0.000023
9207 0.000018
9208 0.000039
9209 0.000011
9210 0.000019
9211 0.000023
9212 0.000016
9213 0.000027
9214 0.000013
9215 0.000011
9216 0.000011
9217 0.000018
9218 0.000020
9219 0.000009
9220 0.000018
9221 0.000032
9222 0.000052
9223 0.000028
9224 0.000017
9225 0.000016
9226 0.000023
9227 0.000017
9228 0.000015
9229 0.000027
9230 0.000033
9231 0.000024
9232 0.000025
9233 0.000023
9234 0.000014
9235 0.000008
9236 0.000005
9237 0.000015
9238 0.000019
9239 0.000033
9240 0.000015
9241 0.000011
9242 0.000006
9243 0.000017
9244 0.000012
9245 0.000017
9246 0.000016
9247 0.000033
9248 0.000037
9249 0.000015
9250 0.000035
9251 0.000008
9252 0.000008
9253 0.000007
9254 0.000006
9255 0.000019
9256 0.000017
9257 0.000010
9258 0.000007
9259 0.000017
9260 0.000033
9261 0.000015
9262 0.000025
9263 0.000049
9264 0.000042
9265 0.000041
9266 0.000033
9267 0.000004
9268 0.000023
9269 0.000020
9270 0.000012
9271 0.000016
9272 0.000032
9273 0.000058
9274 0.000004
9275 0.000031
9276 0.000014
9277 0.000026
9278 0.000050
9279 0.000009
9280 0.000038
9281 0.000022
9282 0.000010
9283 0.000054
9284 0.000058
9285 0.000013
9286 0.000011
9287 0.000034
9288 0.000018
9289 0.000044
9290 0.000044
9291 0.000012
9292 0.000023
9293 0.000042
9294 0.000009
9295 0.000027
9296 0.000031
9297 0.000026
9298 0.000019
9299 0.000016
9300 0.000038
9301 0.000034
9302 0.000056
9303 0.000014
9304 0.000006
9305 0.000007
9306 0.000010
9307 0.000036
9308 0.000011
9309 0.000014
9310 0.000023
9311 0.000020
9312 0.000024
9313 0.000009
9314 0.000027
9315 0.000026
9316 0.000014
9317 0.000010
9318 0.000043
9319 0.000020
9320 0.000009
9321 0.000015
9322 0.000019
9323 0.000017
9324 0.000016
9325 0.000007
9326 0.000011
9327 0.000015
9328 0.000013
9329 0.000009
9330 0.000031
9331 0.000021
9332 0.000026
9333 0.000024
9334 0.000009
9335 0.000011
9336 0.000019
9337 0.000037
9338 0.000025
9339 0.000021
9340 0.000020
9341 0.000009
9342 0.000027
9343 0.000006
9344 0.000010
9345 0.000051
9346 0.000011
9347 0.000023
9348 0.000027
9349 0.000016
9350 0.000041
9351 0.000010
9352 0.000019
9353 0.000045
9354 0.000013
9355 0.000009
9356 0.000021
9357 0.000004
9358 0.000008
9359 0.000022
9360 0.000031
9361 0.000029
9362 0.000023
9363 0.000016
9364 0.000034
9365 0.000018
9366 0.000015
9367 0.000017
9368 0.000010
9369 0.000020
9370 0.000027
9371 0.000015
9372 0.000026
9373 0.000012
9374 0.000012
9375 0.000007
9376 0.000027
9377 0.000011
9378 0.000017
9379 0.000023
9380 0.000004
9381 0.000017
9382 0.000038
9383 0.000013
9384 0.000062
9385 0.000010
9386 0.000028
9387 0.000011
9388 0.000013
9389 0.000008
9390 0.000012
9391 0.000045
9392 0.000008
9393 0.000007
9394 0.000058
9395 0.000047
9396 0.000008
9397 0.000007
9398 0.000009
9399 0.000009
9400 0.000011
9401 0.000018
9402 0.000014
9403 0.000011
9404 0.000004
9405 0.000021
9406 0.000066
9407 0.000014
9408 0.000012
9409 0.000044
9410 0.000036
9411 0.000028
9412 0.000015
9413 0.000024
9414 0.000028
9415 0.000039
9416 0.000023
9417 0.000021
9418 0.000016
9419 0.000010
9420 0.000012
9421 0.000011
9422 0.000020
9423 0.000049
9424 0.000020
9425 0.000012
9426 0.000009
9427 0.000011
9428 0.000010
9429 0.000009
9430 0.000022
9431 0.000007
9432 0.000084
9433 0.000017
9434 0.000009
9435 0.000033
9436 0.000011
9437 0.000027
9438 0.000022
9439 0.000028
9440 0.000006
9441 0.000005
9442 0.000017
9443 0.000009
9444 0.000007
9445 0.000007
9446 0.000022
9447 0.000019
9448 0.000028
9449 0.000013
9450 0.000010
9451 0.000010
9452 0.000007
9453 0.000024
9454 0.000006
9455 0.000013
9456 0.000008
9457 0.000018
9458 0.000019
9459 0.000046
9460 0.000006
9461 0.000004
9462 0.000037
9463 0.000017
9464 0.000021
9465 0.000024
9466 0.000017
9467 0.000017
9468 0.000020
9469 0.000025
9470 0.000035
9471 0.000028
9472 0.000020
9473 0.000032
9474 0.000004
9475 0.000017
9476 0.000008
9477 0.000010
9478 0.000018
9479 0.000024
9480 0.000009
9481 0.000005
9482 0.000027
9483 0.000010
9484 0.000011
9485 0.000015
9486 0.000022
9487 0.000014
9488 0.000014
9489 0.000013
9490 0.000013
9491 0.000025
9492 0.000019
9493 0.000004
9494 0.000022
9495 0.000043
9496 0.000019
9497 0.000010
9498 0.000013
9499 0.000011
9500 0.000014
9501 0.000021
9502 0.000004
9503 0.000025
9504 0.000007
9505 0.000012
9506 0.000017
9507 0.000036
9508 0.000022
9509 0.000012
9510 0.000005
9511 0.000011
9512 0.000037
9513 0.000007
9514 0.000024
9515 0.000024
9516 0.000010
9517 0.000017
9518 0.000014
9519 0.000043
9520 0.000021
9521 0.000030
9522 0.000007
9523 0.000011
9524 0.000011
9525 0.000025
9526 0.000034
9527 0.000021
9528 0.000015
9529 0.000012
9530 0.000004
9531 0.000009
9532 0.000020
9533 0.000011
9534 0.000031
9535 0.000007
9536 0.000042
9537 0.000044
9538 0.000019
9539 0.000027
9540 0.000018
9541 0.000020
9542 0.000038
9543 0.000011
9544 0.000012
9545 0.000016
9546 0.000004
9547 0.000010
9548 0.000025
9549 0.000023
9550 0.000015
9551 0.000016
9552 0.000020
9553 0.000009
9554 0.000016
9555 0.000012
9556 0.000011
9557 0.000036
9558 0.000052
9559 0.000008
9560 0.000019
9561 0.000011
9562 0.000025
9563 0.000036
9564 0.000026
9565 0.000047
9566 0.000010
9567 0.000009
9568 0.000019
9569 0.000014
9570 0.000009
9571 0.000036
9572 0.000027
9573 0.000044
9574 0.000016
9575 0.000048
9576 0.000012
9577 0.000022
9578 0.000010
9579 0.000018
9580 0.000019
9581 0.000049
9582 0.000010
9583 0.000006
9584 0.000028
9585 0.000034
9586 0.000009
9587 0.000022
9588 0.000006
9589 0.000028
9590 0.000011
9591 0.000011
9592 0.000004
9593 0.000023
9594 0.000017
9595 0.000016
9596 0.000022
9597 0.000010
9598 0.000004
9599 0.000022
9600 0.000024
9601 0.000064
9602 0.000008
9603 0.000020
9604 0.000050
9605 0.000012
9606 0.000012
9607 0.000013
9608 0.000007
9609 0.000031
9610 0.000006
9611 0.000010
9612 0.000019
9613 0.000011
9614 0.000021
9615 0.000016
9616 0.000009
9617 0.000052
9618 0.000004
9619 0.000006
9620 0.000012
9621 0.000007
9622 0.000031
9623 0.000012
9624 0.000029
9625 0.000014
9626 0.000022
9627 0.000024
9628 0.000024
9629 0.000019
9630 0.000018
9631 0.000011
9632 0.000016
9633 0.000007
9634 0.000016
9635 0.000010
9636 0.000011
9637 0.000016
9638 0.000007
9639 0.000052
9640 0.000005
9641 0.000047
9642 0.000039
9643 0.000028
9644 0.000034
9645 0.000010
9646 0.000035
9647 0.000049
9648 0.000027
9649 0.000049
9650 0.000034
9651 0.000048
9652 0.000012
9653 0.000009
9654 0.000056
9655 0.000006
9656 0.000027
9657 0.000014
9658 0.000013
9659 0.000034
9660 0.000009
9661 0.000013
9662 0.000016
9663 0.000023
9664 0.000019
9665 0.000005
9666 0.000029
9667 0.000078
9668 0.000014
9669 0.000014
9670 0.000030
9671 0.000011
9672 0.000011
9673 0.000018
9674 0.000012
9675 0.000024
9676 0.000011
9677 0.000008
9678 0.000049
9679 0.000007
9680 0.000011
9681 0.000025
9682 0.000014
9683 0.000027
9684 0.000014
9685 0.000030
9686 0.000066
9687 0.000016
9688 0.000023
9689 0.000004
9690 0.000020
9691 0.000055
9692 0.000047
9693 0.000004
9694 0.000016
9695 0.000039
9696 0.000018
9697 0.000012
9698 0.000011
9699 0.000034
9700 0.000028
9701 0.000007
9702 0.000024
9703 0.000013
9704 0.000010
9705 0.000005
9706 0.000014
9707 0.000031
9708 0.000009
9709 0.000016
9710 0.000054
9711 0.000008
9712 0.000006
9713 0.000031
9714 0.000022
9715 0.000010
9716 0.000019
9717 0.000024
9718 0.000048
9719 0.000043
9720 0.000009
9721 0.000040
9722 0.000012
9723 0.000017
9724 0.000011
9725 0.000014
9726 0.000019
9727 0.000021
9728 0.000017
9729 0.000014
9730 0.000015
9731 0.000025
9732 0.000027
9733 0.000026
9734 0.000034
9735 0.000017
9736 0.000012
9737 0.000023
9738 0.000021
9739 0.000025
9740 0.000026
9741 0.000051
9742 0.000013
9743 0.000006
9744 0.000006
9745 0.000064
9746 0.000059
9747 0.000008
9748 0.000039
9749 0.000030
9750 0.000012
9751 0.000028
9752 0.000025
9753 0.000017
9754 0.000021
9755 0.000014
9756 0.000015
9757 0.000013
9758 0.000034
9759 0.000008
9760 0.000027
9761 0.000030
9762 0.000026
9763 0.000004
9764 0.000026
9765 0.000028
9766 0.000023
9767 0.000016
9768 0.000013
9769 0.000004
9770 0.000018
9771 0.000021
9772 0.000004
9773 0.000005
9774 0.000013
9775 0.000022
9776 0.000024
9777 0.000027
9778 0.000031
9779 0.000057
9780 0.000045
9781 0.000010
9782 0.000031
9783 0.000007
9784 0.000015
9785 0.000019
9786 0.000024
9787 0.000017
9788 0.000016
9789 0.000004
9790 0.000034
9791 0.000017
9792 0.000054
9793 0.000021
9794 0.000031
9795 0.000009
9796 0.000014
9797 0.000030
9798 0.000010
9799 0.000034
9800 0.000012
9801 0.000038
9802 0.000016
9803 0.000011
9804 0.000025
9805 0.000014
9806 0.000009
9807 0.000018
9808 0.000018
9809 0.000010
9810 0.000007
9811 0.000028
9812 0.000015
9813 0.000019
9814 0.000019
9815 0.000022
9816 0.000047
9817 0.000006
9818 0.000005
9819 0.000031
9820 0.000009
9821 0.000050
9822 0.000007
9823 0.000019
9824 0.000008
9825 0.000031
9826 0.000008
9827 0.000018
9828 0.000005
9829 0.000004
9830 0.000011
9831 0.000035
9832 0.000031
9833 0.000060
9834 0.000018
9835 0.000025
9836 0.000017
9837 0.000022
9838 0.000014
9839 0.000004
9840 0.000021
9841 0.000006
9842 0.000006
9843 0.000012
9844 0.000020
9845 0.000006
9846 0.000034
9847 0.000012
9848 0.000014
9849 0.000006
9850 0.000028
9851 0.000010
9852 0.000038
9853 0.000004
9854 0.000065
9855 0.000015
9856 0.000032
9857 0.000040
9858 0.000014
9859 0.000005
9860 0.000012
9861 0.000038
9862 0.000023
9863 0.000015
9864 0.000010
9865 0.000011
9866 0.000007
9867 0.000006
9868 0.000032
9869 0.000006
9870 0.000010
9871 0.000008
9872 0.000039
9873 0.000031
9874 0.000020
9875 0.000017
9876 0.000020
9877 0.000020
9878 0.000014
9879 0.000024
9880 0.000010
9881 0.000005
9882 0.000004
9883 0.000042
9884 0.000025
9885 0.000010
9886 0.000023
9887 0.000015
9888 0.000016
9889 0.000012
9890 0.000055
9891 0.000007
9892 0.000029
9893 0.000028
9894 0.000013
9895 0.000006
9896 0.000052
9897 0.000022
9898 0.000013
9899 0.000020
9900 0.000008
9901 0.000004
9902 0.000015
9903 0.000014
9904 0.000021
9905 0.000017
9906 0.000012
9907 0.000018
9908 0.000004
9909 0.000016
9910 0.000025
9911 0.000022
9912 0.000020
9913 0.000011
9914 0.000014
9915 0.000033
9916 0.000027
9917 0.000024
9918 0.000021
9919 0.000046
9920 0.000009
9921 0.000045
9922 0.000008
9923 0.000022
9924 0.000038
9925 0.000013
9926 0.000010
9927 0.000022
9928 0.000004
9929 0.000009
9930 0.000018
9931 0.000016
9932 0.000012
9933 0.000012
9934 0.000014
9935 0.000017
9936 0.000011
9937 0.000020
9938 0.000020
9939 0.000039
9940 0.000014
9941 0.000009
9942 0.000083
9943 0.000034
9944 0.000022
9945 0.000022
9946 0.000017
9947 0.000029
9948 0.000011
9949 0.000011
9950 0.000016
9951 0.000009
9952 0.000018
9953 0.000009
9954 0.000026
9955 0.000008
9956 0.000004
9957 0.000031
9958 0.000018
9959 0.000014
9960 0.000005
9961 0.000013
9962 0.000018
9963 0.000013
9964 0.000038
9965 0.000012
9966 0.000013
9967 0.000013
9968 0.000034
9969 0.000010
9970 0.000010
9971 0.000004
9972 0.000037
9973 0.000017
9974 0.000016
9975 0.000013
9976 0.000033
9977 0.000019
9978 0.000022
9979 0.000022
9980 0.000016
9981 0.000004
9982 0.000006
9983 0.000048
9984 0.000017
9985 0.000014
9986 0.000025
9987 0.000019
9988 0.000019
9989 0.000015
9990 0.000024
9991 0.000009
9992 0.000030
9993 0.000007
9994 0.000014
9995 0.000004
9996 0.000013
9997 0.000019
9998 0.000014
9999 0.000017
10000 0.000012
10001 0.000024
10002 0.000026
10003 0.000013
10004 0.000007
10005 0.000016
10006 0.000033
10007 0.000043
10008 0.000019
10009 0.000011
10010 0.000025
10011 0.000020
10012 0.000007
10013 0.000044
10014 0.000020
10015 0.000007
10016 0.000030
10017 0.000032
10018 0.000007
10019 0.000035
10020 0.000007
10021 0.000014
10022 0.000020
10023 0.000025
10024 0.000014
10025 0.000021
10026 0.000027
10027 0.000006
10028 0.000011
10029 0.000011
10030 0.000010
10031 0.000010
10032 0.000005
10033 0.000027
10034 0.000024
10035 0.000037
10036 0.000022
10037 0.000019
10038 0.000004
10039 0.000053
10040 0.000017
10041 0.000030
10042 0.000009
10043 0.000005
10044 0.000011
10045 0.000028
10046 0.000026
10047 0.000016
10048 0.000032
10049 0.000017
10050 0.000024
10051 0.000026
10052 0.000012
10053 0.000022
10054 0.000035
10055 0.000046
10056 0.000010
10057 0.000009
10058 0.000028
10059 0.000035
10060 0.000019
10061 0.000013
10062 0.000022
10063 0.000013
10064 0.000058
10065 0.000033
10066 0.000015
10067 0.000015
10068 0.000014
10069 0.000013
10070 0.000008
10071 0.000048
10072 0.000032
10073 0.000035
10074 0.000007
10075 0.000011
10076 0.000013
10077 0.000024
10078 0.000019
10079 0.000014
10080 0.000011
10081 0.000009
10082 0.000048
10083 0.000033
10084 0.000019
10085 0.000007
10086 0.000011
10087 0.000017
10088 0.000017
10089 0.000004
10090 0.000021
10091 0.000015
10092 0.000016
10093 0.000004
10094 0.000059
10095 0.000033
10096 0.000012
10097 0.000013
10098 0.000035
10099 0.000004
10100 0.000028
10101 0.000079
10102 0.000013
10103 0.000025
10104 0.000027
10105 0.000019
10106 0.000023
10107 0.000015
10108 0.000014
10109 0.000051
10110 0.000013
10111 0.000012
10112 0.000015
10113 0.000015
10114 0.000006
10115 0.000006
10116 0.000079
10117 0.000037
10118 0.000009
10119 0.000056
10120 0.000023
10121 0.000066
10122 0.000016
10123 0.000014
10124 0.000027
10125 0.000062
10126 0.000017
10127 0.000015
10128 0.000020
10129 0.000069
10130 0.000020
10131 0.000024
10132 0.000035
10133 0.000006
10134 0.000011
10135 0.000014
10136 0.000011
10137 0.000047
10138 0.000011
10139 0.000008
10140 0.000013
10141 0.000009
10142 0.000028
10143 0.000019
10144 0.000020
10145 0.000026
10146 0.000004
10147 0.000019
10148 0.000008
10149 0.000025
10150 0.000019
10151 0.000013
10152 0.000025
10153 0.000004
10154 0.000016
10155 0.000016
10156 0.000013
10157 0.000027
10158 0.000008
10159 0.000018
10160 0.000015
10161 0.000011
10162 0.000004
10163 0.000012
10164 0.000020
10165 0.000004
10166 0.000010
10167 0.000025
10168 0.000004
10169 0.000032
10170 0.000012
10171 0.000022
10172 0.000018
10173 0.000025
10174 0.000015
10175 0.000021
10176 0.000028
10177 0.000053
10178 0.000008
10179 0.000033
10180 0.000016
10181 0.000008
10182 0.000027
10183 0.000017
10184 0.000032
10185 0.000010
10186 0.000009
10187 0.000008
10188 0.000018
10189 0.000005
10190 0.000010
10191 0.000028
10192 0.000030
10193 0.000031
10194 0.000004
10195 0.000023
10196 0.000045
10197 0.000007
10198 0.000042
10199 0.000017
10200 0.000025
10201 0.000014
10202 0.000004
10203 0.000013
10204 0.000023
10205 0.000005
10206 0.000008
10207 0.000022
10208 0.000012
10209 0.000006
10210 0.000010
10211 0.000026
10212 0.000009
10213 0.000019
10214 0.000022
10215 0.000008
10216 0.000016
10217 0.000007
10218 0.000009
10219 0.000006
10220 0.000006
10221 0.000013
10222 0.000017
10223 0.000021
10224 0.000024
10225 0.000010
10226 0.000019
10227 0.000032
10228 0.000019
10229 0.000033
10230 0.000029
10231 0.000010
10232 0.000020
10233 0.000004
10234 0.000035
10235 0.000019
10236 0.000012
10237 0.000011
10238 0.000021
10239 0.000039
10240 0.000028
10241 0.000054
10242 0.000018
10243 0.000012
10244 0.000061
10245 0.000007
10246 0.000025
10247 0.000031
10248 0.000029
10249 0.000029
10250 0.000008
10251 0.000031
10252 0.000017
10253 0.000004
10254 0.000014
10255 0.000015
10256 0.000025
10257 0.000011
10258 0.000006
10259 0.000030
10260 0.000009
10261 0.000036
10262 0.000010
10263 0.000024
10264 0.000025
10265 0.000036
10266 0.000030
10267 0.000022
10268 0.000043
10269 0.000015
10270 0.000007
10271 0.000037
10272 0.000014
10273 0.000018
10274 0.000031
10275 0.000043
10276 0.000016
10277 0.000009
10278 0.000004
10279 0.000026
10280 0.000007
10281 0.000011
10282 0.000025
10283 0.000026
10284 0.000007
10285 0.000009
10286 0.000034
10287 0.000040
10288 0.000021
10289 0.000024
10290 0.000013
10291 0.000017
10292 0.000021
10293 0.000016
10294 0.000017
10295 0.000017
10296 0.000020
10297 0.000022
10298 0.000005
10299 0.000042
10300 0.000028
10301 0.000038
10302 0.000041
10303 0.000019
10304 0.000004
10305 0.000013
10306 0.000012
10307 0.000028
10308 0.000011
10309 0.000030
10310 0.000005
10311 0.000013
10312 0.000018
10313 0.000011
10314 0.000059
10315 0.000021
10316 0.000021
10317 0.000013
10318 0.000031
10319 0.000008
10320 0.000004
10321 0.000038
10322 0.000015
10323 0.000004
10324 0.000004
10325 0.000019
10326 0.000028
10327 0.000015
10328 0.000009
10329 0.000030
10330 0.000015
10331 0.000007
10332 0.000045
10333 0.000025
10334 0.000040
10335 0.000021
10336 0.000012
10337 0.000006
10338 0.000037
10339 0.000015
10340 0.000018
10341 0.000051
10342 0.000033
10343 0.000015
10344 0.000037
10345 0.000017
10346 0.000032
10347 0.000014
10348 0.000004
10349 0.000020
10350 0.000062
10351 0.000009
10352 0.000010
10353 0.000014
10354 0.000005
10355 0.000018
10356 0.000008
10357 0.000009
10358 0.000004
10359 0.000010
10360 0.000004
10361 0.000010
10362 0.000019
10363 0.000016
10364 0.000011
10365 0.000028
10366 0.000015
10367 0.000014
10368 0.000035
10369 0.000010
10370 0.000010
10371 0.000010
10372 0.000011
10373 0.000019
10374 0.000044
10375 0.000051
10376 0.000019
10377 0.000023
10378 0.000037
10379 0.000015
10380 0.000008
10381 0.000019
10382 0.000021
10383 0.000008
10384 0.000016
10385 0.000016
10386 0.000050
10387 0.000011
10388 0.000007
10389 0.000008
10390 0.000031
10391 0.000011
10392 0.000004
10393 0.000012
10394 0.000033
10395 0.000015
10396 0.000009
10397 0.000015
10398 0.000021
10399 0.000015
10400 0.000009
10401 0.000019
10402 0.000017
10403 0.000014
10404 0.000017
10405 0.000010
10406 0.000011
10407 0.000009
10408 0.000010
10409 0.000004
10410 0.000027
10411 0.000010
10412 0.000015
10413 0.000012
10414 0.000015
10415 0.000022
10416 0.000020
10417 0.000015
10418 0.000021
10419 0.000030
10420 0.000013
10421 0.000004
10422 0.000013
10423 0.000035
10424 0.000014
10425 0.000004
10426 0.000019
10427 0.000004
10428 0.000019
10429 0.000027
10430 0.000011
10431 0.000013
10432 0.000025
10433 0.000029
10434 0.000030
10435 0.000036
10436 0.000020
10437 0.000022
10438 0.000019
10439 0.000010
10440 0.000051
10441 0.000019
10442 0.000033
10443 0.000047
10444 0.000011
10445 0.000004
10446 0.000036
10447 0.000004
10448 0.000016
10449 0.000015
10450 0.000034
10451 0.000014
10452 0.000031
10453 0.000019
10454 0.000020
10455 0.000004
10456 0.000017
10457 0.000018
10458 0.000017
10459 0.000008
10460 0.000021
10461 0.000025
10462 0.000008
10463 0.000014
10464 0.000019
10465 0.000007
10466 0.000009
10467 0.000021
10468 0.000019
10469 0.000022
10470 0.000020
10471 0.000020
10472 0.000013
10473 0.000023
10474 0.000025
10475 0.000058
10476 0.000014
10477 0.000008
10478 0.000023
10479 0.000030
10480 0.000011
10481 0.000004
10482 0.000043
10483 0.000015
10484 0.000052
10485 0.000049
10486 0.000015
10487 0.000024
10488 0.000018
10489 0.000024
10490 0.000045
10491 0.000019
10492 0.000014
10493 0.000016
10494 0.000012
10495 0.000030
10496 0.000062
10497 0.000006
10498 0.000021
10499 0.000022
10500 0.000014
10501 0.000015
10502 0.000027
10503 0.000031
10504 0.000004
10505 0.000007
10506 0.000062
10507 0.000029
10508 0.000016
10509 0.000009
10510 0.000016
10511 0.000028
10512 0.000020
10513 0.000004
10514 0.000022
10515 0.000048
10516 0.000012
10517 0.000009
10518 0.000013
10519 0.000011
10520 0.000031
10521 0.000021
10522 0.000013
10523 0.000016
10524 0.000015
10525 0.000036
10526 0.000028
10527 0.000026
10528 0.000015
10529 0.000004
10530 0.000010
10531 0.000012
10532 0.000016
10533 0.000028
10534 0.000037
10535 0.000022
10536 0.000008
10537 0.000016
10538 0.000004
10539 0.000006
10540 0.000033
10541 0.000016
10542 0.000005
10543 0.000015
10544 0.000010
10545 0.000029
10546 0.000014
10547 0.000018
10548 0.000014
10549 0.000013
10550 0.000011
10551 0.000023
10552 0.000012
10553 0.000020
10554 0.000053
10555 0.000012
10556 0.000007
10557 0.000034
10558 0.000026
10559 0.000007
10560 0.000008
10561 0.000010
10562 0.000009
10563 0.000012
10564 0.000017
10565 0.000006
10566 0.000016
10567 0.000014
10568 0.000006
10569 0.000004
10570 0.000026
10571 0.000015
10572 0.000024
10573 0.000033
10574 0.000025
10575 0.000020
10576 0.000014
10577 0.000030
10578 0.000025
10579 0.000021
10580 0.000025
10581 0.000022
10582 0.000005
10583 0.000037
10584 0.000028
10585 0.000038
10586 0.000013
10587 0.000021
10588 0.000023
10589 0.000004
10590 0.000012
10591 0.000013
10592 0.000026
10593 0.000050
10594 0.000015
10595 0.000009
10596 0.000028
10597 0.000023
10598 0.000010
10599 0.000048
10600 0.000020
10601 0.000011
10602 0.000008
10603 0.000053
10604 0.000022
10605 0.000017
10606 0.000019
10607 0.000026
10608 0.000004
10609 0.000024
10610 0.000018
10611 0.000035
10612 0.000016
10613 0.000013
10614 0.000013
10615 0.000030
10616 0.000014
10617 0.000019
10618 0.000054
10619 0.000016
10620 0.000033
10621 0.000023
10622 0.000013
10623 0.000008
10624 0.000013
10625 0.000021
10626 0.000038
10627 0.000004
10628 0.000005
10629 0.000010
10630 0.000007
10631 0.000016
10632 0.000008
10633 0.000021
10634 0.000014
10635 0.000042
10636 0.000012
10637 0.000025
10638 0.000027
10639 0.000021
10640 0.000025
10641 0.000012
10642 0.000004
10643 0.000020
10644 0.000029
10645 0.000012
10646 0.000013
10647 0.000019
10648 0.000009
10649 0.000050
10650 0.000008
10651 0.000022
10652 0.000005
10653 0.000021
10654 0.000007
10655 0.000035
10656 0.000023
10657 0.000026
10658 0.000011
10659 0.000032
10660 0.000010
10661 0.000019
10662 0.000017
10663 0.000013
10664 0.000011
10665 0.000006
10666 0.000021
10667 0.000034
10668 0.000028
10669 0.000010
10670 0.000011
10671 0.000040
10672 0.000012
10673 0.000011
10674 0.000008
10675 0.000013
10676 0.000040
10677 0.000031
10678 0.000043
10679 0.000023
10680 0.000016
10681 0.000011
10682 0.000010
10683 0.000011
10684 0.000019
10685 0.000014
10686 0.000009
10687 0.000015
10688 0.000032
10689 0.000025
10690 0.000008
10691 0.000019
10692 0.000021
10693 0.000011
10694 0.000044
10695 0.000017
10696 0.000012
10697 0.000028
10698 0.000021
10699 0.000007
10700 0.000004
10701 0.000016
10702 0.000030
10703 0.000044
10704 0.000020
10705 0.000018
10706 0.000015
10707 0.000082
10708 0.000019
10709 0.000027
10710 0.000027
10711 0.000014
10712 0.000009
10713 0.000007
10714 0.000005
10715 0.000016
10716 0.000022
10717 0.000031
10718 0.000021
10719 0.000037
10720 0.000024
10721 0.000008
10722 0.000011
10723 0.000010
10724 0.000022
10725 0.000017
10726 0.000017
10727 0.000010
10728 0.000016
10729 0.000011
10730 0.000014
10731 0.000007
10732 0.000036
10733 0.000018
10734 0.000017
10735 0.000014
10736 0.000012
10737 0.000017
10738 0.000011
10739 0.000014
10740 0.000006
10741 0.000045
10742 0.000007
10743 0.000024
10744 0.000041
10745 0.000014
10746 0.000022
10747 0.000004
10748 0.000015
10749 0.000009
10750 0.000020
10751 0.000008
10752 0.000020
10753 0.000013
10754 0.000007
10755 0.000014
10756 0.000045
10757 0.000016
10758 0.000051
10759 0.000032
10760 0.000070
10761 0.000022
10762 0.000019
10763 0.000015
10764 0.000013
10765 0.000038
10766 0.000023
10767 0.000040
10768 0.000015
10769 0.000012
10770 0.000008
10771 0.000014
10772 0.000026
10773 0.000015
10774 0.000025
10775 0.000014
10776 0.000059
10777 0.000017
10778 0.000005
10779 0.000018
10780 0.000009
10781 0.000009
10782 0.000016
10783 0.000025
10784 0.000009
10785 0.000021
10786 0.000028
10787 0.000006
10788 0.000010
10789 0.000020
10790 0.000015
10791 0.000012
10792 0.000009
10793 0.000004
10794 0.000032
10795 0.000009
10796 0.000051
10797 0.000035
10798 0.000020
10799 0.000020
10800 0.000010
10801 0.000028
10802 0.000031
10803 0.000010
10804 0.000011
10805 0.000056
10806 0.000019
10807 0.000026
10808 0.000009
10809 0.000021
10810 0.000008
10811 0.000017
10812 0.000011
10813 0.000024
10814 0.000017
10815 0.000019
10816 0.000012
10817 0.000012
10818 0.000020
10819 0.000013
10820 0.000013
10821 0.000011
10822 0.000009
10823 0.000028
10824 0.000020
10825 0.000011
10826 0.000018
10827 0.000024
10828 0.000004
10829 0.000029
10830 0.000011
10831 0.000043
10832 0.000006
10833 0.000020
10834 0.000008
10835 0.000011
10836 0.000012
10837 0.000009
10838 0.000016
10839 0.000019
10840 0.000019
10841 0.000014
10842 0.000004
10843 0.000025
10844 0.000012
10845 0.000040
10846 0.000015
10847 0.000040
10848 0.000023
10849 0.000026
10850 0.000009
10851 0.000007
10852 0.000035
10853 0.000040
10854 0.000021
10855 0.000014
10856 0.000016
10857 0.000016
10858 0.000015
10859 0.000043
10860 0.000027
10861 0.000017
10862 0.000020
10863 0.000032
10864 0.000004
10865 0.000019
10866 0.000017
10867 0.000013
10868 0.000016
10869 0.000006
10870 0.000012
10871 0.000012
10872 0.000013
10873 0.000013
10874 0.000017
10875 0.000012
10876 0.000042
10877 0.000034
10878 0.000004
10879 0.000030
10880 0.000019
10881 0.000013
10882 0.000031
10883 0.000011
10884 0.000004
10885 0.000030
10886 0.000009
10887 0.000026
10888 0.000023
10889 0.000008
10890 0.000022
10891 0.000040
10892 0.000024
10893 0.000015
10894 0.000014
10895 0.000021
10896 0.000012
10897 0.000009
10898 0.000010
10899 0.000039
10900 0.000015
10901 0.000016
10902 0.000038
10903 0.000028
10904 0.000016
10905 0.000018
10906 0.000031
10907 0.000012
10908 0.000037
10909 0.000006
10910 0.000022
10911 0.000023
10912 0.000011
10913 0.000013
10914 0.000009
10915 0.000011
10916 0.000033
10917 0.000017
10918 0.000027
10919 0.000028
10920 0.000022
10921 0.000013
10922 0.000035
10923 0.000004
10924 0.000012
10925 0.000018
10926 0.000016
10927 0.000017
10928 0.000025
10929 0.000012
10930 0.000021
10931 0.000023
10932 0.000042
10933 0.000019
10934 0.000029
10935 0.000030
10936 0.000018
10937 0.000004
10938 0.000026
10939 0.000022
10940 0.000017
10941 0.000036
10942 0.000004
10943 0.000010
10944 0.000007
10945 0.000034
10946 0.000006
10947 0.000037
10948 0.000034
10949 0.000014
10950 0.000022
10951 0.000020
10952 0.000016
10953 0.000028
10954 0.000006
10955 0.000007
10956 0.000031
10957 0.000008
10958 0.000014
10959 0.000024
10960 0.000031
10961 0.000012
10962 0.000021
10963 0.000009
10964 0.000019
10965 0.000016
10966 0.000025
10967 0.000030
10968 0.000033
10969 0.000018
10970 0.000018
10971 0.000031
10972 0.000010
10973 0.000006
10974 0.000037
10975 0.000024
10976 0.000023
10977 0.000025
10978 0.000046
10979 0.000004
10980 0.000015
10981 0.000028
10982 0.000018
10983 0.000012
10984 0.000024
10985 0.000006
10986 0.000017
10987 0.000009
10988 0.000016
10989 0.000004
10990 0.000011
10991 0.000038
10992 0.000020
10993 0.000044
10994 0.000036
10995 0.000016
10996 0.000013
10997 0.000008
10998 0.000028
10999 0.000006
11000 0.000006
11001 0.000035
11002 0.000014
11003 0.000012
11004 0.000017
11005 0.000013
11006 0.000040
11007 0.000028
11008 0.000027
11009 0.000029
11010 0.000015
11011 0.000018
11012 0.000016
11013 0.000012
11014 0.000014
11015 0.000034
11016 0.000014
11017 0.000006
11018 0.000022
11019 0.000006
11020 0.000022
11021 0.000010
11022 0.000016
11023 0.000057
11024 0.000027
11025 0.000059
11026 0.000050
11027 0.000008
11028 0.000025
11029 0.000031
11030 0.000024
11031 0.000015
11032 0.000021
11033 0.000008
11034 0.000058
11035 0.000017
11036 0.000028
11037 0.000006
11038 0.000020
11039 0.000012
11040 0.000008
11041 0.000004
11042 0.000036
11043 0.000008
11044 0.000034
11045 0.000020
11046 0.000015
11047 0.000012
11048 0.000006
11049 0.000016
11050 0.000020
11051 0.000010
11052 0.000005
11053 0.000005
11054 0.000029
11055 0.000019
11056 0.000009
11057 0.000013
11058 0.000009
11059 0.000021
11060 0.000021
11061 0.000016
11062 0.000025
11063 0.000029
11064 0.000023
11065 0.000024
11066 0.000039
11067 0.000006
11068 0.000013
11069 0.000017
11070 0.000008
11071 0.000016
11072 0.000032
11073 0.000016
11074 0.000011
11075 0.000015
11076 0.000027
11077 0.000008
11078 0.000014
11079 0.000015
11080 0.000037
11081 0.000020
11082 0.000014
11083 0.000019
11084 0.000011
11085 0.000019
11086 0.000025
11087 0.000043
11088 0.000018
11089 0.000065
11090 0.000018
11091 0.000021
11092 0.000047
11093 0.000035
11094 0.000019
11095 0.000009
11096 0.000024
11097 0.000024
11098 0.000004
11099 0.000026
11100 0.000004
11101 0.000013
11102 0.000021
11103 0.000067
11104 0.000012
11105 0.000004
11106 0.000004
11107 0.000032
11108 0.000022
11109 0.000012
11110 0.000010
11111 0.000021
11112 0.000019
11113 0.000030
11114 0.000029
11115 0.000011
11116 0.000005
11117 0.000008
11118 0.000005
11119 0.000011
11120 0.000008
11121 0.000011
11122 0.000034
11123 0.000014
11124 0.000009
11125 0.000013
11126 0.000031
11127 0.000023
11128 0.000023
11129 0.000026
11130 0.000012
11131 0.000010
11132 0.000023
11133 0.000013
11134 0.000021
11135 0.000027
11136 0.000013
11137 0.000006
11138 0.000008
11139 0.000007
11140 0.000058
11141 0.000008
11142 0.000019
11143 0.000016
11144 0.000021
11145 0.000010
11146 0.000013
11147 0.000021
11148 0.000016
11149 0.000027
11150 0.000018
11151 0.000014
11152 0.000029
11153 0.000042
11154 0.000017
11155 0.000018
11156 0.000013
11157 0.000008
11158 0.000007
11159 0.000006
11160 0.000006
11161 0.000055
11162 0.000004
11163 0.000008
11164 0.000012
11165 0.000020
11166 0.000008
11167 0.000027
11168 0.000012
11169 0.000031
11170 0.000009
11171 0.000019
11172 0.000010
11173 0.000023
11174 0.000008
11175 0.000021
11176 0.000010
11177 0.000020
11178 0.000027
11179 0.000009
11180 0.000032
11181 0.000017
11182 0.000035
11183 0.000024
11184 0.000060
11185 0.000025
11186 0.000030
11187 0.000011
11188 0.000010
11189 0.000029
11190 0.000004
11191 0.000032
11192 0.000005
11193 0.000014
11194 0.000044
11195 0.000011
11196 0.000012
11197 0.000004
11198 0.000022
11199 0.000020
11200 0.000012
11201 0.000041
11202 0.000015
11203 0.000009
11204 0.000004
11205 0.000004
11206 0.000031
11207 0.000027
11208 0.000050
11209 0.000011
11210 0.000013
11211 0.000033
11212 0.000011
11213 0.000021
11214 0.000027
11215 0.000009
11216 0.000012
11217 0.000004
11218 0.000022
11219 0.000022
11220 0.000012
11221 0.000004
11222 0.000035
11223 0.000033
11224 0.000009
11225 0.000005
11226 0.000004
11227 0.000037
11228 0.000009
11229 0.000016
11230 0.000015
11231 0.000026
11232 0.000010
11233 0.000008
11234 0.000009
11235 0.000009
11236 0.000006
11237 0.000006
11238 0.000014
11239 0.000013
11240 0.000006
11241 0.000013
11242 0.000006
11243 0.000021
11244 0.000023
11245 0.000004
11246 0.000029
11247 0.000005
11248 0.000008
11249 0.000035
11250 0.000018
11251 0.000006
11252 0.000069
11253 0.000036
11254 0.000014
11255 0.000019
11256 0.000016
11257 0.000023
11258 0.000030
11259 0.000008
11260 0.000008
11261 0.000017
11262 0.000013
11263 0.000009
11264 0.000004
11265 0.000007
11266 0.000011
11267 0.000066
11268 0.000016
11269 0.000036
11270 0.000009
11271 0.000070
11272 0.000009
11273 0.000026
11274 0.000007
11275 0.000005
11276 0.000032
11277 0.000012
11278 0.000017
11279 0.000025
11280 0.000022
11281 0.000023
11282 0.000031
11283 0.000007
11284 0.000026
11285 0.000021
11286 0.000017
11287 0.000025
11288 0.000022
11289 0.000016
11290 0.000007
11291 0.000012
11292 0.000009
11293 0.000008
11294 0.000009
11295 0.000029
11296 0.000025
11297 0.000038
11298 0.000010
11299 0.000004
11300 0.000017
11301 0.000004
11302 0.000036
11303 0.000017
11304 0.000034
11305 0.000016
11306 0.000008
11307 0.000029
11308 0.000013
11309 0.000027
11310 0.000032
11311 0.000015
11312 0.000027
11313 0.000045
11314 0.000023
11315 0.000006
11316 0.000013
11317 0.000010
11318 0.000023
11319 0.000038
11320 0.000006
11321 0.000026
11322 0.000022
11323 0.000021
11324 0.000028
11325 0.000021
11326 0.000009
11327 0.000004
11328 0.000036
11329 0.000019
11330 0.000025
11331 0.000010
11332 0.000022
11333 0.000027
11334 0.000009
11335 0.000027
11336 0.000004
11337 0.000032
11338 0.000012
11339 0.000013
11340 0.000010
11341 0.000025
11342 0.000019
11343 0.000022
11344 0.000014
11345 0.000047
11346 0.000034
11347 0.000015
11348 0.000020
11349 0.000014
11350 0.000088
11351 0.000004
11352 0.000017
11353 0.000008
11354 0.000023
11355 0.000004
11356 0.000026
11357 0.000024
11358 0.000028
11359 0.000022
11360 0.000056
11361 0.000016
11362 0.000015
11363 0.000010
11364 0.000022
11365 0.000015
11366 0.000013
11367 0.000005
11368 0.000021
11369 0.000037
11370 0.000013
11371 0.000008
11372 0.000030
11373 0.000006
11374 0.000010
11375 0.000010
11376 0.000030
11377 0.000013
11378 0.000026
11379 0.000014
11380 0.000027
11381 0.000010
11382 0.000014
11383 0.000042
11384 0.000032
11385 0.000011
11386 0.000027
11387 0.000019
11388 0.000014
11389 0.000024
11390 0.000016
11391 0.000011
11392 0.000012
11393 0.000063
11394 0.000042
11395 0.000025
11396 0.000031
11397 0.000019
11398 0.000020
11399 0.000007
11400 0.000004
11401 0.000023
11402 0.000009
11403 0.000009
11404 0.000042
11405 0.000009
11406 0.000004
11407 0.000026
11408 0.000009
11409 0.000037
11410 0.000046
11411 0.000028
11412 0.000034
11413 0.000023
11414 0.000053
11415 0.000011
11416 0.000036
11417 0.000009
11418 0.000016
11419 0.000018
11420 0.000039
11421 0.000015
11422 0.000018
11423 0.000013
11424 0.000007
11425 0.000023
11426 0.000026
11427 0.000017
11428 0.000016
11429 0.000018
11430 0.000012
11431 0.000042
11432 0.000022
11433 0.000010
11434 0.000021
11435 0.000011
11436 0.000024
11437 0.000029
11438 0.000015
11439 0.000013
11440 0.000004
11441 0.000016
11442 0.000025
11443 0.000007
11444 0.000016
11445 0.000051
11446 0.000007
11447 0.000013
11448 0.000013
11449 0.000059
11450 0.000021
11451 0.000018
11452 0.000017
11453 0.000023
11454 0.000017
11455 0.000008
11456 0.000038
11457 0.000009
11458 0.000031
11459 0.000019
11460 0.000054
11461 0.000008
11462 0.000053
11463 0.000016
11464 0.000011
11465 0.000006
11466 0.000027
11467 0.000052
11468 0.000004
11469 0.000044
11470 0.000016
11471 0.000015
11472 0.000006
11473 0.000006
11474 0.000015
11475 0.000023
11476 0.000013
11477 0.000029
11478 0.000023
11479 0.000018
11480 0.000013
11481 0.000031
11482 0.000038
11483 0.000007
11484 0.000009
11485 0.000023
11486 0.000004
11487 0.000012
11488 0.000012
11489 0.000014
11490 0.000020
11491 0.000012
11492 0.000004
11493 0.000025
11494 0.000025
11495 0.000004
11496 0.000014
11497 0.000015
11498 0.000023
11499 0.000008
11500 0.000007
11501 0.000020
11502 0.000025
11503 0.000019
11504 0.000011
11505 0.000020
11506 0.000010
11507 0.000018
11508 0.000020
11509 0.000008
11510 0.000034
11511 0.000026
11512 0.000010
11513 0.000013
11514 0.000008
11515 0.000037
11516 0.000029
11517 0.000046
11518 0.000024
11519 0.000022
11520 0.000013
11521 0.000038
11522 0.000004
11523 0.000025
11524 0.000008
11525 0.000029
11526 0.000006
11527 0.000007
11528 0.000012
11529 0.000029
11530 0.000040
11531 0.000019
11532 0.000016
11533 0.000010
11534 0.000018
11535 0.000014
11536 0.000029
11537 0.000059
11538 0.000020
11539 0.000004
11540 0.000008
11541 0.000014
11542 0.000016
11543 0.000052
11544 0.000032
11545 0.000010
11546 0.000014
11547 0.000035
11548 0.000014
11549 0.000028
11550 0.000010
11551 0.000014
11552 0.000067
11553 0.000025
11554 0.000006
11555 0.000018
11556 0.000021
11557 0.000029
11558 0.000014
11559 0.000020
11560 0.000024
11561 0.000004
11562 0.000011
11563 0.000021
11564 0.000004
11565 0.000010
11566 0.000019
11567 0.000012
11568 0.000014
11569 0.000018
11570 0.000023
11571 0.000012
11572 0.000030
11573 0.000021
11574 0.000012
11575 0.000011
11576 0.000015
11577 0.000041
11578 0.000007
11579 0.000007
11580 0.000009
11581 0.000037
11582 0.000012
11583 0.000026
11584 0.000025
11585 0.000039
11586 0.000038
11587 0.000010
11588 0.000022
11589 0.000015
11590 0.000004
11591 0.000030
11592 0.000040
11593 0.000014
11594 0.000007
11595 0.000018
11596 0.000022
11597 0.000019
11598 0.000008
11599 0.000004
11600 0.000009
11601 0.000016
11602 0.000010
11603 0.000016
11604 0.000006
11605 0.000025
11606 0.000011
11607 0.000007
11608 0.000022
11609 0.000034
11610 0.000009
11611 0.000020
11612 0.000011
11613 0.000017
11614 0.000015
11615 0.000026
11616 0.000006
11617 0.000025
11618 0.000026
11619 0.000031
11620 0.000022
11621 0.000025
11622 0.000025
11623 0.000011
11624 0.000018
11625 0.000027
11626 0.000021
11627 0.000046
11628 0.000022
11629 0.000015
11630 0.000022
11631 0.000037
11632 0.000009
11633 0.000009
11634 0.000022
11635 0.000031
11636 0.000013
11637 0.000029
11638 0.000014
11639 0.000004
11640 0.000056
11641 0.000021
11642 0.000004
11643 0.000004
11644 0.000008
11645 0.000040
11646 0.000022
11647 0.000013
11648 0.000016
11649 0.000015
11650 0.000033
11651 0.000026
11652 0.000020
11653 0.000015
11654 0.000014
11655 0.000037
11656 0.000019
11657 0.000018
11658 0.000016
11659 0.000073
11660 0.000015
11661 0.000030
11662 0.000018
11663 0.000031
11664 0.000015
11665 0.000054
11666 0.000024
11667 0.000006
11668 0.000013
11669 0.000014
11670 0.000014
11671 0.000004
11672 0.000004
11673 0.000013
11674 0.000006
11675 0.000017
11676 0.000025
11677 0.000005
11678 0.000019
11679 0.000026
11680 0.000020
11681 0.000032
11682 0.000044
11683 0.000029
11684 0.000022
11685 0.000006
11686 0.000007
11687 0.000061
11688 0.000005
11689 0.000004
11690 0.000013
11691 0.000013
11692 0.000017
11693 0.000006
11694 0.000019
11695 0.000022
11696 0.000019
11697 0.000017
11698 0.000005
11699 0.000015
11700 0.000011
11701 0.000014
11702 0.000007
11703 0.000030
11704 0.000012
11705 0.000004
11706 0.000006
11707 0.000011
11708 0.000025
11709 0.000004
11710 0.000011
11711 0.000006
11712 0.000013
11713 0.000015
11714 0.000063
11715 0.000018
11716 0.000031
11717 0.000023
11718 0.000021
11719 0.000008
11720 0.000012
11721 0.000063
11722 0.000017
11723 0.000011
11724 0.000012
11725 0.000026
11726 0.000028
11727 0.000008
11728 0.000008
11729 0.000023
11730 0.000038
11731 0.000009
11732 0.000027
11733 0.000018
11734 0.000011
11735 0.000004
11736 0.000029
11737 0.000033
11738 0.000004
11739 0.000015
11740 0.000019
11741 0.000014
11742 0.000050
11743 0.000012
11744 0.000012
11745 0.000011
11746 0.000019
11747 0.000008
11748 0.000020
11749 0.000017
11750 0.000018
11751 0.000010
11752 0.000008
11753 0.000016
11754 0.000008
11755 0.000040
11756 0.000011
11757 0.000007
11758 0.000033
11759 0.000029
11760 0.000013
11761 0.000025
11762 0.000021
11763 0.000023
11764 0.000015
11765 0.000004
11766 0.000009
11767 0.000071
11768 0.000013
11769 0.000022
11770 0.000009
11771 0.000010
11772 0.000035
11773 0.000012
11774 0.000020
11775 0.000024
11776 0.000040
11777 0.000013
11778 0.000023
11779 0.000028
11780 0.000027
11781 0.000018
11782 0.000009
11783 0.000009
11784 0.000016
11785 0.000019
11786 0.000013
11787 0.000012
11788 0.000012
11789 0.000016
11790 0.000027
11791 0.000039
11792 0.000018
11793 0.000023
11794 0.000047
11795 0.000023
11796 0.000009
11797 0.000021
11798 0.000057
11799 0.000014
11800 0.000018
11801 0.000029
11802 0.000035
11803 0.000017
11804 0.000007
11805 0.000004
11806 0.000024
11807 0.000010
11808 0.000018
11809 0.000012
11810 0.000015
11811 0.000029
11812 0.000007
11813 0.000051
11814 0.000049
11815 0.000059
11816 0.000023
11817 0.000014
11818 0.000037
11819 0.000021
11820 0.000015
11821 0.000044
11822 0.000052
11823 0.000014
11824 0.000033
11825 0.000005
11826 0.000044
11827 0.000041
11828 0.000008
11829 0.000006
11830 0.000017
11831 0.000009
11832 0.000029
11833 0.000033
11834 0.000017
11835 0.000018
11836 0.000047
11837 0.000028
11838 0.000017
11839 0.000013
11840 0.000039
11841 0.000046
11842 0.000023
11843 0.000017
11844 0.000044
11845 0.000004
11846 0.000020
11847 0.000006
11848 0.000041
11849 0.000012
11850 0.000028
11851 0.000044
11852 0.000011
11853 0.000011
11854 0.000038
11855 0.000042
11856 0.000019
11857 0.000032
11858 0.000033
11859 0.000007
11860 0.000018
11861 0.000018
11862 0.000014
11863 0.000005
11864 0.000024
11865 0.000019
11866 0.000007
11867 0.000023
11868 0.000014
11869 0.000007
11870 0.000034
11871 0.000018
11872 0.000005
11873 0.000051
11874 0.000012
11875 0.000014
11876 0.000005
11877 0.000021
11878 0.000023
11879 0.000015
11880 0.000020
11881 0.000006
11882 0.000020
11883 0.000015
11884 0.000020
11885 0.000019
11886 0.000015
11887 0.000015
11888 0.000007
11889 0.000017
11890 0.000038
11891 0.000008
11892 0.000015
11893 0.000059
11894 0.000009
11895 0.000035
11896 0.000023
11897 0.000032
11898 0.000010
11899 0.000031
11900 0.000035
11901 0.000012
11902 0.000009
11903 0.000029
11904 0.000007
11905 0.000014
11906 0.000018
11907 0.000029
11908 0.000020
11909 0.000019
11910 0.000045
11911 0.000019
11912 0.000004
11913 0.000034
11914 0.000027
11915 0.000046
11916 0.000024
11917 0.000008
11918 0.000004
11919 0.000020
11920 0.000024
11921 0.000035
11922 0.000022
11923 0.000009
11924 0.000008
11925 0.000032
11926 0.000007
11927 0.000013
11928 0.000004
11929 0.000013
11930 0.000018
11931 0.000022
11932 0.000010
11933 0.000008
11934 0.000014
11935 0.000012
11936 0.000054
11937 0.000016
11938 0.000005
11939 0.000084
11940 0.000010
11941 0.000005
11942 0.000010
11943 0.000025
11944 0.000042
11945 0.000017
11946 0.000015
11947 0.000020
11948 0.000011
11949 0.000014
11950 0.000031
11951 0.000026
11952 0.000052
11953 0.000035
11954 0.000019
11955 0.000044
11956 0.000005
11957 0.000035
11958 0.000018
11959 0.000028
11960 0.000013
11961 0.000061
11962 0.000008
11963 0.000008
11964 0.000004
11965 0.000012
11966 0.000006
11967 0.000017
11968 0.000013
11969 0.000019
11970 0.000007
11971 0.000012
11972 0.000004
11973 0.000076
11974 0.000012
11975 0.000009
11976 0.000009
11977 0.000008
11978 0.000016
11979 0.000029
11980 0.000053
11981 0.000014
11982 0.000007
11983 0.000016
11984 0.000036
11985 0.000011
11986 0.000038
11987 0.000022
11988 0.000008
11989 0.000015
11990 0.000026
11991 0.000011
11992 0.000009
11993 0.000022
11994 0.000010
11995 0.000049
11996 0.000017
11997 0.000021
11998 0.000021
11999 0.000032
12000 0.000017
12001 0.000019
12002 0.000008
12003 0.000012
12004 0.000036
12005 0.000009
12006 0.000051
12007 0.000008
12008 0.000019
12009 0.000015
12010 0.000008
12011 0.000021
12012 0.000021
12013 0.000031
12014 0.000027
12015 0.000005
12016 0.000022
12017 0.000015
12018 0.000007
12019 0.000019
12020 0.000051
12021 0.000029
12022 0.000027
12023 0.000057
12024 0.000024
12025 0.000007
12026 0.000010
12027 0.000026
12028 0.000032
12029 0.000038
12030 0.000018
12031 0.000013
12032 0.000015
12033 0.000009
12034 0.000027
12035 0.000012
12036 0.000015
12037 0.000014
12038 0.000024
12039 0.000025
12040 0.000016
12041 0.000038
12042 0.000008
12043 0.000007
12044 0.000046
12045 0.000017
12046 0.000014
12047 0.000005
12048 0.000040
12049 0.000004
12050 0.000017
12051 0.000034
12052 0.000024
12053 0.000022
12054 0.000010
12055 0.000012
12056 0.000040
12057 0.000008
12058 0.000017
12059 0.000022
12060 0.000009
12061 0.000012
12062 0.000015
12063 0.000015
12064 0.000025
12065 0.000011
12066 0.000040
12067 0.000015
12068 0.000004
12069 0.000022
12070 0.000012
12071 0.000017
12072 0.000041
12073 0.000026
12074 0.000026
12075 0.000012
12076 0.000011
12077 0.000006
12078 0.000014
12079 0.000008
12080 0.000015
12081 0.000023
12082 0.000021
12083 0.000011
12084 0.000013
12085 0.000019
12086 0.000013
12087 0.000022
12088 0.000008
12089 0.000014
12090 0.000029
12091 0.000031
12092 0.000025
12093 0.000009
12094 0.000020
12095 0.000022
12096 0.000020
12097 0.000006
12098 0.000004
12099 0.000012
12100 0.000005
12101 0.000033
12102 0.000046
12103 0.000045
12104 0.000034
12105 0.000008
12106 0.000059
12107 0.000012
12108 0.000011
12109 0.000065
12110 0.000019
12111 0.000015
12112 0.000010
12113 0.000035
12114 0.000008
12115 0.000012
12116 0.000024
12117 0.000008
12118 0.000014
12119 0.000017
12120 0.000016
12121 0.000030
12122 0.000030
12123 0.000040
12124 0.000035
12125 0.000025
12126 0.000012
12127 0.000040
12128 0.000011
12129 0.000023
12130 0.000022
12131 0.000027
12132 0.000045
12133 0.000029
12134 0.000038
12135 0.000025
12136 0.000008
12137 0.000030
12138 0.000039
12139 0.000008
12140 0.000031
12141 0.000013
12142 0.000025
12143 0.000019
12144 0.000017
12145 0.000017
12146 0.000009
12147 0.000006
12148 0.000011
12149 0.000020
12150 0.000023
12151 0.000023
12152 0.000012
12153 0.000009
12154 0.000024
12155 0.000004
12156 0.000012
12157 0.000017
12158 0.000018
12159 0.000036
12160 0.000004
12161 0.000040
12162 0.000024
12163 0.000027
12164 0.000006
12165 0.000010
12166 0.000022
12167 0.000043
12168 0.000027
12169 0.000036
12170 0.000012
12171 0.000011
12172 0.000019
12173 0.000012
12174 0.000035
12175 0.000037
12176 0.000014
12177 0.000020
12178 0.000018
12179 0.000011
12180 0.000005
12181 0.000008
12182 0.000019
12183 0.000035
12184 0.000015
12185 0.000028
12186 0.000051
12187 0.000015
12188 0.000013
12189 0.000044
12190 0.000037
12191 0.000034
12192 0.000020
12193 0.000007
12194 0.000028
12195 0.000023
12196 0.000010
12197 0.000012
12198 0.000020
12199 0.000030
12200 0.000061
12201 0.000043
12202 0.000042
12203 0.000005
12204 0.000011
12205 0.000017
12206 0.000006
12207 0.000042
12208 0.000015
12209 0.000023
12210 0.000038
12211 0.000025
12212 0.000025
12213 0.000014
12214 0.000032
12215 0.000021
12216 0.000024
12217 0.000096
12218 0.000025
12219 0.000049
12220 0.000039
12221 0.000029
12222 0.000021
12223 0.000012
12224 0.000014
12225 0.000011
12226 0.000048
12227 0.000036
12228 0.000009
12229 0.000034
12230 0.000054
12231 0.000032
12232 0.000008
12233 0.000012
12234 0.000010
12235 0.000028
12236 0.000005
12237 0.000024
12238 0.000024
12239 0.000011
12240 0.000018
12241 0.000019
12242 0.000025
12243 0.000010
12244 0.000006
12245 0.000018
12246 0.000027
12247 0.000030
12248 0.000038
12249 0.000019
12250 0.000043
12251 0.000024
12252 0.000023
12253 0.000008
12254 0.000047
12255 0.000015
12256 0.000009
12257 0.000030
12258 0.000006
12259 0.000047
12260 0.000009
12261 0.000004
12262 0.000024
12263 0.000005
12264 0.000031
12265 0.000020
12266 0.000040
12267 0.000010
12268 0.000021
12269 0.000016
12270 0.000040
12271 0.000036
12272 0.000012
12273 0.000006
12274 0.000032
12275 0.000016
12276 0.000031
12277 0.000022
12278 0.000020
12279 0.000032
12280 0.000034
12281 0.000023
12282 0.000004
12283 0.000032
12284 0.000008
12285 0.000020
12286 0.000004
12287 0.000021
12288 0.000008
12289 0.000027
12290 0.000026
12291 0.000018
12292 0.000064
12293 0.000031
12294 0.000012
12295 0.000006
12296 0.000027
12297 0.000005
12298 0.000011
12299 0.000028
12300 0.000007
12301 0.000011
12302 0.000010
12303 0.000042
12304 0.000018
12305 0.000014
12306 0.000021
12307 0.000004
12308 0.000008
12309 0.000010
12310 0.000023
12311 0.000007
12312 0.000031
12313 0.000009
12314 0.000017
12315 0.000025
12316 0.000012
12317 0.000012
12318 0.000022
12319 0.000052
12320 0.000036
12321 0.000005
12322 0.000020
12323 0.000024
12324 0.000016
12325 0.000030
12326 0.000024
12327 0.000032
12328 0.000022
12329 0.000021
12330 0.000010
12331 0.000027
12332 0.000006
12333 0.000021
12334 0.000031
12335 0.000030
12336 0.000038
12337 0.000004
12338 0.000025
12339 0.000010
12340 0.000078
12341 0.000033
12342 0.000026
12343 0.000037
12344 0.000035
12345 0.000019
12346 0.000016
12347 0.000034
12348 0.000057
12349 0.000017
12350 0.000007
12351 0.000027
12352 0.000034
12353 0.000006
12354 0.000025
12355 0.000021
12356 0.000012
12357 0.000011
12358 0.000013
12359 0.000032
12360 0.000015
12361 0.000031
12362 0.000010
12363 0.000030
12364 0.000023
12365 0.000016
12366 0.000016
12367 0.000013
12368 0.000007
12369 0.000015
12370 0.000004
12371 0.000030
12372 0.000026
12373 0.000023
12374 0.000048
12375 0.000007
12376 0.000028
12377 0.000022
12378 0.000020
12379 0.000017
12380 0.000014
12381 0.000027
12382 0.000015
12383 0.000008
12384 0.000017
12385 0.000011
12386 0.000022
12387 0.000004
12388 0.000011
12389 0.000042
12390 0.000028
12391 0.000025
12392 0.000049
12393 0.000009
12394 0.000004
12395 0.000071
12396 0.000043
12397 0.000015
12398 0.000004
12399 0.000007
12400 0.000015
12401 0.000018
12402 0.000040
12403 0.000019
12404 0.000016
12405 0.000022
12406 0.000007
12407 0.000014
12408 0.000004
12409 0.000015
12410 0.000012
12411 0.000019
12412 0.000013
12413 0.000007
12414 0.000026
12415 0.000018
12416 0.000034
12417 0.000052
12418 0.000013
12419 0.000006
12420 0.000010
12421 0.000013
12422 0.000016
12423 0.000047
12424 0.000043
12425 0.000015
12426 0.000012
12427 0.000015
12428 0.000017
12429 0.000005
12430 0.000010
12431 0.000017
12432 0.000010
12433 0.000021
12434 0.000004
12435 0.000018
12436 0.000023
12437 0.000029
12438 0.000004
12439 0.000011
12440 0.000039
12441 0.000014
12442 0.000036
12443 0.000038
12444 0.000024
12445 0.000035
12446 0.000029
12447 0.000028
12448 0.000036
12449 0.000051
12450 0.000042
12451 0.000021
12452 0.000030
12453 0.000015
12454 0.000014
12455 0.000033
12456 0.000018
12457 0.000011
12458 0.000017
12459 0.000004
12460 0.000016
12461 0.000004
12462 0.000025
12463 0.000029
12464 0.000017
12465 0.000009
12466 0.000021
12467 0.000027
12468 0.000015
12469 0.000015
12470 0.000009
12471 0.000015
12472 0.000022
12473 0.000008
12474 0.000004
12475 0.000054
12476 0.000014
12477 0.000030
12478 0.000010
12479 0.000010
12480 0.000017
12481 0.000036
12482 0.000062
12483 0.000045
12484 0.000020
12485 0.000010
12486 0.000011
12487 0.000015
12488 0.000028
12489 0.000019
12490 0.000010
12491 0.000012
12492 0.000019
12493 0.000017
12494 0.000008
12495 0.000012
12496 0.000013
12497 0.000024
12498 0.000005
12499 0.000020
12500 0.000010
12501 0.000017
12502 0.000014
12503 0.000014
12504 0.000029
12505 0.000025
12506 0.000016
12507 0.000010
12508 0.000005
12509 0.000008
12510 0.000020
12511 0.000030
12512 0.000011
12513 0.000015
12514 0.000021
12515 0.000011
12516 0.000026
12517 0.000019
12518 0.000012
12519 0.000008
12520 0.000022
12521 0.000018
12522 0.000025
12523 0.000022
12524 0.000016
12525 0.000021
12526 0.000013
12527 0.000015
12528 0.000009
12529 0.000021
12530 0.000009
12531 0.000034
12532 0.000010
12533 0.000014
12534 0.000016
12535 0.000008
12536 0.000019
12537 0.000021
12538 0.000024
12539 0.000004
12540 0.000014
12541 0.000024
12542 0.000044
12543 0.000014
12544 0.000019
12545 0.000028
12546 0.000017
12547 0.000004
12548 0.000004
12549 0.000023
12550 0.000014
12551 0.000018
12552 0.000012
12553 0.000032
12554 0.000015
12555 0.000031
12556 0.000021
12557 0.000024
12558 0.000011
12559 0.000021
12560 0.000009
12561 0.000016
12562 0.000031
12563 0.000006
12564 0.000010
12565 0.000024
12566 0.000024
12567 0.000020
12568 0.000004
12569 0.000016
12570 0.000011
12571 0.000005
12572 0.000038
12573 0.000008
12574 0.000023
12575 0.000005
12576 0.000021
12577 0.000007
12578 0.000033
12579 0.000015
12580 0.000011
12581 0.000004
12582 0.000016
12583 0.000018
12584 0.000010
12585 0.000014
12586 0.000027
12587 0.000023
12588 0.000020
12589 0.000007
12590 0.000019
12591 0.000027
12592 0.000039
12593 0.000018
12594 0.000021
12595 0.000014
12596 0.000020
12597 0.000024
12598 0.000013
12599 0.000017
12600 0.000019
12601 0.000016
12602 0.000004
12603 0.000036
12604 0.000011
12605 0.000006
12606 0.000008
12607 0.000022
12608 0.000021
12609 0.000010
12610 0.000011
12611 0.000032
12612 0.000007
12613 0.000022
12614 0.000037
12615 0.000024
12616 0.000045
12617 0.000019
12618 0.000035
12619 0.000017
12620 0.000010
12621 0.000014
12622 0.000013
12623 0.000013
12624 0.000057
12625 0.000025
12626 0.000006
12627 0.000017
12628 0.000018
12629 0.000043
12630 0.000014
12631 0.000011
12632 0.000037
12633 0.000016
12634 0.000004
12635 0.000010
12636 0.000009
12637 0.000004
12638 0.000018
12639 0.000038
12640 0.000016
12641 0.000011
12642 0.000055
12643 0.000023
12644 0.000043
12645 0.000009
12646 0.000032
12647 0.000013
12648 0.000025
12649 0.000008
12650 0.000028
12651 0.000009
12652 0.000009
12653 0.000009
12654 0.000020
12655 0.000016
12656 0.000004
12657 0.000004
12658 0.000018
12659 0.000015
12660 0.000068
12661 0.000018
12662 0.000011
12663 0.000033
12664 0.000032
12665 0.000013
12666 0.000041
12667 0.000022
12668 0.000035
12669 0.000011
12670 0.000007
12671 0.000046
12672 0.000044
12673 0.000025
12674 0.000007
12675 0.000040
12676 0.000008
12677 0.000027
12678 0.000006
12679 0.000021
12680 0.000005
12681 0.000013
12682 0.000008
12683 0.000038
12684 0.000030
12685 0.000028
12686 0.000014
12687 0.000005
12688 0.000039
12689 0.000020
12690 0.000035
12691 0.000021
12692 0.000038
12693 0.000057
12694 0.000025
12695 0.000018
12696 0.000023
12697 0.000010
12698 0.000013
12699 0.000019
12700 0.000020
12701 0.000011
12702 0.000008
12703 0.000017
12704 0.000054
12705 0.000016
12706 0.000012
12707 0.000004
12708 0.000013
12709 0.000015
12710 0.000015
12711 0.000013
12712 0.000016
12713 0.000023
12714 0.000029
12715 0.000022
12716 0.000024
12717 0.000017
12718 0.000030
12719 0.000034
12720 0.000019
12721 0.000030
12722 0.000012
12723 0.000011
12724 0.000012
12725 0.000058
12726 0.000012
12727 0.000016
12728 0.000039
12729 0.000027
12730 0.000019
12731 0.000036
12732 0.000033
12733 0.000021
12734 0.000033
12735 0.000025
12736 0.000018
12737 0.000036
12738 0.000004
12739 0.000014
12740 0.000036
12741 0.000026
12742 0.000025
12743 0.000014
12744 0.000019
12745 0.000018
12746 0.000009
12747 0.000019
12748 0.000025
12749 0.000038
12750 0.000018
12751 0.000009
12752 0.000007
12753 0.000007
12754 0.000009
12755 0.000009
12756 0.000018
12757 0.000020
12758 0.000024
12759 0.000026
12760 0.000018
12761 0.000092
12762 0.000025
12763 0.000028
12764 0.000010
12765 0.000027
12766 0.000012
12767 0.000009
12768 0.000033
12769 0.000015
12770 0.000009
12771 0.000051
12772 0.000015
12773 0.000016
12774 0.000010
12775 0.000011
12776 0.000043
12777 0.000027
12778 0.000032
12779 0.000015
12780 0.000041
12781 0.000030
12782 0.000004
12783 0.000004
12784 0.000043
12785 0.000024
12786 0.000011
12787 0.000048
12788 0.000042
12789 0.000021
12790 0.000019
12791 0.000013
12792 0.000016
12793 0.000022
12794 0.000018
12795 0.000024
12796 0.000005
12797 0.000006
12798 0.000015
12799 0.000011
12800 0.000009
12801 0.000031
12802 0.000010
12803 0.000004
12804 0.000041
12805 0.000020
12806 0.000021
12807 0.000054
12808 0.000009
12809 0.000035
12810 0.000029
12811 0.000048
12812 0.000012
12813 0.000013
12814 0.000012
12815 0.000008
12816 0.000059
12817 0.000022
12818 0.000016
12819 0.000011
12820 0.000007
12821 0.000007
12822 0.000013
12823 0.000009
12824 0.000044
12825 0.000009
12826 0.000007
12827 0.000019
12828 0.000034
12829 0.000006
12830 0.000034
12831 0.000025
12832 0.000013
12833 0.000022
12834 0.000032
12835 0.000011
12836 0.000020
12837 0.000010
12838 0.000026
12839 0.000021
12840 0.000005
12841 0.000016
12842 0.000030
12843 0.000007
12844 0.000043
12845 0.000024
12846 0.000030
12847 0.000015
12848 0.000020
12849 0.000013
12850 0.000033
12851 0.000009
12852 0.000010
12853 0.000004
12854 0.000035
12855 0.000032
12856 0.000044
12857 0.000022
12858 0.000026
12859 0.000011
12860 0.000015
12861 0.000044
12862 0.000013
12863 0.000021
12864 0.000050
12865 0.000006
12866 0.000013
12867 0.000012
12868 0.000009
12869 0.000016
12870 0.000013
12871 0.000031
12872 0.000009
12873 0.000005
12874 0.000030
12875 0.000008
12876 0.000018
12877 0.000016
12878 0.000016
12879 0.000027
12880 0.000031
12881 0.000029
12882 0.000046
12883 0.000014
12884 0.000013
12885 0.000020
12886 0.000008
12887 0.000028
12888 0.000008
12889 0.000035
12890 0.000011
12891 0.000033
12892 0.000007
12893 0.000021
12894 0.000020
12895 0.000004
12896 0.000008
12897 0.000014
12898 0.000014
12899 0.000037
12900 0.000023
12901 0.000041
12902 0.000009
12903 0.000043
12904 0.000030
12905 0.000015
12906 0.000036
12907 0.000029
12908 0.000017
12909 0.000017
12910 0.000035
12911 0.000010
12912 0.000025
12913 0.000012
12914 0.000020
12915 0.000051
12916 0.000011
12917 0.000004
12918 0.000010
12919 0.000044
12920 0.000012
12921 0.000040
12922 0.000027
12923 0.000013
12924 0.000022
12925 0.000020
12926 0.000004
12927 0.000018
12928 0.000019
12929 0.000009
12930 0.000030
12931 0.000012
12932 0.000009
12933 0.000018
12934 0.000005
12935 0.000021
12936 0.000017
12937 0.000013
12938 0.000014
12939 0.000018
12940 0.000026
12941 0.000028
12942 0.000011
12943 0.000008
12944 0.000004
12945 0.000023
12946 0.000009
12947 0.000019
12948 0.000015
12949 0.000008
12950 0.000029
12951 0.000010
12952 0.000011
12953 0.000009
12954 0.000009
12955 0.000023
12956 0.000031
12957 0.000016
12958 0.000012
12959 0.000023
12960 0.000004
12961 0.000025
12962 0.000017
12963 0.000004
12964 0.000026
12965 0.000012
12966 0.000011
12967 0.000061
12968 0.000016
12969 0.000012
12970 0.000012
12971 0.000046
12972 0.000024
12973 0.000044
12974 0.000005
12975 0.000012
12976 0.000013
12977 0.000016
12978 0.000021
12979 0.000004
12980 0.000028
12981 0.000023
12982 0.000013
12983 0.000025
12984 0.000012
12985 0.000025
12986 0.000007
12987 0.000008
12988 0.000007
12989 0.000039
12990 0.000027
12991 0.000015
12992 0.000019
12993 0.000054
12994 0.000009
12995 0.000010
12996 0.000018
12997 0.000011
12998 0.000010
12999 0.000025
13000 0.000010
13001 0.000045
13002 0.000023
13003 0.000006
13004 0.000029
13005 0.000004
13006 0.000011
13007 0.000015
13008 0.000025
13009 0.000036
13010 0.000026
13011 0.000018
13012 0.000026
13013 0.000010
13014 0.000010
13015 0.000025
13016 0.000006
13017 0.000013
13018 0.000011
13019 0.000058
13020 0.000025
13021 0.000009
13022 0.000012
13023 0.000021
13024 0.000007
13025 0.000012
13026 0.000014
13027 0.000004
13028 0.000013
13029 0.000013
13030 0.000029
13031 0.000023
13032 0.000025
13033 0.000028
13034 0.000006
13035 0.000017
13036 0.000014
13037 0.000007
13038 0.000007
13039 0.000006
13040 0.000022
13041 0.000035
13042 0.000024
13043 0.000050
13044 0.000004
13045 0.000009
13046 0.000028
13047 0.000018
13048 0.000015
13049 0.000025
13050 0.000023
13051 0.000011
13052 0.000010
13053 0.000014
13054 0.000019
13055 0.000018
13056 0.000017
13057 0.000030
13058 0.000027
13059 0.000016
13060 0.000016
13061 0.000036
13062 0.000027
13063 0.000010
13064 0.000020
13065 0.000044
13066 0.000008
13067 0.000005
13068 0.000013
13069 0.000027
13070 0.000004
13071 0.000010
13072 0.000020
13073 0.000033
13074 0.000010
13075 0.000026
13076 0.000011
13077 0.000004
13078 0.000016
13079 0.000011
13080 0.000008
13081 0.000018
13082 0.000009
13083 0.000017
13084 0.000020
13085 0.000028
13086 0.000013
13087 0.000040
13088 0.000020
13089 0.000008
13090 0.000010
13091 0.000022
13092 0.000011
13093 0.000004
13094 0.000005
13095 0.000010
13096 0.000027
13097 0.000009
13098 0.000004
13099 0.000004
13100 0.000036
13101 0.000016
13102 0.000024
13103 0.000048
13104 0.000012
13105 0.000006
13106 0.000022
13107 0.000015
13108 0.000008
13109 0.000011
13110 0.000023
13111 0.000015
13112 0.000035
13113 0.000040
13114 0.000006
13115 0.000010
13116 0.000027
13117 0.000004
13118 0.000052
13119 0.000017
13120 0.000009
13121 0.000015
13122 0.000005
13123 0.000014
13124 0.000036
13125 0.000004
13126 0.000012
13127 0.000037
13128 0.000010
13129 0.000011
13130 0.000004
13131 0.000012
13132 0.000009
13133 0.000013
13134 0.000011
13135 0.000006
13136 0.000004
13137 0.000047
13138 0.000021
13139 0.000022
13140 0.000025
13141 0.000022
13142 0.000010
13143 0.000015
13144 0.000025
13145 0.000007
13146 0.000011
13147 0.000046
13148 0.000013
13149 0.000022
13150 0.000052
13151 0.000005
13152 0.000020
13153 0.000008
13154 0.000017
13155 0.000007
13156 0.000019
13157 0.000041
13158 0.000007
13159 0.000051
13160 0.000012
13161 0.000020
13162 0.000007
13163 0.000021
13164 0.000022
13165 0.000032
13166 0.000030
13167 0.000034
13168 0.000022
13169 0.000014
13170 0.000009
13171 0.000023
13172 0.000031
13173 0.000007
13174 0.000014
13175 0.000018
13176 0.000046
13177 0.000020
13178 0.000019
13179 0.000004
13180 0.000029
13181 0.000027
13182 0.000015
13183 0.000018
13184 0.000004
13185 0.000032
13186 0.000009
13187 0.000007
13188 0.000024
13189 0.000022
13190 0.000010
13191 0.000017
13192 0.000025
13193 0.000013
13194 0.000009
13195 0.000004
13196 0.000020
13197 0.000009
13198 0.000009
13199 0.000036
13200 0.000025
13201 0.000007
13202 0.000026
13203 0.000005
13204 0.000009
13205 0.000006
13206 0.000009
13207 0.000015
13208 0.000024
13209 0.000040
13210 0.000057
13211 0.000027
13212 0.000026
13213 0.000064
13214 0.000013
13215 0.000027
13216 0.000017
13217 0.000014
13218 0.000057
13219 0.000056
13220 0.000015
13221 0.000007
13222 0.000027
13223 0.000012
13224 0.000023
13225 0.000004
13226 0.000011
13227 0.000009
13228 0.000004
13229 0.000013
13230 0.000013
13231 0.000031
13232 0.000014
13233 0.000028
13234 0.000026
13235 0.000016
13236 0.000011
13237 0.000014
13238 0.000011
13239 0.000011
13240 0.000028
13241 0.000021
13242 0.000037
13243 0.000017
13244 0.000025
13245 0.000034
13246 0.000015
13247 0.000011
13248 0.000043
13249 0.000018
13250 0.000014
13251 0.000029
13252 0.000032
13253 0.000008
13254 0.000016
13255 0.000012
13256 0.000033
13257 0.000030
13258 0.000010
13259 0.000041
13260 0.000031
13261 0.000012
13262 0.000016
13263 0.000006
13264 0.000054
13265 0.000018
13266 0.000028
13267 0.000004
13268 0.000007
13269 0.000024
13270 0.000010
13271 0.000022
13272 0.000024
13273 0.000041
13274 0.000031
13275 0.000019
13276 0.000027
13277 0.000029
13278 0.000040
13279 0.000013
13280 0.000021
13281 0.000014
13282 0.000010
13283 0.000007
13284 0.000035
13285 0.000023
13286 0.000008
13287 0.000015
13288 0.000013
13289 0.000022
13290 0.000022
13291 0.000008
13292 0.000006
13293 0.000013
13294 0.000036
13295 0.000014
13296 0.000004
13297 0.000022
13298 0.000017
13299 0.000019
13300 0.000019
13301 0.000005
13302 0.000026
13303 0.000011
13304 0.000014
13305 0.000038
13306 0.000010
13307 0.000007
13308 0.000040
13309 0.000021
13310 0.000026
13311 0.000031
13312 0.000016
13313 0.000059
13314 0.000010
13315 0.000016
13316 0.000013
13317 0.000017
13318 0.000005
13319 0.000016
13320 0.000011
13321 0.000008
13322 0.000010
13323 0.000007
13324 0.000035
13325 0.000017
13326 0.000018
13327 0.000016
13328 0.000026
13329 0.000026
13330 0.000007
13331 0.000018
13332 0.000020
13333 0.000010
13334 0.000004
13335 0.000055
13336 0.000009
13337 0.000007
13338 0.000026
13339 0.000075
13340 0.000033
13341 0.000048
13342 0.000012
13343 0.000019
13344 0.000045
13345 0.000011
13346 0.000012
13347 0.000005
13348 0.000004
13349 0.000028
13350 0.000008
13351 0.000013
13352 0.000023
13353 0.000030
13354 0.000006
13355 0.000022
13356 0.000057
13357 0.000041
13358 0.000020
13359 0.000010
13360 0.000028
13361 0.000020
13362 0.000019
13363 0.000008
13364 0.000034
13365 0.000013
13366 0.000004
13367 0.000011
13368 0.000014
13369 0.000009
13370 0.000021
13371 0.000044
13372 0.000051
13373 0.000016
13374 0.000004
13375 0.000005
13376 0.000009
13377 0.000019
13378 0.000006
13379 0.000010
13380 0.000025
13381 0.000008
13382 0.000034
13383 0.000019
13384 0.000006
13385 0.000045
13386 0.000022
13387 0.000007
13388 0.000012
13389 0.000038
13390 0.000017
13391 0.000012
13392 0.000034
13393 0.000037
13394 0.000025
13395 0.000007
13396 0.000010
13397 0.000014
13398 0.000012
13399 0.000039
13400 0.000018
13401 0.000006
13402 0.000044
13403 0.000022
13404 0.000013
13405 0.000005
13406 0.000036
13407 0.000019
13408 0.000026
13409 0.000016
13410 0.000041
13411 0.000026
13412 0.000069
13413 0.000010
13414 0.000036
13415 0.000021
13416 0.000015
13417 0.000017
13418 0.000009
13419 0.000021
13420 0.000022
13421 0.000025
13422 0.000009
13423 0.000031
13424 0.000015
13425 0.000011
13426 0.000017
13427 0.000033
13428 0.000024
13429 0.000037
13430 0.000016
13431 0.000022
13432 0.000042
13433 0.000015
13434 0.000009
13435 0.000016
13436 0.000004
13437 0.000007
13438 0.000014
13439 0.000017
13440 0.000008
13441 0.000014
13442 0.000026
13443 0.000008
13444 0.000017
13445 0.000008
13446 0.000038
13447 0.000048
13448 0.000045
13449 0.000016
13450 0.000010
13451 0.000063
13452 0.000004
13453 0.000007
13454 0.000038
13455 0.000051
13456 0.000011
13457 0.000014
13458 0.000025
13459 0.000017
13460 0.000015
13461 0.000012
13462 0.000015
13463 0.000021
13464 0.000029
13465 0.000020
13466 0.000027
13467 0.000027
13468 0.000028
13469 0.000025
13470 0.000028
13471 0.000008
13472 0.000018
13473 0.000056
13474 0.000004
13475 0.000032
13476 0.000039
13477 0.000015
13478 0.000036
13479 0.000015
13480 0.000012
13481 0.000014
13482 0.000033
13483 0.000018
13484 0.000022
13485 0.000025
13486 0.000013
13487 0.000015
13488 0.000014
13489 0.000037
13490 0.000012
13491 0.000019
13492 0.000028
13493 0.000034
13494 0.000027
13495 0.000016
13496 0.000030
13497 0.000008
13498 0.000019
13499 0.000004
13500 0.000011
13501 0.000009
13502 0.000021
13503 0.000014
13504 0.000013
13505 0.000022
13506 0.000015
13507 0.000016
13508 0.000019
13509 0.000022
13510 0.000008
13511 0.000005
13512 0.000011
13513 0.000013
13514 0.000017
13515 0.000057
13516 0.000027
13517 0.000028
13518 0.000019
13519 0.000025
13520 0.000030
13521 0.000036
13522 0.000013
13523 0.000027
13524 0.000027
13525 0.000007
13526 0.000014
13527 0.000007
13528 0.000034
13529 0.000017
13530 0.000011
13531 0.000022
13532 0.000016
13533 0.000009
13534 0.000021
13535 0.000014
13536 0.000020
13537 0.000014
13538 0.000008
13539 0.000015
13540 0.000012
13541 0.000013
13542 0.000024
13543 0.000011
13544 0.000010
13545 0.000007
13546 0.000005
13547 0.000017
13548 0.000033
13549 0.000014
13550 0.000005
13551 0.000032
13552 0.000004
13553 0.000045
13554 0.000055
13555 0.000019
13556 0.000013
13557 0.000023
13558 0.000050
13559 0.000020
13560 0.000009
13561 0.000030
13562 0.000032
13563 0.000012
13564 0.000009
13565 0.000004
13566 0.000004
13567 0.000020
13568 0.000019
13569 0.000010
13570 0.000006
13571 0.000012
13572 0.000005
13573 0.000008
13574 0.000050
13575 0.000028
13576 0.000022
13577 0.000013
13578 0.000004
13579 0.000068
13580 0.000029
13581 0.000012
13582 0.000025
13583 0.000016
13584 0.000009
13585 0.000028
13586 0.000007
13587 0.000015
13588 0.000018
13589 0.000021
13590 0.000028
13591 0.000006
13592 0.000028
13593 0.000012
13594 0.000004
13595 0.000043
13596 0.000013
13597 0.000020
13598 0.000018
13599 0.000027
13600 0.000018
13601 0.000014
13602 0.000012
13603 0.000012
13604 0.000021
13605 0.000010
13606 0.000008
13607 0.000022
13608 0.000018
13609 0.000004
13610 0.000025
13611 0.000017
13612 0.000004
13613 0.000021
13614 0.000033
13615 0.000017
13616 0.000028
13617 0.000034
13618 0.000031
13619 0.000018
13620 0.000019
13621 0.000013
13622 0.000056
13623 0.000015
13624 0.000022
13625 0.000040
13626 0.000008
13627 0.000025
13628 0.000016
13629 0.000015
13630 0.000007
13631 0.000033
13632 0.000018
13633 0.000018
13634 0.000020
13635 0.000040
13636 0.000023
13637 0.000016
13638 0.000037
13639 0.000021
13640 0.000011
13641 0.000041
13642 0.000022
13643 0.000014
13644 0.000017
13645 0.000019
13646 0.000014
13647 0.000036
13648 0.000023
13649 0.000011
13650 0.000010
13651 0.000014
13652 0.000008
13653 0.000018
13654 0.000024
13655 0.000010
13656 0.000024
13657 0.000030
13658 0.000009
13659 0.000016
13660 0.000015
13661 0.000010
13662 0.000011
13663 0.000008
13664 0.000065
13665 0.000013
13666 0.000017
13667 0.000029
13668 0.000010
13669 0.000034
13670 0.000028
13671 0.000016
13672 0.000035
13673 0.000005
13674 0.000007
13675 0.000016
13676 0.000027
13677 0.000004
13678 0.000017
13679 0.000019
13680 0.000013
13681 0.000011
13682 0.000020
13683 0.000022
13684 0.000007
13685 0.000023
13686 0.000004
13687 0.000011
13688 0.000040
13689 0.000013
13690 0.000021
13691 0.000015
13692 0.000009
13693 0.000028
13694 0.000029
13695 0.000021
13696 0.000013
13697 0.000031
13698 0.000010
13699 0.000034
13700 0.000020
13701 0.000017
13702 0.000015
13703 0.000028
13704 0.000013
13705 0.000004
13706 0.000018
13707 0.000034
13708 0.000012
13709 0.000028
13710 0.000017
13711 0.000011
13712 0.000054
13713 0.000018
13714 0.000012
13715 0.000016
13716 0.000034
13717 0.000012
13718 0.000004
13719 0.000021
13720 0.000004
13721 0.000004
13722 0.000018
13723 0.000011
13724 0.000028
13725 0.000023
13726 0.000018
13727 0.000023
13728 0.000017
13729 0.000018
13730 0.000008
13731 0.000051
13732 0.000012
13733 0.000031
13734 0.000012
13735 0.000024
13736 0.000018
13737 0.000016
13738 0.000011
13739 0.000036
13740 0.000013
13741 0.000004
13742 0.000004
13743 0.000032
13744 0.000030
13745 0.000021
13746 0.000012
13747 0.000015
13748 0.000010
13749 0.000026
13750 0.000009
13751 0.000029
13752 0.000009
13753 0.000034
13754 0.000018
13755 0.000045
13756 0.000013
13757 0.000022
13758 0.000024
13759 0.000022
13760 0.000023
13761 0.000028
13762 0.000020
13763 0.000008
13764 0.000022
13765 0.000011
13766 0.000013
13767 0.000029
13768 0.000030
13769 0.000015
13770 0.000013
13771 0.000010
13772 0.000036
13773 0.000012
13774 0.000050
13775 0.000028
13776 0.000041
13777 0.000005
13778 0.000019
13779 0.000063
13780 0.000020
13781 0.000017
13782 0.000011
13783 0.000014
13784 0.000041
13785 0.000006
13786 0.000004
13787 0.000073
13788 0.000013
13789 0.000012
13790 0.000004
13791 0.000005
13792 0.000036
13793 0.000007
13794 0.000013
13795 0.000015
13796 0.000044
13797 0.000016
13798 0.000036
13799 0.000016
13800 0.000017
13801 0.000028
13802 0.000010
13803 0.000026
13804 0.000014
13805 0.000007
13806 0.000019
13807 0.000020
13808 0.000010
13809 0.000020
13810 0.000048
13811 0.000053
13812 0.000025
13813 0.000061
13814 0.000016
13815 0.000036
13816 0.000028
13817 0.000018
13818 0.000039
13819 0.000020
13820 0.000013
13821 0.000017
13822 0.000038
13823 0.000009
13824 0.000008
13825 0.000022
13826 0.000006
13827 0.000009
13828 0.000040
13829 0.000036
13830 0.000010
13831 0.000024
13832 0.000047
13833 0.000033
13834 0.000026
13835 0.000025
13836 0.000013
13837 0.000009
13838 0.000028
13839 0.000010
13840 0.000042
13841 0.000016
13842 0.000006
13843 0.000023
13844 0.000021
13845 0.000014
13846 0.000014
13847 0.000031
13848 0.000018
13849 0.000038
13850 0.000038
13851 0.000007
13852 0.000011
13853 0.000004
13854 0.000007
13855 0.000040
13856 0.000028
13857 0.000004
13858 0.000010
13859 0.000045
13860 0.000022
13861 0.000004
13862 0.000008
13863 0.000014
13864 0.000007
13865 0.000016
13866 0.000011
13867 0.000009
13868 0.000030
13869 0.000024
13870 0.000017
13871 0.000008
13872 0.000033
13873 0.000012
13874 0.000034
13875 0.000005
13876 0.000025
13877 0.000009
13878 0.000006
13879 0.000053
13880 0.000017
13881 0.000012
13882 0.000049
13883 0.000035
13884 0.000021
13885 0.000102
13886 0.000036
13887 0.000018
13888 0.000007
13889 0.000005
13890 0.000004
13891 0.000005
13892 0.000006
13893 0.000033
13894 0.000025
13895 0.000004
13896 0.000015
13897 0.000022
13898 0.000008
13899 0.000022
13900 0.000005
13901 0.000020
13902 0.000011
13903 0.000026
13904 0.000009
13905 0.000026
13906 0.000013
13907 0.000016
13908 0.000016
13909 0.000013
13910 0.000033
13911 0.000012
13912 0.000023
13913 0.000025
13914 0.000036
13915 0.000006
13916 0.000011
13917 0.000017
13918 0.000004
13919 0.000018
13920 0.000040
13921 0.000013
13922 0.000008
13923 0.000015
13924 0.000036
13925 0.000008
13926 0.000021
13927 0.000030
13928 0.000031
13929 0.000053
13930 0.000012
13931 0.000010
13932 0.000022
13933 0.000008
13934 0.000018
13935 0.000016
13936 0.000004
13937 0.000014
13938 0.000057
13939 0.000020
13940 0.000008
13941 0.000008
13942 0.000008
13943 0.000012
13944 0.000011
13945 0.000022
13946 0.000010
13947 0.000020
13948 0.000019
13949 0.000035
13950 0.000010
13951 0.000014
13952 0.000011
13953 0.000038
13954 0.000027
13955 0.000004
13956 0.000022
13957 0.000031
13958 0.000017
13959 0.000020
13960 0.000019
13961 0.000006
13962 0.000038
13963 0.000033
13964 0.000034
13965 0.000010
13966 0.000023
13967 0.000004
13968 0.000020
13969 0.000025
13970 0.000006
13971 0.000027
13972 0.000021
13973 0.000024
13974 0.000011
13975 0.000006
13976 0.000037
13977 0.000010
13978 0.000007
13979 0.000019
13980 0.000017
13981 0.000028
13982 0.000019
13983 0.000009
13984 0.000013
13985 0.000059
13986 0.000013
13987 0.000047
13988 0.000004
13989 0.000021
13990 0.000022
13991 0.000019
13992 0.000008
13993 0.000016
13994 0.000005
13995 0.000012
13996 0.000009
13997 0.000004
13998 0.000026
13999 0.000021
14000 0.000066
14001 0.000007
14002 0.000027
14003 0.000006
14004 0.000008
14005 0.000021
14006 0.000015
14007 0.000010
14008 0.000007
14009 0.000027
14010 0.000019
14011 0.000015
14012 0.000022
14013 0.000025
14014 0.000014
14015 0.000027
14016 0.000012
14017 0.000005
14018 0.000013
14019 0.000030
14020 0.000007
14021 0.000033
14022 0.000031
14023 0.000026
14024 0.000006
14025 0.000019
14026 0.000052
14027 0.000017
14028 0.000026
14029 0.000051
14030 0.000006
14031 0.000058
14032 0.000013
14033 0.000010
14034 0.000011
14035 0.000015
14036 0.000033
14037 0.000023
14038 0.000059
14039 0.000009
14040 0.000017
14041 0.000019
14042 0.000027
14043 0.000011
14044 0.000004
14045 0.000028
14046 0.000033
14047 0.000053
14048 0.000018
14049 0.000010
14050 0.000009
14051 0.000021
14052 0.000015
14053 0.000025
14054 0.000010
14055 0.000006
14056 0.000011
14057 0.000021
14058 0.000017
14059 0.000023
14060 0.000017
14061 0.000025
14062 0.000012
14063 0.000036
14064 0.000019
14065 0.000023
14066 0.000008
14067 0.000023
14068 0.000035
14069 0.000026
14070 0.000008
14071 0.000014
14072 0.000004
14073 0.000006
14074 0.000010
14075 0.000017
14076 0.000047
14077 0.000014
14078 0.000008
14079 0.000029
14080 0.000020
14081 0.000021
14082 0.000015
14083 0.000010
14084 0.000015
14085 0.000014
14086 0.000008
14087 0.000039
14088 0.000014
14089 0.000015
14090 0.000031
14091 0.000015
14092 0.000010
14093 0.000044
14094 0.000008
14095 0.000007
14096 0.000012
14097 0.000026
14098 0.000015
14099 0.000033
14100 0.000034
14101 0.000021
14102 0.000020
14103 0.000012
14104 0.000015
14105 0.000004
14106 0.000022
14107 0.000031
14108 0.000018
14109 0.000015
14110 0.000041
14111 0.000005
14112 0.000014
14113 0.000014
14114 0.000004
14115 0.000014
14116 0.000021
14117 0.000012
14118 0.000004
14119 0.000044
14120 0.000031
14121 0.000006
14122 0.000042
14123 0.000007
14124 0.000007
14125 0.000009
14126 0.000007
14127 0.000031
14128 0.000028
14129 0.000014
14130 0.000020
14131 0.000025
14132 0.000019
14133 0.000016
14134 0.000009
14135 0.000020
14136 0.000009
14137 0.000018
14138 0.000007
14139 0.000020
14140 0.000006
14141 0.000022
14142 0.000010
14143 0.000011
14144 0.000015
14145 0.000004
14146 0.000029
14147 0.000008
14148 0.000022
14149 0.000032
14150 0.000013
14151 0.000004
14152 0.000016
14153 0.000012
14154 0.000008
14155 0.000007
14156 0.000012
14157 0.000012
14158 0.000044
14159 0.000009
14160 0.000035
14161 0.000039
14162 0.000010
14163 0.000027
14164 0.000017
14165 0.000020
14166 0.000021
14167 0.000012
14168 0.000032
14169 0.000039
14170 0.000009
14171 0.000033
14172 0.000008
14173 0.000024
14174 0.000011
14175 0.000014
14176 0.000021
14177 0.000039
14178 0.000016
14179 0.000040
14180 0.000020
14181 0.000072
14182 0.000019
14183 0.000011
14184 0.000040
14185 0.000074
14186 0.000004
14187 0.000015
14188 0.000024
14189 0.000045
14190 0.000004
14191 0.000016
14192 0.000016
14193 0.000011
14194 0.000014
14195 0.000007
14196 0.000040
14197 0.000023
14198 0.000004
14199 0.000011
14200 0.000043
14201 0.000011
14202 0.000022
14203 0.000034
14204 0.000012
14205 0.000004
14206 0.000021
14207 0.000052
14208 0.000019
14209 0.000007
14210 0.000019
14211 0.000033
14212 0.000012
14213 0.000015
14214 0.000051
14215 0.000004
14216 0.000027
14217 0.000032
14218 0.000047
14219 0.000029
14220 0.000024
14221 0.000025
14222 0.000018
14223 0.000021
14224 0.000016
14225 0.000020
14226 0.000017
14227 0.000020
14228 0.000016
14229 0.000007
14230 0.000052
14231 0.000012
14232 0.000006
14233 0.000013
14234 0.000027
14235 0.000021
14236 0.000016
14237 0.000039
14238 0.000032
14239 0.000017
14240 0.000004
14241 0.000011
14242 0.000008
14243 0.000022
14244 0.000027
14245 0.000012
14246 0.000004
14247 0.000008
14248 0.000030
14249 0.000030
14250 0.000015
14251 0.000022
14252 0.000014
14253 0.000009
14254 0.000030
14255 0.000022
14256 0.000032
14257 0.000025
14258 0.000020
14259 0.000007
14260 0.000024
14261 0.000012
14262 0.000044
14263 0.000017
14264 0.000008
14265 0.000029
14266 0.000016
14267 0.000007
14268 0.000084
14269 0.000034
14270 0.000107
14271 0.000009
14272 0.000016
14273 0.000011
14274 0.000028
14275 0.000012
14276 0.000020
14277 0.000010
14278 0.000038
14279 0.000004
14280 0.000018
14281 0.000007
14282 0.000023
14283 0.000025
14284 0.000022
14285 0.000011
14286 0.000010
14287 0.000046
14288 0.000012
14289 0.000009
14290 0.000018
14291 0.000017
14292 0.000045
14293 0.000005
14294 0.000047
14295 0.000020
14296 0.000004
14297 0.000029
14298 0.000016
14299 0.000010
14300 0.000025
14301 0.000012
14302 0.000010
14303 0.000008
14304 0.000006
14305 0.000010
14306 0.000023
14307 0.000024
14308 0.000022
14309 0.000015
14310 0.000005
14311 0.000008
14312 0.000011
14313 0.000017
14314 0.000019
14315 0.000011
14316 0.000023
14317 0.000021
14318 0.000046
14319 0.000010
14320 0.000006
14321 0.000018
14322 0.000013
14323 0.000013
14324 0.000016
14325 0.000031
14326 0.000025
14327 0.000017
14328 0.000011
14329 0.000015
14330 0.000018
14331 0.000018
14332 0.000024
14333 0.000010
14334 0.000007
14335 0.000013
14336 0.000032
14337 0.000023
14338 0.000019
14339 0.000024
14340 0.000012
14341 0.000019
14342 0.000011
14343 0.000019
14344 0.000008
14345 0.000020
14346 0.000009
14347 0.000029
14348 0.000050
14349 0.000013
14350 0.000023
14351 0.000015
14352 0.000029
14353 0.000023
14354 0.000017
14355 0.000029
14356 0.000014
14357 0.000012
14358 0.000018
14359 0.000032
14360 0.000045
14361 0.000013
14362 0.000004
14363 0.000010
14364 0.000014
14365 0.000064
14366 0.000032
14367 0.000015
14368 0.000015
14369 0.000004
14370 0.000009
14371 0.000048
14372 0.000034
14373 0.000009
14374 0.000028
14375 0.000023
14376 0.000013
14377 0.000022
14378 0.000020
14379 0.000017
14380 0.000020
14381 0.000008
14382 0.000017
14383 0.000005
14384 0.000034
14385 0.000004
14386 0.000053
14387 0.000012
14388 0.000028
14389 0.000013
14390 0.000012
14391 0.000014
14392 0.000014
14393 0.000004
14394 0.000047
14395 0.000004
14396 0.000019
14397 0.000012
14398 0.000025
14399 0.000035
14400 0.000004
14401 0.000007
14402 0.000037
14403 0.000020
14404 0.000008
14405 0.000004
14406 0.000055
14407 0.000021
14408 0.000037
14409 0.000054
14410 0.000010
14411 0.000030
14412 0.000016
14413 0.000014
14414 0.000014
14415 0.000030
14416 0.000012
14417 0.000017
14418 0.000023
14419 0.000030
14420 0.000010
14421 0.000021
14422 0.000015
14423 0.000011
14424 0.000004
14425 0.000004
14426 0.000021
14427 0.000012
14428 0.000019
14429 0.000018
14430 0.000024
14431 0.000023
14432 0.000021
14433 0.000024
14434 0.000019
14435 0.000014
14436 0.000020
14437 0.000014
14438 0.000014
14439 0.000016
14440 0.000016
14441 0.000030
14442 0.000028
14443 0.000019
14444 0.000037
14445 0.000018
14446 0.000039
14447 0.000020
14448 0.000022
14449 0.000010
14450 0.000018
14451 0.000064
14452 0.000010
14453 0.000035
14454 0.000016
14455 0.000036
14456 0.000016
14457 0.000025
14458 0.000017
14459 0.000017
14460 0.000009
14461 0.000028
14462 0.000005
14463 0.000024
14464 0.000016
14465 0.000005
14466 0.000029
14467 0.000015
14468 0.000004
14469 0.000020
14470 0.000011
14471 0.000022
14472 0.000013
14473 0.000021
14474 0.000004
14475 0.000011
14476 0.000012
14477 0.000009
14478 0.000013
14479 0.000024
14480 0.000017
14481 0.000011
14482 0.000005
14483 0.000009
14484 0.000029
14485 0.000032
14486 0.000029
14487 0.000011
14488 0.000051
14489 0.000017
14490 0.000027
14491 0.000009
14492 0.000022
14493 0.000012
14494 0.000031
14495 0.000019
14496 0.000039
14497 0.000015
14498 0.000026
14499 0.000009
14500 0.000024
14501 0.000045
14502 0.000040
14503 0.000015
14504 0.000014
14505 0.000012
14506 0.000041
14507 0.000012
14508 0.000017
14509 0.000021
14510 0.000042
14511 0.000028
14512 0.000021
14513 0.000022
14514 0.000008
14515 0.000004
14516 0.000010
14517 0.000014
14518 0.000008
14519 0.000037
14520 0.000043
14521 0.000016
14522 0.000025
14523 0.000028
14524 0.000009
14525 0.000009
14526 0.000037
14527 0.000006
14528 0.000010
14529 0.000019
14530 0.000005
14531 0.000004
14532 0.000046
14533 0.000012
14534 0.000020
14535 0.000023
14536 0.000006
14537 0.000008
14538 0.000018
14539 0.000004
14540 0.000028
14541 0.000030
14542 0.000020
14543 0.000017
14544 0.000004
14545 0.000014
14546 0.000004
14547 0.000011
14548 0.000005
14549 0.000012
14550 0.000018
14551 0.000008
14552 0.000046
14553 0.000022
14554 0.000039
14555 0.000016
14556 0.000012
14557 0.000022
14558 0.000022
14559 0.000005
14560 0.000004
14561 0.000011
14562 0.000023
14563 0.000023
14564 0.000007
14565 0.000013
14566 0.000034
14567 0.000004
14568 0.000034
14569 0.000015
14570 0.000010
14571 0.000029
14572 0.000032
14573 0.000009
14574 0.000014
14575 0.000026
14576 0.000015
14577 0.000029
14578 0.000064
14579 0.000007
14580 0.000022
14581 0.000031
14582 0.000016
14583 0.000012
14584 0.000013
14585 0.000015
14586 0.000015
14587 0.000045
14588 0.000010
14589 0.000011
14590 0.000058
14591 0.000009
14592 0.000012
14593 0.000004
14594 0.000035
14595 0.000023
14596 0.000020
14597 0.000019
14598 0.000025
14599 0.000013
14600 0.000022
14601 0.000008
14602 0.000011
14603 0.000036
14604 0.000004
14605 0.000021
14606 0.000007
14607 0.000023
14608 0.000020
14609 0.000029
14610 0.000011
14611 0.000034
14612 0.000023
14613 0.000006
14614 0.000014
14615 0.000005
14616 0.000018
14617 0.000006
14618 0.000055
14619 0.000005
14620 0.000006
14621 0.000016
14622 0.000019
14623 0.000014
14624 0.000012
14625 0.000007
14626 0.000004
14627 0.000008
14628 0.000024
14629 0.000025
14630 0.000010
14631 0.000006
14632 0.000039
14633 0.000007
14634 0.000016
14635 0.000012
14636 0.000057
14637 0.000034
14638 0.000019
14639 0.000008
14640 0.000012
14641 0.000009
14642 0.000010
14643 0.000027
14644 0.000015
14645 0.000004
14646 0.000037
14647 0.000012
14648 0.000007
14649 0.000010
14650 0.000010
14651 0.000016
14652 0.000028
14653 0.000035
14654 0.000004
14655 0.000021
14656 0.000017
14657 0.000020
14658 0.000025
14659 0.000008
14660 0.000014
14661 0.000008
14662 0.000008
14663 0.000023
14664 0.000018
14665 0.000006
14666 0.000009
14667 0.000039
14668 0.000021
14669 0.000045
14670 0.000030
14671 0.000018
14672 0.000011
14673 0.000010
14674 0.000009
14675 0.000014
14676 0.000006
14677 0.000041
14678 0.000018
14679 0.000011
14680 0.000017
14681 0.000004
14682 0.000020
14683 0.000020
14684 0.000028
14685 0.000012
14686 0.000027
14687 0.000008
14688 0.000005
14689 0.000017
14690 0.000011
14691 0.000007
14692 0.000032
14693 0.000032
14694 0.000008
14695 0.000017
14696 0.000010
14697 0.000024
14698 0.000019
14699 0.000004
14700 0.000014
14701 0.000018
14702 0.000006
14703 0.000018
14704 0.000006
14705 0.000031
14706 0.000004
14707 0.000014
14708 0.000029
14709 0.000032
14710 0.000058
14711 0.000025
14712 0.000022
14713 0.000009
14714 0.000025
14715 0.000024
14716 0.000004
14717 0.000038
14718 0.000019
14719 0.000014
14720 0.000004
14721 0.000019
14722 0.000022
14723 0.000016
14724 0.000004
14725 0.000009
14726 0.000023
14727 0.000063
14728 0.000017
14729 0.000015
14730 0.000008
14731 0.000006
14732 0.000010
14733 0.000035
14734 0.000019
14735 0.000011
14736 0.000015
14737 0.000022
14738 0.000027
14739 0.000039
14740 0.000016
14741 0.000007
14742 0.000033
14743 0.000016
14744 0.000011
14745 0.000016
14746 0.000013
14747 0.000014
14748 0.000004
14749 0.000042
14750 0.000023
14751 0.000006
14752 0.000015
14753 0.000024
14754 0.000068
14755 0.000044
14756 0.000011
14757 0.000025
14758 0.000022
14759 0.000008
14760 0.000019
14761 0.000042
14762 0.000008
14763 0.000008
14764 0.000012
14765 0.000058
14766 0.000004
14767 0.000011
14768 0.000032
14769 0.000013
14770 0.000008
14771 0.000009
14772 0.000011
14773 0.000004
14774 0.000040
14775 0.000015
14776 0.000033
14777 0.000031
14778 0.000034
14779 0.000022
14780 0.000008
14781 0.000019
14782 0.000011
14783 0.000028
14784 0.000023
14785 0.000031
14786 0.000010
14787 0.000009
14788 0.000040
14789 0.000010
14790 0.000016
14791 0.000049
14792 0.000013
14793 0.000021
14794 0.000004
14795 0.000004
14796 0.000014
14797 0.000016
14798 0.000012
14799 0.000015
14800 0.000030
14801 0.000015
14802 0.000034
14803 0.000028
14804 0.000061
14805 0.000010
14806 0.000024
14807 0.000011
14808 0.000008
14809 0.000020
14810 0.000014
14811 0.000018
14812 0.000031
14813 0.000019
14814 0.000004
14815 0.000011
14816 0.000008
14817 0.000018
14818 0.000020
14819 0.000050
14820 0.000011
14821 0.000024
14822 0.000004
14823 0.000013
14824 0.000051
14825 0.000009
14826 0.000012
14827 0.000013
14828 0.000017
14829 0.000031
14830 0.000011
14831 0.000039
14832 0.000019
14833 0.000042
14834 0.000028
14835 0.000014
14836 0.000008
14837 0.000011
14838 0.000036
14839 0.000027
14840 0.000008
14841 0.000029
14842 0.000072
14843 0.000005
14844 0.000004
14845 0.000017
14846 0.000008
14847 0.000008
14848 0.000015
14849 0.000050
14850 0.000008
14851 0.000021
14852 0.000008
14853 0.000035
14854 0.000032
14855 0.000008
14856 0.000020
14857 0.000018
14858 0.000013
14859 0.000004
14860 0.000007
14861 0.000026
14862 0.000020
14863 0.000027
14864 0.000007
14865 0.000017
14866 0.000026
14867 0.000006
14868 0.000052
14869 0.000009
14870 0.000027
14871 0.000018
14872 0.000013
14873 0.000032
14874 0.000017
14875 0.000014
14876 0.000014
14877 0.000023
14878 0.000018
14879 0.000024
14880 0.000004
14881 0.000040
14882 0.000015
14883 0.000030
14884 0.000041
14885 0.000024
14886 0.000004
14887 0.000007
14888 0.000016
14889 0.000011
14890 0.000004
14891 0.000009
14892 0.000011
14893 0.000021
14894 0.000032
14895 0.000045
14896 0.000034
14897 0.000018
14898 0.000010
14899 0.000024
14900 0.000042
14901 0.000015
14902 0.000015
14903 0.000011
14904 0.000016
14905 0.000019
14906 0.000013
14907 0.000025
14908 0.000028
14909 0.000028
14910 0.000026
14911 0.000004
14912 0.000016
14913 0.000018
14914 0.000013
14915 0.000013
14916 0.000013
14917 0.000014
14918 0.000015
14919 0.000004
14920 0.000019
14921 0.000005
14922 0.000009
14923 0.000021
14924 0.000010
14925 0.000004
14926 0.000019
14927 0.000018
14928 0.000036
14929 0.000022
14930 0.000023
14931 0.000020
14932 0.000036
14933 0.000013
14934 0.000053
14935 0.000025
14936 0.000033
14937 0.000021
14938 0.000018
14939 0.000009
14940 0.000018
14941 0.000014
14942 0.000015
14943 0.000005
14944 0.000034
14945 0.000042
14946 0.000014
14947 0.000035
14948 0.000007
14949 0.000021
14950 0.000017
14951 0.000023
14952 0.000010
14953 0.000012
14954 0.000009
14955 0.000017
14956 0.000004
14957 0.000004
14958 0.000008
14959 0.000033
14960 0.000019
14961 0.000013
14962 0.000031
14963 0.000015
14964 0.000024
14965 0.000007
14966 0.000009
14967 0.000010
14968 0.000008
14969 0.000023
14970 0.000024
14971 0.000005
14972 0.000017
14973 0.000018
14974 0.000009
14975 0.000027
14976 0.000019
14977 0.000014
14978 0.000011
14979 0.000007
14980 0.000021
14981 0.000005
14982 0.000006
14983 0.000013
14984 0.000058
14985 0.000010
14986 0.000009
14987 0.000016
14988 0.000013
14989 0.000045
14990 0.000029
14991 0.000017
14992 0.000021
14993 0.000006
14994 0.000016
14995 0.000025
14996 0.000027
14997 0.000012
14998 0.000014
14999 0.000007
15000 0.000030
15001 0.000016
15002 0.000033
15003 0.000021
15004 0.000037
15005 0.000018
15006 0.000033
15007 0.000020
15008 0.000022
15009 0.000009
15010 0.000028
15011 0.000009
15012 0.000015
15013 0.000008
15014 0.000016
15015 0.000031
15016 0.000025
15017 0.000005
15018 0.000027
15019 0.000011
15020 0.000035
15021 0.000021
15022 0.000051
15023 0.000014
15024 0.000016
15025 0.000007
15026 0.000004
15027 0.000007
15028 0.000005
15029 0.000015
15030 0.000022
15031 0.000027
15032 0.000025
15033 0.000011
15034 0.000012
15035 0.000049
15036 0.000012
15037 0.000014
15038 0.000033
15039 0.000011
15040 0.000009
15041 0.000014
15042 0.000018
15043 0.000011
15044 0.000008
15045 0.000022
15046 0.000004
15047 0.000022
15048 0.000010
15049 0.000017
15050 0.000007
15051 0.000043
15052 0.000012
15053 0.000024
15054 0.000017
15055 0.000033
15056 0.000011
15057 0.000079
15058 0.000015
15059 0.000012
15060 0.000053
15061 0.000009
15062 0.000037
15063 0.000012
15064 0.000008
15065 0.000021
15066 0.000020
15067 0.000019
15068 0.000006
15069 0.000024
15070 0.000012
15071 0.000004
15072 0.000053
15073 0.000042
15074 0.000024
15075 0.000005
15076 0.000008
15077 0.000024
15078 0.000012
15079 0.000021
15080 0.000029
15081 0.000020
15082 0.000015
15083 0.000018
15084 0.000015
15085 0.000044
15086 0.000010
15087 0.000024
15088 0.000013
15089 0.000020
15090 0.000029
15091 0.000041
15092 0.000043
15093 0.000026
15094 0.000046
15095 0.000042
15096 0.000050
15097 0.000014
15098 0.000009
15099 0.000026
15100 0.000021
15101 0.000015
15102 0.000016
15103 0.000030
15104 0.000010
15105 0.000023
15106 0.000007
15107 0.000008
15108 0.000011
15109 0.000004
15110 0.000027
15111 0.000022
15112 0.000007
15113 0.000008
15114 0.000027
15115 0.000009
15116 0.000004
15117 0.000009
15118 0.000022
15119 0.000006
15120 0.000015
15121 0.000011
15122 0.000023
15123 0.000015
15124 0.000008
15125 0.000021
15126 0.000013
15127 0.000009
15128 0.000006
15129 0.000007
15130 0.000025
15131 0.000021
15132 0.000004
15133 0.000031
15134 0.000033
15135 0.000027
15136 0.000009
15137 0.000030
15138 0.000036
15139 0.000006
15140 0.000020
15141 0.000029
15142 0.000037
15143 0.000026
15144 0.000014
15145 0.000023
15146 0.000055
15147 0.000006
15148 0.000011
15149 0.000036
15150 0.000013
15151 0.000006
15152 0.000078
15153 0.000004
15154 0.000033
15155 0.000014
15156 0.000032
15157 0.000008
15158 0.000014
15159 0.000013
15160 0.000020
15161 0.000008
15162 0.000021
15163 0.000005
15164 0.000004
15165 0.000032
15166 0.000006
15167 0.000019
15168 0.000018
15169 0.000034
15170 0.000012
15171 0.000004
15172 0.000021
15173 0.000014
15174 0.000011
15175 0.000007
15176 0.000027
15177 0.000004
15178 0.000012
15179 0.000004
15180 0.000024
15181 0.000014
15182 0.000040
15183 0.000011
15184 0.000017
15185 0.000017
15186 0.000026
15187 0.000012
15188 0.000029
15189 0.000029
15190 0.000005
15191 0.000004
15192 0.000061
15193 0.000033
15194 0.000025
15195 0.000011
15196 0.000004
15197 0.000020
15198 0.000025
15199 0.000040
15200 0.000012
15201 0.000017
15202 0.000042
15203 0.000024
15204 0.000014
15205 0.000027
15206 0.000011
15207 0.000022
15208 0.000024
15209 0.000019
15210 0.000013
15211 0.000012
15212 0.000020
15213 0.000012
15214 0.000019
15215 0.000011
15216 0.000024
15217 0.000011
15218 0.000006
15219 0.000017
15220 0.000013
15221 0.000027
15222 0.000020
15223 0.000014
15224 0.000017
15225 0.000025
15226 0.000006
15227 0.000007
15228 0.000016
15229 0.000021
15230 0.000017
15231 0.000024
15232 0.000021
15233 0.000032
15234 0.000015
15235 0.000014
15236 0.000004
15237 0.000035
15238 0.000012
15239 0.000015
15240 0.000022
15241 0.000046
15242 0.000042
15243 0.000023
15244 0.000036
15245 0.000016
15246 0.000023
15247 0.000019
15248 0.000031
15249 0.000033
15250 0.000005
15251 0.000008
15252 0.000008
15253 0.000028
15254 0.000020
15255 0.000010
15256 0.000012
15257 0.000005
15258 0.000035
15259 0.000061
15260 0.000021
15261 0.000020
15262 0.000004
15263 0.000019
15264 0.000012
15265 0.000046
15266 0.000007
15267 0.000017
15268 0.000039
15269 0.000024
15270 0.000054
15271 0.000007
15272 0.000032
15273 0.000021
15274 0.000032
15275 0.000011
15276 0.000008
15277 0.000027
15278 0.000021
15279 0.000017
15280 0.000017
15281 0.000042
15282 0.000004
15283 0.000007
15284 0.000030
15285 0.000013
15286 0.000010
15287 0.000024
15288 0.000014
15289 0.000012
15290 0.000014
15291 0.000016
15292 0.000005
15293 0.000037
15294 0.000023
15295 0.000005
15296 0.000008
15297 0.000049
15298 0.000025
15299 0.000012
15300 0.000038
15301 0.000005
15302 0.000011
15303 0.000004
15304 0.000017
15305 0.000026
15306 0.000020
15307 0.000028
15308 0.000004
15309 0.000004
15310 0.000034
15311 0.000018
15312 0.000010
15313 0.000030
15314 0.000013
15315 0.000018
15316 0.000024
15317 0.000026
15318 0.000021
15319 0.000009
15320 0.000027
15321 0.000016
15322 0.000007
15323 0.000026
15324 0.000033
15325 0.000004
15326 0.000038
15327 0.000016
15328 0.000013
15329 0.000015
15330 0.000018
15331 0.000006
15332 0.000020
15333 0.000031
15334 0.000014
15335 0.000022
15336 0.000004
15337 0.000024
15338 0.000010
15339 0.000006
15340 0.000025
15341 0.000004
15342 0.000014
15343 0.000015
15344 0.000019
15345 0.000004
15346 0.000012
15347 0.000010
15348 0.000022
15349 0.000047
15350 0.000042
15351 0.000038
15352 0.000022
15353 0.000010
15354 0.000035
15355 0.000019
15356 0.000011
15357 0.000004
15358 0.000007
15359 0.000029
15360 0.000006
15361 0.000009
15362 0.000027
15363 0.000020
15364 0.000011
15365 0.000027
15366 0.000012
15367 0.000045
15368 0.000034
15369 0.000031
15370 0.000011
15371 0.000032
15372 0.000030
15373 0.000015
15374 0.000045
15375 0.000010
15376 0.000010
15377 0.000023
15378 0.000008
15379 0.000032
15380 0.000022
15381 0.000017
15382 0.000034
15383 0.000026
15384 0.000011
15385 0.000010
15386 0.000014
15387 0.000011
15388 0.000030
15389 0.000058
15390 0.000008
15391 0.000030
15392 0.000064
15393 0.000005
15394 0.000021
15395 0.000010
15396 0.000017
15397 0.000011
15398 0.000004
15399 0.000027
15400 0.000021
15401 0.000028
15402 0.000026
15403 0.000029
15404 0.000013
15405 0.000009
15406 0.000004
15407 0.000016
15408 0.000013
15409 0.000019
15410 0.000056
15411 0.000026
15412 0.000011
15413 0.000023
15414 0.000019
15415 0.000009
15416 0.000017
15417 0.000004
15418 0.000004
15419 0.000012
15420 0.000007
15421 0.000011
15422 0.000010
15423 0.000004
15424 0.000038
15425 0.000010
15426 0.000012
15427 0.000017
15428 0.000012
15429 0.000029
15430 0.000004
15431 0.000027
15432 0.000007
15433 0.000039
15434 0.000007
15435 0.000028
15436 0.000011
15437 0.000015
15438 0.000037
15439 0.000004
15440 0.000013
15441 0.000022
15442 0.000016
15443 0.000010
15444 0.000020
15445 0.000024
15446 0.000009
15447 0.000012
15448 0.000046
15449 0.000027
15450 0.000018
15451 0.000019
15452 0.000012
15453 0.000049
15454 0.000020
15455 0.000084
15456 0.000006
15457 0.000016
15458 0.000017
15459 0.000043
15460 0.000020
15461 0.000012
15462 0.000017
15463 0.000025
15464 0.000018
15465 0.000013
15466 0.000024
15467 0.000055
15468 0.000017
15469 0.000012
15470 0.000010
15471 0.000017
15472 0.000004
15473 0.000008
15474 0.000006
15475 0.000007
15476 0.000004
15477 0.000020
15478 0.000015
15479 0.000015
15480 0.000024
15481 0.000009
15482 0.000038
15483 0.000032
15484 0.000028
15485 0.000005
15486 0.000016
15487 0.000029
15488 0.000012
15489 0.000022
15490 0.000024
15491 0.000029
15492 0.000014
15493 0.000030
15494 0.000041
15495 0.000004
15496 0.000015
15497 0.000007
15498 0.000013
15499 0.000025
15500 0.000004
15501 0.000026
15502 0.000030
15503 0.000012
15504 0.000059
15505 0.000011
15506 0.000008
15507 0.000024
15508 0.000009
15509 0.000007
15510 0.000025
15511 0.000010
15512 0.000009
15513 0.000014
15514 0.000006
15515 0.000044
15516 0.000010
15517 0.000006
15518 0.000019
15519 0.000008
15520 0.000015
15521 0.000004
15522 0.000010
15523 0.000015
15524 0.000015
15525 0.000021
15526 0.000007
15527 0.000038
15528 0.000027
15529 0.000028
15530 0.000014
15531 0.000018
15532 0.000014
15533 0.000037
15534 0.000010
15535 0.000006
15536 0.000012
15537 0.000014
15538 0.000010
15539 0.000008
15540 0.000004
15541 0.000042
15542 0.000014
15543 0.000009
15544 0.000032
15545 0.000017
15546 0.000019
15547 0.000035
15548 0.000012
15549 0.000004
15550 0.000012
15551 0.000008
15552 0.000014
15553 0.000007
15554 0.000010
15555 0.000050
15556 0.000004
15557 0.000033
15558 0.000021
15559 0.000004
15560 0.000007
15561 0.000024
15562 0.000004
15563 0.000021
15564 0.000006
15565 0.000056
15566 0.000009
15567 0.000013
15568 0.000037
15569 0.000010
15570 0.000021
15571 0.000030
15572 0.000008
15573 0.000012
15574 0.000047
15575 0.000012
15576 0.000021
15577 0.000006
15578 0.000010
15579 0.000014
15580 0.000030
15581 0.000021
15582 0.000042
15583 0.000038
15584 0.000015
15585 0.000013
15586 0.000017
15587 0.000009
15588 0.000019
15589 0.000027
15590 0.000014
15591 0.000021
15592 0.000021
15593 0.000019
15594 0.000055
15595 0.000017
15596 0.000004
15597 0.000018
15598 0.000018
15599 0.000032
15600 0.000005
15601 0.000012
15602 0.000029
15603 0.000008
15604 0.000038
15605 0.000022
15606 0.000013
15607 0.000017
15608 0.000017
15609 0.000006
15610 0.000030
15611 0.000034
15612 0.000021
15613 0.000028
15614 0.000016
15615 0.000018
15616 0.000023
15617 0.000024
15618 0.000009
15619 0.000028
15620 0.000028
15621 0.000021
15622 0.000004
15623 0.000026
15624 0.000015
15625 0.000008
15626 0.000013
15627 0.000013
15628 0.000017
15629 0.000021
15630 0.000015
15631 0.000025
15632 0.000029
15633 0.000036
15634 0.000027
15635 0.000030
15636 0.000013
15637 0.000019
15638 0.000013
15639 0.000022
15640 0.000018
15641 0.000015
15642 0.000009
15643 0.000023
15644 0.000064
15645 0.000029
15646 0.000006
15647 0.000016
15648 0.000017
15649 0.000008
15650 0.000016
15651 0.000033
15652 0.000026
15653 0.000015
15654 0.000025
15655 0.000016
15656 0.000039
15657 0.000024
15658 0.000023
15659 0.000004
15660 0.000040
15661 0.000024
15662 0.000029
15663 0.000025
15664 0.000006
15665 0.000018
15666 0.000013
15667 0.000016
15668 0.000005
15669 0.000007
15670 0.000022
15671 0.000018
15672 0.000010
15673 0.000029
15674 0.000015
15675 0.000014
15676 0.000016
15677 0.000008
15678 0.000004
15679 0.000033
15680 0.000014
15681 0.000017
15682 0.000031
15683 0.000023
15684 0.000032
15685 0.000019
15686 0.000011
15687 0.000017
15688 0.000004
15689 0.000021
15690 0.000017
15691 0.000029
15692 0.000026
15693 0.000015
15694 0.000015
15695 0.000025
15696 0.000004
15697 0.000017
15698 0.000019
15699 0.000019
15700 0.000024
15701 0.000010
15702 0.000058
15703 0.000019
15704 0.000009
15705 0.000017
15706 0.000018
15707 0.000026
15708 0.000056
15709 0.000015
15710 0.000035
15711 0.000008
15712 0.000040
15713 0.000026
15714 0.000052
15715 0.000005
15716 0.000026
15717 0.000010
15718 0.000010
15719 0.000021
15720 0.000011
15721 0.000019
15722 0.000012
15723 0.000022
15724 0.000023
15725 0.000020
15726 0.000029
15727 0.000017
15728 0.000014
15729 0.000012
15730 0.000012
15731 0.000021
15732 0.000030
15733 0.000007
15734 0.000004
15735 0.000009
15736 0.000022
15737 0.000015
15738 0.000015
15739 0.000008
15740 0.000022
15741 0.000029
15742 0.000004
15743 0.000012
15744 0.000025
15745 0.000016
15746 0.000012
15747 0.000013
15748 0.000031
15749 0.000013
15750 0.000040
15751 0.000022
15752 0.000010
15753 0.000007
15754 0.000022
15755 0.000014
15756 0.000013
15757 0.000022
15758 0.000022
15759 0.000024
15760 0.000006
15761 0.000016
15762 0.000027
15763 0.000035
15764 0.000027
15765 0.000019
15766 0.000013
15767 0.000010
15768 0.000045
15769 0.000017
15770 0.000015
15771 0.000004
15772 0.000017
15773 0.000013
15774 0.000039
15775 0.000012
15776 0.000016
15777 0.000010
15778 0.000006
15779 0.000028
15780 0.000022
15781 0.000032
15782 0.000018
15783 0.000031
15784 0.000016
15785 0.000004
15786 0.000032
15787 0.000023
15788 0.000010
15789 0.000046
15790 0.000004
15791 0.000013
15792 0.000047
15793 0.000018
15794 0.000004
15795 0.000009
15796 0.000031
15797 0.000025
15798 0.000027
15799 0.000008
15800 0.000013
15801 0.000028
15802 0.000034
15803 0.000004
15804 0.000022
15805 0.000007
15806 0.000006
15807 0.000034
15808 0.000014
15809 0.000013
15810 0.000016
15811 0.000018
15812 0.000004
15813 0.000056
15814 0.000044
15815 0.000028
15816 0.000067
15817 0.000017
15818 0.000020
15819 0.000009
15820 0.000020
15821 0.000023
15822 0.000023
15823 0.000016
15824 0.000011
15825 0.000015
15826 0.000008
15827 0.000044
15828 0.000029
15829 0.000035
15830 0.000007
15831 0.000019
15832 0.000005
15833 0.000006
15834 0.000011
15835 0.000006
15836 0.000004
15837 0.000012
15838 0.000013
15839 0.000026
15840 0.000005
15841 0.000012
15842 0.000021
15843 0.000011
15844 0.000045
15845 0.000027
15846 0.000010
15847 0.000006
15848 0.000028
15849 0.000011
15850 0.000007
15851 0.000060
15852 0.000004
15853 0.000017
15854 0.000006
15855 0.000066
15856 0.000039
15857 0.000016
15858 0.000008
15859 0.000019
15860 0.000036
15861 0.000020
15862 0.000007
15863 0.000022
15864 0.000033
15865 0.000004
15866 0.000007
15867 0.000027
15868 0.000018
15869 0.000029
15870 0.000008
15871 0.000021
15872 0.000019
15873 0.000016
15874 0.000015
15875 0.000038
15876 0.000047
15877 0.000005
15878 0.000007
15879 0.000008
15880 0.000010
15881 0.000039
15882 0.000015
15883 0.000018
15884 0.000009
15885 0.000031
15886 0.000045
15887 0.000056
15888 0.000006
15889 0.000022
15890 0.000018
15891 0.000009
15892 0.000041
15893 0.000022
15894 0.000031
15895 0.000015
15896 0.000018
15897 0.000022
15898 0.000023
15899 0.000007
15900 0.000006
15901 0.000023
15902 0.000019
15903 0.000011
15904 0.000009
15905 0.000011
15906 0.000062
15907 0.000017
15908 0.000037
15909 0.000012
15910 0.000050
15911 0.000019
15912 0.000027
15913 0.000029
15914 0.000022
15915 0.000023
15916 0.000049
15917 0.000021
15918 0.000034
15919 0.000004
15920 0.000007
15921 0.000015
15922 0.000009
15923 0.000017
15924 0.000007
15925 0.000016
15926 0.000023
15927 0.000021
15928 0.000012
15929 0.000076
15930 0.000044
15931 0.000031
15932 0.000023
15933 0.000011
15934 0.000027
15935 0.000026
15936 0.000022
15937 0.000030
15938 0.000020
15939 0.000008
15940 0.000014
15941 0.000016
15942 0.000014
15943 0.000011
15944 0.000026
15945 0.000032
15946 0.000012
15947 0.000020
15948 0.000040
15949 0.000006
15950 0.000012
15951 0.000032
15952 0.000009
15953 0.000004
15954 0.000014
15955 0.000011
15956 0.000022
15957 0.000017
15958 0.000008
15959 0.000012
15960 0.000022
15961 0.000018
15962 0.000019
15963 0.000010
15964 0.000005
15965 0.000011
15966 0.000014
15967 0.000045
15968 0.000011
15969 0.000026
15970 0.000020
15971 0.000006
15972 0.000025
15973 0.000012
15974 0.000009
15975 0.000009
15976 0.000021
15977 0.000006
15978 0.000010
15979 0.000023
15980 0.000021
15981 0.000017
15982 0.000012
15983 0.000026
15984 0.000024
15985 0.000015
15986 0.000007
15987 0.000004
15988 0.000027
15989 0.000009
15990 0.000016
15991 0.000025
15992 0.000011
15993 0.000019
15994 0.000013
15995 0.000011
15996 0.000034
15997 0.000018
15998 0.000015
15999 0.000010
16000 0.000007
16001 0.000010
16002 0.000011
16003 0.000022
16004 0.000024
16005 0.000052
16006 0.000008
16007 0.000008
16008 0.000034
16009 0.000037
16010 0.000014
16011 0.000016
16012 0.000084
16013 0.000022
16014 0.000010
16015 0.000004
16016 0.000037
16017 0.000015
16018 0.000006
16019 0.000013
16020 0.000010
16021 0.000004
16022 0.000020
16023 0.000027
16024 0.000013
16025 0.000034
16026 0.000009
16027 0.000025
16028 0.000019
16029 0.000006
16030 0.000037
16031 0.000047
16032 0.000032
16033 0.000012
16034 0.000004
16035 0.000012
16036 0.000028
16037 0.000019
16038 0.000013
16039 0.000033
16040 0.000016
16041 0.000004
16042 0.000016
16043 0.000015
16044 0.000047
16045 0.000057
16046 0.000019
16047 0.000022
16048 0.000042
16049 0.000024
16050 0.000004
16051 0.000009
16052 0.000014
16053 0.000015
16054 0.000017
16055 0.000012
16056 0.000006
16057 0.000045
16058 0.000011
16059 0.000013
16060 0.000007
16061 0.000027
16062 0.000029
16063 0.000030
16064 0.000012
16065 0.000006
16066 0.000029
16067 0.000018
16068 0.000013
16069 0.000020
16070 0.000009
16071 0.000014
16072 0.000007
16073 0.000016
16074 0.000037
16075 0.000016
16076 0.000044
16077 0.000009
16078 0.000011
16079 0.000017
16080 0.000040
16081 0.000019
16082 0.000035
16083 0.000033
16084 0.000009
16085 0.000027
16086 0.000025
16087 0.000010
16088 0.000018
16089 0.000051
16090 0.000018
16091 0.000017
16092 0.000019
16093 0.000009
16094 0.000015
16095 0.000037
16096 0.000035
16097 0.000011
16098 0.000021
16099 0.000013
16100 0.000007
16101 0.000022
16102 0.000018
16103 0.000016
16104 0.000017
16105 0.000027
16106 0.000017
16107 0.000015
16108 0.000022
16109 0.000019
16110 0.000006
16111 0.000006
16112 0.000037
16113 0.000011
16114 0.000037
16115 0.000053
16116 0.000015
16117 0.000015
16118 0.000058
16119 0.000022
16120 0.000014
16121 0.000014
16122 0.000017
16123 0.000017
16124 0.000020
16125 0.000012
16126 0.000009
16127 0.000012
16128 0.000053
16129 0.000022
16130 0.000026
16131 0.000059
16132 0.000025
16133 0.000052
16134 0.000025
16135 0.000013
16136 0.000016
16137 0.000004
16138 0.000032
16139 0.000009
16140 0.000019
16141 0.000016
16142 0.000011
16143 0.000019
16144 0.000027
16145 0.000036
16146 0.000037
16147 0.000026
16148 0.000017
16149 0.000010
16150 0.000011
16151 0.000012
16152 0.000004
16153 0.000031
16154 0.000012
16155 0.000012
16156 0.000008
16157 0.000015
16158 0.000013
16159 0.000019
16160 0.000026
16161 0.000018
16162 0.000029
16163 0.000004
16164 0.000020
16165 0.000014
16166 0.000020
16167 0.000009
16168 0.000004
16169 0.000009
16170 0.000041
16171 0.000022
16172 0.000004
16173 0.000009
16174 0.000017
16175 0.000005
16176 0.000027
16177 0.000038
16178 0.000011
16179 0.000009
16180 0.000017
16181 0.000020
16182 0.000041
16183 0.000031
16184 0.000010
16185 0.000014
16186 0.000005
16187 0.000028
16188 0.000022
16189 0.000026
16190 0.000010
16191 0.000026
16192 0.000009
16193 0.000061
16194 0.000008
16195 0.000011
16196 0.000014
16197 0.000023
16198 0.000037
16199 0.000013
16200 0.000025
16201 0.000022
16202 0.000034
16203 0.000022
16204 0.000028
16205 0.000026
16206 0.000022
16207 0.000028
16208 0.000011
16209 0.000017
16210 0.000054
16211 0.000008
16212 0.000006
16213 0.000018
16214 0.000017
16215 0.000029
16216 0.000013
16217 0.000045
16218 0.000014
16219 0.000028
16220 0.000037
16221 0.000017
16222 0.000015
16223 0.000020
16224 0.000007
16225 0.000036
16226 0.000013
16227 0.000027
16228 0.000041
16229 0.000010
16230 0.000022
16231 0.000013
16232 0.000012
16233 0.000009
16234 0.000015
16235 0.000011
16236 0.000015
16237 0.000038
16238 0.000011
16239 0.000013
16240 0.000015
16241 0.000009
16242 0.000006
16243 0.000010
16244 0.000017
16245 0.000004
16246 0.000012
16247 0.000012
16248 0.000029
16249 0.000011
16250 0.000019
16251 0.000007
16252 0.000006
16253 0.000035
16254 0.000006
16255 0.000011
16256 0.000017
16257 0.000016
16258 0.000005
16259 0.000015
16260 0.000008
16261 0.000025
16262 0.000017
16263 0.000046
16264 0.000015
16265 0.000029
16266 0.000006
16267 0.000019
16268 0.000024
16269 0.000013
16270 0.000021
16271 0.000032
16272 0.000023
16273 0.000011
16274 0.000017
16275 0.000032
16276 0.000026
16277 0.000032
16278 0.000010
16279 0.000004
16280 0.000009
16281 0.000004
16282 0.000024
16283 0.000030
16284 0.000057
16285 0.000035
16286 0.000015
16287 0.000020
16288 0.000013
16289 0.000030
16290 0.000023
16291 0.000020
16292 0.000004
16293 0.000024
16294 0.000004
16295 0.000022
16296 0.000049
16297 0.000013
16298 0.000012
16299 0.000060
16300 0.000049
16301 0.000030
16302 0.000012
16303 0.000015
16304 0.000004
16305 0.000013
16306 0.000008
16307 0.000036
16308 0.000044
16309 0.000018
16310 0.000007
16311 0.000011
16312 0.000026
16313 0.000011
16314 0.000016
16315 0.000016
16316 0.000018
16317 0.000006
16318 0.000055
16319 0.000020
16320 0.000005
16321 0.000041
16322 0.000009
16323 0.000026
16324 0.000010
16325 0.000015
16326 0.000027
16327 0.000020
16328 0.000014
16329 0.000023
16330 0.000009
16331 0.000025
16332 0.000015
16333 0.000004
16334 0.000024
16335 0.000004
16336 0.000019
16337 0.000005
16338 0.000018
16339 0.000016
16340 0.000022
16341 0.000010
16342 0.000029
16343 0.000022
16344 0.000035
16345 0.000057
16346 0.000038
16347 0.000021
16348 0.000004
16349 0.000017
16350 0.000031
16351 0.000017
16352 0.000021
16353 0.000017
16354 0.000009
16355 0.000014
16356 0.000043
16357 0.000009
16358 0.000048
16359 0.000017
16360 0.000022
16361 0.000022
16362 0.000009
16363 0.000044
16364 0.000005
16365 0.000006
16366 0.000005
16367 0.000013
16368 0.000009
16369 0.000004
16370 0.000010
16371 0.000012
16372 0.000019
16373 0.000024
16374 0.000025
16375 0.000014
16376 0.000027
16377 0.000013
16378 0.000032
16379 0.000016
16380 0.000005
16381 0.000031
16382 0.000008
16383 0.000025
16384 0.000025
16385 0.000004
16386 0.000032
16387 0.000027
16388 0.000009
16389 0.000026
16390 0.000010
16391 0.000009
16392 0.000021
16393 0.000014
16394 0.000011
16395 0.000029
16396 0.000022
16397 0.000029
16398 0.000042
16399 0.000004
16400 0.000031
16401 0.000021
16402 0.000030
16403 0.000005
16404 0.000023
16405 0.000065
16406 0.000028
16407 0.000008
16408 0.000004
16409 0.000020
16410 0.000020
16411 0.000023
16412 0.000004
16413 0.000013
16414 0.000025
16415 0.000010
16416 0.000012
16417 0.000029
16418 0.000007
16419 0.000024
16420 0.000011
16421 0.000065
16422 0.000008
16423 0.000053
16424 0.000019
16425 0.000013
16426 0.000028
16427 0.000028
16428 0.000009
16429 0.000025
16430 0.000021
16431 0.000005
16432 0.000019
16433 0.000031
16434 0.000007
16435 0.000011
16436 0.000022
16437 0.000023
16438 0.000005
16439 0.000013
16440 0.000019
16441 0.000041
16442 0.000013
16443 0.000009
16444 0.000010
16445 0.000019
16446 0.000018
16447 0.000010
16448 0.000018
16449 0.000013
16450 0.000050
16451 0.000013
16452 0.000009
16453 0.000026
16454 0.000015
16455 0.000024
16456 0.000017
16457 0.000013
16458 0.000021
16459 0.000015
16460 0.000013
16461 0.000015
16462 0.000026
16463 0.000051
16464 0.000006
16465 0.000004
16466 0.000026
16467 0.000032
16468 0.000054
16469 0.000011
16470 0.000028
16471 0.000021
16472 0.000015
16473 0.000040
16474 0.000027
16475 0.000004
16476 0.000015
16477 0.000096
16478 0.000017
16479 0.000031
16480 0.000029
16481 0.000013
16482 0.000014
16483 0.000015
16484 0.000013
16485 0.000027
16486 0.000009
16487 0.000005
16488 0.000013
16489 0.000008
16490 0.000011
16491 0.000020
16492 0.000004
16493 0.000006
16494 0.000008
16495 0.000023
16496 0.000006
16497 0.000004
16498 0.000010
16499 0.000009
16500 0.000035
16501 0.000007
16502 0.000014
16503 0.000016
16504 0.000024
16505 0.000018
16506 0.000016
16507 0.000024
16508 0.000026
16509 0.000021
16510 0.000034
16511 0.000008
16512 0.000008
16513 0.000020
16514 0.000013
16515 0.000020
16516 0.000004
16517 0.000015
16518 0.000031
16519 0.000030
16520 0.000009
16521 0.000007
16522 0.000025
16523 0.000025
16524 0.000010
16525 0.000004
16526 0.000024
16527 0.000006
16528 0.000014
16529 0.000016
16530 0.000007
16531 0.000020
16532 0.000030
16533 0.000016
16534 0.000007
16535 0.000019
16536 0.000026
16537 0.000006
16538 0.000025
16539 0.000022
16540 0.000008
16541 0.000037
16542 0.000026
16543 0.000038
16544 0.000007
16545 0.000014
16546 0.000010
16547 0.000029
16548 0.000042
16549 0.000052
16550 0.000021
16551 0.000014
16552 0.000019
16553 0.000015
16554 0.000033
16555 0.000011
16556 0.000015
16557 0.000015
16558 0.000004
16559 0.000023
16560 0.000031
16561 0.000011
16562 0.000018
16563 0.000025
16564 0.000009
16565 0.000004
16566 0.000032
16567 0.000031
16568 0.000022
16569 0.000017
16570 0.000014
16571 0.000052
16572 0.000004
16573 0.000024
16574 0.000007
16575 0.000037
16576 0.000021
16577 0.000053
16578 0.000011
16579 0.000004
16580 0.000020
16581 0.000006
16582 0.000015
16583 0.000006
16584 0.000034
16585 0.000025
16586 0.000019
16587 0.000024
16588 0.000007
16589 0.000021
16590 0.000005
16591 0.000019
16592 0.000039
16593 0.000058
16594 0.000013
16595 0.000049
16596 0.000029
16597 0.000038
16598 0.000008
16599 0.000023
16600 0.000004
16601 0.000010
16602 0.000017
16603 0.000012
16604 0.000026
16605 0.000004
16606 0.000017
16607 0.000028
16608 0.000010
16609 0.000009
16610 0.000026
16611 0.000019
16612 0.000004
16613 0.000036
16614 0.000019
16615 0.000004
16616 0.000005
16617 0.000006
16618 0.000012
16619 0.000004
16620 0.000015
16621 0.000017
16622 0.000017
16623 0.000047
16624 0.000004
16625 0.000016
16626 0.000017
16627 0.000009
16628 0.000004
16629 0.000041
16630 0.000015
16631 0.000022
16632 0.000012
16633 0.000024
16634 0.000017
16635 0.000027
16636 0.000022
16637 0.000017
16638 0.000014
16639 0.000023
16640 0.000021
16641 0.000007
16642 0.000010
16643 0.000035
16644 0.000026
16645 0.000014
16646 0.000011
16647 0.000029
16648 0.000004
16649 0.000016
16650 0.000011
16651 0.000012
16652 0.000012
16653 0.000015
16654 0.000009
16655 0.000019
16656 0.000015
16657 0.000030
16658 0.000005
16659 0.000008
16660 0.000019
16661 0.000004
16662 0.000021
16663 0.000032
16664 0.000010
16665 0.000056
16666 0.000029
16667 0.000021
16668 0.000009
16669 0.000018
16670 0.000026
16671 0.000027
16672 0.000014
16673 0.000013
16674 0.000024
16675 0.000017
16676 0.000024
16677 0.000008
16678 0.000029
16679 0.000006
16680 0.000032
16681 0.000017
16682 0.000010
16683 0.000009
16684 0.000013
16685 0.000025
16686 0.000004
16687 0.000016
16688 0.000018
16689 0.000031
16690 0.000013
16691 0.000018
16692 0.000027
16693 0.000043
16694 0.000018
16695 0.000017
16696 0.000026
16697 0.000016
16698 0.000012
16699 0.000097
16700 0.000037
16701 0.000015
16702 0.000006
16703 0.000020
16704 0.000020
16705 0.000028
16706 0.000026
16707 0.000069
16708 0.000008
16709 0.000009
16710 0.000035
16711 0.000017
16712 0.000027
16713 0.000013
16714 0.000009
16715 0.000004
16716 0.000017
16717 0.000004
16718 0.000014
16719 0.000017
16720 0.000047
16721 0.000068
16722 0.000012
16723 0.000013
16724 0.000007
16725 0.000014
16726 0.000004
16727 0.000035
16728 0.000017
16729 0.000018
16730 0.000010
16731 0.000029
16732 0.000007
16733 0.000036
16734 0.000031
16735 0.000009
16736 0.000056
16737 0.000006
16738 0.000020
16739 0.000015
16740 0.000013
16741 0.000028
16742 0.000016
16743 0.000021
16744 0.000017
16745 0.000040
16746 0.000021
16747 0.000045
16748 0.000016
16749 0.000012
16750 0.000019
16751 0.000005
16752 0.000040
16753 0.000010
16754 0.000040
16755 0.000024
16756 0.000025
16757 0.000026
16758 0.000004
16759 0.000035
16760 0.000014
16761 0.000030
16762 0.000031
16763 0.000015
16764 0.000022
16765 0.000009
16766 0.000018
16767 0.000018
16768 0.000010
16769 0.000004
16770 0.000026
16771 0.000037
16772 0.000019
16773 0.000008
16774 0.000011
16775 0.000014
16776 0.000006
16777 0.000026
16778 0.000051
16779 0.000009
16780 0.000020
16781 0.000033
16782 0.000013
16783 0.000050
16784 0.000011
16785 0.000022
16786 0.000014
16787 0.000038
16788 0.000015
16789 0.000044
16790 0.000013
16791 0.000012
16792 0.000005
16793 0.000031
16794 0.000014
16795 0.000004
16796 0.000033
16797 0.000023
16798 0.000018
16799 0.000012
16800 0.000012
16801 0.000026
16802 0.000011
16803 0.000004
16804 0.000006
16805 0.000016
16806 0.000007
16807 0.000032
16808 0.000026
16809 0.000013
16810 0.000047
16811 0.000012
16812 0.000004
16813 0.000010
16814 0.000028
16815 0.000013
16816 0.000011
16817 0.000004
16818 0.000004
16819 0.000007
16820 0.000009
16821 0.000006
16822 0.000044
16823 0.000016
16824 0.000054
16825 0.000011
16826 0.000011
16827 0.000031
16828 0.000021
16829 0.000029
16830 0.000016
16831 0.000017
16832 0.000010
16833 0.000011
16834 0.000008
16835 0.000032
16836 0.000010
16837 0.000017
16838 0.000033
16839 0.000018
16840 0.000017
16841 0.000004
16842 0.000014
16843 0.000015
16844 0.000025
16845 0.000027
16846 0.000016
16847 0.000006
16848 0.000034
16849 0.000009
16850 0.000018
16851 0.000022
16852 0.000004
16853 0.000020
16854 0.000017
16855 0.000012
16856 0.000028
16857 0.000004
16858 0.000009
16859 0.000028
16860 0.000039
16861 0.000025
16862 0.000017
16863 0.000017
16864 0.000008
16865 0.000030
16866 0.000010
16867 0.000018
16868 0.000017
16869 0.000011
16870 0.000023
16871 0.000031
16872 0.000010
16873 0.000015
16874 0.000027
16875 0.000025
16876 0.000007
16877 0.000034
16878 0.000015
16879 0.000009
16880 0.000011
16881 0.000014
16882 0.000022
16883 0.000032
16884 0.000010
16885 0.000046
16886 0.000006
16887 0.000040
16888 0.000016
16889 0.000007
16890 0.000015
16891 0.000017
16892 0.000009
16893 0.000019
16894 0.000010
16895 0.000013
16896 0.000041
16897 0.000026
16898 0.000014
16899 0.000008
16900 0.000031
16901 0.000016
16902 0.000010
16903 0.000019
16904 0.000030
16905 0.000024
16906 0.000039
16907 0.000020
16908 0.000012
16909 0.000022
16910 0.000011
16911 0.000011
16912 0.000018
16913 0.000018
16914 0.000010
16915 0.000004
16916 0.000015
16917 0.000022
16918 0.000016
16919 0.000021
16920 0.000034
16921 0.000044
16922 0.000035
16923 0.000030
16924 0.000015
16925 0.000004
16926 0.000029
16927 0.000032
16928 0.000013
16929 0.000034
16930 0.000011
16931 0.000008
16932 0.000021
16933 0.000018
16934 0.000015
16935 0.000012
16936 0.000024
16937 0.000036
16938 0.000029
16939 0.000027
16940 0.000009
16941 0.000012
16942 0.000019
16943 0.000021
16944 0.000013
16945 0.000025
16946 0.000028
16947 0.000005
16948 0.000007
16949 0.000023
16950 0.000012
16951 0.000018
16952 0.000030
16953 0.000040
16954 0.000023
16955 0.000011
16956 0.000006
16957 0.000010
16958 0.000055
16959 0.000038
16960 0.000050
16961 0.000004
16962 0.000019
16963 0.000015
16964 0.000009
16965 0.000030
16966 0.000006
16967 0.000023
16968 0.000004
16969 0.000004
16970 0.000026
16971 0.000029
16972 0.000030
16973 0.000020
16974 0.000013
16975 0.000026
16976 0.000034
16977 0.000026
16978 0.000016
16979 0.000015
16980 0.000033
16981 0.000028
16982 0.000024
16983 0.000015
16984 0.000033
16985 0.000024
16986 0.000017
16987 0.000009
16988 0.000012
16989 0.000057
16990 0.000036
16991 0.000010
16992 0.000030
16993 0.000006
16994 0.000018
16995 0.000004
16996 0.000023
16997 0.000025
16998 0.000007
16999 0.000006
17000 0.000008
17001 0.000020
17002 0.000019
17003 0.000036
17004 0.000013
17005 0.000008
17006 0.000011
17007 0.000029
17008 0.000023
17009 0.000030
17010 0.000020
17011 0.000014
17012 0.000030
17013 0.000008
17014 0.000007
17015 0.000008
17016 0.000020
17017 0.000025
17018 0.000005
17019 0.000004
17020 0.000006
17021 0.000010
17022 0.000016
17023 0.000039
17024 0.000012
17025 0.000043
17026 0.000006
17027 0.000018
17028 0.000009
17029 0.000014
17030 0.000030
17031 0.000006
17032 0.000005
17033 0.000021
17034 0.000010
17035 0.000053
17036 0.000027
17037 0.000017
17038 0.000041
17039 0.000012
17040 0.000015
17041 0.000047
17042 0.000015
17043 0.000004
17044 0.000006
17045 0.000025
17046 0.000013
17047 0.000011
17048 0.000018
17049 0.000046
17050 0.000013
17051 0.000035
17052 0.000004
17053 0.000038
17054 0.000047
17055 0.000006
17056 0.000026
17057 0.000019
17058 0.000044
17059 0.000031
17060 0.000030
17061 0.000015
17062 0.000036
17063 0.000013
17064 0.000007
17065 0.000012
17066 0.000047
17067 0.000068
17068 0.000029
17069 0.000018
17070 0.000033
17071 0.000018
17072 0.000023
17073 0.000004
17074 0.000017
17075 0.000015
17076 0.000013
17077 0.000015
17078 0.000020
17079 0.000020
17080 0.000019
17081 0.000004
17082 0.000047
17083 0.000013
17084 0.000007
17085 0.000045
17086 0.000026
17087 0.000025
17088 0.000013
17089 0.000030
17090 0.000009
17091 0.000010
17092 0.000013
17093 0.000017
17094 0.000013
17095 0.000007
17096 0.000024
17097 0.000019
17098 0.000014
17099 0.000020
17100 0.000023
17101 0.000019
17102 0.000015
17103 0.000019
17104 0.000040
17105 0.000012
17106 0.000014
17107 0.000028
17108 0.000032
17109 0.000025
17110 0.000009
17111 0.000029
17112 0.000011
17113 0.000023
17114 0.000017
17115 0.000008
17116 0.000009
17117 0.000006
17118 0.000019
17119 0.000024
17120 0.000021
17121 0.000017
17122 0.000017
17123 0.000021
17124 0.000009
17125 0.000008
17126 0.000010
17127 0.000017
17128 0.000015
17129 0.000015
17130 0.000010
17131 0.000004
17132 0.000010
17133 0.000009
17134 0.000011
17135 0.000015
17136 0.000030
17137 0.000077
17138 0.000041
17139 0.000010
17140 0.000011
17141 0.000014
17142 0.000024
17143 0.000011
17144 0.000021
17145 0.000014
17146 0.000006
17147 0.000013
17148 0.000015
17149 0.000034
17150 0.000020
17151 0.000016
17152 0.000017
17153 0.000017
17154 0.000007
17155 0.000004
17156 0.000100
17157 0.000015
17158 0.000014
17159 0.000033
17160 0.000013
17161 0.000007
17162 0.000007
17163 0.000026
17164 0.000026
17165 0.000023
17166 0.000015
17167 0.000026
17168 0.000014
17169 0.000018
17170 0.000024
17171 0.000006
17172 0.000009
17173 0.000018
17174 0.000011
17175 0.000042
17176 0.000015
17177 0.000019
17178 0.000004
17179 0.000036
17180 0.000018
17181 0.000013
17182 0.000050
17183 0.000006
17184 0.000013
17185 0.000018
17186 0.000031
17187 0.000033
17188 0.000004
17189 0.000018
17190 0.000014
17191 0.000022
17192 0.000012
17193 0.000016
17194 0.000028
17195 0.000016
17196 0.000033
17197 0.000027
17198 0.000013
17199 0.000029
17200 0.000024
17201 0.000021
17202 0.000026
17203 0.000007
17204 0.000056
17205 0.000043
17206 0.000019
17207 0.000013
17208 0.000012
17209 0.000009
17210 0.000013
17211 0.000007
17212 0.000019
17213 0.000019
17214 0.000025
17215 0.000025
17216 0.000031
17217 0.000033
17218 0.000010
17219 0.000026
17220 0.000022
17221 0.000013
17222 0.000007
17223 0.000032
17224 0.000011
17225 0.000034
17226 0.000035
17227 0.000025
17228 0.000008
17229 0.000021
17230 0.000018
17231 0.000021
17232 0.000008
17233 0.000015
17234 0.000025
17235 0.000028
17236 0.000017
17237 0.000027
17238 0.000028
17239 0.000027
17240 0.000015
17241 0.000011
17242 0.000035
17243 0.000019
17244 0.000018
17245 0.000018
17246 0.000012
17247 0.000023
17248 0.000015
17249 0.000025
17250 0.000014
17251 0.000018
17252 0.000018
17253 0.000023
17254 0.000016
17255 0.000019
17256 0.000013
17257 0.000039
17258 0.000024
17259 0.000011
17260 0.000024
17261 0.000011
17262 0.000017
17263 0.000019
17264 0.000017
17265 0.000017
17266 0.000019
17267 0.000004
17268 0.000010
17269 0.000019
17270 0.000036
17271 0.000026
17272 0.000023
17273 0.000019
17274 0.000013
17275 0.000014
17276 0.000026
17277 0.000037
17278 0.000011
17279 0.000013
17280 0.000031
17281 0.000046
17282 0.000010
17283 0.000027
17284 0.000024
17285 0.000010
17286 0.000006
17287 0.000007
17288 0.000010
17289 0.000006
17290 0.000024
17291 0.000013
17292 0.000061
17293 0.000045
17294 0.000011
17295 0.000020
17296 0.000024
17297 0.000019
17298 0.000016
17299 0.000024
17300 0.000022
17301 0.000014
17302 0.000018
17303 0.000030
17304 0.000025
17305 0.000009
17306 0.000007
17307 0.000023
17308 0.000006
17309 0.000008
17310 0.000017
17311 0.000026
17312 0.000008
17313 0.000046
17314 0.000023
17315 0.000010
17316 0.000022
17317 0.000014
17318 0.000008
17319 0.000029
17320 0.000013
17321 0.000013
17322 0.000017
17323 0.000006
17324 0.000020
17325 0.000012
17326 0.000025
17327 0.000027
17328 0.000018
17329 0.000041
17330 0.000008
17331 0.000007
17332 0.000040
17333 0.000009
17334 0.000020
17335 0.000031
17336 0.000005
17337 0.000009
17338 0.000005
17339 0.000010
17340 0.000008
17341 0.000007
17342 0.000024
17343 0.000042
17344 0.000016
17345 0.000031
17346 0.000016
17347 0.000025
17348 0.000008
17349 0.000022
17350 0.000021
17351 0.000014
17352 0.000069
17353 0.000004
17354 0.000015
17355 0.000026
17356 0.000035
17357 0.000042
17358 0.000012
17359 0.000014
17360 0.000044
17361 0.000006
17362 0.000008
17363 0.000017
17364 0.000014
17365 0.000007
17366 0.000010
17367 0.000010
17368 0.000078
17369 0.000024
17370 0.000006
17371 0.000029
17372 0.000019
17373 0.000004
17374 0.000012
17375 0.000007
17376 0.000016
17377 0.000019
17378 0.000019
17379 0.000011
17380 0.000027
17381 0.000037
17382 0.000019
17383 0.000021
17384 0.000041
17385 0.000014
17386 0.000020
17387 0.000025
17388 0.000022
17389 0.000014
17390 0.000028
17391 0.000030
17392 0.000004
17393 0.000013
17394 0.000015
17395 0.000009
17396 0.000004
17397 0.000011
17398 0.000016
17399 0.000018
17400 0.000031
17401 0.000023
17402 0.000019
17403 0.000009
17404 0.000067
17405 0.000020
17406 0.000011
17407 0.000012
17408 0.000023
17409 0.000048
17410 0.000015
17411 0.000029
17412 0.000037
17413 0.000013
17414 0.000018
17415 0.000017
17416 0.000022
17417 0.000020
17418 0.000013
17419 0.000010
17420 0.000013
17421 0.000005
17422 0.000018
17423 0.000026
17424 0.000011
17425 0.000022
17426 0.000031
17427 0.000015
17428 0.000011
17429 0.000007
17430 0.000031
17431 0.000012
17432 0.000013
17433 0.000061
17434 0.000019
17435 0.000038
17436 0.000022
17437 0.000007
17438 0.000005
17439 0.000004
17440 0.000031
17441 0.000016
17442 0.000022
17443 0.000023
17444 0.000017
17445 0.000028
17446 0.000025
17447 0.000004
17448 0.000031
17449 0.000048
17450 0.000007
17451 0.000016
17452 0.000015
17453 0.000004
17454 0.000009
17455 0.000048
17456 0.000016
17457 0.000004
17458 0.000007
17459 0.000026
17460 0.000019
17461 0.000010
17462 0.000020
17463 0.000020
17464 0.000017
17465 0.000008
17466 0.000015
17467 0.000026
17468 0.000043
17469 0.000018
17470 0.000015
17471 0.000022
17472 0.000010
17473 0.000011
17474 0.000030
17475 0.000011
17476 0.000035
17477 0.000012
17478 0.000008
17479 0.000028
17480 0.000024
17481 0.000008
17482 0.000018
17483 0.000017
17484 0.000011
17485 0.000011
17486 0.000035
17487 0.000020
17488 0.000015
17489 0.000017
17490 0.000010
17491 0.000020
17492 0.000027
17493 0.000008
17494 0.000013
17495 0.000021
17496 0.000034
17497 0.000011
17498 0.000015
17499 0.000019
17500 0.000016
17501 0.000018
17502 0.000026
17503 0.000015
17504 0.000005
17505 0.000017
17506 0.000007
17507 0.000006
17508 0.000010
17509 0.000017
17510 0.000008
17511 0.000022
17512 0.000013
17513 0.000029
17514 0.000013
17515 0.000029
17516 0.000034
17517 0.000012
17518 0.000023
17519 0.000032
17520 0.000013
17521 0.000023
17522 0.000020
17523 0.000027
17524 0.000021
17525 0.000004
17526 0.000008
17527 0.000008
17528 0.000047
17529 0.000012
17530 0.000021
17531 0.000044
17532 0.000009
17533 0.000005
17534 0.000008
17535 0.000030
17536 0.000009
17537 0.000017
17538 0.000021
17539 0.000030
17540 0.000012
17541 0.000014
17542 0.000012
17543 0.000022
17544 0.000014
17545 0.000019
17546 0.000019
17547 0.000017
17548 0.000036
17549 0.000015
17550 0.000024
17551 0.000015
17552 0.000017
17553 0.000023
17554 0.000014
17555 0.000014
17556 0.000018
17557 0.000021
17558 0.000027
17559 0.000006
17560 0.000037
17561 0.000021
17562 0.000023
17563 0.000026
17564 0.000028
17565 0.000018
17566 0.000027
17567 0.000011
17568 0.000024
17569 0.000025
17570 0.000022
17571 0.000007
17572 0.000035
17573 0.000014
17574 0.000022
17575 0.000010
17576 0.000021
17577 0.000004
17578 0.000018
17579 0.000030
17580 0.000017
17581 0.000006
17582 0.000019
17583 0.000009
17584 0.000022
17585 0.000019
17586 0.000004
17587 0.000025
17588 0.000011
17589 0.000024
17590 0.000060
17591 0.000026
17592 0.000011
17593 0.000020
17594 0.000004
17595 0.000033
17596 0.000018
17597 0.000030
17598 0.000059
17599 0.000025
17600 0.000027
17601 0.000028
17602 0.000016
17603 0.000019
17604 0.000009
17605 0.000009
17606 0.000020
17607 0.000050
17608 0.000014
17609 0.000004
17610 0.000029
17611 0.000017
17612 0.000029
17613 0.000010
17614 0.000015
17615 0.000029
17616 0.000023
17617 0.000019
17618 0.000018
17619 0.000018
17620 0.000026
17621 0.000022
17622 0.000006
17623 0.000012
17624 0.000022
17625 0.000093
17626 0.000019
17627 0.000004
17628 0.000020
17629 0.000011
17630 0.000044
17631 0.000017
17632 0.000026
17633 0.000031
17634 0.000022
17635 0.000013
17636 0.000015
17637 0.000040
17638 0.000010
17639 0.000038
17640 0.000029
17641 0.000082
17642 0.000011
17643 0.000024
17644 0.000016
17645 0.000025
17646 0.000027
17647 0.000004
17648 0.000045
17649 0.000031
17650 0.000004
17651 0.000032
17652 0.000017
17653 0.000012
17654 0.000030
17655 0.000024
17656 0.000027
17657 0.000028
17658 0.000025
17659 0.000011
17660 0.000018
17661 0.000014
17662 0.000015
17663 0.000020
17664 0.000022
17665 0.000006
17666 0.000015
17667 0.000018
17668 0.000008
17669 0.000022
17670 0.000033
17671 0.000019
17672 0.000023
17673 0.000010
17674 0.000039
17675 0.000018
17676 0.000027
17677 0.000009
17678 0.000032
17679 0.000024
17680 0.000011
17681 0.000004
17682 0.000045
17683 0.000030
17684 0.000022
17685 0.000017
17686 0.000011
17687 0.000020
17688 0.000037
17689 0.000041
17690 0.000025
17691 0.000007
17692 0.000011
17693 0.000013
17694 0.000027
17695 0.000027
17696 0.000032
17697 0.000021
17698 0.000010
17699 0.000022
17700 0.000033
17701 0.000011
17702 0.000038
17703 0.000004
17704 0.000041
17705 0.000023
17706 0.000007
17707 0.000009
17708 0.000020
17709 0.000016
17710 0.000004
17711 0.000004
17712 0.000016
17713 0.000024
17714 0.000021
17715 0.000014
17716 0.000023
17717 0.000018
17718 0.000023
17719 0.000021
17720 0.000015
17721 0.000019
17722 0.000014
17723 0.000008
17724 0.000016
17725 0.000013
17726 0.000033
17727 0.000007
17728 0.000021
17729 0.000004
17730 0.000024
17731 0.000016
17732 0.000007
17733 0.000011
17734 0.000014
17735 0.000023
17736 0.000030
17737 0.000006
17738 0.000011
17739 0.000031
17740 0.000014
17741 0.000009
17742 0.000013
17743 0.000015
17744 0.000020
17745 0.000004
17746 0.000029
17747 0.000016
17748 0.000023
17749 0.000013
17750 0.000005
17751 0.000040
17752 0.000018
17753 0.000017
17754 0.000023
17755 0.000012
17756 0.000010
17757 0.000006
17758 0.000009
17759 0.000034
17760 0.000023
17761 0.000024
17762 0.000007
17763 0.000043
17764 0.000018
17765 0.000018
17766 0.000065
17767 0.000025
17768 0.000055
17769 0.000019
17770 0.000006
17771 0.000005
17772 0.000009
17773 0.000004
17774 0.000027
17775 0.000017
17776 0.000006
17777 0.000017
17778 0.000008
17779 0.000008
17780 0.000008
17781 0.000045
17782 0.000006
17783 0.000021
17784 0.000017
17785 0.000023
17786 0.000017
17787 0.000024
17788 0.000020
17789 0.000027
17790 0.000045
17791 0.000009
17792 0.000021
17793 0.000013
17794 0.000016
17795 0.000014
17796 0.000041
17797 0.000008
17798 0.000028
17799 0.000017
17800 0.000065
17801 0.000004
17802 0.000017
17803 0.000014
17804 0.000019
17805 0.000009
17806 0.000006
17807 0.000037
17808 0.000006
17809 0.000032
17810 0.000045
17811 0.000009
17812 0.000023
17813 0.000014
17814 0.000016
17815 0.000030
17816 0.000009
17817 0.000032
17818 0.000049
17819 0.000046
17820 0.000008
17821 0.000016
17822 0.000056
17823 0.000004
17824 0.000033
17825 0.000048
17826 0.000019
17827 0.000031
17828 0.000018
17829 0.000010
17830 0.000006
17831 0.000023
17832 0.000022
17833 0.000027
17834 0.000032
17835 0.000024
17836 0.000012
17837 0.000014
17838 0.000033
17839 0.000037
17840 0.000015
17841 0.000016
17842 0.000007
17843 0.000005
17844 0.000011
17845 0.000024
17846 0.000016
17847 0.000008
17848 0.000017
17849 0.000018
17850 0.000011
17851 0.000018
17852 0.000036
17853 0.000011
17854 0.000025
17855 0.000025
17856 0.000029
17857 0.000013
17858 0.000034
17859 0.000004
17860 0.000018
17861 0.000004
17862 0.000019
17863 0.000025
17864 0.000016
17865 0.000014
17866 0.000021
17867 0.000006
17868 0.000016
17869 0.000028
17870 0.000017
17871 0.000030
17872 0.000030
17873 0.000017
17874 0.000042
17875 0.000011
17876 0.000007
17877 0.000014
17878 0.000004
17879 0.000004
17880 0.000036
17881 0.000015
17882 0.000023
17883 0.000017
17884 0.000015
17885 0.000012
17886 0.000012
17887 0.000022
17888 0.000027
17889 0.000027
17890 0.000027
17891 0.000007
17892 0.000009
17893 0.000011
17894 0.000009
17895 0.000016
17896 0.000034
17897 0.000018
17898 0.000019
17899 0.000025
17900 0.000004
17901 0.000014
17902 0.000031
17903 0.000004
17904 0.000016
17905 0.000025
17906 0.000006
17907 0.000035
17908 0.000017
17909 0.000006
17910 0.000008
17911 0.000024
17912 0.000011
17913 0.000011
17914 0.000025
17915 0.000033
17916 0.000009
17917 0.000010
17918 0.000035
17919 0.000022
17920 0.000033
17921 0.000020
17922 0.000021
17923 0.000038
17924 0.000007
17925 0.000020
17926 0.000008
17927 0.000004
17928 0.000008
17929 0.000012
17930 0.000022
17931 0.000050
17932 0.000028
17933 0.000005
17934 0.000014
17935 0.000024
17936 0.000019
17937 0.000004
17938 0.000013
17939 0.000019
17940 0.000012
17941 0.000004
17942 0.000032
17943 0.000015
17944 0.000010
17945 0.000004
17946 0.000015
17947 0.000028
17948 0.000006
17949 0.000036
17950 0.000050
17951 0.000056
17952 0.000010
17953 0.000015
17954 0.000015
17955 0.000006
17956 0.000011
17957 0.000016
17958 0.000008
17959 0.000017
17960 0.000009
17961 0.000010
17962 0.000038
17963 0.000011
17964 0.000010
17965 0.000008
17966 0.000013
17967 0.000017
17968 0.000034
17969 0.000018
17970 0.000006
17971 0.000012
17972 0.000017
17973 0.000008
17974 0.000064
17975 0.000017
17976 0.000036
17977 0.000011
17978 0.000079
17979 0.000011
17980 0.000005
17981 0.000033
17982 0.000034
17983 0.000015
17984 0.000049
17985 0.000011
17986 0.000005
17987 0.000009
17988 0.000009
17989 0.000023
17990 0.000026
17991 0.000010
17992 0.000007
17993 0.000019
17994 0.000011
17995 0.000027
17996 0.000018
17997 0.000031
17998 0.000004
17999 0.000010
18000 0.000010
18001 0.000025
18002 0.000012
18003 0.000007
18004 0.000007
18005 0.000018
18006 0.000007
18007 0.000028
18008 0.000016
18009 0.000019
18010 0.000006
18011 0.000025
18012 0.000017
18013 0.000016
18014 0.000008
18015 0.000013
18016 0.000009
18017 0.000014
18018 0.000034
18019 0.000015
18020 0.000027
18021 0.000012
18022 0.000016
18023 0.000027
18024 0.000048
18025 0.000009
18026 0.000013
18027 0.000027
18028 0.000009
18029 0.000013
18030 0.000009
18031 0.000005
18032 0.000036
18033 0.000018
18034 0.000026
18035 0.000025
18036 0.000020
18037 0.000049
18038 0.000015
18039 0.000027
18040 0.000004
18041 0.000012
18042 0.000073
18043 0.000024
18044 0.000004
18045 0.000018
18046 0.000022
18047 0.000026
18048 0.000007
18049 0.000024
18050 0.000047
18051 0.000022
18052 0.000028
18053 0.000014
18054 0.000025
18055 0.000008
18056 0.000014
18057 0.000030
18058 0.000019
18059 0.000006
18060 0.000004
18061 0.000034
18062 0.000025
18063 0.000035
18064 0.000028
18065 0.000014
18066 0.000008
18067 0.000016
18068 0.000010
18069 0.000007
18070 0.000022
18071 0.000024
18072 0.000014
18073 0.000048
18074 0.000034
18075 0.000010
18076 0.000022
18077 0.000004
18078 0.000016
18079 0.000021
18080 0.000015
18081 0.000039
18082 0.000036
18083 0.000033
18084 0.000100
18085 0.000023
18086 0.000014
18087 0.000028
18088 0.000013
18089 0.000014
18090 0.000051
18091 0.000006
18092 0.000041
18093 0.000016
18094 0.000018
18095 0.000005
18096 0.000027
18097 0.000033
18098 0.000024
18099 0.000047
18100 0.000029
18101 0.000010
18102 0.000013
18103 0.000008
18104 0.000011
18105 0.000013
18106 0.000012
18107 0.000035
18108 0.000023
18109 0.000017
18110 0.000019
18111 0.000010
18112 0.000019
18113 0.000004
18114 0.000017
18115 0.000025
18116 0.000015
18117 0.000047
18118 0.000019
18119 0.000024
18120 0.000024
18121 0.000009
18122 0.000030
18123 0.000010
18124 0.000004
18125 0.000031
18126 0.000004
18127 0.000005
18128 0.000018
18129 0.000023
18130 0.000048
18131 0.000008
18132 0.000025
18133 0.000018
18134 0.000009
18135 0.000006
18136 0.000019
18137 0.000004
18138 0.000009
18139 0.000013
18140 0.000022
18141 0.000094
18142 0.000014
18143 0.000026
18144 0.000004
18145 0.000008
18146 0.000029
18147 0.000019
18148 0.000022
18149 0.000007
18150 0.000020
18151 0.000010
18152 0.000007
18153 0.000027
18154 0.000012
18155 0.000036
18156 0.000021
18157 0.000007
18158 0.000021
18159 0.000032
18160 0.000018
18161 0.000049
18162 0.000023
18163 0.000036
18164 0.000021
18165 0.000051
18166 0.000012
18167 0.000016
18168 0.000015
18169 0.000020
18170 0.000004
18171 0.000050
18172 0.000027
18173 0.000004
18174 0.000007
18175 0.000041
18176 0.000022
18177 0.000016
18178 0.000037
18179 0.000017
18180 0.000023
18181 0.000013
18182 0.000013
18183 0.000011
18184 0.000040
18185 0.000008
18186 0.000015
18187 0.000010
18188 0.000020
18189 0.000013
18190 0.000019
18191 0.000019
18192 0.000027
18193 0.000011
18194 0.000035
18195 0.000021
18196 0.000040
18197 0.000024
18198 0.000018
18199 0.000008
18200 0.000011
18201 0.000039
18202 0.000026
18203 0.000018
18204 0.000019
18205 0.000009
18206 0.000009
18207 0.000040
18208 0.000010
18209 0.000024
18210 0.000024
18211 0.000028
18212 0.000033
18213 0.000020
18214 0.000028
18215 0.000006
18216 0.000063
18217 0.000034
18218 0.000009
18219 0.000018
18220 0.000004
18221 0.000012
18222 0.000012
18223 0.000030
18224 0.000011
18225 0.000017
18226 0.000021
18227 0.000020
18228 0.000008
18229 0.000013
18230 0.000013
18231 0.000022
18232 0.000038
18233 0.000008
18234 0.000035
18235 0.000042
18236 0.000016
18237 0.000004
18238 0.000017
18239 0.000005
18240 0.000042
18241 0.000011
18242 0.000011
18243 0.000010
18244 0.000007
18245 0.000048
18246 0.000008
18247 0.000025
18248 0.000031
18249 0.000006
18250 0.000012
18251 0.000021
18252 0.000019
18253 0.000018
18254 0.000006
18255 0.000041
18256 0.000019
18257 0.000009
18258 0.000035
18259 0.000022
18260 0.000013
18261 0.000019
18262 0.000013
18263 0.000018
18264 0.000055
18265 0.000028
18266 0.000010
18267 0.000031
18268 0.000020
18269 0.000008
18270 0.000026
18271 0.000013
18272 0.000017
18273 0.000024
18274 0.000011
18275 0.000010
18276 0.000027
18277 0.000007
18278 0.000004
18279 0.000026
18280 0.000011
18281 0.000004
18282 0.000013
18283 0.000004
18284 0.000014
18285 0.000014
18286 0.000005
18287 0.000029
18288 0.000046
18289 0.000025
18290 0.000023
18291 0.000018
18292 0.000029
18293 0.000032
18294 0.000030
18295 0.000017
18296 0.000018
18297 0.000012
18298 0.000015
18299 0.000024
18300 0.000017
18301 0.000014
18302 0.000053
18303 0.000066
18304 0.000016
18305 0.000030
18306 0.000014
18307 0.000024
18308 0.000006
18309 0.000007
18310 0.000025
18311 0.000008
18312 0.000040
18313 0.000102
18314 0.000028
18315 0.000015
18316 0.000023
18317 0.000012
18318 0.000011
18319 0.000004
18320 0.000009
18321 0.000031
18322 0.000017
18323 0.000033
18324 0.000020
18325 0.000009
18326 0.000019
18327 0.000026
18328 0.000015
18329 0.000009
18330 0.000012
18331 0.000007
18332 0.000020
18333 0.000026
18334 0.000082
18335 0.000004
18336 0.000012
18337 0.000010
18338 0.000036
18339 0.000031
18340 0.000034
18341 0.000006
18342 0.000029
18343 0.000008
18344 0.000018
18345 0.000027
18346 0.000015
18347 0.000035
18348 0.000011
18349 0.000029
18350 0.000012
18351 0.000018
18352 0.000004
18353 0.000031
18354 0.000029
18355 0.000009
18356 0.000016
18357 0.000012
18358 0.000061
18359 0.000026
18360 0.000021
18361 0.000015
18362 0.000042
18363 0.000017
18364 0.000016
18365 0.000009
18366 0.000004
18367 0.000012
18368 0.000020
18369 0.000012
18370 0.000018
18371 0.000041
18372 0.000026
18373 0.000023
18374 0.000033
18375 0.000025
18376 0.000004
18377 0.000021
18378 0.000012
18379 0.000006
18380 0.000033
18381 0.000009
18382 0.000021
18383 0.000011
18384 0.000021
18385 0.000016
18386 0.000020
18387 0.000035
18388 0.000027
18389 0.000015
18390 0.000033
18391 0.000028
18392 0.000004
18393 0.000045
18394 0.000004
18395 0.000030
18396 0.000021
18397 0.000008
18398 0.000028
18399 0.000013
18400 0.000042
18401 0.000057
18402 0.000018
18403 0.000016
18404 0.000046
18405 0.000042
18406 0.000018
18407 0.000011
18408 0.000017
18409 0.000011
18410 0.000006
18411 0.000025
18412 0.000014
18413 0.000026
18414 0.000004
18415 0.000016
18416 0.000029
18417 0.000037
18418 0.000012
18419 0.000024
18420 0.000004
18421 0.000022
18422 0.000012
18423 0.000006
18424 0.000027
18425 0.000019
18426 0.000008
18427 0.000016
18428 0.000014
18429 0.000009
18430 0.000020
18431 0.000022
18432 0.000026
18433 0.000006
18434 0.000022
18435 0.000008
18436 0.000013
18437 0.000006
18438 0.000026
18439 0.000015
18440 0.000040
18441 0.000008
18442 0.000033
18443 0.000013
18444 0.000018
18445 0.000031
18446 0.000028
18447 0.000004
18448 0.000004
18449 0.000024
18450 0.000008
18451 0.000012
18452 0.000014
18453 0.000086
18454 0.000024
18455 0.000051
18456 0.000011
18457 0.000021
18458 0.000017
18459 0.000013
18460 0.000013
18461 0.000045
18462 0.000024
18463 0.000026
18464 0.000021
18465 0.000020
18466 0.000004
18467 0.000035
18468 0.000010
18469 0.000009
18470 0.000032
18471 0.000017
18472 0.000044
18473 0.000013
18474 0.000018
18475 0.000020
18476 0.000013
18477 0.000014
18478 0.000026
18479 0.000015
18480 0.000010
18481 0.000024
18482 0.000012
18483 0.000019
18484 0.000023
18485 0.000016
18486 0.000035
18487 0.000032
18488 0.000041
18489 0.000009
18490 0.000028
18491 0.000018
18492 0.000004
18493 0.000027
18494 0.000031
18495 0.000005
18496 0.000006
18497 0.000024
18498 0.000012
18499 0.000022
18500 0.000020
18501 0.000025
18502 0.000009
18503 0.000024
18504 0.000040
18505 0.000029
18506 0.000029
18507 0.000025
18508 0.000013
18509 0.000011
18510 0.000006
18511 0.000062
18512 0.000021
18513 0.000019
18514 0.000030
18515 0.000021
18516 0.000006
18517 0.000036
18518 0.000030
18519 0.000013
18520 0.000005
18521 0.000026
18522 0.000009
18523 0.000008
18524 0.000015
18525 0.000018
18526 0.000008
18527 0.000008
18528 0.000034
18529 0.000021
18530 0.000020
18531 0.000016
18532 0.000017
18533 0.000010
18534 0.000028
18535 0.000018
18536 0.000042
18537 0.000009
18538 0.000010
18539 0.000011
18540 0.000008
18541 0.000022
18542 0.000014
18543 0.000022
18544 0.000004
18545 0.000012
18546 0.000021
18547 0.000019
18548 0.000022
18549 0.000013
18550 0.000027
18551 0.000004
18552 0.000013
18553 0.000014
18554 0.000030
18555 0.000012
18556 0.000033
18557 0.000017
18558 0.000016
18559 0.000023
18560 0.000045
18561 0.000017
18562 0.000026
18563 0.000020
18564 0.000037
18565 0.000019
18566 0.000017
18567 0.000012
18568 0.000068
18569 0.000008
18570 0.000060
18571 0.000014
18572 0.000008
18573 0.000006
18574 0.000023
18575 0.000018
18576 0.000041
18577 0.000016
18578 0.000013
18579 0.000012
18580 0.000022
18581 0.000007
18582 0.000027
18583 0.000016
18584 0.000012
18585 0.000027
18586 0.000047
18587 0.000012
18588 0.000041
18589 0.000026
18590 0.000031
18591 0.000019
18592 0.000018
18593 0.000018
18594 0.000026
18595 0.000056
18596 0.000031
18597 0.000037
18598 0.000069
18599 0.000046
18600 0.000029
18601 0.000008
18602 0.000021
18603 0.000052
18604 0.000018
18605 0.000012
18606 0.000012
18607 0.000016
18608 0.000021
18609 0.000025
18610 0.000008
18611 0.000015
18612 0.000004
18613 0.000012
18614 0.000025
18615 0.000073
18616 0.000053
18617 0.000028
18618 0.000035
18619 0.000015
18620 0.000026
18621 0.000008
18622 0.000014
18623 0.000036
18624 0.000013
18625 0.000014
18626 0.000028
18627 0.000022
18628 0.000022
18629 0.000011
18630 0.000024
18631 0.000012
18632 0.000020
18633 0.000010
18634 0.000011
18635 0.000007
18636 0.000046
18637 0.000014
18638 0.000010
18639 0.000006
18640 0.000021
18641 0.000021
18642 0.000012
18643 0.000018
18644 0.000032
18645 0.000016
18646 0.000007
18647 0.000019
18648 0.000004
18649 0.000016
18650 0.000013
18651 0.000014
18652 0.000044
18653 0.000006
18654 0.000030
18655 0.000008
18656 0.000014
18657 0.000008
18658 0.000032
18659 0.000023
18660 0.000057
18661 0.000015
18662 0.000017
18663 0.000023
18664 0.000028
18665 0.000021
18666 0.000007
18667 0.000011
18668 0.000018
18669 0.000018
18670 0.000032
18671 0.000044
18672 0.000054
18673 0.000019
18674 0.000030
18675 0.000041
18676 0.000018
18677 0.000021
18678 0.000012
18679 0.000013
18680 0.000016
18681 0.000037
18682 0.000039
18683 0.000022
18684 0.000024
18685 0.000034
18686 0.000009
18687 0.000008
18688 0.000012
18689 0.000030
18690 0.000012
18691 0.000049
18692 0.000034
18693 0.000013
18694 0.000034
18695 0.000038
18696 0.000017
18697 0.000005
18698 0.000034
18699 0.000017
18700 0.000046
18701 0.000029
18702 0.000010
18703 0.000006
18704 0.000018
18705 0.000032
18706 0.000012
18707 0.000024
18708 0.000048
18709 0.000039
18710 0.000013
18711 0.000027
18712 0.000017
18713 0.000007
18714 0.000013
18715 0.000007
18716 0.000027
18717 0.000026
18718 0.000025
18719 0.000008
18720 0.000011
18721 0.000019
18722 0.000035
18723 0.000040
18724 0.000020
18725 0.000005
18726 0.000019
18727 0.000019
18728 0.000006
18729 0.000004
18730 0.000009
18731 0.000018
18732 0.000020
18733 0.000021
18734 0.000007
18735 0.000024
18736 0.000008
18737 0.000025
18738 0.000017
18739 0.000012
18740 0.000019
18741 0.000010
18742 0.000014
18743 0.000055
18744 0.000004
18745 0.000021
18746 0.000009
18747 0.000014
18748 0.000005
18749 0.000009
18750 0.000004
18751 0.000012
18752 0.000006
18753 0.000007
18754 0.000004
18755 0.000004
18756 0.000017
18757 0.000012
18758 0.000034
18759 0.000009
18760 0.000009
18761 0.000004
18762 0.000010
18763 0.000028
18764 0.000026
18765 0.000012
18766 0.000016
18767 0.000023
18768 0.000015
18769 0.000009
18770 0.000018
18771 0.000024
18772 0.000023
18773 0.000013
18774 0.000024
18775 0.000018
18776 0.000027
18777 0.000044
18778 0.000008
18779 0.000018
18780 0.000032
18781 0.000008
18782 0.000009
18783 0.000023
18784 0.000012
18785 0.000016
18786 0.000036
18787 0.000013
18788 0.000024
18789 0.000006
18790 0.000017
18791 0.000013
18792 0.000015
18793 0.000033
18794 0.000007
18795 0.000028
18796 0.000013
18797 0.000005
18798 0.000026
18799 0.000010
18800 0.000026
18801 0.000007
18802 0.000016
18803 0.000016
18804 0.000028
18805 0.000016
18806 0.000011
18807 0.000024
18808 0.000030
18809 0.000012
18810 0.000015
18811 0.000010
18812 0.000004
18813 0.000021
18814 0.000026
18815 0.000005
18816 0.000010
18817 0.000022
18818 0.000013
18819 0.000026
18820 0.000007
18821 0.000030
18822 0.000033
18823 0.000007
18824 0.000035
18825 0.000004
18826 0.000014
18827 0.000019
18828 0.000017
18829 0.000018
18830 0.000013
18831 0.000015
18832 0.000025
18833 0.000020
18834 0.000011
18835 0.000039
18836 0.000047
18837 0.000012
18838 0.000017
18839 0.000024
18840 0.000020
18841 0.000016
18842 0.000004
18843 0.000030
18844 0.000027
18845 0.000015
18846 0.000013
18847 0.000010
18848 0.000014
18849 0.000014
18850 0.000038
18851 0.000019
18852 0.000004
18853 0.000013
18854 0.000025
18855 0.000036
18856 0.000013
18857 0.000027
18858 0.000010
18859 0.000013
18860 0.000027
18861 0.000020
18862 0.000026
18863 0.000012
18864 0.000023
18865 0.000011
18866 0.000025
18867 0.000007
18868 0.000023
18869 0.000010
18870 0.000022
18871 0.000021
18872 0.000016
18873 0.000044
18874 0.000051
18875 0.000032
18876 0.000027
18877 0.000022
18878 0.000027
18879 0.000015
18880 0.000004
18881 0.000014
18882 0.000048
18883 0.000006
18884 0.000064
18885 0.000014
18886 0.000041
18887 0.000033
18888 0.000019
18889 0.000008
18890 0.000014
18891 0.000012
18892 0.000014
18893 0.000050
18894 0.000016
18895 0.000012
18896 0.000013
18897 0.000026
18898 0.000029
18899 0.000016
18900 0.000005
18901 0.000015
18902 0.000018
18903 0.000014
18904 0.000039
18905 0.000016
18906 0.000029
18907 0.000007
18908 0.000024
18909 0.000013
18910 0.000019
18911 0.000017
18912 0.000026
18913 0.000043
18914 0.000022
18915 0.000013
18916 0.000004
18917 0.000008
18918 0.000020
18919 0.000044
18920 0.000031
18921 0.000034
18922 0.000021
18923 0.000012
18924 0.000026
18925 0.000026
18926 0.000018
18927 0.000007
18928 0.000011
18929 0.000016
18930 0.000004
18931 0.000019
18932 0.000029
18933 0.000024
18934 0.000011
18935 0.000039
18936 0.000018
18937 0.000007
18938 0.000050
18939 0.000011
18940 0.000036
18941 0.000006
18942 0.000012
18943 0.000011
18944 0.000014
18945 0.000004
18946 0.000027
18947 0.000011
18948 0.000022
18949 0.000022
18950 0.000017
18951 0.000014
18952 0.000054
18953 0.000020
18954 0.000017
18955 0.000032
18956 0.000017
18957 0.000016
18958 0.000013
18959 0.000052
18960 0.000015
18961 0.000021
18962 0.000004
18963 0.000070
18964 0.000006
18965 0.000017
18966 0.000009
18967 0.000028
18968 0.000016
18969 0.000045
18970 0.000016
18971 0.000039
18972 0.000019
18973 0.000021
18974 0.000022
18975 0.000004
18976 0.000015
18977 0.000020
18978 0.000014
18979 0.000008
18980 0.000004
18981 0.000074
18982 0.000039
18983 0.000036
18984 0.000012
18985 0.000017
18986 0.000025
18987 0.000015
18988 0.000009
18989 0.000028
18990 0.000025
18991 0.000012
18992 0.000023
18993 0.000004
18994 0.000042
18995 0.000018
18996 0.000017
18997 0.000052
18998 0.000008
18999 0.000013
19000 0.000026
19001 0.000013
19002 0.000023
19003 0.000009
19004 0.000029
19005 0.000063
19006 0.000006
19007 0.000037
19008 0.000011
19009 0.000020
19010 0.000021
19011 0.000011
19012 0.000027
19013 0.000016
19014 0.000021
19015 0.000016
19016 0.000024
19017 0.000008
19018 0.000021
19019 0.000013
19020 0.000016
19021 0.000009
19022 0.000041
19023 0.000017
19024 0.000023
19025 0.000013
19026 0.000009
19027 0.000014
19028 0.000023
19029 0.000024
19030 0.000016
19031 0.000021
19032 0.000012
19033 0.000023
19034 0.000024
19035 0.000052
19036 0.000018
19037 0.000020
19038 0.000015
19039 0.000019
19040 0.000039
19041 0.000009
19042 0.000022
19043 0.000013
19044 0.000037
19045 0.000032
19046 0.000006
19047 0.000019
19048 0.000035
19049 0.000013
19050 0.000006
19051 0.000038
19052 0.000030
19053 0.000005
19054 0.000028
19055 0.000006
19056 0.000039
19057 0.000036
19058 0.000020
19059 0.000009
19060 0.000077
19061 0.000011
19062 0.000022
19063 0.000014
19064 0.000019
19065 0.000016
19066 0.000021
19067 0.000035
19068 0.000041
19069 0.000017
19070 0.000015
19071 0.000009
19072 0.000053
19073 0.000022
19074 0.000028
19075 0.000007
19076 0.000041
19077 0.000035
19078 0.000016
19079 0.000039
19080 0.000012
19081 0.000007
19082 0.000007
19083 0.000014
19084 0.000013
19085 0.000020
19086 0.000025
19087 0.000023
19088 0.000010
19089 0.000011
19090 0.000004
19091 0.000028
19092 0.000041
19093 0.000022
19094 0.000009
19095 0.000034
19096 0.000013
19097 0.000016
19098 0.000038
19099 0.000039
19100 0.000011
19101 0.000013
19102 0.000037
19103 0.000028
19104 0.000019
19105 0.000032
19106 0.000014
19107 0.000004
19108 0.000025
19109 0.000017
19110 0.000009
19111 0.000021
19112 0.000024
19113 0.000008
19114 0.000014
19115 0.000035
19116 0.000032
19117 0.000014
19118 0.000034
19119 0.000011
19120 0.000007
19121 0.000022
19122 0.000004
19123 0.000037
19124 0.000019
19125 0.000006
19126 0.000022
19127 0.000004
19128 0.000013
19129 0.000011
19130 0.000024
19131 0.000007
19132 0.000015
19133 0.000020
19134 0.000005
19135 0.000029
19136 0.000057
19137 0.000045
19138 0.000006
19139 0.000018
19140 0.000006
19141 0.000013
19142 0.000009
19143 0.000050
19144 0.000029
19145 0.000015
19146 0.000012
19147 0.000022
19148 0.000007
19149 0.000010
19150 0.000011
19151 0.000034
19152 0.000018
19153 0.000020
19154 0.000013
19155 0.000008
19156 0.000009
19157 0.000016
19158 0.000018
19159 0.000024
19160 0.000041
19161 0.000007
19162 0.000013
19163 0.000013
19164 0.000004
19165 0.000040
19166 0.000022
19167 0.000035
19168 0.000004
19169 0.000011
19170 0.000022
19171 0.000039
19172 0.000029
19173 0.000016
19174 0.000018
19175 0.000008
19176 0.000014
19177 0.000007
19178 0.000009
19179 0.000006
19180 0.000021
19181 0.000004
19182 0.000025
19183 0.000035
19184 0.000015
19185 0.000008
19186 0.000025
19187 0.000007
19188 0.000018
19189 0.000034
19190 0.000004
19191 0.000034
19192 0.000015
19193 0.000023
19194 0.000012
19195 0.000034
19196 0.000009
19197 0.000033
19198 0.000004
19199 0.000018
19200 0.000013
19201 0.000014
19202 0.000015
19203 0.000022
19204 0.000021
19205 0.000012
19206 0.000033
19207 0.000028
19208 0.000008
19209 0.000016
19210 0.000017
19211 0.000005
19212 0.000015
19213 0.000017
19214 0.000008
19215 0.000023
19216 0.000010
19217 0.000007
19218 0.000014
19219 0.000015
19220 0.000013
19221 0.000037
19222 0.000024
19223 0.000034
19224 0.000007
19225 0.000042
19226 0.000071
19227 0.000015
19228 0.000047
19229 0.000030
19230 0.000013
19231 0.000007
19232 0.000043
19233 0.000034
19234 0.000015
19235 0.000030
19236 0.000007
19237 0.000023
19238 0.000020
19239 0.000025
19240 0.000029
19241 0.000043
19242 0.000023
19243 0.000007
19244 0.000042
19245 0.000010
19246 0.000025
19247 0.000012
19248 0.000010
19249 0.000004
19250 0.000021
19251 0.000042
19252 0.000031
19253 0.000017
19254 0.000065
19255 0.000027
19256 0.000020
19257 0.000034
19258 0.000024
19259 0.000018
19260 0.000005
19261 0.000017
19262 0.000019
19263 0.000012
19264 0.000036
19265 0.000005
19266 0.000025
19267 0.000019
19268 0.000016
19269 0.000004
19270 0.000013
19271 0.000011
19272 0.000035
19273 0.000004
19274 0.000022
19275 0.000041
19276 0.000009
19277 0.000020
19278 0.000021
19279 0.000011
19280 0.000038
19281 0.000032
19282 0.000008
19283 0.000004
19284 0.000016
19285 0.000008
19286 0.000026
19287 0.000009
19288 0.000014
19289 0.000019
19290 0.000014
19291 0.000039
19292 0.000022
19293 0.000004
19294 0.000014
19295 0.000041
19296 0.000016
19297 0.000050
19298 0.000008
19299 0.000040
19300 0.000004
19301 0.000038
19302 0.000030
19303 0.000020
19304 0.000023
19305 0.000023
19306 0.000043
19307 0.000027
19308 0.000026
19309 0.000009
19310 0.000051
19311 0.000004
19312 0.000063
19313 0.000010
19314 0.000027
19315 0.000010
19316 0.000050
19317 0.000010
19318 0.000008
19319 0.000014
19320 0.000035
19321 0.000011
19322 0.000020
19323 0.000006
19324 0.000004
19325 0.000019
19326 0.000032
19327 0.000033
19328 0.000052
19329 0.000006
19330 0.000047
19331 0.000008
19332 0.000042
19333 0.000019
19334 0.000019
19335 0.000015
19336 0.000021
19337 0.000008
19338 0.000017
19339 0.000031
19340 0.000041
19341 0.000004
19342 0.000009
19343 0.000040
19344 0.000025
19345 0.000010
19346 0.000044
19347 0.000019
19348 0.000051
19349 0.000022
19350 0.000015
19351 0.000034
19352 0.000017
19353 0.000004
19354 0.000014
19355 0.000011
19356 0.000038
19357 0.000014
19358 0.000020
19359 0.000038
19360 0.000016
19361 0.000022
19362 0.000010
19363 0.000022
19364 0.000016
19365 0.000024
19366 0.000024
19367 0.000013
19368 0.000007
19369 0.000034
19370 0.000004
19371 0.000011
19372 0.000020
19373 0.000025
19374 0.000045
19375 0.000012
19376 0.000022
19377 0.000071
19378 0.000011
19379 0.000041
19380 0.000034
19381 0.000031
19382 0.000022
19383 0.000036
19384 0.000031
19385 0.000005
19386 0.000058
19387 0.000018
19388 0.000026
19389 0.000008
19390 0.000010
19391 0.000029
19392 0.000022
19393 0.000014
19394 0.000008
19395 0.000012
19396 0.000013
19397 0.000039
19398 0.000066
19399 0.000061
19400 0.000009
19401 0.000016
19402 0.000004
19403 0.000018
19404 0.000004
19405 0.000009
19406 0.000026
19407 0.000012
19408 0.000049
19409 0.000063
19410 0.000004
19411 0.000018
19412 0.000036
19413 0.000016
19414 0.000046
19415 0.000007
19416 0.000018
19417 0.000004
19418 0.000012
19419 0.000007
19420 0.000006
19421 0.000010
19422 0.000027
19423 0.000026
19424 0.000015
19425 0.000005
19426 0.000007
19427 0.000032
19428 0.000013
19429 0.000004
19430 0.000006
19431 0.000031
19432 0.000021
19433 0.000013
19434 0.000015
19435 0.000023
19436 0.000017
19437 0.000043
19438 0.000028
19439 0.000009
19440 0.000022
19441 0.000012
19442 0.000024
19443 0.000006
19444 0.000013
19445 0.000035
19446 0.000013
19447 0.000010
19448 0.000008
19449 0.000034
19450 0.000024
19451 0.000005
19452 0.000022
19453 0.000010
19454 0.000027
19455 0.000004
19456 0.000019
19457 0.000022
19458 0.000018
19459 0.000032
19460 0.000006
19461 0.000010
19462 0.000012
19463 0.000036
19464 0.000009
19465 0.000020
19466 0.000007
19467 0.000004
19468 0.000024
19469 0.000028
19470 0.000009
19471 0.000038
19472 0.000017
19473 0.000020
19474 0.000013
19475 0.000030
19476 0.000019
19477 0.000008
19478 0.000012
19479 0.000005
19480 0.000017
19481 0.000032
19482 0.000007
19483 0.000018
19484 0.000008
19485 0.000015
19486 0.000036
19487 0.000004
19488 0.000020
19489 0.000012
19490 0.000018
19491 0.000028
19492 0.000004
19493 0.000014
19494 0.000023
19495 0.000029
19496 0.000054
19497 0.000023
19498 0.000009
19499 0.000012
19500 0.000008
19501 0.000033
19502 0.000022
19503 0.000016
19504 0.000010
19505 0.000024
19506 0.000006
19507 0.000029
19508 0.000021
19509 0.000005
19510 0.000020
19511 0.000033
19512 0.000033
19513 0.000018
19514 0.000032
19515 0.000009
19516 0.000004
19517 0.000021
19518 0.000004
19519 0.000015
19520 0.000020
19521 0.000005
19522 0.000004
19523 0.000008
19524 0.000035
19525 0.000008
19526 0.000009
19527 0.000017
19528 0.000021
19529 0.000025
19530 0.000004
19531 0.000019
19532 0.000019
19533 0.000014
19534 0.000030
19535 0.000029
19536 0.000021
19537 0.000020
19538 0.000067
19539 0.000011
19540 0.000032
19541 0.000020
19542 0.000025
19543 0.000017
19544 0.000013
19545 0.000004
19546 0.000040
19547 0.000029
19548 0.000018
19549 0.000028
19550 0.000004
19551 0.000035
19552 0.000015
19553 0.000023
19554 0.000019
19555 0.000026
19556 0.000010
19557 0.000034
19558 0.000062
19559 0.000007
19560 0.000032
19561 0.000040
19562 0.000012
19563 0.000028
19564 0.000044
19565 0.000027
19566 0.000036
19567 0.000022
19568 0.000020
19569 0.000014
19570 0.000018
19571 0.000010
19572 0.000017
19573 0.000004
19574 0.000012
19575 0.000035
19576 0.000024
19577 0.000006
19578 0.000014
19579 0.000020
19580 0.000017
19581 0.000025
19582 0.000067
19583 0.000068
19584 0.000011
19585 0.000010
19586 0.000018
19587 0.000010
19588 0.000010
19589 0.000037
19590 0.000008
19591 0.000052
19592 0.000007
19593 0.000034
19594 0.000018
19595 0.000022
19596 0.000012
19597 0.000058
19598 0.000032
19599 0.000007
19600 0.000031
19601 0.000025
19602 0.000005
19603 0.000016
19604 0.000030
19605 0.000068
19606 0.000024
19607 0.000010
19608 0.000032
19609 0.000019
19610 0.000028
19611 0.000027
19612 0.000017
19613 0.000022
19614 0.000045
19615 0.000018
19616 0.000006
19617 0.000015
19618 0.000016
19619 0.000013
19620 0.000012
19621 0.000018
19622 0.000062
19623 0.000014
19624 0.000027
19625 0.000007
19626 0.000013
19627 0.000006
19628 0.000026
19629 0.000019
19630 0.000010
19631 0.000015
19632 0.000005
19633 0.000026
19634 0.000010
19635 0.000010
19636 0.000017
19637 0.000049
19638 0.000022
19639 0.000017
19640 0.000011
19641 0.000025
19642 0.000017
19643 0.000033
19644 0.000023
19645 0.000019
19646 0.000007
19647 0.000020
19648 0.000012
19649 0.000017
19650 0.000009
19651 0.000016
19652 0.000022
19653 0.000004
19654 0.000039
19655 0.000018
19656 0.000009
19657 0.000029
19658 0.000020
19659 0.000024
19660 0.000015
19661 0.000007
19662 0.000037
19663 0.000018
19664 0.000016
19665 0.000005
19666 0.000024
19667 0.000043
19668 0.000012
19669 0.000029
19670 0.000014
19671 0.000025
19672 0.000020
19673 0.000026
19674 0.000051
19675 0.000012
19676 0.000022
19677 0.000006
19678 0.000004
19679 0.000013
19680 0.000035
19681 0.000006
19682 0.000039
19683 0.000009
19684 0.000017
19685 0.000027
19686 0.000018
19687 0.000005
19688 0.000011
19689 0.000008
19690 0.000014
19691 0.000015
19692 0.000006
19693 0.000040
19694 0.000021
19695 0.000026
19696 0.000016
19697 0.000012
19698 0.000006
19699 0.000027
19700 0.000028
19701 0.000011
19702 0.000004
19703 0.000015
19704 0.000016
19705 0.000035
19706 0.000027
19707 0.000018
19708 0.000042
19709 0.000014
19710 0.000009
19711 0.000047
19712 0.000018
19713 0.000012
19714 0.000016
19715 0.000008
19716 0.000044
19717 0.000018
19718 0.000009
19719 0.000016
19720 0.000041
19721 0.000020
19722 0.000012
19723 0.000012
19724 0.000020
19725 0.000023
19726 0.000015
19727 0.000019
19728 0.000004
19729 0.000019
19730 0.000016
19731 0.000024
19732 0.000012
19733 0.000010
19734 0.000011
19735 0.000037
19736 0.000031
19737 0.000040
19738 0.000010
19739 0.000021
19740 0.000015
19741 0.000020
19742 0.000012
19743 0.000020
19744 0.000024
19745 0.000032
19746 0.000010
19747 0.000016
19748 0.000025
19749 0.000031
19750 0.000011
19751 0.000011
19752 0.000004
19753 0.000020
19754 0.000017
19755 0.000004
19756 0.000011
19757 0.000026
19758 0.000011
19759 0.000008
19760 0.000030
19761 0.000039
19762 0.000047
19763 0.000024
19764 0.000027
19765 0.000008
19766 0.000038
19767 0.000027
19768 0.000041
19769 0.000014
19770 0.000022
19771 0.000031
19772 0.000017
19773 0.000024
19774 0.000018
19775 0.000017
19776 0.000029
19777 0.000009
19778 0.000016
19779 0.000006
19780 0.000030
19781 0.000009
19782 0.000005
19783 0.000012
19784 0.000040
19785 0.000006
19786 0.000015
19787 0.000020
19788 0.000006
19789 0.000038
19790 0.000068
19791 0.000013
19792 0.000004
19793 0.000021
19794 0.000036
19795 0.000009
19796 0.000010
19797 0.000007
19798 0.000021
19799 0.000022
19800 0.000036
19801 0.000014
19802 0.000023
19803 0.000013
19804 0.000013
19805 0.000030
19806 0.000021
19807 0.000014
19808 0.000007
19809 0.000012
19810 0.000016
19811 0.000021
19812 0.000036
19813 0.000013
19814 0.000022
19815 0.000021
19816 0.000016
19817 0.000028
19818 0.000027
19819 0.000025
19820 0.000024
19821 0.000023
19822 0.000016
19823 0.000029
19824 0.000039
19825 0.000052
19826 0.000011
19827 0.000011
19828 0.000010
19829 0.000019
19830 0.000007
19831 0.000022
19832 0.000005
19833 0.000014
19834 0.000032
19835 0.000058
19836 0.000011
19837 0.000016
19838 0.000022
19839 0.000033
19840 0.000020
19841 0.000019
19842 0.000016
19843 0.000034
19844 0.000004
19845 0.000020
19846 0.000020
19847 0.000026
19848 0.000022
19849 0.000017
19850 0.000045
19851 0.000027
19852 0.000042
19853 0.000014
19854 0.000031
19855 0.000016
19856 0.000014
19857 0.000034
19858 0.000038
19859 0.000007
19860 0.000023
19861 0.000030
19862 0.000019
19863 0.000014
19864 0.000011
19865 0.000012
19866 0.000013
19867 0.000021
19868 0.000029
19869 0.000020
19870 0.000030
19871 0.000035
19872 0.000012
19873 0.000046
19874 0.000013
19875 0.000015
19876 0.000006
19877 0.000037
19878 0.000004
19879 0.000066
19880 0.000028
19881 0.000016
19882 0.000011
19883 0.000017
19884 0.000019
19885 0.000013
19886 0.000017
19887 0.000014
19888 0.000006
19889 0.000012
19890 0.000008
19891 0.000059
19892 0.000012
19893 0.000006
19894 0.000008
19895 0.000032
19896 0.000026
19897 0.000005
19898 0.000015
19899 0.000018
19900 0.000018
19901 0.000019
19902 0.000008
19903 0.000009
19904 0.000019
19905 0.000011
19906 0.000020
19907 0.000016
19908 0.000039
19909 0.000026
19910 0.000007
19911 0.000004
19912 0.000017
19913 0.000027
19914 0.000009
19915 0.000012
19916 0.000019
19917 0.000006
19918 0.000035
19919 0.000019
19920 0.000005
19921 0.000019
19922 0.000015
19923 0.000005
19924 0.000012
19925 0.000013
19926 0.000004
19927 0.000025
19928 0.000027
19929 0.000014
19930 0.000022
19931 0.000013
19932 0.000014
19933 0.000015
19934 0.000009
19935 0.000013
19936 0.000007
19937 0.000013
19938 0.000007
19939 0.000027
19940 0.000013
19941 0.000028
19942 0.000008
19943 0.000035
19944 0.000004
19945 0.000004
19946 0.000012
19947 0.000021
19948 0.000014
19949 0.000047
19950 0.000025
19951 0.000019
19952 0.000020
19953 0.000015
19954 0.000023
19955 0.000015
19956 0.000030
19957 0.000015
19958 0.000013
19959 0.000032
19960 0.000019
19961 0.000009
19962 0.000020
19963 0.000024
19964 0.000018
19965 0.000012
19966 0.000014
19967 0.000005
19968 0.000015
19969 0.000009
19970 0.000049
19971 0.000038
19972 0.000012
19973 0.000008
19974 0.000021
19975 0.000037
19976 0.000012
19977 0.000007
19978 0.000028
19979 0.000016
19980 0.000006
19981 0.000004
19982 0.000013
19983 0.000029
19984 0.000007
19985 0.000010
19986 0.000007
19987 0.000006
19988 0.000037
19989 0.000043
19990 0.000017
19991 0.000029
19992 0.000012
19993 0.000022
19994 0.000011
19995 0.000018
19996 0.000024
19997 0.000019
19998 0.000027
19999 0.000074
20000 0.000013
20001 0.000012
20002 0.000025
20003 0.000025
20004 0.000017
20005 0.000018
20006 0.000035
20007 0.000023
20008 0.000004
20009 0.000028
20010 0.000030
20011 0.000022
20012 0.000010
20013 0.000013
20014 0.000045
20015 0.000025
20016 0.000010
20017 0.000016
20018 0.000006
20019 0.000020
20020 0.000011
20021 0.000014
20022 0.000008
20023 0.000012
20024 0.000061
20025 0.000014
20026 0.000005
20027 0.000020
20028 0.000027
20029 0.000007
20030 0.000028
20031 0.000009
20032 0.000028
20033 0.000010
20034 0.000027
20035 0.000010
20036 0.000019
20037 0.000028
20038 0.000030
20039 0.000052
20040 0.000017
20041 0.000037
20042 0.000019
20043 0.000014
20044 0.000016
20045 0.000008
20046 0.000027
20047 0.000014
20048 0.000033
20049 0.000014
20050 0.000021
20051 0.000034
20052 0.000010
20053 0.000036
20054 0.000006
20055 0.000020
20056 0.000035
20057 0.000007
20058 0.000022
20059 0.000008
20060 0.000010
20061 0.000043
20062 0.000009
20063 0.000009
20064 0.000023
20065 0.000023
20066 0.000024
20067 0.000024
20068 0.000012
20069 0.000042
20070 0.000012
20071 0.000015
20072 0.000022
20073 0.000010
20074 0.000017
20075 0.000009
20076 0.000020
20077 0.000006
20078 0.000028
20079 0.000021
20080 0.000018
20081 0.000006
20082 0.000015
20083 0.000013
20084 0.000014
20085 0.000023
20086 0.000011
20087 0.000004
20088 0.000040
20089 0.000014
20090 0.000036
20091 0.000011
20092 0.000011
20093 0.000004
20094 0.000009
20095 0.000012
20096 0.000023
20097 0.000032
20098 0.000008
20099 0.000022
20100 0.000021
20101 0.000013
20102 0.000015
20103 0.000019
20104 0.000019
20105 0.000028
20106 0.000014
20107 0.000034
20108 0.000018
20109 0.000022
20110 0.000006
20111 0.000007
20112 0.000035
20113 0.000036
20114 0.000005
20115 0.000018
20116 0.000024
20117 0.000014
20118 0.000004
20119 0.000013
20120 0.000004
20121 0.000007
20122 0.000028
20123 0.000014
20124 0.000015
20125 0.000008
20126 0.000004
20127 0.000037
20128 0.000015
20129 0.000025
20130 0.000009
20131 0.000023
20132 0.000033
20133 0.000005
20134 0.000037
20135 0.000012
20136 0.000019
20137 0.000013
20138 0.000009
20139 0.000007
20140 0.000024
20141 0.000036
20142 0.000029
20143 0.000007
20144 0.000017
20145 0.000080
20146 0.000015
20147 0.000013
20148 0.000080
20149 0.000016
20150 0.000011
20151 0.000016
20152 0.000078
20153 0.000032
20154 0.000020
20155 0.000020
20156 0.000023
20157 0.000032
20158 0.000015
20159 0.000020
20160 0.000041
20161 0.000015
20162 0.000018
20163 0.000019
20164 0.000006
20165 0.000027
20166 0.000036
20167 0.000012
20168 0.000031
20169 0.000017
20170 0.000022
20171 0.000012
20172 0.000016
20173 0.000007
20174 0.000005
20175 0.000027
20176 0.000026
20177 0.000052
20178 0.000009
20179 0.000011
20180 0.000004
20181 0.000014
20182 0.000007
20183 0.000033
20184 0.000025
20185 0.000007
20186 0.000022
20187 0.000015
20188 0.000016
20189 0.000050
20190 0.000032
20191 0.000042
20192 0.000014
20193 0.000043
20194 0.000040
20195 0.000004
20196 0.000067
20197 0.000013
20198 0.000023
20199 0.000060
20200 0.000027
20201 0.000051
20202 0.000032
20203 0.000012
20204 0.000039
20205 0.000039
20206 0.000007
20207 0.000016
20208 0.000022
20209 0.000042
20210 0.000015
20211 0.000004
20212 0.000025
20213 0.000010
20214 0.000016
20215 0.000029
20216 0.000013
20217 0.000024
20218 0.000027
20219 0.000023
20220 0.000023
20221 0.000019
20222 0.000025
20223 0.000042
20224 0.000038
20225 0.000013
20226 0.000004
20227 0.000009
20228 0.000009
20229 0.000011
20230 0.000022
20231 0.000027
20232 0.000005
20233 0.000020
20234 0.000015
20235 0.000024
20236 0.000009
20237 0.000028
20238 0.000013
20239 0.000009
20240 0.000013
20241 0.000005
20242 0.000017
20243 0.000009
20244 0.000032
20245 0.000028
20246 0.000044
20247 0.000005
20248 0.000007
20249 0.000040
20250 0.000006
20251 0.000012
20252 0.000008
20253 0.000017
20254 0.000017
20255 0.000024
20256 0.000029
20257 0.000008
20258 0.000017
20259 0.000031
20260 0.000008
20261 0.000015
20262 0.000028
20263 0.000008
20264 0.000018
20265 0.000022
20266 0.000018
20267 0.000026
20268 0.000016
20269 0.000009
20270 0.000034
20271 0.000018
20272 0.000021
20273 0.000004
20274 0.000012
20275 0.000017
20276 0.000027
20277 0.000013
20278 0.000010
20279 0.000006
20280 0.000010
20281 0.000017
20282 0.000012
20283 0.000009
20284 0.000027
20285 0.000014
20286 0.000022
20287 0.000026
20288 0.000044
20289 0.000013
20290 0.000039
20291 0.000024
20292 0.000032
20293 0.000008
20294 0.000007
20295 0.000006
20296 0.000017
20297 0.000029
20298 0.000019
20299 0.000028
20300 0.000021
20301 0.000019
20302 0.000011
20303 0.000022
20304 0.000018
20305 0.000031
20306 0.000004
20307 0.000010
20308 0.000024
20309 0.000038
20310 0.000017
20311 0.000018
20312 0.000024
20313 0.000009
20314 0.000009
20315 0.000019
20316 0.000015
20317 0.000008
20318 0.000043
20319 0.000052
20320 0.000022
20321 0.000008
20322 0.000074
20323 0.000032
20324 0.000011
20325 0.000012
20326 0.000040
20327 0.000015
20328 0.000005
20329 0.000013
20330 0.000024
20331 0.000004
20332 0.000006
20333 0.000017
20334 0.000006
20335 0.000010
20336 0.000033
20337 0.000011
20338 0.000006
20339 0.000008
20340 0.000020
20341 0.000009
20342 0.000004
20343 0.000033
20344 0.000004
20345 0.000036
20346 0.000012
20347 0.000027
20348 0.000033
20349 0.000025
20350 0.000024
20351 0.000017
20352 0.000013
20353 0.000015
20354 0.000009
20355 0.000027
20356 0.000054
20357 0.000028
20358 0.000006
20359 0.000019
20360 0.000009
20361 0.000031
20362 0.000051
20363 0.000007
20364 0.000024
20365 0.000010
20366 0.000025
20367 0.000012
20368 0.000022
20369 0.000044
20370 0.000013
20371 0.000010
20372 0.000032
20373 0.000024
20374 0.000015
20375 0.000036
20376 0.000024
20377 0.000029
20378 0.000016
20379 0.000014
20380 0.000004
20381 0.000015
20382 0.000018
20383 0.000004
20384 0.000045
20385 0.000018
20386 0.000004
20387 0.000013
20388 0.000020
20389 0.000016
20390 0.000011
20391 0.000004
20392 0.000010
20393 0.000021
20394 0.000035
20395 0.000004
20396 0.000015
20397 0.000022
20398 0.000012
20399 0.000004
20400 0.000019
20401 0.000032
20402 0.000007
20403 0.000005
20404 0.000006
20405 0.000023
20406 0.000025
20407 0.000017
20408 0.000019
20409 0.000020
20410 0.000019
20411 0.000006
20412 0.000009
20413 0.000014
20414 0.000021
20415 0.000008
20416 0.000009
20417 0.000038
20418 0.000050
20419 0.000039
20420 0.000032
20421 0.000043
20422 0.000012
20423 0.000019
20424 0.000040
20425 0.000034
20426 0.000017
20427 0.000011
20428 0.000014
20429 0.000023
20430 0.000013
20431 0.000038
20432 0.000004
20433 0.000004
20434 0.000015
20435 0.000012
20436 0.000009
20437 0.000021
20438 0.000014
20439 0.000018
20440 0.000040
20441 0.000004
20442 0.000005
20443 0.000013
20444 0.000066
20445 0.000023
20446 0.000017
20447 0.000020
20448 0.000008
20449 0.000034
20450 0.000020
20451 0.000042
20452 0.000006
20453 0.000013
20454 0.000023
20455 0.000013
20456 0.000009
20457 0.000024
20458 0.000007
20459 0.000015
20460 0.000060
20461 0.000016
20462 0.000027
20463 0.000029
20464 0.000014
20465 0.000025
20466 0.000021
20467 0.000004
20468 0.000004
20469 0.000004
20470 0.000012
20471 0.000024
20472 0.000011
20473 0.000006
20474 0.000004
20475 0.000032
20476 0.000006
20477 0.000068
20478 0.000005
20479 0.000011
20480 0.000012
20481 0.000014
20482 0.000056
20483 0.000031
20484 0.000004
20485 0.000020
20486 0.000026
20487 0.000015
20488 0.000018
20489 0.000005
20490 0.000046
20491 0.000027
20492 0.000027
20493 0.000011
20494 0.000023
20495 0.000022
20496 0.000021
20497 0.000008
20498 0.000007
20499 0.000009
20500 0.000029
20501 0.000019
20502 0.000017
20503 0.000008
20504 0.000008
20505 0.000039
20506 0.000021
20507 0.000016
20508 0.000023
20509 0.000016
20510 0.000017
20511 0.000022
20512 0.000018
20513 0.000017
20514 0.000035
20515 0.000017
20516 0.000005
20517 0.000010
20518 0.000020
20519 0.000025
20520 0.000011
20521 0.000013
20522 0.000032
20523 0.000006
20524 0.000022
20525 0.000048
20526 0.000012
20527 0.000011
20528 0.000020
20529 0.000018
20530 0.000007
20531 0.000022
20532 0.000009
20533 0.000014
20534 0.000030
20535 0.000030
20536 0.000019
20537 0.000019
20538 0.000045
20539 0.000005
20540 0.000013
20541 0.000015
20542 0.000018
20543 0.000012
20544 0.000007
20545 0.000004
20546 0.000021
20547 0.000016
20548 0.000018
20549 0.000013
20550 0.000026
20551 0.000019
20552 0.000030
20553 0.000026
20554 0.000016
20555 0.000006
20556 0.000006
20557 0.000057
20558 0.000015
20559 0.000020
20560 0.000021
20561 0.000028
20562 0.000035
20563 0.000020
20564 0.000012
20565 0.000011
20566 0.000008
20567 0.000029
20568 0.000004
20569 0.000017
20570 0.000011
20571 0.000027
20572 0.000039
20573 0.000010
20574 0.000005
20575 0.000024
20576 0.000018
20577 0.000009
20578 0.000016
20579 0.000026
20580 0.000030
20581 0.000012
20582 0.000035
20583 0.000021
20584 0.000017
20585 0.000004
20586 0.000004
20587 0.000022
20588 0.000008
20589 0.000007
20590 0.000016
20591 0.000014
20592 0.000064
20593 0.000058
20594 0.000006
20595 0.000043
20596 0.000023
20597 0.000021
20598 0.000011
20599 0.000015
20600 0.000055
20601 0.000009
20602 0.000010
20603 0.000010
20604 0.000011
20605 0.000023
20606 0.000035
20607 0.000007
20608 0.000041
20609 0.000030
20610 0.000017
20611 0.000027
20612 0.000013
20613 0.000025
20614 0.000027
20615 0.000012
20616 0.000009
20617 0.000019
20618 0.000041
20619 0.000011
20620 0.000006
20621 0.000015
20622 0.000020
20623 0.000020
20624 0.000017
20625 0.000008
20626 0.000019
20627 0.000007
20628 0.000024
20629 0.000032
20630 0.000028
20631 0.000045
20632 0.000024
20633 0.000009
20634 0.000014
20635 0.000046
20636 0.000027
20637 0.000030
20638 0.000038
20639 0.000007
20640 0.000021
20641 0.000026
20642 0.000014
20643 0.000017
20644 0.000024
20645 0.000013
20646 0.000017
20647 0.000022
20648 0.000015
20649 0.000004
20650 0.000013
20651 0.000022
20652 0.000012
20653 0.000007
20654 0.000006
20655 0.000014
20656 0.000021
20657 0.000010
20658 0.000019
20659 0.000004
20660 0.000012
20661 0.000007
20662 0.000016
20663 0.000011
20664 0.000014
20665 0.000034
20666 0.000026
20667 0.000009
20668 0.000024
20669 0.000012
20670 0.000026
20671 0.000031
20672 0.000028
20673 0.000041
20674 0.000012
20675 0.000012
20676 0.000006
20677 0.000004
20678 0.000033
20679 0.000020
20680 0.000020
20681 0.000012
20682 0.000009
20683 0.000019
20684 0.000010
20685 0.000012
20686 0.000013
20687 0.000012
20688 0.000014
20689 0.000016
20690 0.000023
20691 0.000026
20692 0.000008
20693 0.000014
20694 0.000005
20695 0.000010
20696 0.000041
20697 0.000004
20698 0.000016
20699 0.000006
20700 0.000018
20701 0.000014
20702 0.000007
20703 0.000014
20704 0.000029
20705 0.000017
20706 0.000008
20707 0.000008
20708 0.000009
20709 0.000021
20710 0.000016
20711 0.000013
20712 0.000012
20713 0.000013
20714 0.000029
20715 0.000028
20716 0.000015
20717 0.000016
20718 0.000008
20719 0.000022
20720 0.000020
20721 0.000037
20722 0.000038
20723 0.000017
20724 0.000010
20725 0.000022
20726 0.000019
20727 0.000017
20728 0.000013
20729 0.000012
20730 0.000025
20731 0.000027
20732 0.000029
20733 0.000015
20734 0.000005
20735 0.000012
20736 0.000015
20737 0.000015
20738 0.000041
20739 0.000027
20740 0.000010
20741 0.000018
20742 0.000007
20743 0.000026
20744 0.000015
20745 0.000008
20746 0.000012
20747 0.000028
20748 0.000010
20749 0.000015
20750 0.000012
20751 0.000020
20752 0.000025
20753 0.000008
20754 0.000006
20755 0.000027
20756 0.000040
20757 0.000042
20758 0.000006
20759 0.000010
20760 0.000015
20761 0.000037
20762 0.000018
20763 0.000029
20764 0.000030
20765 0.000048
20766 0.000017
20767 0.000018
20768 0.000025
20769 0.000010
20770 0.000023
20771 0.000031
20772 0.000011
20773 0.000016
20774 0.000027
20775 0.000009
20776 0.000022
20777 0.000005
20778 0.000043
20779 0.000021
20780 0.000025
20781 0.000006
20782 0.000010
20783 0.000004
20784 0.000018
20785 0.000004
20786 0.000064
20787 0.000011
20788 0.000009
20789 0.000004
20790 0.000014
20791 0.000022
20792 0.000020
20793 0.000032
20794 0.000034
20795 0.000007
20796 0.000040
20797 0.000020
20798 0.000015
20799 0.000007
20800 0.000021
20801 0.000020
20802 0.000005
20803 0.000007
20804 0.000012
20805 0.000010
20806 0.000006
20807 0.000011
20808 0.000012
20809 0.000056
20810 0.000016
20811 0.000015
20812 0.000013
20813 0.000010
20814 0.000026
20815 0.000011
20816 0.000012
20817 0.000022
20818 0.000014
20819 0.000007
20820 0.000020
20821 0.000009
20822 0.000004
20823 0.000059
20824 0.000020
20825 0.000037
20826 0.000053
20827 0.000062
20828 0.000020
20829 0.000023
20830 0.000018
20831 0.000010
20832 0.000011
20833 0.000017
20834 0.000006
20835 0.000009
20836 0.000012
20837 0.000006
20838 0.000007
20839 0.000023
20840 0.000045
20841 0.000005
20842 0.000005
20843 0.000007
20844 0.000027
20845 0.000009
20846 0.000025
20847 0.000036
20848 0.000010
20849 0.000046
20850 0.000021
20851 0.000030
20852 0.000006
20853 0.000019
20854 0.000008
20855 0.000027
20856 0.000028
20857 0.000013
20858 0.000024
20859 0.000016
20860 0.000039
20861 0.000010
20862 0.000010
20863 0.000006
20864 0.000020
20865 0.000092
20866 0.000045
20867 0.000048
20868 0.000018
20869 0.000037
20870 0.000010
20871 0.000005
20872 0.000015
20873 0.000009
20874 0.000032
20875 0.000017
20876 0.000022
20877 0.000014
20878 0.000012
20879 0.000036
20880 0.000039
20881 0.000015
20882 0.000012
20883 0.000024
20884 0.000015
20885 0.000046
20886 0.000012
20887 0.000013
20888 0.000009
20889 0.000012
20890 0.000011
20891 0.000012
20892 0.000012
20893 0.000004
20894 0.000014
20895 0.000009
20896 0.000038
20897 0.000014
20898 0.000014
20899 0.000038
20900 0.000004
20901 0.000007
20902 0.000015
20903 0.000004
20904 0.000049
20905 0.000041
20906 0.000021
20907 0.000007
20908 0.000024
20909 0.000014
20910 0.000026
20911 0.000021
20912 0.000018
20913 0.000009
20914 0.000006
20915 0.000042
20916 0.000011
20917 0.000020
20918 0.000008
20919 0.000048
20920 0.000016
20921 0.000005
20922 0.000033
20923 0.000019
20924 0.000017
20925 0.000008
20926 0.000018
20927 0.000028
20928 0.000030
20929 0.000016
20930 0.000010
20931 0.000004
20932 0.000020
20933 0.000008
20934 0.000011
20935 0.000010
20936 0.000033
20937 0.000004
20938 0.000016
20939 0.000040
20940 0.000025
20941 0.000044
20942 0.000016
20943 0.000020
20944 0.000006
20945 0.000009
20946 0.000016
20947 0.000020
20948 0.000013
20949 0.000021
20950 0.000020
20951 0.000012
20952 0.000021
20953 0.000034
20954 0.000020
20955 0.000020
20956 0.000013
20957 0.000046
20958 0.000004
20959 0.000025
20960 0.000004
20961 0.000021
20962 0.000013
20963 0.000022
20964 0.000008
20965 0.000019
20966 0.000009
20967 0.000030
20968 0.000014
20969 0.000014
20970 0.000004
20971 0.000010
20972 0.000010
20973 0.000026
20974 0.000026
20975 0.000031
20976 0.000015
20977 0.000020
20978 0.000004
20979 0.000008
20980 0.000039
20981 0.000014
20982 0.000014
20983 0.000039
20984 0.000018
20985 0.000005
20986 0.000029
20987 0.000024
20988 0.000012
20989 0.000020
20990 0.000006
20991 0.000042
20992 0.000046
20993 0.000008
20994 0.000007
20995 0.000016
20996 0.000026
20997 0.000027
20998 0.000026
20999 0.000013
21000 0.000067
21001 0.000019
21002 0.000021
21003 0.000030
21004 0.000023
21005 0.000010
21006 0.000017
21007 0.000029
21008 0.000015
21009 0.000004
21010 0.000012
21011 0.000004
21012 0.000029
21013 0.000022
21014 0.000017
21015 0.000009
21016 0.000023
21017 0.000012
21018 0.000039
21019 0.000011
21020 0.000022
21021 0.000019
21022 0.000010
21023 0.000023
21024 0.000011
21025 0.000008
21026 0.000006
21027 0.000021
21028 0.000032
21029 0.000032
21030 0.000004
21031 0.000025
21032 0.000024
21033 0.000008
21034 0.000028
21035 0.000054
21036 0.000027
21037 0.000007
21038 0.000005
21039 0.000024
21040 0.000023
21041 0.000027
21042 0.000030
21043 0.000010
21044 0.000022
21045 0.000039
21046 0.000007
21047 0.000024
21048 0.000030
21049 0.000026
21050 0.000029
21051 0.000012
21052 0.000014
21053 0.000010
21054 0.000007
21055 0.000031
21056 0.000033
21057 0.000008
21058 0.000008
21059 0.000010
21060 0.000017
21061 0.000007
21062 0.000034
21063 0.000034
21064 0.000007
21065 0.000024
21066 0.000022
21067 0.000007
21068 0.000011
21069 0.000034
21070 0.000025
21071 0.000010
21072 0.000030
21073 0.000004
21074 0.000009
21075 0.000048
21076 0.000011
21077 0.000031
21078 0.000036
21079 0.000024
21080 0.000033
21081 0.000010
21082 0.000028
21083 0.000025
21084 0.000056
21085 0.000008
21086 0.000033
21087 0.000020
21088 0.000005
21089 0.000044
21090 0.000022
21091 0.000004
21092 0.000014
21093 0.000007
21094 0.000025
21095 0.000006
21096 0.000018
21097 0.000039
21098 0.000031
21099 0.000013
21100 0.000004
21101 0.000004
21102 0.000004
21103 0.000016
21104 0.000011
21105 0.000015
21106 0.000026
21107 0.000019
21108 0.000024
21109 0.000012
21110 0.000034
21111 0.000023
21112 0.000021
21113 0.000022
21114 0.000029
21115 0.000008
21116 0.000011
21117 0.000026
21118 0.000040
21119 0.000015
21120 0.000020
21121 0.000076
21122 0.000030
21123 0.000014
21124 0.000011
21125 0.000046
21126 0.000025
21127 0.000027
21128 0.000032
21129 0.000016
21130 0.000013
21131 0.000009
21132 0.000025
21133 0.000012
21134 0.000040
21135 0.000037
21136 0.000015
21137 0.000018
21138 0.000021
21139 0.000021
21140 0.000006
21141 0.000024
21142 0.000032
21143 0.000008
21144 0.000009
21145 0.000063
21146 0.000035
21147 0.000025
21148 0.000007
21149 0.000019
21150 0.000032
21151 0.000018
21152 0.000011
21153 0.000010
21154 0.000015
21155 0.000027
21156 0.000023
21157 0.000014
21158 0.000036
21159 0.000020
21160 0.000004
21161 0.000015
21162 0.000020
21163 0.000036
21164 0.000027
21165 0.000035
21166 0.000020
21167 0.000004
21168 0.000016
21169 0.000022
21170 0.000008
21171 0.000004
21172 0.000014
21173 0.000011
21174 0.000015
21175 0.000038
21176 0.000011
21177 0.000015
21178 0.000081
21179 0.000010
21180 0.000054
21181 0.000007
21182 0.000020
21183 0.000028
21184 0.000016
21185 0.000031
21186 0.000040
21187 0.000043
21188 0.000004
21189 0.000020
21190 0.000016
21191 0.000016
21192 0.000020
21193 0.000006
21194 0.000009
21195 0.000008
21196 0.000007
21197 0.000019
21198 0.000028
21199 0.000007
21200 0.000008
21201 0.000012
21202 0.000026
21203 0.000012
21204 0.000026
21205 0.000011
21206 0.000035
21207 0.000012
21208 0.000045
21209 0.000018
21210 0.000012
21211 0.000018
21212 0.000033
21213 0.000018
21214 0.000024
21215 0.000017
21216 0.000019
21217 0.000022
21218 0.000037
21219 0.000004
21220 0.000004
21221 0.000030
21222 0.000008
21223 0.000006
21224 0.000032
21225 0.000015
21226 0.000010
21227 0.000004
21228 0.000011
21229 0.000018
21230 0.000020
21231 0.000021
21232 0.000023
21233 0.000009
21234 0.000031
21235 0.000011
21236 0.000024
21237 0.000022
21238 0.000021
21239 0.000009
21240 0.000028
21241 0.000013
21242 0.000009
21243 0.000023
21244 0.000009
21245 0.000020
21246 0.000033
21247 0.000025
21248 0.000041
21249 0.000006
21250 0.000013
21251 0.000016
21252 0.000012
21253 0.000027
21254 0.000005
21255 0.000033
21256 0.000015
21257 0.000008
21258 0.000051
21259 0.000019
21260 0.000008
21261 0.000024
21262 0.000019
21263 0.000037
21264 0.000005
21265 0.000008
21266 0.000013
21267 0.000020
21268 0.000012
21269 0.000024
21270 0.000014
21271 0.000035
21272 0.000028
21273 0.000010
21274 0.000012
21275 0.000032
21276 0.000033
21277 0.000004
21278 0.000009
21279 0.000036
21280 0.000011
21281 0.000019
21282 0.000010
21283 0.000009
21284 0.000025
21285 0.000016
21286 0.000036
21287 0.000009
21288 0.000043
21289 0.000027
21290 0.000031
21291 0.000037
21292 0.000014
21293 0.000031
21294 0.000014
21295 0.000017
21296 0.000012
21297 0.000019
21298 0.000011
21299 0.000004
21300 0.000009
21301 0.000012
21302 0.000043
21303 0.000033
21304 0.000007
21305 0.000092
21306 0.000017
21307 0.000029
21308 0.000022
21309 0.000009
21310 0.000020
21311 0.000013
21312 0.000030
21313 0.000009
21314 0.000018
21315 0.000021
21316 0.000017
21317 0.000009
21318 0.000029
21319 0.000004
21320 0.000005
21321 0.000014
21322 0.000017
21323 0.000029
21324 0.000006
21325 0.000010
21326 0.000015
21327 0.000035
21328 0.000040
21329 0.000018
21330 0.000007
21331 0.000008
21332 0.000007
21333 0.000026
21334 0.000013
21335 0.000013
21336 0.000023
21337 0.000046
21338 0.000011
21339 0.000021
21340 0.000004
21341 0.000009
21342 0.000029
21343 0.000015
21344 0.000035
21345 0.000025
21346 0.000029
21347 0.000040
21348 0.000005
21349 0.000005
21350 0.000047
21351 0.000029
21352 0.000018
21353 0.000026
21354 0.000021
21355 0.000023
21356 0.000030
21357 0.000010
21358 0.000022
21359 0.000016
21360 0.000025
21361 0.000005
21362 0.000026
21363 0.000035
21364 0.000025
21365 0.000019
21366 0.000028
21367 0.000037
21368 0.000016
21369 0.000018
21370 0.000010
21371 0.000014
21372 0.000015
21373 0.000020
21374 0.000023
21375 0.000022
21376 0.000021
21377 0.000021
21378 0.000029
21379 0.000014
21380 0.000042
21381 0.000010
21382 0.000030
21383 0.000004
21384 0.000024
21385 0.000006
21386 0.000010
21387 0.000017
21388 0.000020
21389 0.000024
21390 0.000026
21391 0.000004
21392 0.000031
21393 0.000035
21394 0.000016
21395 0.000031
21396 0.000011
21397 0.000025
21398 0.000008
21399 0.000040
21400 0.000012
21401 0.000027
21402 0.000019
21403 0.000016
21404 0.000024
21405 0.000015
21406 0.000029
21407 0.000029
21408 0.000018
21409 0.000013
21410 0.000030
21411 0.000025
21412 0.000023
21413 0.000020
21414 0.000013
21415 0.000012
21416 0.000006
21417 0.000005
21418 0.000020
21419 0.000019
21420 0.000016
21421 0.000016
21422 0.000018
21423 0.000013
21424 0.000024
21425 0.000010
21426 0.000021
21427 0.000021
21428 0.000026
21429 0.000037
21430 0.000006
21431 0.000006
21432 0.000005
21433 0.000005
21434 0.000024
21435 0.000004
21436 0.000035
21437 0.000028
21438 0.000004
21439 0.000033
21440 0.000004
21441 0.000013
21442 0.000029
21443 0.000020
21444 0.000024
21445 0.000033
21446 0.000020
21447 0.000004
21448 0.000009
21449 0.000012
21450 0.000039
21451 0.000016
21452 0.000025
21453 0.000013
21454 0.000033
21455 0.000005
21456 0.000012
21457 0.000014
21458 0.000009
21459 0.000004
21460 0.000009
21461 0.000029
21462 0.000020
21463 0.000013
21464 0.000033
21465 0.000007
21466 0.000010
21467 0.000006
21468 0.000012
21469 0.000014
21470 0.000014
21471 0.000031
21472 0.000014
21473 0.000018
21474 0.000027
21475 0.000029
21476 0.000014
21477 0.000035
21478 0.000018
21479 0.000032
21480 0.000019
21481 0.000054
21482 0.000012
21483 0.000027
21484 0.000011
21485 0.000013
21486 0.000011
21487 0.000017
21488 0.000004
21489 0.000017
21490 0.000016
21491 0.000007
21492 0.000017
21493 0.000004
21494 0.000005
21495 0.000009
21496 0.000008
21497 0.000010
21498 0.000019
21499 0.000015
21500 0.000026
21501 0.000022
21502 0.000006
21503 0.000026
21504 0.000004
21505 0.000007
21506 0.000020
21507 0.000006
21508 0.000029
21509 0.000021
21510 0.000021
21511 0.000004
21512 0.000038
21513 0.000011
21514 0.000005
21515 0.000021
21516 0.000010
21517 0.000028
21518 0.000044
21519 0.000007
21520 0.000006
21521 0.000018
21522 0.000024
21523 0.000004
21524 0.000012
21525 0.000025
21526 0.000025
21527 0.000032
21528 0.000012
21529 0.000011
21530 0.000023
21531 0.000015
21532 0.000043
21533 0.000011
21534 0.000010
21535 0.000025
21536 0.000038
21537 0.000011
21538 0.000043
21539 0.000015
21540 0.000023
21541 0.000015
21542 0.000017
21543 0.000021
21544 0.000025
21545 0.000004
21546 0.000036
21547 0.000011
21548 0.000018
21549 0.000015
21550 0.000027
21551 0.000042
21552 0.000007
21553 0.000031
21554 0.000034
21555 0.000012
21556 0.000009
21557 0.000020
21558 0.000029
21559 0.000013
21560 0.000024
21561 0.000008
21562 0.000028
21563 0.000023
21564 0.000013
21565 0.000019
21566 0.000014
21567 0.000005
21568 0.000014
21569 0.000005
21570 0.000012
21571 0.000037
21572 0.000013
21573 0.000008
21574 0.000015
21575 0.000015
21576 0.000021
21577 0.000064
21578 0.000023
21579 0.000031
21580 0.000015
21581 0.000026
21582 0.000012
21583 0.000018
21584 0.000028
21585 0.000007
21586 0.000014
21587 0.000004
21588 0.000026
21589 0.000034
21590 0.000004
21591 0.000018
21592 0.000017
21593 0.000019
21594 0.000012
21595 0.000009
21596 0.000007
21597 0.000010
21598 0.000004
21599 0.000005
21600 0.000010
21601 0.000028
21602 0.000024
21603 0.000005
21604 0.000010
21605 0.000015
21606 0.000013
21607 0.000018
21608 0.000042
21609 0.000028
21610 0.000040
21611 0.000039
21612 0.000004
21613 0.000005
21614 0.000008
21615 0.000021
21616 0.000004
21617 0.000061
21618 0.000013
21619 0.000006
21620 0.000009
21621 0.000044
21622 0.000005
21623 0.000017
21624 0.000019
21625 0.000025
21626 0.000019
21627 0.000027
21628 0.000071
21629 0.000010
21630 0.000046
21631 0.000013
21632 0.000018
21633 0.000038
21634 0.000019
21635 0.000039
21636 0.000020
21637 0.000009
21638 0.000022
21639 0.000008
21640 0.000019
21641 0.000030
21642 0.000020
21643 0.000035
21644 0.000009
21645 0.000006
21646 0.000025
21647 0.000068
21648 0.000018
21649 0.000010
21650 0.000004
21651 0.000025
21652 0.000014
21653 0.000019
21654 0.000017
21655 0.000004
21656 0.000034
21657 0.000010
21658 0.000013
21659 0.000092
21660 0.000045
21661 0.000041
21662 0.000012
21663 0.000038
21664 0.000012
21665 0.000030
21666 0.000041
21667 0.000027
21668 0.000011
21669 0.000005
21670 0.000013
21671 0.000005
21672 0.000020
21673 0.000015
21674 0.000010
21675 0.000033
21676 0.000014
21677 0.000011
21678 0.000007
21679 0.000014
21680 0.000006
21681 0.000014
21682 0.000017
21683 0.000004
21684 0.000014
21685 0.000034
21686 0.000015
21687 0.000025
21688 0.000009
21689 0.000012
21690 0.000009
21691 0.000007
21692 0.000022
21693 0.000007
21694 0.000039
21695 0.000009
21696 0.000057
21697 0.000014
21698 0.000017
21699 0.000011
21700 0.000006
21701 0.000010
21702 0.000027
21703 0.000007
21704 0.000018
21705 0.000023
21706 0.000033
21707 0.000018
21708 0.000024
21709 0.000007
21710 0.000010
21711 0.000013
21712 0.000013
21713 0.000025
21714 0.000004
21715 0.000008
21716 0.000027
21717 0.000011
21718 0.000030
21719 0.000028
21720 0.000006
21721 0.000039
21722 0.000008
21723 0.000024
21724 0.000036
21725 0.000011
21726 0.000005
21727 0.000018
21728 0.000054
21729 0.000011
21730 0.000030
21731 0.000025
21732 0.000017
21733 0.000044
21734 0.000004
21735 0.000017
21736 0.000017
21737 0.000020
21738 0.000016
21739 0.000022
21740 0.000023
21741 0.000030
21742 0.000029
21743 0.000016
21744 0.000012
21745 0.000028
21746 0.000009
21747 0.000015
21748 0.000028
21749 0.000024
21750 0.000021
21751 0.000009
21752 0.000005
21753 0.000021
21754 0.000013
21755 0.000036
21756 0.000011
21757 0.000027
21758 0.000009
21759 0.000009
21760 0.000015
21761 0.000015
21762 0.000014
21763 0.000011
21764 0.000029
21765 0.000009
21766 0.000012
21767 0.000018
21768 0.000011
21769 0.000032
21770 0.000016
21771 0.000004
21772 0.000010
21773 0.000007
21774 0.000049
21775 0.000013
21776 0.000011
21777 0.000019
21778 0.000014
21779 0.000036
21780 0.000016
21781 0.000004
21782 0.000022
21783 0.000033
21784 0.000035
21785 0.000024
21786 0.000028
21787 0.000015
21788 0.000008
21789 0.000046
21790 0.000012
21791 0.000014
21792 0.000004
21793 0.000028
21794 0.000007
21795 0.000013
21796 0.000027
21797 0.000030
21798 0.000021
21799 0.000027
21800 0.000005
21801 0.000021
21802 0.000012
21803 0.000011
21804 0.000020
21805 0.000018
21806 0.000017
21807 0.000010
21808 0.000038
21809 0.000006
21810 0.000015
21811 0.000020
21812 0.000016
21813 0.000031
21814 0.000016
21815 0.000039
21816 0.000022
21817 0.000013
21818 0.000021
21819 0.000024
21820 0.000004
21821 0.000019
21822 0.000004
21823 0.000045
21824 0.000052
21825 0.000017
21826 0.000014
21827 0.000018
21828 0.000013
21829 0.000026
21830 0.000009
21831 0.000005
21832 0.000021
21833 0.000009
21834 0.000056
21835 0.000011
21836 0.000040
21837 0.000008
21838 0.000059
21839 0.000010
21840 0.000019
21841 0.000012
21842 0.000015
21843 0.000036
21844 0.000014
21845 0.000017
21846 0.000004
21847 0.000018
21848 0.000028
21849 0.000011
21850 0.000027
21851 0.000034
21852 0.000026
21853 0.000024
21854 0.000007
21855 0.000041
21856 0.000018
21857 0.000039
21858 0.000060
21859 0.000021
21860 0.000013
21861 0.000010
21862 0.000039
21863 0.000022
21864 0.000004
21865 0.000010
21866 0.000011
21867 0.000027
21868 0.000004
21869 0.000006
21870 0.000004
21871 0.000055
21872 0.000053
21873 0.000011
21874 0.000007
21875 0.000033
21876 0.000040
21877 0.000010
21878 0.000008
21879 0.000010
21880 0.000013
21881 0.000050
21882 0.000034
21883 0.000011
21884 0.000020
21885 0.000023
21886 0.000049
21887 0.000013
21888 0.000014
21889 0.000011
21890 0.000028
21891 0.000005
21892 0.000017
21893 0.000037
21894 0.000040
21895 0.000019
21896 0.000020
21897 0.000004
21898 0.000015
21899 0.000020
21900 0.000012
21901 0.000018
21902 0.000036
21903 0.000067
21904 0.000024
21905 0.000012
21906 0.000014
21907 0.000032
21908 0.000048
21909 0.000024
21910 0.000019
21911 0.000020
21912 0.000014
21913 0.000013
21914 0.000032
21915 0.000015
21916 0.000010
21917 0.000004
21918 0.000009
21919 0.000030
21920 0.000026
21921 0.000015
21922 0.000008
21923 0.000018
21924 0.000031
21925 0.000013
21926 0.000019
21927 0.000020
21928 0.000023
21929 0.000015
21930 0.000038
21931 0.000012
21932 0.000006
21933 0.000020
21934 0.000034
21935 0.000018
21936 0.000007
21937 0.000004
21938 0.000025
21939 0.000019
21940 0.000038
21941 0.000019
21942 0.000004
21943 0.000026
21944 0.000028
21945 0.000022
21946 0.000011
21947 0.000030
21948 0.000011
21949 0.000014
21950 0.000009
21951 0.000023
21952 0.000020
21953 0.000025
21954 0.000006
21955 0.000034
21956 0.000038
21957 0.000014
21958 0.000045
21959 0.000018
21960 0.000007
21961 0.000009
21962 0.000020
21963 0.000039
21964 0.000027
21965 0.000008
21966 0.000005
21967 0.000027
21968 0.000012
21969 0.000036
21970 0.000017
21971 0.000013
21972 0.000020
21973 0.000020
21974 0.000021
21975 0.000018
21976 0.000005
21977 0.000010
21978 0.000005
21979 0.000006
21980 0.000012
21981 0.000020
21982 0.000020
21983 0.000031
21984 0.000005
21985 0.000041
21986 0.000008
21987 0.000012
21988 0.000011
21989 0.000007
21990 0.000017
21991 0.000018
21992 0.000004
21993 0.000013
21994 0.000010
21995 0.000031
21996 0.000015
21997 0.000019
21998 0.000019
21999 0.000015
22000 0.000028
22001 0.000009
22002 0.000016
22003 0.000043
22004 0.000016
22005 0.000029
22006 0.000007
22007 0.000017
22008 0.000006
22009 0.000012
22010 0.000020
22011 0.000007
22012 0.000028
22013 0.000037
22014 0.000019
22015 0.000016
22016 0.000047
22017 0.000035
22018 0.000008
22019 0.000012
22020 0.000015
22021 0.000022
22022 0.000005
22023 0.000025
22024 0.000015
22025 0.000035
22026 0.000019
22027 0.000023
22028 0.000016
22029 0.000012
22030 0.000004
22031 0.000009
22032 0.000016
22033 0.000012
22034 0.000048
22035 0.000063
22036 0.000008
22037 0.000026
22038 0.000058
22039 0.000009
22040 0.000015
22041 0.000039
22042 0.000026
22043 0.000017
22044 0.000010
22045 0.000011
22046 0.000030
22047 0.000040
22048 0.000021
22049 0.000013
22050 0.000016
22051 0.000019
22052 0.000017
22053 0.000011
22054 0.000007
22055 0.000016
22056 0.000008
22057 0.000010
22058 0.000013
22059 0.000033
22060 0.000013
22061 0.000022
22062 0.000027
22063 0.000021
22064 0.000025
22065 0.000029
22066 0.000004
22067 0.000027
22068 0.000017
22069 0.000024
22070 0.000026
22071 0.000020
22072 0.000013
22073 0.000019
22074 0.000016
22075 0.000031
22076 0.000006
22077 0.000011
22078 0.000025
22079 0.000019
22080 0.000009
22081 0.000007
22082 0.000011
22083 0.000009
22084 0.000004
22085 0.000022
22086 0.000014
22087 0.000025
22088 0.000026
22089 0.000011
22090 0.000034
22091 0.000013
22092 0.000011
22093 0.000042
22094 0.000017
22095 0.000023
22096 0.000023
22097 0.000032
22098 0.000006
22099 0.000010
22100 0.000009
22101 0.000021
22102 0.000009
22103 0.000013
22104 0.000049
22105 0.000016
22106 0.000042
22107 0.000019
22108 0.000021
22109 0.000017
22110 0.000022
22111 0.000033
22112 0.000027
22113 0.000004
22114 0.000023
22115 0.000020
22116 0.000009
22117 0.000038
22118 0.000033
22119 0.000007
22120 0.000015
22121 0.000025
22122 0.000033
22123 0.000014
22124 0.000035
22125 0.000025
22126 0.000021
22127 0.000017
22128 0.000005
22129 0.000022
22130 0.000004
22131 0.000025
22132 0.000026
22133 0.000019
22134 0.000008
22135 0.000023
22136 0.000007
22137 0.000054
22138 0.000004
22139 0.000019
22140 0.000014
22141 0.000032
22142 0.000017
22143 0.000015
22144 0.000007
22145 0.000004
22146 0.000034
22147 0.000004
22148 0.000017
22149 0.000026
22150 0.000018
22151 0.000017
22152 0.000018
22153 0.000047
22154 0.000021
22155 0.000011
22156 0.000020
22157 0.000011
22158 0.000004
22159 0.000015
22160 0.000012
22161 0.000023
22162 0.000004
22163 0.000037
22164 0.000023
22165 0.000015
22166 0.000019
22167 0.000014
22168 0.000017
22169 0.000007
22170 0.000022
22171 0.000021
22172 0.000037
22173 0.000033
22174 0.000029
22175 0.000015
22176 0.000017
22177 0.000008
22178 0.000034
22179 0.000047
22180 0.000030
22181 0.000028
22182 0.000022
22183 0.000043
22184 0.000007
22185 0.000006
22186 0.000006
22187 0.000004
22188 0.000035
22189 0.000054
22190 0.000005
22191 0.000037
22192 0.000016
22193 0.000037
22194 0.000021
22195 0.000007
22196 0.000033
22197 0.000007
22198 0.000024
22199 0.000046
22200 0.000036
22201 0.000018
22202 0.000028
22203 0.000015
22204 0.000017
22205 0.000028
22206 0.000014
22207 0.000021
22208 0.000021
22209 0.000010
22210 0.000037
22211 0.000026
22212 0.000015
22213 0.000013
22214 0.000012
22215 0.000011
22216 0.000021
22217 0.000006
22218 0.000043
22219 0.000006
22220 0.000011
22221 0.000010
22222 0.000018
22223 0.000013
22224 0.000016
22225 0.000009
22226 0.000013
22227 0.000011
22228 0.000015
22229 0.000037
22230 0.000046
22231 0.000009
22232 0.000026
22233 0.000027
22234 0.000006
22235 0.000052
22236 0.000030
22237 0.000005
22238 0.000005
22239 0.000014
22240 0.000062
22241 0.000020
22242 0.000017
22243 0.000008
22244 0.000011
22245 0.000044
22246 0.000018
22247 0.000028
22248 0.000038
22249 0.000048
22250 0.000011
22251 0.000007
22252 0.000046
22253 0.000017
22254 0.000006
22255 0.000010
22256 0.000029
22257 0.000051
22258 0.000006
22259 0.000013
22260 0.000040
22261 0.000024
22262 0.000013
22263 0.000012
22264 0.000013
22265 0.000015
22266 0.000034
22267 0.000009
22268 0.000025
22269 0.000049
22270 0.000059
22271 0.000042
22272 0.000021
22273 0.000023
22274 0.000086
22275 0.000025
22276 0.000048
22277 0.000023
22278 0.000033
22279 0.000006
22280 0.000014
22281 0.000015
22282 0.000009
22283 0.000027
22284 0.000006
22285 0.000010
22286 0.000032
22287 0.000016
22288 0.000016
22289 0.000051
22290 0.000018
22291 0.000018
22292 0.000026
22293 0.000021
22294 0.000025
22295 0.000015
22296 0.000024
22297 0.000008
22298 0.000005
22299 0.000024
22300 0.000020
22301 0.000019
22302 0.000004
22303 0.000009
22304 0.000037
22305 0.000006
22306 0.000017
22307 0.000012
22308 0.000021
22309 0.000020
22310 0.000004
22311 0.000012
22312 0.000019
22313 0.000005
22314 0.000027
22315 0.000038
22316 0.000033
22317 0.000009
22318 0.000013
22319 0.000028
22320 0.000008
22321 0.000036
22322 0.000013
22323 0.000013
22324 0.000040
22325 0.000017
22326 0.000015
22327 0.000026
22328 0.000020
22329 0.000021
22330 0.000018
22331 0.000006
22332 0.000022
22333 0.000006
22334 0.000022
22335 0.000010
22336 0.000018
22337 0.000032
22338 0.000004
22339 0.000031
22340 0.000055
22341 0.000004
22342 0.000007
22343 0.000024
22344 0.000032
22345 0.000011
22346 0.000016
22347 0.000014
22348 0.000011
22349 0.000023
22350 0.000015
22351 0.000010
22352 0.000011
22353 0.000009
22354 0.000032
22355 0.000022
22356 0.000024
22357 0.000004
22358 0.000049
22359 0.000024
22360 0.000004
22361 0.000008
22362 0.000032
22363 0.000025
22364 0.000006
22365 0.000024
22366 0.000012
22367 0.000010
22368 0.000010
22369 0.000007
22370 0.000017
22371 0.000054
22372 0.000049
22373 0.000017
22374 0.000028
22375 0.000004
22376 0.000012
22377 0.000025
22378 0.000025
22379 0.000009
22380 0.000015
22381 0.000035
22382 0.000020
22383 0.000038
22384 0.000029
22385 0.000025
22386 0.000019
22387 0.000024
22388 0.000014
22389 0.000043
22390 0.000023
22391 0.000021
22392 0.000016
22393 0.000026
22394 0.000021
22395 0.000031
22396 0.000026
22397 0.000004
22398 0.000019
22399 0.000013
22400 0.000007
22401 0.000019
22402 0.000024
22403 0.000025
22404 0.000009
22405 0.000010
22406 0.000033
22407 0.000011
22408 0.000005
22409 0.000017
22410 0.000006
22411 0.000008
22412 0.000026
22413 0.000010
22414 0.000044
22415 0.000013
22416 0.000022
22417 0.000014
22418 0.000017
22419 0.000020
22420 0.000027
22421 0.000028
22422 0.000034
22423 0.000017
22424 0.000019
22425 0.000018
22426 0.000021
22427 0.000056
22428 0.000004
22429 0.000023
22430 0.000023
22431 0.000008
22432 0.000029
22433 0.000019
22434 0.000025
22435 0.000013
22436 0.000018
22437 0.000011
22438 0.000024
22439 0.000011
22440 0.000009
22441 0.000035
22442 0.000014
22443 0.000033
22444 0.000008
22445 0.000011
22446 0.000079
22447 0.000018
22448 0.000028
22449 0.000009
22450 0.000008
22451 0.000011
22452 0.000005
22453 0.000033
22454 0.000018
22455 0.000031
22456 0.000029
22457 0.000064
22458 0.000020
22459 0.000022
22460 0.000021
22461 0.000015
22462 0.000006
22463 0.000017
22464 0.000034
22465 0.000014
22466 0.000008
22467 0.000031
22468 0.000019
22469 0.000020
22470 0.000009
22471 0.000033
22472 0.000012
22473 0.000031
22474 0.000024
22475 0.000073
22476 0.000005
22477 0.000008
22478 0.000007
22479 0.000008
22480 0.000013
22481 0.000016
22482 0.000043
22483 0.000012
22484 0.000019
22485 0.000008
22486 0.000034
22487 0.000009
22488 0.000017
22489 0.000019
22490 0.000014
22491 0.000009
22492 0.000017
22493 0.000022
22494 0.000021
22495 0.000022
22496 0.000031
22497 0.000018
22498 0.000004
22499 0.000018
22500 0.000017
22501 0.000004
22502 0.000023
22503 0.000006
22504 0.000023
22505 0.000027
22506 0.000016
22507 0.000017
22508 0.000014
22509 0.000004
22510 0.000019
22511 0.000012
22512 0.000005
22513 0.000013
22514 0.000014
22515 0.000057
22516 0.000034
22517 0.000038
22518 0.000037
22519 0.000011
22520 0.000004
22521 0.000034
22522 0.000012
22523 0.000027
22524 0.000004
22525 0.000012
22526 0.000009
22527 0.000012
22528 0.000006
22529 0.000014
22530 0.000037
22531 0.000040
22532 0.000014
22533 0.000013
22534 0.000005
22535 0.000018
22536 0.000010
22537 0.000014
22538 0.000028
22539 0.000014
22540 0.000012
22541 0.000027
22542 0.000046
22543 0.000005
22544 0.000010
22545 0.000042
22546 0.000028
22547 0.000033
22548 0.000047
22549 0.000011
22550 0.000022
22551 0.000023
22552 0.000048
22553 0.000015
22554 0.000004
22555 0.000025
22556 0.000073
22557 0.000017
22558 0.000007
22559 0.000013
22560 0.000008
22561 0.000018
22562 0.000016
22563 0.000017
22564 0.000024
22565 0.000036
22566 0.000005
22567 0.000037
22568 0.000028
22569 0.000028
22570 0.000018
22571 0.000007
22572 0.000021
22573 0.000036
22574 0.000010
22575 0.000028
22576 0.000004
22577 0.000031
22578 0.000034
22579 0.000028
22580 0.000004
22581 0.000022
22582 0.000032
22583 0.000008
22584 0.000008
22585 0.000029
22586 0.000009
22587 0.000020
22588 0.000017
22589 0.000010
22590 0.000009
22591 0.000024
22592 0.000035
22593 0.000008
22594 0.000030
22595 0.000004
22596 0.000033
22597 0.000007
22598 0.000016
22599 0.000034
22600 0.000030
22601 0.000019
22602 0.000014
22603 0.000022
22604 0.000037
22605 0.000020
22606 0.000005
22607 0.000013
22608 0.000009
22609 0.000023
22610 0.000013
22611 0.000011
22612 0.000015
22613 0.000028
22614 0.000004
22615 0.000008
22616 0.000016
22617 0.000007
22618 0.000027
22619 0.000006
22620 0.000008
22621 0.000040
22622 0.000026
22623 0.000016
22624 0.000008
22625 0.000022
22626 0.000036
22627 0.000032
22628 0.000016
22629 0.000019
22630 0.000017
22631 0.000020
22632 0.000009
22633 0.000013
22634 0.000017
22635 0.000026
22636 0.000026
22637 0.000012
22638 0.000019
22639 0.000020
22640 0.000039
22641 0.000014
22642 0.000027
22643 0.000007
22644 0.000022
22645 0.000005
22646 0.000029
22647 0.000028
22648 0.000008
22649 0.000020
22650 0.000022
22651 0.000018
22652 0.000012
22653 0.000006
22654 0.000034
22655 0.000015
22656 0.000026
22657 0.000010
22658 0.000006
22659 0.000006
22660 0.000017
22661 0.000007
22662 0.000005
22663 0.000009
22664 0.000012
22665 0.000017
22666 0.000011
22667 0.000006
22668 0.000023
22669 0.000037
22670 0.000031
22671 0.000019
22672 0.000030
22673 0.000052
22674 0.000010
22675 0.000016
22676 0.000017
22677 0.000012
22678 0.000004
22679 0.000036
22680 0.000004
22681 0.000016
22682 0.000019
22683 0.000006
22684 0.000020
22685 0.000015
22686 0.000017
22687 0.000010
22688 0.000004
22689 0.000019
22690 0.000022
22691 0.000038
22692 0.000009
22693 0.000010
22694 0.000035
22695 0.000011
22696 0.000020
22697 0.000013
22698 0.000013
22699 0.000012
22700 0.000015
22701 0.000030
22702 0.000028
22703 0.000006
22704 0.000020
22705 0.000029
22706 0.000045
22707 0.000013
22708 0.000024
22709 0.000037
22710 0.000008
22711 0.000015
22712 0.000015
22713 0.000004
22714 0.000014
22715 0.000006
22716 0.000012
22717 0.000039
22718 0.000026
22719 0.000037
22720 0.000014
22721 0.000024
22722 0.000013
22723 0.000022
22724 0.000049
22725 0.000025
22726 0.000025
22727 0.000009
22728 0.000009
22729 0.000050
22730 0.000014
22731 0.000022
22732 0.000011
22733 0.000009
22734 0.000008
22735 0.000020
22736 0.000008
22737 0.000051
22738 0.000008
22739 0.000006
22740 0.000041
22741 0.000020
22742 0.000016
22743 0.000019
22744 0.000016
22745 0.000018
22746 0.000014
22747 0.000018
22748 0.000012
22749 0.000004
22750 0.000012
22751 0.000023
22752 0.000008
22753 0.000008
22754 0.000014
22755 0.000024
22756 0.000007
22757 0.000008
22758 0.000016
22759 0.000029
22760 0.000016
22761 0.000037
22762 0.000005
22763 0.000014
22764 0.000005
22765 0.000021
22766 0.000023
22767 0.000028
22768 0.000016
22769 0.000019
22770 0.000017
22771 0.000012
22772 0.000007
22773 0.000007
22774 0.000031
22775 0.000014
22776 0.000013
22777 0.000017
22778 0.000021
22779 0.000011
22780 0.000014
22781 0.000014
22782 0.000014
22783 0.000041
22784 0.000019
22785 0.000021
22786 0.000017
22787 0.000021
22788 0.000022
22789 0.000009
22790 0.000011
22791 0.000007
22792 0.000035
22793 0.000034
22794 0.000040
22795 0.000042
22796 0.000021
22797 0.000020
22798 0.000004
22799 0.000016
22800 0.000019
22801 0.000015
22802 0.000029
22803 0.000019
22804 0.000006
22805 0.000016
22806 0.000010
22807 0.000029
22808 0.000032
22809 0.000004
22810 0.000048
22811 0.000027
22812 0.000031
22813 0.000008
22814 0.000025
22815 0.000004
22816 0.000029
22817 0.000025
22818 0.000021
22819 0.000051
22820 0.000021
22821 0.000013
22822 0.000006
22823 0.000021
22824 0.000016
22825 0.000015
22826 0.000029
22827 0.000023
22828 0.000027
22829 0.000025
22830 0.000006
22831 0.000021
22832 0.000013
22833 0.000010
22834 0.000021
22835 0.000011
22836 0.000004
22837 0.000009
22838 0.000006
22839 0.000005
22840 0.000031
22841 0.000007
22842 0.000021
22843 0.000016
22844 0.000012
22845 0.000032
22846 0.000008
22847 0.000008
22848 0.000009
22849 0.000017
22850 0.000005
22851 0.000011
22852 0.000014
22853 0.000007
22854 0.000006
22855 0.000020
22856 0.000011
22857 0.000055
22858 0.000039
22859 0.000007
22860 0.000031
22861 0.000015
22862 0.000014
22863 0.000025
22864 0.000014
22865 0.000016
22866 0.000011
22867 0.000011
22868 0.000009
22869 0.000035
22870 0.000007
22871 0.000011
22872 0.000011
22873 0.000015
22874 0.000009
22875 0.000016
22876 0.000008
22877 0.000018
22878 0.000017
22879 0.000033
22880 0.000014
22881 0.000025
22882 0.000011
22883 0.000012
22884 0.000006
22885 0.000010
22886 0.000012
22887 0.000014
22888 0.000027
22889 0.000030
22890 0.000025
22891 0.000008
22892 0.000022
22893 0.000023
22894 0.000006
22895 0.000064
22896 0.000019
22897 0.000036
22898 0.000018
22899 0.000008
22900 0.000016
22901 0.000016
22902 0.000012
22903 0.000020
22904 0.000028
22905 0.000023
22906 0.000011
22907 0.000019
22908 0.000021
22909 0.000050
22910 0.000020
22911 0.000018
22912 0.000006
22913 0.000004
22914 0.000012
22915 0.000016
22916 0.000006
22917 0.000012
22918 0.000016
22919 0.000048
22920 0.000008
22921 0.000009
22922 0.000007
22923 0.000016
22924 0.000027
22925 0.000058
22926 0.000008
22927 0.000012
22928 0.000014
22929 0.000009
22930 0.000035
22931 0.000018
22932 0.000007
22933 0.000062
22934 0.000027
22935 0.000016
22936 0.000014
22937 0.000024
22938 0.000044
22939 0.000011
22940 0.000013
22941 0.000014
22942 0.000014
22943 0.000036
22944 0.000011
22945 0.000028
22946 0.000015
22947 0.000079
22948 0.000017
22949 0.000021
22950 0.000021
22951 0.000043
22952 0.000004
22953 0.000011
22954 0.000023
22955 0.000017
22956 0.000013
22957 0.000015
22958 0.000020
22959 0.000016
22960 0.000011
22961 0.000031
22962 0.000022
22963 0.000025
22964 0.000010
22965 0.000028
22966 0.000018
22967 0.000032
22968 0.000015
22969 0.000008
22970 0.000004
22971 0.000013
22972 0.000020
22973 0.000007
22974 0.000027
22975 0.000006
22976 0.000004
22977 0.000027
22978 0.000018
22979 0.000013
22980 0.000004
22981 0.000018
22982 0.000035
22983 0.000042
22984 0.000009
22985 0.000013
22986 0.000043
22987 0.000015
22988 0.000014
22989 0.000011
22990 0.000011
22991 0.000023
22992 0.000021
22993 0.000034
22994 0.000026
22995 0.000022
22996 0.000033
22997 0.000031
22998 0.000020
22999 0.000017
23000 0.000018
23001 0.000026
23002 0.000009
23003 0.000022
23004 0.000019
23005 0.000035
23006 0.000050
23007 0.000027
23008 0.000021
23009 0.000068
23010 0.000024
23011 0.000021
23012 0.000020
23013 0.000032
23014 0.000030
23015 0.000052
23016 0.000006
23017 0.000007
23018 0.000032
23019 0.000015
23020 0.000044
23021 0.000015
23022 0.000004
23023 0.000004
23024 0.000025
23025 0.000012
23026 0.000042
23027 0.000012
23028 0.000028
23029 0.000042
23030 0.000016
23031 0.000029
23032 0.000010
23033 0.000016
23034 0.000004
23035 0.000023
23036 0.000009
23037 0.000024
23038 0.000007
23039 0.000009
23040 0.000023
23041 0.000006
23042 0.000033
23043 0.000013
23044 0.000025
23045 0.000016
23046 0.000012
23047 0.000028
23048 0.000024
23049 0.000045
23050 0.000010
23051 0.000033
23052 0.000022
23053 0.000025
23054 0.000009
23055 0.000011
23056 0.000010
23057 0.000028
23058 0.000004
23059 0.000006
23060 0.000006
23061 0.000042
23062 0.000005
23063 0.000007
23064 0.000043
23065 0.000051
23066 0.000046
23067 0.000016
23068 0.000036
23069 0.000008
23070 0.000009
23071 0.000004
23072 0.000015
23073 0.000010
23074 0.000023
23075 0.000013
23076 0.000011
23077 0.000008
23078 0.000011
23079 0.000015
23080 0.000009
23081 0.000024
23082 0.000008
23083 0.000052
23084 0.000012
23085 0.000024
23086 0.000047
23087 0.000007
23088 0.000018
23089 0.000035
23090 0.000020
23091 0.000017
23092 0.000017
23093 0.000015
23094 0.000014
23095 0.000016
23096 0.000012
23097 0.000012
23098 0.000013
23099 0.000013
23100 0.000018
23101 0.000057
23102 0.000004
23103 0.000023
23104 0.000022
23105 0.000014
23106 0.000027
23107 0.000032
23108 0.000023
23109 0.000026
23110 0.000007
23111 0.000018
23112 0.000015
23113 0.000017
23114 0.000017
23115 0.000029
23116 0.000004
23117 0.000029
23118 0.000031
23119 0.000004
23120 0.000038
23121 0.000006
23122 0.000006
23123 0.000016
23124 0.000019
23125 0.000018
23126 0.000005
23127 0.000019
23128 0.000038
23129 0.000010
23130 0.000011
23131 0.000014
23132 0.000024
23133 0.000041
23134 0.000004
23135 0.000016
23136 0.000030
23137 0.000028
23138 0.000025
23139 0.000018
23140 0.000016
23141 0.000004
23142 0.000026
23143 0.000025
23144 0.000023
23145 0.000016
23146 0.000022
23147 0.000015
23148 0.000018
23149 0.000007
23150 0.000006
23151 0.000020
23152 0.000026
23153 0.000012
23154 0.000015
23155 0.000023
23156 0.000035
23157 0.000006
23158 0.000019
23159 0.000007
23160 0.000019
23161 0.000025
23162 0.000033
23163 0.000005
23164 0.000041
23165 0.000004
23166 0.000009
23167 0.000015
23168 0.000006
23169 0.000022
23170 0.000027
23171 0.000017
23172 0.000016
23173 0.000014
23174 0.000053
23175 0.000021
23176 0.000033
23177 0.000014
23178 0.000004
23179 0.000005
23180 0.000038
23181 0.000017
23182 0.000011
23183 0.000029
23184 0.000005
23185 0.000033
23186 0.000010
23187 0.000013
23188 0.000014
23189 0.000059
23190 0.000016
23191 0.000027
23192 0.000022
23193 0.000025
23194 0.000014
23195 0.000029
23196 0.000034
23197 0.000027
23198 0.000008
23199 0.000015
23200 0.000013
23201 0.000007
23202 0.000026
23203 0.000006
23204 0.000014
23205 0.000010
23206 0.000069
23207 0.000039
23208 0.000036
23209 0.000004
23210 0.000008
23211 0.000021
23212 0.000012
23213 0.000041
23214 0.000048
23215 0.000018
23216 0.000023
23217 0.000009
23218 0.000019
23219 0.000020
23220 0.000029
23221 0.000023
23222 0.000013
23223 0.000033
23224 0.000019
23225 0.000008
23226 0.000044
23227 0.000027
23228 0.000016
23229 0.000017
23230 0.000015
23231 0.000027
23232 0.000008
23233 0.000024
23234 0.000033
23235 0.000004
23236 0.000008
23237 0.000023
23238 0.000014
23239 0.000051
23240 0.000020
23241 0.000029
23242 0.000012
23243 0.000022
23244 0.000017
23245 0.000022
23246 0.000006
23247 0.000025
23248 0.000033
23249 0.000027
23250 0.000031
23251 0.000018
23252 0.000011
23253 0.000029
23254 0.000016
23255 0.000009
23256 0.000025
23257 0.000010
23258 0.000013
23259 0.000007
23260 0.000033
23261 0.000009
23262 0.000019
23263 0.000007
23264 0.000020
23265 0.000031
23266 0.000019
23267 0.000011
23268 0.000047
23269 0.000028
23270 0.000013
23271 0.000033
23272 0.000056
23273 0.000019
23274 0.000018
23275 0.000021
23276 0.000004
23277 0.000008
23278 0.000013
23279 0.000036
23280 0.000020
23281 0.000012
23282 0.000024
23283 0.000020
23284 0.000037
23285 0.000017
23286 0.000010
23287 0.000016
23288 0.000012
23289 0.000013
23290 0.000011
23291 0.000023
23292 0.000020
23293 0.000020
23294 0.000011
23295 0.000031
23296 0.000021
23297 0.000018
23298 0.000030
23299 0.000038
23300 0.000009
23301 0.000017
23302 0.000015
23303 0.000026
23304 0.000013
23305 0.000010
23306 0.000006
23307 0.000015
23308 0.000009
23309 0.000020
23310 0.000006
23311 0.000011
23312 0.000014
23313 0.000005
23314 0.000022
23315 0.000022
23316 0.000006
23317 0.000013
23318 0.000042
23319 0.000017
23320 0.000041
23321 0.000025
23322 0.000011
23323 0.000006
23324 0.000024
23325 0.000012
23326 0.000010
23327 0.000058
23328 0.000041
23329 0.000023
23330 0.000018
23331 0.000006
23332 0.000006
23333 0.000025
23334 0.000018
23335 0.000032
23336 0.000004
23337 0.000020
23338 0.000019
23339 0.000017
23340 0.000012
23341 0.000020
23342 0.000026
23343 0.000010
23344 0.000014
23345 0.000018
23346 0.000007
23347 0.000018
23348 0.000006
23349 0.000029
23350 0.000008
23351 0.000028
23352 0.000022
23353 0.000018
23354 0.000016
23355 0.000006
23356 0.000034
23357 0.000023
23358 0.000061
23359 0.000023
23360 0.000096
23361 0.000060
23362 0.000004
23363 0.000019
23364 0.000015
23365 0.000044
23366 0.000014
23367 0.000015
23368 0.000012
23369 0.000011
23370 0.000016
23371 0.000068
23372 0.000013
23373 0.000029
23374 0.000015
23375 0.000018
23376 0.000038
23377 0.000004
23378 0.000021
23379 0.000007
23380 0.000015
23381 0.000028
23382 0.000039
23383 0.000015
23384 0.000004
23385 0.000018
23386 0.000017
23387 0.000021
23388 0.000098
23389 0.000093
23390 0.000006
23391 0.000052
23392 0.000015
23393 0.000011
23394 0.000028
23395 0.000007
23396 0.000063
23397 0.000017
23398 0.000005
23399 0.000010
23400 0.000029
23401 0.000017
23402 0.000011
23403 0.000004
23404 0.000029
23405 0.000042
23406 0.000004
23407 0.000018
23408 0.000009
23409 0.000036
23410 0.000019
23411 0.000025
23412 0.000025
23413 0.000011
23414 0.000020
23415 0.000010
23416 0.000019
23417 0.000009
23418 0.000023
23419 0.000020
23420 0.000030
23421 0.000024
23422 0.000039
23423 0.000024
23424 0.000024
23425 0.000007
23426 0.000025
23427 0.000030
23428 0.000020
23429 0.000005
23430 0.000019
23431 0.000015
23432 0.000011
23433 0.000008
23434 0.000009
23435 0.000073
23436 0.000032
23437 0.000015
23438 0.000029
23439 0.000034
23440 0.000004
23441 0.000070
23442 0.000048
23443 0.000008
23444 0.000032
23445 0.000021
23446 0.000012
23447 0.000008
23448 0.000009
23449 0.000021
23450 0.000005
23451 0.000012
23452 0.000013
23453 0.000021
23454 0.000024
23455 0.000013
23456 0.000011
23457 0.000009
23458 0.000027
23459 0.000102
23460 0.000008
23461 0.000035
23462 0.000010
23463 0.000047
23464 0.000004
23465 0.000020
23466 0.000027
23467 0.000033
23468 0.000009
23469 0.000033
23470 0.000033
23471 0.000012
23472 0.000016
23473 0.000020
23474 0.000008
23475 0.000006
23476 0.000012
23477 0.000014
23478 0.000018
23479 0.000016
23480 0.000020
23481 0.000010
23482 0.000007
23483 0.000028
23484 0.000020
23485 0.000019
23486 0.000018
23487 0.000013
23488 0.000043
23489 0.000025
23490 0.000022
23491 0.000013
23492 0.000034
23493 0.000017
23494 0.000056
23495 0.000026
23496 0.000018
23497 0.000022
23498 0.000017
23499 0.000038
23500 0.000016
23501 0.000006
23502 0.000025
23503 0.000026
23504 0.000016
23505 0.000020
23506 0.000045
23507 0.000031
23508 0.000011
23509 0.000022
23510 0.000024
23511 0.000009
23512 0.000012
23513 0.000033
23514 0.000011
23515 0.000008
23516 0.000004
23517 0.000007
23518 0.000006
23519 0.000036
23520 0.000024
23521 0.000021
23522 0.000009
23523 0.000063
23524 0.000072
23525 0.000029
23526 0.000022
23527 0.000017
23528 0.000016
23529 0.000027
23530 0.000052
23531 0.000029
23532 0.000027
23533 0.000009
23534 0.000017
23535 0.000008
23536 0.000017
23537 0.000026
23538 0.000035
23539 0.000004
23540 0.000021
23541 0.000007
23542 0.000010
23543 0.000016
23544 0.000023
23545 0.000013
23546 0.000010
23547 0.000021
23548 0.000035
23549 0.000024
23550 0.000015
23551 0.000023
23552 0.000016
23553 0.000023
23554 0.000043
23555 0.000018
23556 0.000018
23557 0.000015
23558 0.000025
23559 0.000039
23560 0.000009
23561 0.000033
23562 0.000016
23563 0.000028
23564 0.000023
23565 0.000015
23566 0.000004
23567 0.000016
23568 0.000040
23569 0.000008
23570 0.000032
23571 0.000014
23572 0.000009
23573 0.000011
23574 0.000010
23575 0.000031
23576 0.000057
23577 0.000010
23578 0.000012
23579 0.000015
23580 0.000008
23581 0.000013
23582 0.000060
23583 0.000018
23584 0.000009
23585 0.000017
23586 0.000015
23587 0.000009
23588 0.000044
23589 0.000037
23590 0.000019
23591 0.000015
23592 0.000008
23593 0.000004
23594 0.000005
23595 0.000011
23596 0.000040
23597 0.000005
23598 0.000027
23599 0.000032
23600 0.000023
23601 0.000047
23602 0.000012
23603 0.000012
23604 0.000026
23605 0.000013
23606 0.000009
23607 0.000035
23608 0.000027
23609 0.000009
23610 0.000013
23611 0.000017
23612 0.000012
23613 0.000021
23614 0.000010
23615 0.000016
23616 0.000013
23617 0.000013
23618 0.000038
23619 0.000015
23620 0.000014
23621 0.000011
23622 0.000010
23623 0.000041
23624 0.000030
23625 0.000011
23626 0.000004
23627 0.000025
23628 0.000022
23629 0.000028
23630 0.000010
23631 0.000024
23632 0.000010
23633 0.000011
23634 0.000045
23635 0.000005
23636 0.000012
23637 0.000009
23638 0.000018
23639 0.000041
23640 0.000038
23641 0.000019
23642 0.000028
23643 0.000011
23644 0.000033
23645 0.000005
23646 0.000052
23647 0.000032
23648 0.000009
23649 0.000049
23650 0.000042
23651 0.000006
23652 0.000022
23653 0.000027
23654 0.000004
23655 0.000013
23656 0.000012
23657 0.000019
23658 0.000011
23659 0.000004
23660 0.000025
23661 0.000020
23662 0.000009
23663 0.000012
23664 0.000004
23665 0.000004
23666 0.000025
23667 0.000012
23668 0.000005
23669 0.000016
23670 0.000010
23671 0.000066
23672 0.000017
23673 0.000019
23674 0.000025
23675 0.000033
23676 0.000018
23677 0.000010
23678 0.000014
23679 0.000008
23680 0.000004
23681 0.000018
23682 0.000012
23683 0.000006
23684 0.000016
23685 0.000016
23686 0.000025
23687 0.000012
23688 0.000054
23689 0.000019
23690 0.000008
23691 0.000034
23692 0.000009
23693 0.000020
23694 0.000021
23695 0.000006
23696 0.000004
23697 0.000013
23698 0.000011
23699 0.000023
23700 0.000022
23701 0.000007
23702 0.000011
23703 0.000022
23704 0.000014
23705 0.000024
23706 0.000004
23707 0.000021
23708 0.000013
23709 0.000045
23710 0.000027
23711 0.000018
23712 0.000030
23713 0.000021
23714 0.000017
23715 0.000014
23716 0.000031
23717 0.000037
23718 0.000004
23719 0.000051
23720 0.000036
23721 0.000015
23722 0.000041
23723 0.000022
23724 0.000017
23725 0.000014
23726 0.000026
23727 0.000051
23728 0.000029
23729 0.000015
23730 0.000033
23731 0.000034
23732 0.000015
23733 0.000006
23734 0.000006
23735 0.000009
23736 0.000017
23737 0.000004
23738 0.000023
23739 0.000019
23740 0.000021
23741 0.000016
23742 0.000022
23743 0.000014
23744 0.000014
23745 0.000013
23746 0.000009
23747 0.000007
23748 0.000013
23749 0.000006
23750 0.000077
23751 0.000024
23752 0.000029
23753 0.000048
23754 0.000015
23755 0.000036
23756 0.000022
23757 0.000014
23758 0.000009
23759 0.000006
23760 0.000013
23761 0.000030
23762 0.000024
23763 0.000019
23764 0.000007
23765 0.000029
23766 0.000017
23767 0.000015
23768 0.000013
23769 0.000006
23770 0.000011
23771 0.000024
23772 0.000027
23773 0.000014
23774 0.000030
23775 0.000025
23776 0.000009
23777 0.000046
23778 0.000017
23779 0.000004
23780 0.000007
23781 0.000006
23782 0.000010
23783 0.000014
23784 0.000020
23785 0.000015
23786 0.000008
23787 0.000004
23788 0.000009
23789 0.000008
23790 0.000009
23791 0.000007
23792 0.000034
23793 0.000013
23794 0.000018
23795 0.000019
23796 0.000025
23797 0.000038
23798 0.000015
23799 0.000006
23800 0.000025
23801 0.000037
23802 0.000004
23803 0.000009
23804 0.000009
23805 0.000010
23806 0.000007
23807 0.000016
23808 0.000018
23809 0.000009
23810 0.000031
23811 0.000040
23812 0.000011
23813 0.000030
23814 0.000025
23815 0.000026
23816 0.000022
23817 0.000007
23818 0.000013
23819 0.000059
23820 0.000042
23821 0.000023
23822 0.000036
23823 0.000020
23824 0.000012
23825 0.000037
23826 0.000038
23827 0.000018
23828 0.000007
23829 0.000010
23830 0.000016
23831 0.000008
23832 0.000032
23833 0.000009
23834 0.000017
23835 0.000009
23836 0.000016
23837 0.000020
23838 0.000012
23839 0.000009
23840 0.000007
23841 0.000016
23842 0.000034
23843 0.000032
23844 0.000025
23845 0.000019
23846 0.000009
23847 0.000022
23848 0.000012
23849 0.000017
23850 0.000010
23851 0.000012
23852 0.000048
23853 0.000035
23854 0.000034
23855 0.000034
23856 0.000008
23857 0.000031
23858 0.000050
23859 0.000031
23860 0.000024
23861 0.000013
23862 0.000012
23863 0.000011
23864 0.000055
23865 0.000012
23866 0.000013
23867 0.000025
23868 0.000021
23869 0.000016
23870 0.000015
23871 0.000014
23872 0.000038
23873 0.000020
23874 0.000020
23875 0.000021
23876 0.000010
23877 0.000006
23878 0.000015
23879 0.000022
23880 0.000023
23881 0.000014
23882 0.000018
23883 0.000022
23884 0.000017
23885 0.000033
23886 0.000009
23887 0.000033
23888 0.000023
23889 0.000017
23890 0.000023
23891 0.000012
23892 0.000043
23893 0.000008
23894 0.000031
23895 0.000004
23896 0.000024
23897 0.000011
23898 0.000029
23899 0.000041
23900 0.000013
23901 0.000041
23902 0.000005
23903 0.000016
23904 0.000063
23905 0.000028
23906 0.000024
23907 0.000010
23908 0.000038
23909 0.000068
23910 0.000007
23911 0.000021
23912 0.000009
23913 0.000023
23914 0.000011
23915 0.000015
23916 0.000004
23917 0.000062
23918 0.000016
23919 0.000029
23920 0.000018
23921 0.000024
23922 0.000009
23923 0.000011
23924 0.000014
23925 0.000014
23926 0.000012
23927 0.000012
23928 0.000020
23929 0.000013
23930 0.000035
23931 0.000015
23932 0.000017
23933 0.000004
23934 0.000024
23935 0.000014
23936 0.000025
23937 0.000027
23938 0.000010
23939 0.000011
23940 0.000047
23941 0.000023
23942 0.000030
23943 0.000049
23944 0.000012
23945 0.000007
23946 0.000010
23947 0.000004
23948 0.000014
23949 0.000027
23950 0.000014
23951 0.000037
23952 0.000006
23953 0.000022
23954 0.000005
23955 0.000016
23956 0.000009
23957 0.000016
23958 0.000027
23959 0.000008
23960 0.000016
23961 0.000011
23962 0.000029
23963 0.000028
23964 0.000030
23965 0.000019
23966 0.000021
23967 0.000037
23968 0.000120
23969 0.000015
23970 0.000008
23971 0.000018
23972 0.000010
23973 0.000020
23974 0.000015
23975 0.000021
23976 0.000010
23977 0.000008
23978 0.000010
23979 0.000004
23980 0.000038
23981 0.000007
23982 0.000017
23983 0.000024
23984 0.000017
23985 0.000018
23986 0.000030
23987 0.000015
23988 0.000025
23989 0.000022
23990 0.000035
23991 0.000035
23992 0.000020
23993 0.000032
23994 0.000015
23995 0.000008
23996 0.000030
23997 0.000008
23998 0.000017
23999 0.000007
24000 0.000027
24001 0.000008
24002 0.000035
24003 0.000012
24004 0.000020
24005 0.000007
24006 0.000023
24007 0.000029
24008 0.000040
24009 0.000038
24010 0.000011
24011 0.000016
24012 0.000015
24013 0.000018
24014 0.000029
24015 0.000029
24016 0.000030
24017 0.000012
24018 0.000009
24019 0.000008
24020 0.000021
24021 0.000056
24022 0.000004
24023 0.000009
24024 0.000017
24025 0.000010
24026 0.000034
24027 0.000006
24028 0.000012
24029 0.000026
24030 0.000037
24031 0.000025
24032 0.000008
24033 0.000037
24034 0.000025
24035 0.000009
24036 0.000019
24037 0.000014
24038 0.000020
24039 0.000024
24040 0.000037
24041 0.000028
24042 0.000054
24043 0.000013
24044 0.000009
24045 0.000010
24046 0.000012
24047 0.000008
24048 0.000021
24049 0.000020
24050 0.000013
24051 0.000014
24052 0.000038
24053 0.000036
24054 0.000010
24055 0.000028
24056 0.000009
24057 0.000019
24058 0.000009
24059 0.000006
24060 0.000029
24061 0.000017
24062 0.000029
24063 0.000019
24064 0.000013
24065 0.000015
24066 0.000035
24067 0.000012
24068 0.000004
24069 0.000038
24070 0.000027
24071 0.000011
24072 0.000005
24073 0.000021
24074 0.000051
24075 0.000004
24076 0.000005
24077 0.000014
24078 0.000036
24079 0.000026
24080 0.000019
24081 0.000033
24082 0.000018
24083 0.000012
24084 0.000021
24085 0.000018
24086 0.000072
24087 0.000015
24088 0.000024
24089 0.000009
24090 0.000043
24091 0.000054
24092 0.000012
24093 0.000016
24094 0.000013
24095 0.000004
24096 0.000034
24097 0.000017
24098 0.000029
24099 0.000019
24100 0.000028
24101 0.000020
24102 0.000012
24103 0.000030
24104 0.000012
24105 0.000017
24106 0.000017
24107 0.000010
24108 0.000010
24109 0.000024
24110 0.000031
24111 0.000008
24112 0.000011
24113 0.000012
24114 0.000007
24115 0.000038
24116 0.000008
24117 0.000005
24118 0.000024
24119 0.000015
24120 0.000046
24121 0.000009
24122 0.000029
24123 0.000015
24124 0.000012
24125 0.000026
24126 0.000021
24127 0.000030
24128 0.000004
24129 0.000013
24130 0.000011
24131 0.000033
24132 0.000022
24133 0.000020
24134 0.000020
24135 0.000005
24136 0.000034
24137 0.000019
24138 0.000012
24139 0.000010
24140 0.000035
24141 0.000019
24142 0.000007
24143 0.000004
24144 0.000013
24145 0.000022
24146 0.000006
24147 0.000004
24148 0.000013
24149 0.000014
24150 0.000021
24151 0.000029
24152 0.000019
24153 0.000017
24154 0.000066
24155 0.000050
24156 0.000012
24157 0.000026
24158 0.000007
24159 0.000018
24160 0.000049
24161 0.000027
24162 0.000028
24163 0.000030
24164 0.000005
24165 0.000020
24166 0.000010
24167 0.000026
24168 0.000015
24169 0.000006
24170 0.000006
24171 0.000024
24172 0.000004
24173 0.000008
24174 0.000027
24175 0.000024
24176 0.000011
24177 0.000021
24178 0.000044
24179 0.000016
24180 0.000013
24181 0.000020
24182 0.000025
24183 0.000011
24184 0.000009
24185 0.000019
24186 0.000035
24187 0.000031
24188 0.000015
24189 0.000017
24190 0.000004
24191 0.000046
24192 0.000023
24193 0.000021
24194 0.000023
24195 0.000034
24196 0.000011
24197 0.000009
24198 0.000029
24199 0.000010
24200 0.000013
24201 0.000014
24202 0.000028
24203 0.000023
24204 0.000010
24205 0.000004
24206 0.000018
24207 0.000019
24208 0.000007
24209 0.000014
24210 0.000005
24211 0.000016
24212 0.000039
24213 0.000026
24214 0.000023
24215 0.000012
24216 0.000017
24217 0.000026
24218 0.000030
24219 0.000030
24220 0.000016
24221 0.000014
24222 0.000021
24223 0.000006
24224 0.000041
24225 0.000019
24226 0.000040
24227 0.000036
24228 0.000041
24229 0.000057
24230 0.000031
24231 0.000007
24232 0.000034
24233 0.000035
24234 0.000033
24235 0.000012
24236 0.000008
24237 0.000013
24238 0.000006
24239 0.000011
24240 0.000018
24241 0.000017
24242 0.000011
24243 0.000016
24244 0.000036
24245 0.000014
24246 0.000010
24247 0.000011
24248 0.000008
24249 0.000012
24250 0.000018
24251 0.000048
24252 0.000009
24253 0.000013
24254 0.000019
24255 0.000027
24256 0.000017
24257 0.000013
24258 0.000035
24259 0.000004
24260 0.000004
24261 0.000019
24262 0.000027
24263 0.000012
24264 0.000004
24265 0.000008
24266 0.000015
24267 0.000007
24268 0.000016
24269 0.000006
24270 0.000027
24271 0.000012
24272 0.000009
24273 0.000008
24274 0.000021
24275 0.000024
24276 0.000006
24277 0.000029
24278 0.000039
24279 0.000033
24280 0.000027
24281 0.000012
24282 0.000026
24283 0.000037
24284 0.000016
24285 0.000013
24286 0.000041
24287 0.000023
24288 0.000034
24289 0.000008
24290 0.000009
24291 0.000015
24292 0.000004
24293 0.000006
24294 0.000020
24295 0.000023
24296 0.000016
24297 0.000007
24298 0.000009
24299 0.000016
24300 0.000018
24301 0.000007
24302 0.000024
24303 0.000024
24304 0.000035
24305 0.000019
24306 0.000004
24307 0.000020
24308 0.000053
24309 0.000023
24310 0.000035
24311 0.000021
24312 0.000031
24313 0.000072
24314 0.000018
24315 0.000012
24316 0.000017
24317 0.000063
24318 0.000021
24319 0.000035
24320 0.000043
24321 0.000024
24322 0.000017
24323 0.000016
24324 0.000025
24325 0.000019
24326 0.000025
24327 0.000023
24328 0.000006
24329 0.000009
24330 0.000024
24331 0.000031
24332 0.000009
24333 0.000011
24334 0.000015
24335 0.000028
24336 0.000032
24337 0.000007
24338 0.000018
24339 0.000037
24340 0.000014
24341 0.000025
24342 0.000014
24343 0.000007
24344 0.000019
24345 0.000031
24346 0.000007
24347 0.000039
24348 0.000053
24349 0.000005
24350 0.000008
24351 0.000033
24352 0.000020
24353 0.000013
24354 0.000010
24355 0.000013
24356 0.000024
24357 0.000050
24358 0.000025
24359 0.000021
24360 0.000010
24361 0.000016
24362 0.000015
24363 0.000008
24364 0.000014
24365 0.000009
24366 0.000007
24367 0.000005
24368 0.000004
24369 0.000016
24370 0.000007
24371 0.000020
24372 0.000004
24373 0.000047
24374 0.000013
24375 0.000023
24376 0.000015
24377 0.000037
24378 0.000012
24379 0.000019
24380 0.000006
24381 0.000008
24382 0.000018
24383 0.000031
24384 0.000020
24385 0.000012
24386 0.000034
24387 0.000036
24388 0.000013
24389 0.000055
24390 0.000004
24391 0.000006
24392 0.000018
24393 0.000004
24394 0.000019
24395 0.000007
24396 0.000035
24397 0.000010
24398 0.000051
24399 0.000033
24400 0.000012
24401 0.000006
24402 0.000032
24403 0.000027
24404 0.000018
24405 0.000035
24406 0.000010
24407 0.000012
24408 0.000020
24409 0.000016
24410 0.000020
24411 0.000032
24412 0.000026
24413 0.000004
24414 0.000004
24415 0.000031
24416 0.000018
24417 0.000035
24418 0.000008
24419 0.000013
24420 0.000030
24421 0.000019
24422 0.000004
24423 0.000007
24424 0.000013
24425 0.000012
24426 0.000026
24427 0.000005
24428 0.000009
24429 0.000043
24430 0.000006
24431 0.000019
24432 0.000022
24433 0.000036
24434 0.000018
24435 0.000012
24436 0.000021
24437 0.000057
24438 0.000029
24439 0.000013
24440 0.000007
24441 0.000030
24442 0.000025
24443 0.000009
24444 0.000035
24445 0.000085
24446 0.000010
24447 0.000040
24448 0.000037
24449 0.000026
24450 0.000010
24451 0.000021
24452 0.000023
24453 0.000007
24454 0.000013
24455 0.000022
24456 0.000018
24457 0.000017
24458 0.000016
24459 0.000032
24460 0.000014
24461 0.000036
24462 0.000029
24463 0.000027
24464 0.000046
24465 0.000013
24466 0.000010
24467 0.000018
24468 0.000021
24469 0.000006
24470 0.000040
24471 0.000012
24472 0.000029
24473 0.000012
24474 0.000013
24475 0.000014
24476 0.000022
24477 0.000012
24478 0.000007
24479 0.000015
24480 0.000023
24481 0.000011
24482 0.000005
24483 0.000005
24484 0.000016
24485 0.000021
24486 0.000024
24487 0.000025
24488 0.000016
24489 0.000021
24490 0.000022
24491 0.000020
24492 0.000029
24493 0.000006
24494 0.000020
24495 0.000014
24496 0.000008
24497 0.000014
24498 0.000031
24499 0.000028
24500 0.000004
24501 0.000033
24502 0.000015
24503 0.000045
24504 0.000013
24505 0.000011
24506 0.000015
24507 0.000055
24508 0.000013
24509 0.000020
24510 0.000034
24511 0.000015
24512 0.000042
24513 0.000005
24514 0.000043
24515 0.000011
24516 0.000018
24517 0.000050
24518 0.000009
24519 0.000015
24520 0.000007
24521 0.000020
24522 0.000014
24523 0.000018
24524 0.000018
24525 0.000023
24526 0.000017
24527 0.000025
24528 0.000004
24529 0.000007
24530 0.000015
24531 0.000025
24532 0.000020
24533 0.000015
24534 0.000018
24535 0.000005
24536 0.000010
24537 0.000034
24538 0.000009
24539 0.000027
24540 0.000031
24541 0.000013
24542 0.000037
24543 0.000027
24544 0.000029
24545 0.000009
24546 0.000014
24547 0.000015
24548 0.000024
24549 0.000022
24550 0.000008
24551 0.000022
24552 0.000008
24553 0.000028
24554 0.000025
24555 0.000016
24556 0.000021
24557 0.000041
24558 0.000025
24559 0.000048
24560 0.000010
24561 0.000027
24562 0.000036
24563 0.000021
24564 0.000022
24565 0.000038
24566 0.000064
24567 0.000005
24568 0.000018
24569 0.000010
24570 0.000006
24571 0.000004
24572 0.000013
24573 0.000022
24574 0.000018
24575 0.000010
24576 0.000009
24577 0.000022
24578 0.000019
24579 0.000011
24580 0.000026
24581 0.000004
24582 0.000006
24583 0.000022
24584 0.000007
24585 0.000055
24586 0.000009
24587 0.000013
24588 0.000008
24589 0.000007
24590 0.000033
24591 0.000064
24592 0.000010
24593 0.000008
24594 0.000014
24595 0.000036
24596 0.000010
24597 0.000016
24598 0.000008
24599 0.000004
24600 0.000019
24601 0.000025
24602 0.000037
24603 0.000021
24604 0.000014
24605 0.000016
24606 0.000020
24607 0.000010
24608 0.000008
24609 0.000058
24610 0.000019
24611 0.000007
24612 0.000004
24613 0.000058
24614 0.000018
24615 0.000005
24616 0.000006
24617 0.000010
24618 0.000013
24619 0.000016
24620 0.000037
24621 0.000015
24622 0.000054
24623 0.000016
24624 0.000023
24625 0.000018
24626 0.000015
24627 0.000027
24628 0.000010
24629 0.000026
24630 0.000049
24631 0.000007
24632 0.000016
24633 0.000004
24634 0.000028
24635 0.000024
24636 0.000013
24637 0.000041
24638 0.000042
24639 0.000008
24640 0.000009
24641 0.000004
24642 0.000012
24643 0.000021
24644 0.000007
24645 0.000016
24646 0.000032
24647 0.000015
24648 0.000016
24649 0.000010
24650 0.000029
24651 0.000008
24652 0.000008
24653 0.000008
24654 0.000012
24655 0.000048
24656 0.000042
24657 0.000006
24658 0.000034
24659 0.000013
24660 0.000017
24661 0.000025
24662 0.000012
24663 0.000020
24664 0.000006
24665 0.000012
24666 0.000004
24667 0.000040
24668 0.000004
24669 0.000019
24670 0.000021
24671 0.000009
24672 0.000033
24673 0.000031
24674 0.000004
24675 0.000012
24676 0.000013
24677 0.000019
24678 0.000027
24679 0.000014
24680 0.000019
24681 0.000022
24682 0.000005
24683 0.000014
24684 0.000025
24685 0.000014
24686 0.000031
24687 0.000015
24688 0.000011
24689 0.000030
24690 0.000018
24691 0.000005
24692 0.000020
24693 0.000013
24694 0.000017
24695 0.000034
24696 0.000015
24697 0.000014
24698 0.000009
24699 0.000012
24700 0.000087
24701 0.000004
24702 0.000020
24703 0.000011
24704 0.000021
24705 0.000052
24706 0.000032
24707 0.000078
24708 0.000033
24709 0.000016
24710 0.000009
24711 0.000017
24712 0.000015
24713 0.000009
24714 0.000074
24715 0.000038
24716 0.000090
24717 0.000022
24718 0.000012
24719 0.000028
24720 0.000021
24721 0.000015
24722 0.000015
24723 0.000027
24724 0.000004
24725 0.000055
24726 0.000009
24727 0.000025
24728 0.000023
24729 0.000010
24730 0.000004
24731 0.000008
24732 0.000023
24733 0.000009
24734 0.000024
24735 0.000041
24736 0.000008
24737 0.000030
24738 0.000016
24739 0.000013
24740 0.000006
24741 0.000016
24742 0.000014
24743 0.000020
24744 0.000019
24745 0.000051
24746 0.000007
24747 0.000028
24748 0.000061
24749 0.000017
24750 0.000023
24751 0.000004
24752 0.000011
24753 0.000037
24754 0.000025
24755 0.000020
24756 0.000016
24757 0.000023
24758 0.000023
24759 0.000016
24760 0.000007
24761 0.000031
24762 0.000014
24763 0.000033
24764 0.000019
24765 0.000021
24766 0.000012
24767 0.000009
24768 0.000014
24769 0.000016
24770 0.000019
24771 0.000026
24772 0.000005
24773 0.000019
24774 0.000049
24775 0.000009
24776 0.000018
24777 0.000041
24778 0.000013
24779 0.000006
24780 0.000013
24781 0.000009
24782 0.000026
24783 0.000006
24784 0.000005
24785 0.000008
24786 0.000010
24787 0.000008
24788 0.000014
24789 0.000007
24790 0.000014
24791 0.000009
24792 0.000008
24793 0.000009
24794 0.000010
24795 0.000013
24796 0.000031
24797 0.000045
24798 0.000009
24799 0.000011
24800 0.000071
24801 0.000007
24802 0.000009
24803 0.000004
24804 0.000004
24805 0.000009
24806 0.000013
24807 0.000016
24808 0.000063
24809 0.000015
24810 0.000024
24811 0.000029
24812 0.000025
24813 0.000004
24814 0.000022
24815 0.000004
24816 0.000014
24817 0.000025
24818 0.000015
24819 0.000025
24820 0.000011
24821 0.000020
24822 0.000021
24823 0.000020
24824 0.000011
24825 0.000007
24826 0.000012
24827 0.000004
24828 0.000044
24829 0.000012
24830 0.000008
24831 0.000023
24832 0.000064
24833 0.000012
24834 0.000006
24835 0.000026
24836 0.000012
24837 0.000009
24838 0.000006
24839 0.000024
24840 0.000029
24841 0.000024
24842 0.000034
24843 0.000040
24844 0.000009
24845 0.000026
24846 0.000013
24847 0.000028
24848 0.000011
24849 0.000013
24850 0.000010
24851 0.000006
24852 0.000013
24853 0.000017
24854 0.000022
24855 0.000019
24856 0.000026
24857 0.000006
24858 0.000020
24859 0.000004
24860 0.000005
24861 0.000021
24862 0.000014
24863 0.000010
24864 0.000030
24865 0.000008
24866 0.000026
24867 0.000016
24868 0.000059
24869 0.000020
24870 0.000020
24871 0.000011
24872 0.000013
24873 0.000041
24874 0.000010
24875 0.000014
24876 0.000015
24877 0.000017
24878 0.000012
24879 0.000004
24880 0.000013
24881 0.000009
24882 0.000032
24883 0.000031
24884 0.000027
24885 0.000006
24886 0.000010
24887 0.000011
24888 0.000021
24889 0.000015
24890 0.000015
24891 0.000030
24892 0.000027
24893 0.000017
24894 0.000019
24895 0.000041
24896 0.000038
24897 0.000013
24898 0.000019
24899 0.000013
24900 0.000060
24901 0.000010
24902 0.000023
24903 0.000023
24904 0.000043
24905 0.000045
24906 0.000013
24907 0.000020
24908 0.000009
24909 0.000006
24910 0.000029
24911 0.000020
24912 0.000019
24913 0.000018
24914 0.000032
24915 0.000021
24916 0.000010
24917 0.000038
24918 0.000013
24919 0.000004
24920 0.000021
24921 0.000017
24922 0.000006
24923 0.000017
24924 0.000029
24925 0.000023
24926 0.000007
24927 0.000011
24928 0.000020
24929 0.000022
24930 0.000009
24931 0.000010
24932 0.000027
24933 0.000007
24934 0.000006
24935 0.000020
24936 0.000020
24937 0.000018
24938 0.000017
24939 0.000038
24940 0.000034
24941 0.000011
24942 0.000018
24943 0.000011
24944 0.000015
24945 0.000009
24946 0.000009
24947 0.000027
24948 0.000025
24949 0.000017
24950 0.000011
24951 0.000016
24952 0.000015
24953 0.000011
24954 0.000026
24955 0.000017
24956 0.000012
24957 0.000008
24958 0.000014
24959 0.000013
24960 0.000048
24961 0.000030
24962 0.000097
24963 0.000004
24964 0.000022
24965 0.000012
24966 0.000014
24967 0.000009
24968 0.000026
24969 0.000017
24970 0.000033
24971 0.000021
24972 0.000008
24973 0.000015
24974 0.000014
24975 0.000014
24976 0.000012
24977 0.000047
24978 0.000031
24979 0.000037
24980 0.000006
24981 0.000046
24982 0.000024
24983 0.000017
24984 0.000023
24985 0.000029
24986 0.000020
24987 0.000006
24988 0.000027
24989 0.000018
24990 0.000019
24991 0.000025
24992 0.000018
24993 0.000026
24994 0.000021
24995 0.000018
24996 0.000010
24997 0.000039
24998 0.000019
24999 0.000035
25000 0.000016
25001 0.000015
25002 0.000006
25003 0.000030
25004 0.000007
25005 0.000014
25006 0.000029
25007 0.000023
25008 0.000017
25009 0.000016
25010 0.000011
25011 0.000022
25012 0.000007
25013 0.000008
25014 0.000005
25015 0.000017
25016 0.000017
25017 0.000005
25018 0.000019
25019 0.000015
25020 0.000009
25021 0.000007
25022 0.000026
25023 0.000035
25024 0.000034
25025 0.000012
25026 0.000030
25027 0.000008
25028 0.000030
25029 0.000021
25030 0.000019
25031 0.000025
25032 0.000023
25033 0.000036
25034 0.000008
25035 0.000012
25036 0.000010
25037 0.000011
25038 0.000008
25039 0.000012
25040 0.000029
25041 0.000019
25042 0.000013
25043 0.000008
25044 0.000015
25045 0.000025
25046 0.000013
25047 0.000018
25048 0.000007
25049 0.000022
25050 0.000010
25051 0.000007
25052 0.000007
25053 0.000025
25054 0.000006
25055 0.000014
25056 0.000008
25057 0.000017
25058 0.000012
25059 0.000032
25060 0.000018
25061 0.000037
25062 0.000012
25063 0.000010
25064 0.000004
25065 0.000015
25066 0.000036
25067 0.000015
25068 0.000026
25069 0.000014
25070 0.000029
25071 0.000033
25072 0.000026
25073 0.000007
25074 0.000005
25075 0.000025
25076 0.000004
25077 0.000026
25078 0.000021
25079 0.000014
25080 0.000012
25081 0.000049
25082 0.000019
25083 0.000023
25084 0.000021
25085 0.000004
25086 0.000032
25087 0.000040
25088 0.000009
25089 0.000011
25090 0.000007
25091 0.000012
25092 0.000050
25093 0.000015
25094 0.000011
25095 0.000004
25096 0.000028
25097 0.000018
25098 0.000031
25099 0.000008
25100 0.000015
25101 0.000014
25102 0.000050
25103 0.000012
25104 0.000011
25105 0.000011
25106 0.000023
25107 0.000009
25108 0.000018
25109 0.000007
25110 0.000014
25111 0.000014
25112 0.000027
25113 0.000017
25114 0.000017
25115 0.000008
25116 0.000042
25117 0.000025
25118 0.000024
25119 0.000005
25120 0.000024
25121 0.000026
25122 0.000018
25123 0.000016
25124 0.000032
25125 0.000038
25126 0.000047
25127 0.000005
25128 0.000014
25129 0.000040
25130 0.000025
25131 0.000021
25132 0.000033
25133 0.000022
25134 0.000016
25135 0.000004
25136 0.000038
25137 0.000021
25138 0.000027
25139 0.000008
25140 0.000004
25141 0.000030
25142 0.000012
25143 0.000026
25144 0.000015
25145 0.000004
25146 0.000014
25147 0.000030
25148 0.000019
25149 0.000047
25150 0.000015
25151 0.000014
25152 0.000007
25153 0.000023
25154 0.000014
25155 0.000011
25156 0.000027
25157 0.000056
25158 0.000042
25159 0.000004
25160 0.000035
25161 0.000061
25162 0.000053
25163 0.000006
25164 0.000013
25165 0.000039
25166 0.000010
25167 0.000015
25168 0.000052
25169 0.000016
25170 0.000019
25171 0.000030
25172 0.000027
25173 0.000018
25174 0.000004
25175 0.000011
25176 0.000009
25177 0.000021
25178 0.000016
25179 0.000015
25180 0.000025
25181 0.000004
25182 0.000019
25183 0.000020
25184 0.000022
25185 0.000016
25186 0.000011
25187 0.000066
25188 0.000031
25189 0.000022
25190 0.000006
25191 0.000035
25192 0.000009
25193 0.000010
25194 0.000005
25195 0.000041
25196 0.000028
25197 0.000025
25198 0.000026
25199 0.000023
25200 0.000019
25201 0.000016
25202 0.000007
25203 0.000016
25204 0.000045
25205 0.000008
25206 0.000017
25207 0.000011
25208 0.000004
25209 0.000016
25210 0.000004
25211 0.000017
25212 0.000022
25213 0.000073
25214 0.000035
25215 0.000010
25216 0.000011
25217 0.000015
25218 0.000053
25219 0.000012
25220 0.000020
25221 0.000006
25222 0.000036
25223 0.000040
25224 0.000007
25225 0.000019
25226 0.000004
25227 0.000041
25228 0.000007
25229 0.000007
25230 0.000011
25231 0.000027
25232 0.000025
25233 0.000013
25234 0.000026
25235 0.000029
25236 0.000029
25237 0.000012
25238 0.000047
25239 0.000007
25240 0.000014
25241 0.000005
25242 0.000014
25243 0.000034
25244 0.000010
25245 0.000025
25246 0.000014
25247 0.000018
25248 0.000026
25249 0.000021
25250 0.000022
25251 0.000025
25252 0.000015
25253 0.000030
25254 0.000026
25255 0.000009
25256 0.000008
25257 0.000029
25258 0.000019
25259 0.000017
25260 0.000023
25261 0.000008
25262 0.000023
25263 0.000012
25264 0.000023
25265 0.000033
25266 0.000010
25267 0.000023
25268 0.000014
25269 0.000015
25270 0.000015
25271 0.000005
25272 0.000024
25273 0.000033
25274 0.000013
25275 0.000027
25276 0.000015
25277 0.000015
25278 0.000010
25279 0.000012
25280 0.000032
25281 0.000026
25282 0.000008
25283 0.000008
25284 0.000004
25285 0.000025
25286 0.000076
25287 0.000028
25288 0.000016
25289 0.000067
25290 0.000005
25291 0.000009
25292 0.000023
25293 0.000013
25294 0.000006
25295 0.000004
25296 0.000019
25297 0.000005
25298 0.000016
25299 0.000008
25300 0.000004
25301 0.000010
25302 0.000025
25303 0.000015
25304 0.000050
25305 0.000005
25306 0.000013
25307 0.000040
25308 0.000047
25309 0.000004
25310 0.000026
25311 0.000004
25312 0.000025
25313 0.000022
25314 0.000013
25315 0.000017
25316 0.000015
25317 0.000013
25318 0.000040
25319 0.000024
25320 0.000007
25321 0.000019
25322 0.000009
25323 0.000011
25324 0.000006
25325 0.000015
25326 0.000020
25327 0.000015
25328 0.000006
25329 0.000018
25330 0.000021
25331 0.000015
25332 0.000007
25333 0.000016
25334 0.000022
25335 0.000027
25336 0.000008
25337 0.000019
25338 0.000020
25339 0.000012
25340 0.000007
25341 0.000009
25342 0.000024
25343 0.000012
25344 0.000006
25345 0.000030
25346 0.000048
25347 0.000007
25348 0.000020
25349 0.000017
25350 0.000019
25351 0.000016
25352 0.000010
25353 0.000022
25354 0.000034
25355 0.000028
25356 0.000014
25357 0.000014
25358 0.000015
25359 0.000016
25360 0.000011
25361 0.000026
25362 0.000028
25363 0.000016
25364 0.000038
25365 0.000013
25366 0.000022
25367 0.000012
25368 0.000011
25369 0.000041
25370 0.000022
25371 0.000009
25372 0.000017
25373 0.000008
25374 0.000004
25375 0.000019
25376 0.000033
25377 0.000015
25378 0.000011
25379 0.000017
25380 0.000012
25381 0.000024
25382 0.000019
25383 0.000015
25384 0.000010
25385 0.000019
25386 0.000010
25387 0.000013
25388 0.000035
25389 0.000012
25390 0.000004
25391 0.000012
25392 0.000013
25393 0.000018
25394 0.000013
25395 0.000016
25396 0.000026
25397 0.000064
25398 0.000016
25399 0.000043
25400 0.000017
25401 0.000004
25402 0.000011
25403 0.000011
25404 0.000030
25405 0.000018
25406 0.000009
25407 0.000004
25408 0.000010
25409 0.000015
25410 0.000014
25411 0.000008
25412 0.000015
25413 0.000009
25414 0.000011
25415 0.000019
25416 0.000010
25417 0.000020
25418 0.000008
25419 0.000019
25420 0.000044
25421 0.000018
25422 0.000009
25423 0.000022
25424 0.000024
25425 0.000011
25426 0.000005
25427 0.000006
25428 0.000023
25429 0.000009
25430 0.000004
25431 0.000009
25432 0.000041
25433 0.000018
25434 0.000021
25435 0.000034
25436 0.000047
25437 0.000020
25438 0.000036
25439 0.000028
25440 0.000013
25441 0.000010
25442 0.000011
25443 0.000017
25444 0.000023
25445 0.000037
25446 0.000012
25447 0.000038
25448 0.000023
25449 0.000010
25450 0.000019
25451 0.000011
25452 0.000015
25453 0.000065
25454 0.000027
25455 0.000023
25456 0.000017
25457 0.000015
25458 0.000006
25459 0.000013
25460 0.000054
25461 0.000025
25462 0.000004
25463 0.000018
25464 0.000067
25465 0.000031
25466 0.000026
25467 0.000009
25468 0.000007
25469 0.000006
25470 0.000031
25471 0.000017
25472 0.000008
25473 0.000055
25474 0.000004
25475 0.000027
25476 0.000008
25477 0.000014
25478 0.000011
25479 0.000022
25480 0.000013
25481 0.000010
25482 0.000024
25483 0.000049
25484 0.000012
25485 0.000016
25486 0.000029
25487 0.000009
25488 0.000018
25489 0.000027
25490 0.000021
25491 0.000021
25492 0.000006
25493 0.000010
25494 0.000004
25495 0.000009
25496 0.000036
25497 0.000044
25498 0.000012
25499 0.000017
25500 0.000013
25501 0.000006
25502 0.000047
25503 0.000010
25504 0.000004
25505 0.000007
25506 0.000031
25507 0.000004
25508 0.000022
25509 0.000009
25510 0.000011
25511 0.000007
25512 0.000010
25513 0.000008
25514 0.000028
25515 0.000012
25516 0.000011
25517 0.000010
25518 0.000020
25519 0.000004
25520 0.000020
25521 0.000017
25522 0.000036
25523 0.000020
25524 0.000032
25525 0.000026
25526 0.000023
25527 0.000018
25528 0.000008
25529 0.000007
25530 0.000024
25531 0.000017
25532 0.000007
25533 0.000011
25534 0.000036
25535 0.000026
25536 0.000008
25537 0.000010
25538 0.000040
25539 0.000011
25540 0.000010
25541 0.000009
25542 0.000021
25543 0.000004
25544 0.000021
25545 0.000021
25546 0.000021
25547 0.000010
25548 0.000038
25549 0.000049
25550 0.000032
25551 0.000014
25552 0.000014
25553 0.000007
25554 0.000014
25555 0.000014
25556 0.000011
25557 0.000015
25558 0.000020
25559 0.000044
25560 0.000018
25561 0.000012
25562 0.000016
25563 0.000026
25564 0.000022
25565 0.000014
25566 0.000013
25567 0.000029
25568 0.000017
25569 0.000041
25570 0.000032
25571 0.000013
25572 0.000019
25573 0.000011
25574 0.000009
25575 0.000018
25576 0.000035
25577 0.000004
25578 0.000013
25579 0.000007
25580 0.000056
25581 0.000010
25582 0.000020
25583 0.000038
25584 0.000018
25585 0.000017
25586 0.000018
25587 0.000020
25588 0.000014
25589 0.000019
25590 0.000020
25591 0.000022
25592 0.000016
25593 0.000025
25594 0.000021
25595 0.000009
25596 0.000017
25597 0.000028
25598 0.000028
25599 0.000021
25600 0.000028
25601 0.000005
25602 0.000016
25603 0.000019
25604 0.000022
25605 0.000022
25606 0.000010
25607 0.000019
25608 0.000018
25609 0.000011
25610 0.000023
25611 0.000026
25612 0.000016
25613 0.000008
25614 0.000009
25615 0.000021
25616 0.000010
25617 0.000013
25618 0.000043
25619 0.000009
25620 0.000010
25621 0.000019
25622 0.000043
25623 0.000010
25624 0.000032
25625 0.000022
25626 0.000081
25627 0.000015
25628 0.000022
25629 0.000010
25630 0.000032
25631 0.000010
25632 0.000022
25633 0.000025
25634 0.000021
25635 0.000013
25636 0.000015
25637 0.000007
25638 0.000056
25639 0.000020
25640 0.000040
25641 0.000023
25642 0.000015
25643 0.000028
25644 0.000015
25645 0.000020
25646 0.000020
25647 0.000024
25648 0.000013
25649 0.000022
25650 0.000028
25651 0.000018
25652 0.000020
25653 0.000014
25654 0.000013
25655 0.000005
25656 0.000004
25657 0.000033
25658 0.000009
25659 0.000013
25660 0.000004
25661 0.000022
25662 0.000012
25663 0.000018
25664 0.000009
25665 0.000031
25666 0.000011
25667 0.000011
25668 0.000023
25669 0.000017
25670 0.000040
25671 0.000004
25672 0.000019
25673 0.000045
25674 0.000013
25675 0.000023
25676 0.000038
25677 0.000032
25678 0.000004
25679 0.000011
25680 0.000043
25681 0.000007
25682 0.000012
25683 0.000008
25684 0.000006
25685 0.000040
25686 0.000027
25687 0.000008
25688 0.000037
25689 0.000010
25690 0.000004
25691 0.000023
25692 0.000021
25693 0.000011
25694 0.000012
25695 0.000024
25696 0.000010
25697 0.000032
25698 0.000039
25699 0.000027
25700 0.000010
25701 0.000031
25702 0.000019
25703 0.000017
25704 0.000013
25705 0.000013
25706 0.000023
25707 0.000009
25708 0.000020
25709 0.000024
25710 0.000013
25711 0.000044
25712 0.000020
25713 0.000015
25714 0.000012
25715 0.000007
25716 0.000008
25717 0.000033
25718 0.000007
25719 0.000009
25720 0.000015
25721 0.000028
25722 0.000024
25723 0.000013
25724 0.000016
25725 0.000069
25726 0.000081
25727 0.000006
25728 0.000039
25729 0.000010
25730 0.000004
25731 0.000039
25732 0.000007
25733 0.000015
25734 0.000006
25735 0.000020
25736 0.000042
25737 0.000018
25738 0.000030
25739 0.000015
25740 0.000020
25741 0.000009
25742 0.000024
25743 0.000021
25744 0.000013
25745 0.000040
25746 0.000013
25747 0.000019
25748 0.000014
25749 0.000011
25750 0.000021
25751 0.000021
25752 0.000029
25753 0.000008
25754 0.000030
25755 0.000040
25756 0.000008
25757 0.000009
25758 0.000013
25759 0.000017
25760 0.000019
25761 0.000018
25762 0.000010
25763 0.000033
25764 0.000008
25765 0.000028
25766 0.000004
25767 0.000034
25768 0.000010
25769 0.000006
25770 0.000028
25771 0.000032
25772 0.000009
25773 0.000017
25774 0.000019
25775 0.000004
25776 0.000013
25777 0.000012
25778 0.000018
25779 0.000028
25780 0.000009
25781 0.000009
25782 0.000007
25783 0.000014
25784 0.000020
25785 0.000023
25786 0.000012
25787 0.000015
25788 0.000026
25789 0.000024
25790 0.000029
25791 0.000030
25792 0.000011
25793 0.000017
25794 0.000015
25795 0.000035
25796 0.000023
25797 0.000005
25798 0.000033
25799 0.000027
25800 0.000023
25801 0.000023
25802 0.000030
25803 0.000033
25804 0.000007
25805 0.000004
25806 0.000022
25807 0.000027
25808 0.000004
25809 0.000015
25810 0.000017
25811 0.000017
25812 0.000007
25813 0.000027
25814 0.000013
25815 0.000024
25816 0.000027
25817 0.000007
25818 0.000004
25819 0.000007
25820 0.000039
25821 0.000010
25822 0.000012
25823 0.000010
25824 0.000026
25825 0.000018
25826 0.000022
25827 0.000025
25828 0.000019
25829 0.000014
25830 0.000009
25831 0.000046
25832 0.000007
25833 0.000031
25834 0.000009
25835 0.000006
25836 0.000013
25837 0.000013
25838 0.000019
25839 0.000013
25840 0.000050
25841 0.000013
25842 0.000011
25843 0.000012
25844 0.000023
25845 0.000017
25846 0.000009
25847 0.000037
25848 0.000019
25849 0.000019
25850 0.000016
25851 0.000005
25852 0.000005
25853 0.000004
25854 0.000037
25855 0.000041
25856 0.000014
25857 0.000009
25858 0.000034
25859 0.000017
25860 0.000009
25861 0.000030
25862 0.000012
25863 0.000006
25864 0.000034
25865 0.000006
25866 0.000038
25867 0.000020
25868 0.000040
25869 0.000022
25870 0.000016
25871 0.000033
25872 0.000026
25873 0.000045
25874 0.000044
25875 0.000035
25876 0.000008
25877 0.000043
25878 0.000019
25879 0.000016
25880 0.000011
25881 0.000004
25882 0.000015
25883 0.000023
25884 0.000017
25885 0.000020
25886 0.000033
25887 0.000012
25888 0.000022
25889 0.000022
25890 0.000038
25891 0.000012
25892 0.000037
25893 0.000021
25894 0.000019
25895 0.000046
25896 0.000010
25897 0.000026
25898 0.000018
25899 0.000004
25900 0.000004
25901 0.000009
25902 0.000015
25903 0.000011
25904 0.000038
25905 0.000009
25906 0.000019
25907 0.000034
25908 0.000008
25909 0.000004
25910 0.000004
25911 0.000024
25912 0.000008
25913 0.000016
25914 0.000011
25915 0.000013
25916 0.000038
25917 0.000039
25918 0.000012
25919 0.000008
25920 0.000021
25921 0.000031
25922 0.000022
25923 0.000006
25924 0.000011
25925 0.000018
25926 0.000016
25927 0.000019
25928 0.000014
25929 0.000042
25930 0.000013
25931 0.000032
25932 0.000012
25933 0.000008
25934 0.000017
25935 0.000006
25936 0.000065
25937 0.000014
25938 0.000007
25939 0.000026
25940 0.000009
25941 0.000015
25942 0.000020
25943 0.000020
25944 0.000010
25945 0.000030
25946 0.000020
25947 0.000021
25948 0.000016
25949 0.000014
25950 0.000011
25951 0.000043
25952 0.000011
25953 0.000018
25954 0.000014
25955 0.000013
25956 0.000016
25957 0.000017
25958 0.000026
25959 0.000021
25960 0.000012
25961 0.000018
25962 0.000042
25963 0.000013
25964 0.000012
25965 0.000021
25966 0.000029
25967 0.000052
25968 0.000023
25969 0.000020
25970 0.000011
25971 0.000022
25972 0.000034
25973 0.000011
25974 0.000024
25975 0.000051
25976 0.000005
25977 0.000019
25978 0.000047
25979 0.000020
25980 0.000011
25981 0.000012
25982 0.000020
25983 0.000010
25984 0.000013
25985 0.000023
25986 0.000054
25987 0.000025
25988 0.000018
25989 0.000023
25990 0.000014
25991 0.000012
25992 0.000004
25993 0.000009
25994 0.000023
25995 0.000024
25996 0.000031
25997 0.000016
25998 0.000025
25999 0.000020
26000 0.000019
26001 0.000011
26002 0.000026
26003 0.000014
26004 0.000017
26005 0.000018
26006 0.000058
26007 0.000033
26008 0.000028
26009 0.000016
26010 0.000010
26011 0.000033
26012 0.000009
26013 0.000055
26014 0.000024
26015 0.000038
26016 0.000004
26017 0.000026
26018 0.000012
26019 0.000016
26020 0.000025
26021 0.000004
26022 0.000014
26023 0.000010
26024 0.000022
26025 0.000007
26026 0.000016
26027 0.000019
26028 0.000010
26029 0.000025
26030 0.000013
26031 0.000019
26032 0.000039
26033 0.000027
26034 0.000019
26035 0.000012
26036 0.000010
26037 0.000014
26038 0.000009
26039 0.000009
26040 0.000025
26041 0.000025
26042 0.000013
26043 0.000004
26044 0.000018
26045 0.000010
26046 0.000019
26047 0.000009
26048 0.000007
26049 0.000032
26050 0.000027
26051 0.000029
26052 0.000055
26053 0.000012
26054 0.000014
26055 0.000011
26056 0.000014
26057 0.000016
26058 0.000007
26059 0.000027
26060 0.000015
26061 0.000045
26062 0.000029
26063 0.000021
26064 0.000019
26065 0.000050
26066 0.000029
26067 0.000030
26068 0.000005
26069 0.000010
26070 0.000037
26071 0.000011
26072 0.000019
26073 0.000006
26074 0.000057
26075 0.000038
26076 0.000015
26077 0.000007
26078 0.000010
26079 0.000037
26080 0.000010
26081 0.000054
26082 0.000011
26083 0.000008
26084 0.000074
26085 0.000023
26086 0.000014
26087 0.000019
26088 0.000019
26089 0.000004
26090 0.000034
26091 0.000017
26092 0.000034
26093 0.000008
26094 0.000017
26095 0.000011
26096 0.000012
26097 0.000033
26098 0.000034
26099 0.000029
26100 0.000014
26101 0.000025
26102 0.000010
26103 0.000023
26104 0.000009
26105 0.000013
26106 0.000024
26107 0.000034
26108 0.000004
26109 0.000027
26110 0.000014
26111 0.000023
26112 0.000026
26113 0.000014
26114 0.000012
26115 0.000010
26116 0.000064
26117 0.000029
26118 0.000023
26119 0.000004
26120 0.000052
26121 0.000007
26122 0.000014
26123 0.000008
26124 0.000032
26125 0.000027
26126 0.000011
26127 0.000037
26128 0.000011
26129 0.000010
26130 0.000025
26131 0.000031
26132 0.000020
26133 0.000039
26134 0.000036
26135 0.000004
26136 0.000024
26137 0.000026
26138 0.000025
26139 0.000023
26140 0.000027
26141 0.000087
26142 0.000031
26143 0.000023
26144 0.000026
26145 0.000031
26146 0.000005
26147 0.000052
26148 0.000015
26149 0.000023
26150 0.000050
26151 0.000025
26152 0.000020
26153 0.000021
26154 0.000006
26155 0.000033
26156 0.000027
26157 0.000044
26158 0.000017
26159 0.000021
26160 0.000008
26161 0.000011
26162 0.000012
26163 0.000062
26164 0.000025
26165 0.000041
26166 0.000016
26167 0.000054
26168 0.000017
26169 0.000007
26170 0.000023
26171 0.000008
26172 0.000049
26173 0.000028
26174 0.000021
26175 0.000024
26176 0.000016
26177 0.000057
26178 0.000048
26179 0.000021
26180 0.000016
26181 0.000024
26182 0.000021
26183 0.000018
26184 0.000006
26185 0.000010
26186 0.000010
26187 0.000007
26188 0.000009
26189 0.000021
26190 0.000014
26191 0.000008
26192 0.000049
26193 0.000008
26194 0.000019
26195 0.000022
26196 0.000004
26197 0.000038
26198 0.000007
26199 0.000007
26200 0.000009
26201 0.000026
26202 0.000029
26203 0.000005
26204 0.000010
26205 0.000013
26206 0.000050
26207 0.000014
26208 0.000034
26209 0.000017
26210 0.000038
26211 0.000008
26212 0.000032
26213 0.000051
26214 0.000080
26215 0.000008
26216 0.000004
26217 0.000010
26218 0.000022
26219 0.000010
26220 0.000017
26221 0.000018
26222 0.000023
26223 0.000007
26224 0.000015
26225 0.000012
26226 0.000018
26227 0.000030
26228 0.000019
26229 0.000015
26230 0.000024
26231 0.000004
26232 0.000018
26233 0.000006
26234 0.000011
26235 0.000005
26236 0.000031
26237 0.000021
26238 0.000012
26239 0.000023
26240 0.000011
26241 0.000004
26242 0.000011
26243 0.000020
26244 0.000020
26245 0.000007
26246 0.000026
26247 0.000009
26248 0.000005
26249 0.000025
26250 0.000031
26251 0.000014
26252 0.000066
26253 0.000034
26254 0.000012
26255 0.000033
26256 0.000009
26257 0.000007
26258 0.000014
26259 0.000027
26260 0.000034
26261 0.000028
26262 0.000020
26263 0.000004
26264 0.000015
26265 0.000049
26266 0.000021
26267 0.000032
26268 0.000041
26269 0.000014
26270 0.000026
26271 0.000030
26272 0.000016
26273 0.000049
26274 0.000012
26275 0.000035
26276 0.000016
26277 0.000013
26278 0.000022
26279 0.000005
26280 0.000009
26281 0.000048
26282 0.000010
26283 0.000007
26284 0.000021
26285 0.000013
26286 0.000036
26287 0.000016
26288 0.000022
26289 0.000022
26290 0.000048
26291 0.000040
26292 0.000010
26293 0.000007
26294 0.000006
26295 0.000029
26296 0.000011
26297 0.000036
26298 0.000017
26299 0.000009
26300 0.000019
26301 0.000037
26302 0.000019
26303 0.000004
26304 0.000031
26305 0.000007
26306 0.000007
26307 0.000023
26308 0.000028
26309 0.000039
26310 0.000014
26311 0.000012
26312 0.000028
26313 0.000017
26314 0.000012
26315 0.000017
26316 0.000022
26317 0.000005
26318 0.000016
26319 0.000020
26320 0.000053
26321 0.000024
26322 0.000018
26323 0.000004
26324 0.000013
26325 0.000014
26326 0.000021
26327 0.000034
26328 0.000012
26329 0.000016
26330 0.000009
26331 0.000022
26332 0.000016
26333 0.000031
26334 0.000010
26335 0.000023
26336 0.000009
26337 0.000017
26338 0.000017
26339 0.000036
26340 0.000007
26341 0.000025
26342 0.000014
26343 0.000015
26344 0.000012
26345 0.000028
26346 0.000017
26347 0.000026
26348 0.000019
26349 0.000020
26350 0.000049
26351 0.000006
26352 0.000020
26353 0.000037
26354 0.000014
26355 0.000015
26356 0.000012
26357 0.000025
26358 0.000004
26359 0.000010
26360 0.000012
26361 0.000014
26362 0.000010
26363 0.000016
26364 0.000011
26365 0.000019
26366 0.000032
26367 0.000009
26368 0.000058
26369 0.000010
26370 0.000025
26371 0.000077
26372 0.000037
26373 0.000035
26374 0.000009
26375 0.000050
26376 0.000017
26377 0.000030
26378 0.000012
26379 0.000004
26380 0.000030
26381 0.000013
26382 0.000012
26383 0.000021
26384 0.000013
26385 0.000028
26386 0.000010
26387 0.000059
26388 0.000014
26389 0.000025
26390 0.000028
26391 0.000014
26392 0.000060
26393 0.000025
26394 0.000012
26395 0.000016
26396 0.000018
26397 0.000048
26398 0.000008
26399 0.000048
26400 0.000010
26401 0.000024
26402 0.000015
26403 0.000004
26404 0.000024
26405 0.000016
26406 0.000020
26407 0.000043
26408 0.000010
26409 0.000035
26410 0.000014
26411 0.000009
26412 0.000022
26413 0.000018
26414 0.000014
26415 0.000004
26416 0.000012
26417 0.000020
26418 0.000022
26419 0.000007
26420 0.000045
26421 0.000004
26422 0.000021
26423 0.000004
26424 0.000022
26425 0.000015
26426 0.000014
26427 0.000013
26428 0.000014
26429 0.000031
26430 0.000011
26431 0.000017
26432 0.000009
26433 0.000019
26434 0.000005
26435 0.000017
26436 0.000037
26437 0.000008
26438 0.000029
26439 0.000041
26440 0.000010
26441 0.000018
26442 0.000017
26443 0.000016
26444 0.000026
26445 0.000015
26446 0.000020
26447 0.000005
26448 0.000017
26449 0.000013
26450 0.000008
26451 0.000006
26452 0.000007
26453 0.000010
26454 0.000027
26455 0.000005
26456 0.000011
26457 0.000013
26458 0.000017
26459 0.000005
26460 0.000018
26461 0.000025
26462 0.000012
26463 0.000057
26464 0.000008
26465 0.000004
26466 0.000009
26467 0.000012
26468 0.000010
26469 0.000019
26470 0.000018
26471 0.000004
26472 0.000017
26473 0.000050
26474 0.000037
26475 0.000030
26476 0.000016
26477 0.000005
26478 0.000034
26479 0.000014
26480 0.000023
26481 0.000037
26482 0.000004
26483 0.000040
26484 0.000012
26485 0.000015
26486 0.000012
26487 0.000004
26488 0.000022
26489 0.000043
26490 0.000053
26491 0.000004
26492 0.000019
26493 0.000028
26494 0.000014
26495 0.000025
26496 0.000022
26497 0.000013
26498 0.000021
26499 0.000027
26500 0.000022
26501 0.000023
26502 0.000015
26503 0.000034
26504 0.000022
26505 0.000031
26506 0.000022
26507 0.000004
26508 0.000029
26509 0.000009
26510 0.000035
26511 0.000007
26512 0.000010
26513 0.000019
26514 0.000024
26515 0.000016
26516 0.000039
26517 0.000004
26518 0.000021
26519 0.000018
26520 0.000030
26521 0.000007
26522 0.000009
26523 0.000032
26524 0.000040
26525 0.000013
26526 0.000008
26527 0.000009
26528 0.000042
26529 0.000004
26530 0.000043
26531 0.000004
26532 0.000008
26533 0.000035
26534 0.000008
26535 0.000012
26536 0.000082
26537 0.000011
26538 0.000005
26539 0.000004
26540 0.000015
26541 0.000009
26542 0.000008
26543 0.000008
26544 0.000027
26545 0.000017
26546 0.000012
26547 0.000022
26548 0.000021
26549 0.000016
26550 0.000010
26551 0.000011
26552 0.000022
26553 0.000026
26554 0.000037
26555 0.000016
26556 0.000011
26557 0.000009
26558 0.000054
26559 0.000021
26560 0.000027
26561 0.000042
26562 0.000019
26563 0.000023
26564 0.000006
26565 0.000019
26566 0.000011
26567 0.000008
26568 0.000022
26569 0.000029
26570 0.000008
26571 0.000043
26572 0.000048
26573 0.000031
26574 0.000010
26575 0.000024
26576 0.000006
26577 0.000022
26578 0.000013
26579 0.000007
26580 0.000022
26581 0.000017
26582 0.000020
26583 0.000010
26584 0.000004
26585 0.000019
26586 0.000007
26587 0.000023
26588 0.000019
26589 0.000017
26590 0.000019
26591 0.000028
26592 0.000013
26593 0.000022
26594 0.000027
26595 0.000016
26596 0.000024
26597 0.000023
26598 0.000008
26599 0.000013
26600 0.000010
26601 0.000010
26602 0.000022
26603 0.000029
26604 0.000043
26605 0.000010
26606 0.000019
26607 0.000051
26608 0.000015
26609 0.000024
26610 0.000014
26611 0.000016
26612 0.000010
26613 0.000026
26614 0.000020
26615 0.000012
26616 0.000047
26617 0.000012
26618 0.000017
26619 0.000006
26620 0.000029
26621 0.000019
26622 0.000047
26623 0.000053
26624 0.000009
26625 0.000013
26626 0.000057
26627 0.000004
26628 0.000009
26629 0.000016
26630 0.000015
26631 0.000032
26632 0.000016
26633 0.000019
26634 0.000018
26635 0.000018
26636 0.000101
26637 0.000025
26638 0.000005
26639 0.000008
26640 0.000017
26641 0.000026
26642 0.000012
26643 0.000006
26644 0.000012
26645 0.000029
26646 0.000021
26647 0.000015
26648 0.000024
26649 0.000034
26650 0.000059
26651 0.000051
26652 0.000014
26653 0.000012
26654 0.000005
26655 0.000053
26656 0.000012
26657 0.000007
26658 0.000043
26659 0.000019
26660 0.000010
26661 0.000014
26662 0.000011
26663 0.000010
26664 0.000025
26665 0.000019
26666 0.000011
26667 0.000017
26668 0.000004
26669 0.000013
26670 0.000019
26671 0.000004
26672 0.000058
26673 0.000007
26674 0.000014
26675 0.000020
26676 0.000013
26677 0.000010
26678 0.000010
26679 0.000033
26680 0.000013
26681 0.000029
26682 0.000011
26683 0.000022
26684 0.000014
26685 0.000004
26686 0.000023
26687 0.000017
26688 0.000012
26689 0.000021
26690 0.000023
26691 0.000015
26692 0.000016
26693 0.000005
26694 0.000013
26695 0.000013
26696 0.000015
26697 0.000033
26698 0.000011
26699 0.000021
26700 0.000023
26701 0.000013
26702 0.000008
26703 0.000022
26704 0.000009
26705 0.000005
26706 0.000014
26707 0.000009
26708 0.000017
26709 0.000016
26710 0.000020
26711 0.000022
26712 0.000004
26713 0.000025
26714 0.000027
26715 0.000050
26716 0.000010
26717 0.000023
26718 0.000012
26719 0.000008
26720 0.000041
26721 0.000010
26722 0.000014
26723 0.000018
26724 0.000030
26725 0.000019
26726 0.000013
26727 0.000028
26728 0.000039
26729 0.000028
26730 0.000039
26731 0.000034
26732 0.000011
26733 0.000029
26734 0.000007
26735 0.000013
26736 0.000046
26737 0.000017
26738 0.000012
26739 0.000013
26740 0.000015
26741 0.000022
26742 0.000023
26743 0.000008
26744 0.000018
26745 0.000025
26746 0.000009
26747 0.000007
26748 0.000004
26749 0.000004
26750 0.000011
26751 0.000010
26752 0.000054
26753 0.000011
26754 0.000016
26755 0.000021
26756 0.000006
26757 0.000014
26758 0.000016
26759 0.000013
26760 0.000039
26761 0.000018
26762 0.000032
26763 0.000016
26764 0.000010
26765 0.000019
26766 0.000009
26767 0.000015
26768 0.000015
26769 0.000013
26770 0.000014
26771 0.000025
26772 0.000033
26773 0.000016
26774 0.000028
26775 0.000011
26776 0.000022
26777 0.000030
26778 0.000015
26779 0.000011
26780 0.000004
26781 0.000029
26782 0.000006
26783 0.000008
26784 0.000006
26785 0.000009
26786 0.000010
26787 0.000049
26788 0.000038
26789 0.000017
26790 0.000064
26791 0.000036
26792 0.000010
26793 0.000010
26794 0.000028
26795 0.000007
26796 0.000012
26797 0.000022
26798 0.000006
26799 0.000012
26800 0.000038
26801 0.000009
26802 0.000007
26803 0.000031
26804 0.000019
26805 0.000012
26806 0.000019
26807 0.000029
26808 0.000032
26809 0.000011
26810 0.000013
26811 0.000018
26812 0.000010
26813 0.000027
26814 0.000039
26815 0.000035
26816 0.000009
26817 0.000030
26818 0.000029
26819 0.000026
26820 0.000006
26821 0.000009
26822 0.000032
26823 0.000013
26824 0.000040
26825 0.000023
26826 0.000016
26827 0.000010
26828 0.000016
26829 0.000031
26830 0.000006
26831 0.000011
26832 0.000057
26833 0.000011
26834 0.000039
26835 0.000007
26836 0.000021
26837 0.000068
26838 0.000041
26839 0.000024
26840 0.000007
26841 0.000004
26842 0.000012
26843 0.000011
26844 0.000043
26845 0.000010
26846 0.000009
26847 0.000014
26848 0.000006
26849 0.000024
26850 0.000014
26851 0.000021
26852 0.000039
26853 0.000022
26854 0.000024
26855 0.000005
26856 0.000006
26857 0.000018
26858 0.000007
26859 0.000018
26860 0.000036
26861 0.000021
26862 0.000023
26863 0.000019
26864 0.000025
26865 0.000005
26866 0.000017
26867 0.000017
26868 0.000007
26869 0.000004
26870 0.000005
26871 0.000013
26872 0.000009
26873 0.000028
26874 0.000023
26875 0.000040
26876 0.000069
26877 0.000042
26878 0.000004
26879 0.000004
26880 0.000019
26881 0.000048
26882 0.000025
26883 0.000026
26884 0.000019
26885 0.000007
26886 0.000017
26887 0.000011
26888 0.000021
26889 0.000012
26890 0.000013
26891 0.000004
26892 0.000007
26893 0.000008
26894 0.000041
26895 0.000004
26896 0.000016
26897 0.000006
26898 0.000033
26899 0.000014
26900 0.000006
26901 0.000009
26902 0.000014
26903 0.000011
26904 0.000032
26905 0.000012
26906 0.000014
26907 0.000007
26908 0.000013
26909 0.000007
26910 0.000011
26911 0.000025
26912 0.000018
26913 0.000025
26914 0.000010
26915 0.000006
26916 0.000023
26917 0.000029
26918 0.000023
26919 0.000008
26920 0.000039
26921 0.000026
26922 0.000018
26923 0.000013
26924 0.000018
26925 0.000015
26926 0.000006
26927 0.000008
26928 0.000017
26929 0.000032
26930 0.000015
26931 0.000018
26932 0.000010
26933 0.000032
26934 0.000025
26935 0.000009
26936 0.000012
26937 0.000021
26938 0.000034
26939 0.000019
26940 0.000027
26941 0.000021
26942 0.000008
26943 0.000012
26944 0.000018
26945 0.000012
26946 0.000047
26947 0.000037
26948 0.000016
26949 0.000019
26950 0.000018
26951 0.000024
26952 0.000019
26953 0.000040
26954 0.000009
26955 0.000010
26956 0.000025
26957 0.000025
26958 0.000042
26959 0.000043
26960 0.000008
26961 0.000006
26962 0.000012
26963 0.000028
26964 0.000005
26965 0.000017
26966 0.000012
26967 0.000023
26968 0.000012
26969 0.000026
26970 0.000007
26971 0.000011
26972 0.000011
26973 0.000022
26974 0.000018
26975 0.000019
26976 0.000011
26977 0.000010
26978 0.000029
26979 0.000023
26980 0.000013
26981 0.000051
26982 0.000018
26983 0.000018
26984 0.000004
26985 0.000021
26986 0.000096
26987 0.000015
26988 0.000015
26989 0.000013
26990 0.000012
26991 0.000021
26992 0.000010
26993 0.000011
26994 0.000012
26995 0.000049
26996 0.000031
26997 0.000073
26998 0.000014
26999 0.000010
27000 0.000030
27001 0.000040
27002 0.000016
27003 0.000018
27004 0.000030
27005 0.000015
27006 0.000010
27007 0.000026
27008 0.000009
27009 0.000038
27010 0.000007
27011 0.000010
27012 0.000027
27013 0.000009
27014 0.000049
27015 0.000013
27016 0.000008
27017 0.000029
27018 0.000047
27019 0.000022
27020 0.000030
27021 0.000028
27022 0.000007
27023 0.000020
27024 0.000007
27025 0.000024
27026 0.000017
27027 0.000022
27028 0.000015
27029 0.000026
27030 0.000021
27031 0.000021
27032 0.000004
27033 0.000017
27034 0.000040
27035 0.000031
27036 0.000019
27037 0.000011
27038 0.000027
27039 0.000013
27040 0.000004
27041 0.000015
27042 0.000028
27043 0.000017
27044 0.000014
27045 0.000013
27046 0.000011
27047 0.000010
27048 0.000032
27049 0.000030
27050 0.000015
27051 0.000009
27052 0.000021
27053 0.000004
27054 0.000015
27055 0.000004
27056 0.000009
27057 0.000020
27058 0.000010
27059 0.000028
27060 0.000029
27061 0.000009
27062 0.000019
27063 0.000015
27064 0.000022
27065 0.000056
27066 0.000016
27067 0.000004
27068 0.000008
27069 0.000006
27070 0.000029
27071 0.000021
27072 0.000032
27073 0.000020
27074 0.000011
27075 0.000027
27076 0.000030
27077 0.000024
27078 0.000023
27079 0.000020
27080 0.000032
27081 0.000014
27082 0.000024
27083 0.000026
27084 0.000009
27085 0.000021
27086 0.000005
27087 0.000044
27088 0.000004
27089 0.000029
27090 0.000030
27091 0.000008
27092 0.000018
27093 0.000011
27094 0.000036
27095 0.000014
27096 0.000004
27097 0.000019
27098 0.000016
27099 0.000008
27100 0.000013
27101 0.000106
27102 0.000027
27103 0.000019
27104 0.000020
27105 0.000019
27106 0.000035
27107 0.000015
27108 0.000060
27109 0.000048
27110 0.000013
27111 0.000007
27112 0.000020
27113 0.000010
27114 0.000017
27115 0.000010
27116 0.000010
27117 0.000024
27118 0.000008
27119 0.000012
27120 0.000024
27121 0.000006
27122 0.000021
27123 0.000051
27124 0.000005
27125 0.000012
27126 0.000125
27127 0.000006
27128 0.000010
27129 0.000013
27130 0.000011
27131 0.000019
27132 0.000004
27133 0.000032
27134 0.000018
27135 0.000060
27136 0.000008
27137 0.000014
27138 0.000009
27139 0.000011
27140 0.000009
27141 0.000024
27142 0.000099
27143 0.000011
27144 0.000007
27145 0.000019
27146 0.000033
27147 0.000012
27148 0.000008
27149 0.000011
27150 0.000017
27151 0.000022
27152 0.000008
27153 0.000015
27154 0.000004
27155 0.000036
27156 0.000017
27157 0.000015
27158 0.000036
27159 0.000010
27160 0.000030
27161 0.000011
27162 0.000024
27163 0.000010
27164 0.000034
27165 0.000019
27166 0.000019
27167 0.000041
27168 0.000018
27169 0.000015
27170 0.000007
27171 0.000030
27172 0.000038
27173 0.000021
27174 0.000050
27175 0.000023
27176 0.000004
27177 0.000006
27178 0.000017
27179 0.000046
27180 0.000022
27181 0.000022
27182 0.000030
27183 0.000007
27184 0.000024
27185 0.000007
27186 0.000010
27187 0.000019
27188 0.000019
27189 0.000017
27190 0.000021
27191 0.000009
27192 0.000022
27193 0.000007
27194 0.000057
27195 0.000032
27196 0.000009
27197 0.000019
27198 0.000021
27199 0.000037
27200 0.000028
27201 0.000007
27202 0.000030
27203 0.000004
27204 0.000043
27205 0.000020
27206 0.000013
27207 0.000006
27208 0.000047
27209 0.000023
27210 0.000025
27211 0.000025
27212 0.000011
27213 0.000012
27214 0.000004
27215 0.000015
27216 0.000026
27217 0.000042
27218 0.000026
27219 0.000012
27220 0.000005
27221 0.000012
27222 0.000010
27223 0.000014
27224 0.000015
27225 0.000008
27226 0.000006
27227 0.000020
27228 0.000020
27229 0.000026
27230 0.000029
27231 0.000015
27232 0.000016
27233 0.000014
27234 0.000004
27235 0.000013
27236 0.000052
27237 0.000018
27238 0.000026
27239 0.000032
27240 0.000022
27241 0.000026
27242 0.000066
27243 0.000023
27244 0.000034
27245 0.000016
27246 0.000009
27247 0.000015
27248 0.000018
27249 0.000022
27250 0.000033
27251 0.000008
27252 0.000004
27253 0.000008
27254 0.000008
27255 0.000019
27256 0.000006
27257 0.000008
27258 0.000015
27259 0.000057
27260 0.000068
27261 0.000029
27262 0.000048
27263 0.000018
27264 0.000015
27265 0.000028
27266 0.000027
27267 0.000019
27268 0.000006
27269 0.000018
27270 0.000013
27271 0.000004
27272 0.000027
27273 0.000005
27274 0.000024
27275 0.000021
27276 0.000049
27277 0.000044
27278 0.000012
27279 0.000009
27280 0.000033
27281 0.000025
27282 0.000014
27283 0.000018
27284 0.000021
27285 0.000015
27286 0.000029
27287 0.000009
27288 0.000010
27289 0.000028
27290 0.000006
27291 0.000007
27292 0.000014
27293 0.000021
27294 0.000017
27295 0.000011
27296 0.000008
27297 0.000034
27298 0.000030
27299 0.000024
27300 0.000017
27301 0.000035
27302 0.000010
27303 0.000012
27304 0.000013
27305 0.000017
27306 0.000026
27307 0.000015
27308 0.000037
27309 0.000018
27310 0.000024
27311 0.000008
27312 0.000008
27313 0.000024
27314 0.000017
27315 0.000015
27316 0.000010
27317 0.000021
27318 0.000031
27319 0.000014
27320 0.000054
27321 0.000028
27322 0.000044
27323 0.000024
27324 0.000011
27325 0.000017
27326 0.000045
27327 0.000030
27328 0.000007
27329 0.000032
27330 0.000014
27331 0.000011
27332 0.000071
27333 0.000010
27334 0.000045
27335 0.000009
27336 0.000015
27337 0.000033
27338 0.000044
27339 0.000004
27340 0.000011
27341 0.000027
27342 0.000019
27343 0.000009
27344 0.000004
27345 0.000015
27346 0.000022
27347 0.000022
27348 0.000018
27349 0.000012
27350 0.000025
27351 0.000011
27352 0.000008
27353 0.000007
27354 0.000019
27355 0.000022
27356 0.000027
27357 0.000007
27358 0.000015
27359 0.000013
27360 0.000009
27361 0.000019
27362 0.000018
27363 0.000012
27364 0.000011
27365 0.000024
27366 0.000031
27367 0.000012
27368 0.000018
27369 0.000013
27370 0.000017
27371 0.000030
27372 0.000017
27373 0.000026
27374 0.000023
27375 0.000007
27376 0.000017
27377 0.000015
27378 0.000015
27379 0.000009
27380 0.000043
27381 0.000010
27382 0.000026
27383 0.000014
27384 0.000009
27385 0.000020
27386 0.000030
27387 0.000008
27388 0.000022
27389 0.000009
27390 0.000017
27391 0.000007
27392 0.000026
27393 0.000039
27394 0.000007
27395 0.000022
27396 0.000016
27397 0.000004
27398 0.000013
27399 0.000018
27400 0.000027
27401 0.000020
27402 0.000024
27403 0.000039
27404 0.000006
27405 0.000039
27406 0.000025
27407 0.000030
27408 0.000010
27409 0.000019
27410 0.000028
27411 0.000021
27412 0.000041
27413 0.000013
27414 0.000030
27415 0.000040
27416 0.000013
27417 0.000011
27418 0.000010
27419 0.000006
27420 0.000032
27421 0.000022
27422 0.000015
27423 0.000023
27424 0.000017
27425 0.000023
27426 0.000015
27427 0.000008
27428 0.000008
27429 0.000019
27430 0.000039
27431 0.000034
27432 0.000016
27433 0.000015
27434 0.000025
27435 0.000025
27436 0.000035
27437 0.000023
27438 0.000037
27439 0.000037
27440 0.000016
27441 0.000005
27442 0.000011
27443 0.000033
27444 0.000004
27445 0.000054
27446 0.000009
27447 0.000022
27448 0.000008
27449 0.000007
27450 0.000004
27451 0.000014
27452 0.000020
27453 0.000041
27454 0.000021
27455 0.000017
27456 0.000016
27457 0.000045
27458 0.000010
27459 0.000016
27460 0.000012
27461 0.000019
27462 0.000005
27463 0.000008
27464 0.000005
27465 0.000030
27466 0.000011
27467 0.000010
27468 0.000014
27469 0.000013
27470 0.000037
27471 0.000018
27472 0.000016
27473 0.000005
27474 0.000015
27475 0.000008
27476 0.000021
27477 0.000025
27478 0.000016
27479 0.000038
27480 0.000025
27481 0.000015
27482 0.000008
27483 0.000034
27484 0.000019
27485 0.000016
27486 0.000017
27487 0.000020
27488 0.000016
27489 0.000031
27490 0.000027
27491 0.000015
27492 0.000004
27493 0.000032
27494 0.000004
27495 0.000016
27496 0.000025
27497 0.000041
27498 0.000014
27499 0.000029
27500 0.000009
27501 0.000016
27502 0.000050
27503 0.000016
27504 0.000013
27505 0.000016
27506 0.000022
27507 0.000017
27508 0.000010
27509 0.000012
27510 0.000010
27511 0.000038
27512 0.000009
27513 0.000024
27514 0.000007
27515 0.000006
27516 0.000055
27517 0.000059
27518 0.000032
27519 0.000022
27520 0.000009
27521 0.000034
27522 0.000012
27523 0.000014
27524 0.000034
27525 0.000019
27526 0.000031
27527 0.000027
27528 0.000013
27529 0.000026
27530 0.000010
27531 0.000004
27532 0.000011
27533 0.000039
27534 0.000015
27535 0.000006
27536 0.000047
27537 0.000018
27538 0.000013
27539 0.000006
27540 0.000026
27541 0.000012
27542 0.000008
27543 0.000021
27544 0.000032
27545 0.000023
27546 0.000004
27547 0.000016
27548 0.000012
27549 0.000015
27550 0.000007
27551 0.000011
27552 0.000027
27553 0.000017
27554 0.000066
27555 0.000024
27556 0.000008
27557 0.000011
27558 0.000006
27559 0.000013
27560 0.000006
27561 0.000006
27562 0.000010
27563 0.000010
27564 0.000018
27565 0.000021
27566 0.000011
27567 0.000009
27568 0.000011
27569 0.000028
27570 0.000027
27571 0.000010
27572 0.000034
27573 0.000020
27574 0.000004
27575 0.000027
27576 0.000024
27577 0.000010
27578 0.000016
27579 0.000019
27580 0.000011
27581 0.000042
27582 0.000005
27583 0.000017
27584 0.000004
27585 0.000019
27586 0.000016
27587 0.000005
27588 0.000024
27589 0.000024
27590 0.000009
27591 0.000016
27592 0.000014
27593 0.000013
27594 0.000007
27595 0.000013
27596 0.000021
27597 0.000012
27598 0.000014
27599 0.000034
27600 0.000010
27601 0.000008
27602 0.000007
27603 0.000031
27604 0.000021
27605 0.000004
27606 0.000017
27607 0.000021
27608 0.000008
27609 0.000022
27610 0.000005
27611 0.000014
27612 0.000019
27613 0.000020
27614 0.000043
27615 0.000020
27616 0.000010
27617 0.000026
27618 0.000020
27619 0.000009
27620 0.000016
27621 0.000014
27622 0.000016
27623 0.000022
27624 0.000021
27625 0.000016
27626 0.000004
27627 0.000018
27628 0.000053
27629 0.000028
27630 0.000024
27631 0.000067
27632 0.000007
27633 0.000008
27634 0.000007
27635 0.000009
27636 0.000010
27637 0.000038
27638 0.000013
27639 0.000027
27640 0.000041
27641 0.000008
27642 0.000006
27643 0.000024
27644 0.000018
27645 0.000051
27646 0.000019
27647 0.000009
27648 0.000007
27649 0.000015
27650 0.000024
27651 0.000038
27652 0.000037
27653 0.000037
27654 0.000019
27655 0.000017
27656 0.000018
27657 0.000029
27658 0.000007
27659 0.000040
27660 0.000004
27661 0.000022
27662 0.000016
27663 0.000021
27664 0.000015
27665 0.000009
27666 0.000043
27667 0.000013
27668 0.000023
27669 0.000008
27670 0.000025
27671 0.000020
27672 0.000031
27673 0.000019
27674 0.000004
27675 0.000020
27676 0.000016
27677 0.000004
27678 0.000008
27679 0.000016
27680 0.000040
27681 0.000016
27682 0.000051
27683 0.000007
27684 0.000035
27685 0.000015
27686 0.000029
27687 0.000089
27688 0.000007
27689 0.000010
27690 0.000019
27691 0.000026
27692 0.000012
27693 0.000014
27694 0.000017
27695 0.000011
27696 0.000023
27697 0.000013
27698 0.000020
27699 0.000011
27700 0.000004
27701 0.000016
27702 0.000005
27703 0.000012
27704 0.000023
27705 0.000010
27706 0.000012
27707 0.000029
27708 0.000004
27709 0.000004
27710 0.000021
27711 0.000004
27712 0.000024
27713 0.000034
27714 0.000006
27715 0.000012
27716 0.000030
27717 0.000028
27718 0.000041
27719 0.000019
27720 0.000023
27721 0.000009
27722 0.000007
27723 0.000018
27724 0.000030
27725 0.000004
27726 0.000008
27727 0.000046
27728 0.000037
27729 0.000019
27730 0.000005
27731 0.000017
27732 0.000022
27733 0.000008
27734 0.000012
27735 0.000004
27736 0.000004
27737 0.000012
27738 0.000013
27739 0.000023
27740 0.000016
27741 0.000011
27742 0.000005
27743 0.000004
27744 0.000010
27745 0.000018
27746 0.000027
27747 0.000008
27748 0.000012
27749 0.000025
27750 0.000015
27751 0.000036
27752 0.000017
27753 0.000025
27754 0.000025
27755 0.000028
27756 0.000050
27757 0.000011
27758 0.000015
27759 0.000004
27760 0.000037
27761 0.000026
27762 0.000019
27763 0.000022
27764 0.000013
27765 0.000011
27766 0.000022
27767 0.000022
27768 0.000013
27769 0.000004
27770 0.000022
27771 0.000028
27772 0.000014
27773 0.000039
27774 0.000011
27775 0.000028
27776 0.000028
27777 0.000019
27778 0.000008
27779 0.000007
27780 0.000013
27781 0.000038
27782 0.000017
27783 0.000021
27784 0.000020
27785 0.000006
27786 0.000027
27787 0.000035
27788 0.000012
27789 0.000045
27790 0.000009
27791 0.000029
27792 0.000020
27793 0.000017
27794 0.000022
27795 0.000022
27796 0.000004
27797 0.000005
27798 0.000004
27799 0.000012
27800 0.000009
27801 0.000020
27802 0.000008
27803 0.000010
27804 0.000010
27805 0.000017
27806 0.000022
27807 0.000044
27808 0.000029
27809 0.000026
27810 0.000025
27811 0.000044
27812 0.000024
27813 0.000009
27814 0.000013
27815 0.000012
27816 0.000020
27817 0.000007
27818 0.000032
27819 0.000039
27820 0.000036
27821 0.000010
27822 0.000025
27823 0.000011
27824 0.000014
27825 0.000007
27826 0.000025
27827 0.000013
27828 0.000008
27829 0.000036
27830 0.000016
27831 0.000033
27832 0.000033
27833 0.000008
27834 0.000023
27835 0.000004
27836 0.000006
27837 0.000014
27838 0.000009
27839 0.000004
27840 0.000045
27841 0.000009
27842 0.000029
27843 0.000021
27844 0.000018
27845 0.000005
27846 0.000015
27847 0.000035
27848 0.000006
27849 0.000025
27850 0.000017
27851 0.000033
27852 0.000036
27853 0.000008
27854 0.000021
27855 0.000008
27856 0.000046
27857 0.000030
27858 0.000004
27859 0.000011
27860 0.000006
27861 0.000025
27862 0.000020
27863 0.000014
27864 0.000004
27865 0.000015
27866 0.000013
27867 0.000010
27868 0.000004
27869 0.000022
27870 0.000007
27871 0.000027
27872 0.000017
27873 0.000023
27874 0.000057
27875 0.000024
27876 0.000033
27877 0.000012
27878 0.000005
27879 0.000005
27880 0.000025
27881 0.000016
27882 0.000018
27883 0.000039
27884 0.000025
27885 0.000013
27886 0.000004
27887 0.000013
27888 0.000013
27889 0.000048
27890 0.000032
27891 0.000028
27892 0.000008
27893 0.000015
27894 0.000022
27895 0.000039
27896 0.000010
27897 0.000037
27898 0.000020
27899 0.000021
27900 0.000006
27901 0.000006
27902 0.000022
27903 0.000014
27904 0.000011
27905 0.000036
27906 0.000009
27907 0.000008
27908 0.000029
27909 0.000010
27910 0.000011
27911 0.000014
27912 0.000027
27913 0.000026
27914 0.000011
27915 0.000019
27916 0.000023
27917 0.000009
27918 0.000017
27919 0.000057
27920 0.000026
27921 0.000024
27922 0.000021
27923 0.000049
27924 0.000032
27925 0.000013
27926 0.000021
27927 0.000004
27928 0.000014
27929 0.000006
27930 0.000022
27931 0.000045
27932 0.000005
27933 0.000025
27934 0.000043
27935 0.000027
27936 0.000048
27937 0.000009
27938 0.000017
27939 0.000020
27940 0.000044
27941 0.000015
27942 0.000072
27943 0.000044
27944 0.000034
27945 0.000028
27946 0.000016
27947 0.000038
27948 0.000049
27949 0.000006
27950 0.000010
27951 0.000028
27952 0.000033
27953 0.000017
27954 0.000015
27955 0.000009
27956 0.000011
27957 0.000029
27958 0.000009
27959 0.000025
27960 0.000024
27961 0.000008
27962 0.000009
27963 0.000025
27964 0.000006
27965 0.000028
27966 0.000009
27967 0.000018
27968 0.000040
27969 0.000004
27970 0.000016
27971 0.000032
27972 0.000042
27973 0.000004
27974 0.000009
27975 0.000010
27976 0.000008
27977 0.000024
27978 0.000034
27979 0.000023
27980 0.000014
27981 0.000014
27982 0.000028
27983 0.000019
27984 0.000020
27985 0.000021
27986 0.000021
27987 0.000019
27988 0.000035
27989 0.000026
27990 0.000012
27991 0.000011
27992 0.000009
27993 0.000043
27994 0.000023
27995 0.000015
27996 0.000019
27997 0.000004
27998 0.000012
27999 0.000015
28000 0.000021
28001 0.000006
28002 0.000026
28003 0.000004
28004 0.000010
28005 0.000013
28006 0.000019
28007 0.000019
28008 0.000026
28009 0.000010
28010 0.000032
28011 0.000012
28012 0.000013
28013 0.000030
28014 0.000020
28015 0.000013
28016 0.000039
28017 0.000020
28018 0.000026
28019 0.000023
28020 0.000008
28021 0.000027
28022 0.000008
28023 0.000009
28024 0.000019
28025 0.000047
28026 0.000018
28027 0.000018
28028 0.000043
28029 0.000004
28030 0.000018
28031 0.000025
28032 0.000011
28033 0.000028
28034 0.000007
28035 0.000004
28036 0.000030
28037 0.000008
28038 0.000012
28039 0.000013
28040 0.000018
28041 0.000013
28042 0.000016
28043 0.000031
28044 0.000018
28045 0.000051
28046 0.000028
28047 0.000040
28048 0.000010
28049 0.000040
28050 0.000023
28051 0.000012
28052 0.000012
28053 0.000011
28054 0.000007
28055 0.000013
28056 0.000056
28057 0.000028
28058 0.000004
28059 0.000027
28060 0.000031
28061 0.000010
28062 0.000030
28063 0.000032
28064 0.000013
28065 0.000004
28066 0.000049
28067 0.000005
28068 0.000014
28069 0.000015
28070 0.000012
28071 0.000063
28072 0.000011
28073 0.000008
28074 0.000032
28075 0.000024
28076 0.000036
28077 0.000017
28078 0.000006
28079 0.000049
28080 0.000022
28081 0.000013
28082 0.000014
28083 0.000024
28084 0.000073
28085 0.000007
28086 0.000043
28087 0.000031
28088 0.000006
28089 0.000019
28090 0.000034
28091 0.000017
28092 0.000008
28093 0.000037
28094 0.000035
28095 0.000011
28096 0.000010
28097 0.000052
28098 0.000014
28099 0.000007
28100 0.000017
28101 0.000016
28102 0.000026
28103 0.000012
28104 0.000021
28105 0.000008
28106 0.000011
28107 0.000018
28108 0.000024
28109 0.000011
28110 0.000017
28111 0.000012
28112 0.000007
28113 0.000022
28114 0.000010
28115 0.000014
28116 0.000017
28117 0.000022
28118 0.000020
28119 0.000004
28120 0.000005
28121 0.000020
28122 0.000038
28123 0.000011
28124 0.000020
28125 0.000021
28126 0.000021
28127 0.000005
28128 0.000029
28129 0.000006
28130 0.000016
28131 0.000004
28132 0.000004
28133 0.000026
28134 0.000012
28135 0.000036
28136 0.000038
28137 0.000012
28138 0.000055
28139 0.000026
28140 0.000017
28141 0.000044
28142 0.000006
28143 0.000020
28144 0.000014
28145 0.000016
28146 0.000049
28147 0.000017
28148 0.000007
28149 0.000015
28150 0.000004
28151 0.000011
28152 0.000021
28153 0.000015
28154 0.000064
28155 0.000034
28156 0.000009
28157 0.000023
28158 0.000013
28159 0.000008
28160 0.000010
28161 0.000004
28162 0.000026
28163 0.000021
28164 0.000005
28165 0.000029
28166 0.000038
28167 0.000017
28168 0.000010
28169 0.000031
28170 0.000019
28171 0.000023
28172 0.000064
28173 0.000020
28174 0.000012
28175 0.000006
28176 0.000011
28177 0.000006
28178 0.000007
28179 0.000027
28180 0.000033
28181 0.000007
28182 0.000008
28183 0.000021
28184 0.000014
28185 0.000022
28186 0.000018
28187 0.000033
28188 0.000009
28189 0.000025
28190 0.000026
28191 0.000039
28192 0.000005
28193 0.000022
28194 0.000035
28195 0.000026
28196 0.000023
28197 0.000006
28198 0.000015
28199 0.000008
28200 0.000019
28201 0.000009
28202 0.000004
28203 0.000014
28204 0.000020
28205 0.000023
28206 0.000004
28207 0.000022
28208 0.000006
28209 0.000038
28210 0.000051
28211 0.000009
28212 0.000007
28213 0.000010
28214 0.000028
28215 0.000010
28216 0.000005
28217 0.000010
28218 0.000022
28219 0.000034
28220 0.000020
28221 0.000028
28222 0.000009
28223 0.000034
28224 0.000009
28225 0.000015
28226 0.000005
28227 0.000012
28228 0.000022
28229 0.000023
28230 0.000015
28231 0.000012
28232 0.000008
28233 0.000070
28234 0.000022
28235 0.000082
28236 0.000031
28237 0.000015
28238 0.000028
28239 0.000008
28240 0.000015
28241 0.000005
28242 0.000029
28243 0.000009
28244 0.000004
28245 0.000012
28246 0.000020
28247 0.000004
28248 0.000016
28249 0.000033
28250 0.000021
28251 0.000021
28252 0.000014
28253 0.000033
28254 0.000014
28255 0.000011
28256 0.000040
28257 0.000010
28258 0.000013
28259 0.000018
28260 0.000014
28261 0.000014
28262 0.000019
28263 0.000013
28264 0.000015
28265 0.000035
28266 0.000029
28267 0.000009
28268 0.000013
28269 0.000009
28270 0.000019
28271 0.000009
28272 0.000011
28273 0.000036
28274 0.000021
28275 0.000025
28276 0.000021
28277 0.000012
28278 0.000042
28279 0.000030
28280 0.000045
28281 0.000013
28282 0.000015
28283 0.000026
28284 0.000024
28285 0.000007
28286 0.000005
28287 0.000008
28288 0.000024
28289 0.000008
28290 0.000014
28291 0.000006
28292 0.000014
28293 0.000022
28294 0.000008
28295 0.000024
28296 0.000004
28297 0.000036
28298 0.000020
28299 0.000026
28300 0.000006
28301 0.000040
28302 0.000004
28303 0.000050
28304 0.000006
28305 0.000017
28306 0.000026
28307 0.000014
28308 0.000016
28309 0.000017
28310 0.000026
28311 0.000008
28312 0.000026
28313 0.000063
28314 0.000005
28315 0.000013
28316 0.000039
28317 0.000009
28318 0.000028
28319 0.000022
28320 0.000038
28321 0.000009
28322 0.000039
28323 0.000009
28324 0.000036
28325 0.000018
28326 0.000015
28327 0.000009
28328 0.000013
28329 0.000014
28330 0.000019
28331 0.000004
28332 0.000024
28333 0.000029
28334 0.000037
28335 0.000006
28336 0.000026
28337 0.000023
28338 0.000016
28339 0.000008
28340 0.000017
28341 0.000009
28342 0.000053
28343 0.000013
28344 0.000030
28345 0.000023
28346 0.000032
28347 0.000036
28348 0.000035
28349 0.000029
28350 0.000014
28351 0.000007
28352 0.000004
28353 0.000022
28354 0.000008
28355 0.000017
28356 0.000055
28357 0.000008
28358 0.000018
28359 0.000014
28360 0.000031
28361 0.000034
28362 0.000019
28363 0.000008
28364 0.000010
28365 0.000008
28366 0.000024
28367 0.000015
28368 0.000013
28369 0.000007
28370 0.000011
28371 0.000033
28372 0.000008
28373 0.000017
28374 0.000016
28375 0.000015
28376 0.000011
28377 0.000024
28378 0.000024
28379 0.000009
28380 0.000010
28381 0.000020
28382 0.000016
28383 0.000029
28384 0.000013
28385 0.000010
28386 0.000026
28387 0.000030
28388 0.000019
28389 0.000050
28390 0.000018
28391 0.000044
28392 0.000006
28393 0.000011
28394 0.000022
28395 0.000009
28396 0.000024
28397 0.000016
28398 0.000017
28399 0.000013
28400 0.000015
28401 0.000018
28402 0.000015
28403 0.000031
28404 0.000029
28405 0.000027
28406 0.000018
28407 0.000054
28408 0.000019
28409 0.000017
28410 0.000037
28411 0.000006
28412 0.000016
28413 0.000031
28414 0.000028
28415 0.000022
28416 0.000004
28417 0.000048
28418 0.000013
28419 0.000020
28420 0.000006
28421 0.000006
28422 0.000016
28423 0.000016
28424 0.000030
28425 0.000007
28426 0.000015
28427 0.000011
28428 0.000004
28429 0.000023
28430 0.000011
28431 0.000020
28432 0.000036
28433 0.000013
28434 0.000031
28435 0.000033
28436 0.000030
28437 0.000005
28438 0.000016
28439 0.000029
28440 0.000020
28441 0.000009
28442 0.000063
28443 0.000028
28444 0.000011
28445 0.000015
28446 0.000020
28447 0.000004
28448 0.000009
28449 0.000032
28450 0.000004
28451 0.000013
28452 0.000006
28453 0.000045
28454 0.000014
28455 0.000014
28456 0.000018
28457 0.000013
28458 0.000011
28459 0.000007
28460 0.000004
28461 0.000028
28462 0.000011
28463 0.000031
28464 0.000010
28465 0.000027
28466 0.000018
28467 0.000012
28468 0.000020
28469 0.000039
28470 0.000017
28471 0.000010
28472 0.000020
28473 0.000023
28474 0.000028
28475 0.000004
28476 0.000010
28477 0.000006
28478 0.000012
28479 0.000056
28480 0.000018
28481 0.000022
28482 0.000017
28483 0.000022
28484 0.000011
28485 0.000008
28486 0.000012
28487 0.000042
28488 0.000015
28489 0.000012
28490 0.000037
28491 0.000022
28492 0.000029
28493 0.000032
28494 0.000022
28495 0.000011
28496 0.000009
28497 0.000005
28498 0.000015
28499 0.000034
28500 0.000014
28501 0.000011
28502 0.000016
28503 0.000006
28504 0.000012
28505 0.000011
28506 0.000035
28507 0.000010
28508 0.000018
28509 0.000009
28510 0.000038
28511 0.000030
28512 0.000014
28513 0.000017
28514 0.000016
28515 0.000035
28516 0.000038
28517 0.000028
28518 0.000008
28519 0.000030
28520 0.000019
28521 0.000058
28522 0.000018
28523 0.000004
28524 0.000015
28525 0.000010
28526 0.000050
28527 0.000020
28528 0.000016
28529 0.000017
28530 0.000018
28531 0.000035
28532 0.000044
28533 0.000014
28534 0.000048
28535 0.000016
28536 0.000008
28537 0.000025
28538 0.000015
28539 0.000013
28540 0.000039
28541 0.000027
28542 0.000018
28543 0.000009
28544 0.000018
28545 0.000028
28546 0.000013
28547 0.000029
28548 0.000007
28549 0.000009
28550 0.000021
28551 0.000015
28552 0.000011
28553 0.000004
28554 0.000010
28555 0.000020
28556 0.000013
28557 0.000014
28558 0.000019
28559 0.000016
28560 0.000029
28561 0.000036
28562 0.000022
28563 0.000020
28564 0.000036
28565 0.000042
28566 0.000012
28567 0.000022
28568 0.000008
28569 0.000012
28570 0.000026
28571 0.000004
28572 0.000012
28573 0.000010
28574 0.000009
28575 0.000006
28576 0.000017
28577 0.000007
28578 0.000031
28579 0.000014
28580 0.000015
28581 0.000024
28582 0.000020
28583 0.000004
28584 0.000022
28585 0.000017
28586 0.000031
28587 0.000019
28588 0.000019
28589 0.000020
28590 0.000006
28591 0.000009
28592 0.000010
28593 0.000010
28594 0.000024
28595 0.000017
28596 0.000023
28597 0.000029
28598 0.000008
28599 0.000020
28600 0.000008
28601 0.000025
28602 0.000006
28603 0.000007
28604 0.000004
28605 0.000009
28606 0.000020
28607 0.000004
28608 0.000015
28609 0.000055
28610 0.000011
28611 0.000011
28612 0.000021
28613 0.000037
28614 0.000027
28615 0.000044
28616 0.000032
28617 0.000036
28618 0.000012
28619 0.000011
28620 0.000016
28621 0.000028
28622 0.000022
28623 0.000034
28624 0.000008
28625 0.000042
28626 0.000014
28627 0.000005
28628 0.000018
28629 0.000023
28630 0.000017
28631 0.000038
28632 0.000018
28633 0.000026
28634 0.000022
28635 0.000018
28636 0.000013
28637 0.000030
28638 0.000028
28639 0.000019
28640 0.000011
28641 0.000046
28642 0.000061
28643 0.000021
28644 0.000020
28645 0.000022
28646 0.000069
28647 0.000011
28648 0.000011
28649 0.000008
28650 0.000031
28651 0.000018
28652 0.000015
28653 0.000018
28654 0.000009
28655 0.000022
28656 0.000009
28657 0.000018
28658 0.000010
28659 0.000006
28660 0.000018
28661 0.000012
28662 0.000044
28663 0.000004
28664 0.000012
28665 0.000007
28666 0.000012
28667 0.000006
28668 0.000036
28669 0.000008
28670 0.000023
28671 0.000021
28672 0.000009
28673 0.000023
28674 0.000006
28675 0.000055
28676 0.000035
28677 0.000016
28678 0.000010
28679 0.000028
28680 0.000008
28681 0.000005
28682 0.000016
28683 0.000040
28684 0.000020
28685 0.000020
28686 0.000014
28687 0.000024
28688 0.000038
28689 0.000042
28690 0.000046
28691 0.000007
28692 0.000026
28693 0.000011
28694 0.000034
28695 0.000032
28696 0.000023
28697 0.000032
28698 0.000004
28699 0.000036
28700 0.000021
28701 0.000018
28702 0.000035
28703 0.000021
28704 0.000008
28705 0.000024
28706 0.000019
28707 0.000031
28708 0.000021
28709 0.000020
28710 0.000010
28711 0.000058
28712 0.000010
28713 0.000007
28714 0.000009
28715 0.000014
28716 0.000016
28717 0.000014
28718 0.000012
28719 0.000012
28720 0.000022
28721 0.000016
28722 0.000006
28723 0.000016
28724 0.000017
28725 0.000023
28726 0.000016
28727 0.000018
28728 0.000035
28729 0.000047
28730 0.000035
28731 0.000004
28732 0.000037
28733 0.000046
28734 0.000015
28735 0.000012
28736 0.000009
28737 0.000008
28738 0.000015
28739 0.000020
28740 0.000011
28741 0.000015
28742 0.000026
28743 0.000016
28744 0.000011
28745 0.000018
28746 0.000009
28747 0.000009
28748 0.000016
28749 0.000045
28750 0.000021
28751 0.000012
28752 0.000007
28753 0.000004
28754 0.000004
28755 0.000021
28756 0.000007
28757 0.000004
28758 0.000073
28759 0.000025
28760 0.000016
28761 0.000019
28762 0.000031
28763 0.000006
28764 0.000033
28765 0.000014
28766 0.000013
28767 0.000022
28768 0.000060
28769 0.000015
28770 0.000016
28771 0.000040
28772 0.000021
28773 0.000010
28774 0.000022
28775 0.000025
28776 0.000004
28777 0.000030
28778 0.000009
28779 0.000026
28780 0.000020
28781 0.000005
28782 0.000050
28783 0.000031
28784 0.000024
28785 0.000030
28786 0.000027
28787 0.000005
28788 0.000015
28789 0.000013
28790 0.000006
28791 0.000011
28792 0.000025
28793 0.000014
28794 0.000017
28795 0.000029
28796 0.000014
28797 0.000020
28798 0.000041
28799 0.000028
28800 0.000024
28801 0.000012
28802 0.000014
28803 0.000027
28804 0.000005
28805 0.000011
28806 0.000009
28807 0.000021
28808 0.000014
28809 0.000008
28810 0.000018
28811 0.000024
28812 0.000010
28813 0.000017
28814 0.000013
28815 0.000018
28816 0.000004
28817 0.000012
28818 0.000045
28819 0.000016
28820 0.000004
28821 0.000004
28822 0.000004
28823 0.000044
28824 0.000020
28825 0.000038
28826 0.000026
28827 0.000004
28828 0.000012
28829 0.000014
28830 0.000004
28831 0.000023
28832 0.000008
28833 0.000009
28834 0.000042
28835 0.000010
28836 0.000006
28837 0.000067
28838 0.000042
28839 0.000006
28840 0.000009
28841 0.000050
28842 0.000013
28843 0.000021
28844 0.000012
28845 0.000011
28846 0.000022
28847 0.000007
28848 0.000004
28849 0.000025
28850 0.000018
28851 0.000009
28852 0.000006
28853 0.000012
28854 0.000010
28855 0.000035
28856 0.000034
28857 0.000028
28858 0.000018
28859 0.000044
28860 0.000020
28861 0.000014
28862 0.000025
28863 0.000018
28864 0.000021
28865 0.000028
28866 0.000026
28867 0.000006
28868 0.000028
28869 0.000004
28870 0.000062
28871 0.000013
28872 0.000020
28873 0.000025
28874 0.000035
28875 0.000016
28876 0.000007
28877 0.000012
28878 0.000049
28879 0.000049
28880 0.000022
28881 0.000006
28882 0.000057
28883 0.000018
28884 0.000015
28885 0.000008
28886 0.000014
28887 0.000011
28888 0.000007
28889 0.000022
28890 0.000010
28891 0.000026
28892 0.000010
28893 0.000012
28894 0.000018
28895 0.000015
28896 0.000015
28897 0.000019
28898 0.000004
28899 0.000021
28900 0.000013
28901 0.000004
28902 0.000037
28903 0.000010
28904 0.000010
28905 0.000016
28906 0.000018
28907 0.000006
28908 0.000033
28909 0.000023
28910 0.000013
28911 0.000005
28912 0.000013
28913 0.000021
28914 0.000059
28915 0.000013
28916 0.000051
28917 0.000009
28918 0.000015
28919 0.000023
28920 0.000017
28921 0.000014
28922 0.000007
28923 0.000008
28924 0.000040
28925 0.000012
28926 0.000023
28927 0.000031
28928 0.000013
28929 0.000022
28930 0.000018
28931 0.000018
28932 0.000041
28933 0.000010
28934 0.000009
28935 0.000024
28936 0.000023
28937 0.000006
28938 0.000019
28939 0.000014
28940 0.000007
28941 0.000033
28942 0.000013
28943 0.000023
28944 0.000011
28945 0.000004
28946 0.000038
28947 0.000007
28948 0.000013
28949 0.000014
28950 0.000007
28951 0.000042
28952 0.000019
28953 0.000008
28954 0.000019
28955 0.000033
28956 0.000033
28957 0.000004
28958 0.000019
28959 0.000018
28960 0.000020
28961 0.000007
28962 0.000033
28963 0.000013
28964 0.000013
28965 0.000007
28966 0.000005
28967 0.000029
28968 0.000011
28969 0.000025
28970 0.000050
28971 0.000018
28972 0.000024
28973 0.000007
28974 0.000009
28975 0.000040
28976 0.000010
28977 0.000022
28978 0.000020
28979 0.000021
28980 0.000013
28981 0.000026
28982 0.000012
28983 0.000011
28984 0.000009
28985 0.000008
28986 0.000032
28987 0.000007
28988 0.000032
28989 0.000031
28990 0.000029
28991 0.000056
28992 0.000010
28993 0.000022
28994 0.000020
28995 0.000012
28996 0.000018
28997 0.000012
28998 0.000012
28999 0.000025
29000 0.000021
29001 0.000009
29002 0.000032
29003 0.000010
29004 0.000030
29005 0.000030
29006 0.000019
29007 0.000020
29008 0.000044
29009 0.000007
29010 0.000019
29011 0.000004
29012 0.000010
29013 0.000015
29014 0.000025
29015 0.000022
29016 0.000014
29017 0.000018
29018 0.000026
29019 0.000017
29020 0.000032
29021 0.000021
29022 0.000028
29023 0.000025
29024 0.000004
29025 0.000019
29026 0.000004
29027 0.000012
29028 0.000007
29029 0.000016
29030 0.000008
29031 0.000014
29032 0.000042
29033 0.000021
29034 0.000028
29035 0.000011
29036 0.000032
29037 0.000043
29038 0.000020
29039 0.000039
29040 0.000034
29041 0.000007
29042 0.000031
29043 0.000004
29044 0.000011
29045 0.000018
29046 0.000028
29047 0.000005
29048 0.000012
29049 0.000016
29050 0.000026
29051 0.000014
29052 0.000017
29053 0.000011
29054 0.000009
29055 0.000008
29056 0.000013
29057 0.000015
29058 0.000024
29059 0.000013
29060 0.000011
29061 0.000012
29062 0.000007
29063 0.000011
29064 0.000014
29065 0.000020
29066 0.000015
29067 0.000027
29068 0.000022
29069 0.000015
29070 0.000012
29071 0.000017
29072 0.000009
29073 0.000031
29074 0.000016
29075 0.000009
29076 0.000027
29077 0.000015
29078 0.000026
29079 0.000016
29080 0.000012
29081 0.000072
29082 0.000087
29083 0.000013
29084 0.000034
29085 0.000033
29086 0.000022
29087 0.000010
29088 0.000024
29089 0.000022
29090 0.000019
29091 0.000025
29092 0.000022
29093 0.000009
29094 0.000035
29095 0.000022
29096 0.000019
29097 0.000004
29098 0.000008
29099 0.000007
29100 0.000005
29101 0.000008
29102 0.000004
29103 0.000047
29104 0.000032
29105 0.000031
29106 0.000025
29107 0.000010
29108 0.000012
29109 0.000007
29110 0.000019
29111 0.000014
29112 0.000036
29113 0.000066
29114 0.000012
29115 0.000004
29116 0.000013
29117 0.000024
29118 0.000013
29119 0.000022
29120 0.000007
29121 0.000055
29122 0.000021
29123 0.000007
29124 0.000012
29125 0.000018
29126 0.000031
29127 0.000029
29128 0.000018
29129 0.000017
29130 0.000016
29131 0.000004
29132 0.000020
29133 0.000022
29134 0.000020
29135 0.000023
29136 0.000004
29137 0.000017
29138 0.000018
29139 0.000014
29140 0.000013
29141 0.000012
29142 0.000010
29143 0.000012
29144 0.000015
29145 0.000004
29146 0.000008
29147 0.000004
29148 0.000007
29149 0.000010
29150 0.000008
29151 0.000010
29152 0.000005
29153 0.000024
29154 0.000013
29155 0.000016
29156 0.000033
29157 0.000024
29158 0.000019
29159 0.000025
29160 0.000027
29161 0.000010
29162 0.000027
29163 0.000017
29164 0.000006
29165 0.000020
29166 0.000014
29167 0.000029
29168 0.000026
29169 0.000007
29170 0.000024
29171 0.000007
29172 0.000006
29173 0.000016
29174 0.000008
29175 0.000017
29176 0.000029
29177 0.000020
29178 0.000004
29179 0.000006
29180 0.000015
29181 0.000004
29182 0.000004
29183 0.000042
29184 0.000058
29185 0.000017
29186 0.000030
29187 0.000013
29188 0.000017
29189 0.000032
29190 0.000020
29191 0.000009
29192 0.000037
29193 0.000005
29194 0.000004
29195 0.000013
29196 0.000007
29197 0.000011
29198 0.000019
29199 0.000014
29200 0.000048
29201 0.000017
29202 0.000023
29203 0.000034
29204 0.000013
29205 0.000004
29206 0.000031
29207 0.000004
29208 0.000008
29209 0.000017
29210 0.000028
29211 0.000011
29212 0.000056
29213 0.000016
29214 0.000023
29215 0.000013
29216 0.000022
29217 0.000006
29218 0.000008
29219 0.000011
29220 0.000006
29221 0.000016
29222 0.000028
29223 0.000047
29224 0.000016
29225 0.000023
29226 0.000013
29227 0.000017
29228 0.000025
29229 0.000020
29230 0.000026
29231 0.000020
29232 0.000026
29233 0.000032
29234 0.000034
29235 0.000034
29236 0.000023
29237 0.000004
29238 0.000055
29239 0.000029
29240 0.000010
29241 0.000004
29242 0.000007
29243 0.000042
29244 0.000008
29245 0.000009
29246 0.000014
29247 0.000028
29248 0.000004
29249 0.000009
29250 0.000025
29251 0.000009
29252 0.000006
29253 0.000010
29254 0.000009
29255 0.000013
29256 0.000024
29257 0.000017
29258 0.000019
29259 0.000013
29260 0.000025
29261 0.000006
29262 0.000015
29263 0.000010
29264 0.000021
29265 0.000011
29266 0.000009
29267 0.000015
29268 0.000011
29269 0.000016
29270 0.000025
29271 0.000010
29272 0.000027
29273 0.000017
29274 0.000033
29275 0.000009
29276 0.000074
29277 0.000013
29278 0.000024
29279 0.000013
29280 0.000033
29281 0.000004
29282 0.000015
29283 0.000039
29284 0.000009
29285 0.000022
29286 0.000015
29287 0.000018
29288 0.000009
29289 0.000022
29290 0.000015
29291 0.000010
29292 0.000032
29293 0.000029
29294 0.000022
29295 0.000040
29296 0.000016
29297 0.000009
29298 0.000017
29299 0.000017
29300 0.000009
29301 0.000022
29302 0.000018
29303 0.000012
29304 0.000024
29305 0.000010
29306 0.000030
29307 0.000015
29308 0.000036
29309 0.000031
29310 0.000017
29311 0.000019
29312 0.000016
29313 0.000021
29314 0.000011
29315 0.000011
29316 0.000014
29317 0.000035
29318 0.000014
29319 0.000010
29320 0.000010
29321 0.000013
29322 0.000023
29323 0.000022
29324 0.000004
29325 0.000007
29326 0.000048
29327 0.000025
29328 0.000022
29329 0.000015
29330 0.000013
29331 0.000008
29332 0.000006
29333 0.000009
29334 0.000010
29335 0.000022
29336 0.000024
29337 0.000043
29338 0.000012
29339 0.000030
29340 0.000017
29341 0.000020
29342 0.000016
29343 0.000020
29344 0.000032
29345 0.000004
29346 0.000039
29347 0.000012
29348 0.000005
29349 0.000016
29350 0.000008
29351 0.000031
29352 0.000051
29353 0.000022
29354 0.000014
29355 0.000022
29356 0.000007
29357 0.000015
29358 0.000010
29359 0.000010
29360 0.000005
29361 0.000022
29362 0.000020
29363 0.000059
29364 0.000022
29365 0.000010
29366 0.000019
29367 0.000010
29368 0.000022
29369 0.000017
29370 0.000010
29371 0.000009
29372 0.000031
29373 0.000012
29374 0.000008
29375 0.000018
29376 0.000030
29377 0.000030
29378 0.000011
29379 0.000025
29380 0.000012
29381 0.000036
29382 0.000038
29383 0.000022
29384 0.000013
29385 0.000011
29386 0.000006
29387 0.000020
29388 0.000040
29389 0.000009
29390 0.000007
29391 0.000022
29392 0.000020
29393 0.000012
29394 0.000026
29395 0.000036
29396 0.000035
29397 0.000013
29398 0.000015
29399 0.000004
29400 0.000006
29401 0.000024
29402 0.000024
29403 0.000013
29404 0.000009
29405 0.000005
29406 0.000026
29407 0.000007
29408 0.000019
29409 0.000017
29410 0.000031
29411 0.000022
29412 0.000035
29413 0.000029
29414 0.000024
29415 0.000007
29416 0.000016
29417 0.000023
29418 0.000037
29419 0.000020
29420 0.000023
29421 0.000008
29422 0.000023
29423 0.000016
29424 0.000004
29425 0.000007
29426 0.000014
29427 0.000020
29428 0.000008
29429 0.000031
29430 0.000030
29431 0.000004
29432 0.000004
29433 0.000014
29434 0.000009
29435 0.000004
29436 0.000015
29437 0.000004
29438 0.000010
29439 0.000031
29440 0.000032
29441 0.000035
29442 0.000017
29443 0.000030
29444 0.000016
29445 0.000010
29446 0.000030
29447 0.000068
29448 0.000016
29449 0.000024
29450 0.000016
29451 0.000027
29452 0.000019
29453 0.000011
29454 0.000030
29455 0.000010
29456 0.000008
29457 0.000028
29458 0.000051
29459 0.000028
29460 0.000004
29461 0.000004
29462 0.000012
29463 0.000022
29464 0.000097
29465 0.000033
29466 0.000007
29467 0.000010
29468 0.000017
29469 0.000020
29470 0.000027
29471 0.000009
29472 0.000015
29473 0.000034
29474 0.000015
29475 0.000032
29476 0.000033
29477 0.000016
29478 0.000018
29479 0.000011
29480 0.000010
29481 0.000018
29482 0.000025
29483 0.000052
29484 0.000025
29485 0.000050
29486 0.000024
29487 0.000006
29488 0.000009
29489 0.000027
29490 0.000009
29491 0.000004
29492 0.000038
29493 0.000014
29494 0.000012
29495 0.000007
29496 0.000012
29497 0.000017
29498 0.000020
29499 0.000010
29500 0.000022
29501 0.000004
29502 0.000045
29503 0.000016
29504 0.000018
29505 0.000026
29506 0.000041
29507 0.000009
29508 0.000020
29509 0.000006
29510 0.000009
29511 0.000040
29512 0.000048
29513 0.000007
29514 0.000004
29515 0.000016
29516 0.000004
29517 0.000032
29518 0.000021
29519 0.000006
29520 0.000018
29521 0.000097
29522 0.000014
29523 0.000041
29524 0.000018
29525 0.000017
29526 0.000023
29527 0.000011
29528 0.000010
29529 0.000021
29530 0.000021
29531 0.000009
29532 0.000019
29533 0.000024
29534 0.000016
29535 0.000009
29536 0.000007
29537 0.000009
29538 0.000035
29539 0.000016
29540 0.000034
29541 0.000020
29542 0.000045
29543 0.000018
29544 0.000016
29545 0.000033
29546 0.000012
29547 0.000013
29548 0.000017
29549 0.000015
29550 0.000012
29551 0.000008
29552 0.000012
29553 0.000024
29554 0.000035
29555 0.000031
29556 0.000033
29557 0.000039
29558 0.000017
29559 0.000008
29560 0.000085
29561 0.000007
29562 0.000004
29563 0.000012
29564 0.000021
29565 0.000015
29566 0.000025
29567 0.000022
29568 0.000008
29569 0.000015
29570 0.000011
29571 0.000019
29572 0.000015
29573 0.000015
29574 0.000039
29575 0.000020
29576 0.000037
29577 0.000039
29578 0.000004
29579 0.000033
29580 0.000032
29581 0.000004
29582 0.000029
29583 0.000012
29584 0.000041
29585 0.000006
29586 0.000010
29587 0.000036
29588 0.000011
29589 0.000017
29590 0.000015
29591 0.000021
29592 0.000024
29593 0.000058
29594 0.000025
29595 0.000004
29596 0.000013
29597 0.000009
29598 0.000004
29599 0.000021
29600 0.000013
29601 0.000007
29602 0.000032
29603 0.000005
29604 0.000035
29605 0.000014
29606 0.000039
29607 0.000020
29608 0.000015
29609 0.000047
29610 0.000006
29611 0.000022
29612 0.000031
29613 0.000024
29614 0.000013
29615 0.000026
29616 0.000039
29617 0.000008
29618 0.000022
29619 0.000007
29620 0.000004
29621 0.000005
29622 0.000033
29623 0.000021
29624 0.000012
29625 0.000012
29626 0.000010
29627 0.000020
29628 0.000032
29629 0.000014
29630 0.000009
29631 0.000014
29632 0.000028
29633 0.000034
29634 0.000006
29635 0.000056
29636 0.000014
29637 0.000019
29638 0.000014
29639 0.000049
29640 0.000009
29641 0.000027
29642 0.000010
29643 0.000038
29644 0.000004
29645 0.000021
29646 0.000017
29647 0.000005
29648 0.000033
29649 0.000052
29650 0.000018
29651 0.000019
29652 0.000026
29653 0.000009
29654 0.000039
29655 0.000014
29656 0.000037
29657 0.000010
29658 0.000039
29659 0.000012
29660 0.000042
29661 0.000020
29662 0.000027
29663 0.000030
29664 0.000034
29665 0.000029
29666 0.000012
29667 0.000028
29668 0.000012
29669 0.000012
29670 0.000019
29671 0.000026
29672 0.000007
29673 0.000017
29674 0.000014
29675 0.000020
29676 0.000018
29677 0.000008
29678 0.000014
29679 0.000026
29680 0.000011
29681 0.000015
29682 0.000031
29683 0.000013
29684 0.000008
29685 0.000029
29686 0.000063
29687 0.000021
29688 0.000063
29689 0.000013
29690 0.000033
29691 0.000018
29692 0.000018
29693 0.000104
29694 0.000025
29695 0.000030
29696 0.000014
29697 0.000014
29698 0.000020
29699 0.000041
29700 0.000010
29701 0.000004
29702 0.000008
29703 0.000050
29704 0.000010
29705 0.000007
29706 0.000006
29707 0.000021
29708 0.000004
29709 0.000009
29710 0.000018
29711 0.000014
29712 0.000030
29713 0.000004
29714 0.000016
29715 0.000018
29716 0.000022
29717 0.000047
29718 0.000034
29719 0.000080
29720 0.000015
29721 0.000014
29722 0.000030
29723 0.000026
29724 0.000018
29725 0.000034
29726 0.000014
29727 0.000043
29728 0.000029
29729 0.000010
29730 0.000052
29731 0.000022
29732 0.000043
29733 0.000015
29734 0.000034
29735 0.000005
29736 0.000049
29737 0.000042
29738 0.000010
29739 0.000008
29740 0.000022
29741 0.000007
29742 0.000024
29743 0.000014
29744 0.000026
29745 0.000039
29746 0.000005
29747 0.000015
29748 0.000030
29749 0.000015
29750 0.000027
29751 0.000035
29752 0.000007
29753 0.000030
29754 0.000019
29755 0.000013
29756 0.000017
29757 0.000027
29758 0.000029
29759 0.000032
29760 0.000004
29761 0.000062
29762 0.000018
29763 0.000009
29764 0.000043
29765 0.000009
29766 0.000010
29767 0.000050
29768 0.000019
29769 0.000018
29770 0.000008
29771 0.000022
29772 0.000015
29773 0.000019
29774 0.000007
29775 0.000030
29776 0.000013
29777 0.000034
29778 0.000004
29779 0.000007
29780 0.000017
29781 0.000029
29782 0.000016
29783 0.000024
29784 0.000006
29785 0.000009
29786 0.000004
29787 0.000055
29788 0.000050
29789 0.000028
29790 0.000025
29791 0.000012
29792 0.000031
29793 0.000004
29794 0.000018
29795 0.000020
29796 0.000049
29797 0.000033
29798 0.000047
29799 0.000020
29800 0.000011
29801 0.000004
29802 0.000017
29803 0.000018
29804 0.000027
29805 0.000012
29806 0.000007
29807 0.000018
29808 0.000017
29809 0.000019
29810 0.000022
29811 0.000020
29812 0.000019
29813 0.000012
29814 0.000017
29815 0.000015
29816 0.000020
29817 0.000032
29818 0.000032
29819 0.000007
29820 0.000024
29821 0.000008
29822 0.000017
29823 0.000010
29824 0.000015
29825 0.000019
29826 0.000008
29827 0.000027
29828 0.000020
29829 0.000027
29830 0.000014
29831 0.000022
29832 0.000032
29833 0.000004
29834 0.000008
29835 0.000007
29836 0.000028
29837 0.000008
29838 0.000031
29839 0.000031
29840 0.000006
29841 0.000050
29842 0.000004
29843 0.000018
29844 0.000010
29845 0.000034
29846 0.000020
29847 0.000020
29848 0.000016
29849 0.000030
29850 0.000019
29851 0.000034
29852 0.000020
29853 0.000046
29854 0.000026
29855 0.000018
29856 0.000014
29857 0.000014
29858 0.000016
29859 0.000046
29860 0.000038
29861 0.000010
29862 0.000017
29863 0.000027
29864 0.000017
29865 0.000035
29866 0.000039
29867 0.000026
29868 0.000012
29869 0.000020
29870 0.000020
29871 0.000012
29872 0.000025
29873 0.000025
29874 0.000013
29875 0.000008
29876 0.000017
29877 0.000018
29878 0.000022
29879 0.000018
29880 0.000010
29881 0.000028
29882 0.000024
29883 0.000012
29884 0.000021
29885 0.000015
29886 0.000031
29887 0.000016
29888 0.000018
29889 0.000017
29890 0.000022
29891 0.000029
29892 0.000004
29893 0.000021
29894 0.000010
29895 0.000005
29896 0.000032
29897 0.000020
29898 0.000037
29899 0.000025
29900 0.000012
29901 0.000015
29902 0.000013
29903 0.000012
29904 0.000020
29905 0.000024
29906 0.000060
29907 0.000018
29908 0.000012
29909 0.000032
29910 0.000013
29911 0.000009
29912 0.000008
29913 0.000005
29914 0.000017
29915 0.000032
29916 0.000022
29917 0.000012
29918 0.000013
29919 0.000020
29920 0.000010
29921 0.000019
29922 0.000034
29923 0.000031
29924 0.000013
29925 0.000016
29926 0.000017
29927 0.000007
29928 0.000011
29929 0.000008
29930 0.000004
29931 0.000007
29932 0.000011
29933 0.000057
29934 0.000022
29935 0.000014
29936 0.000022
29937 0.000031
29938 0.000021
29939 0.000006
29940 0.000004
29941 0.000004
29942 0.000014
29943 0.000016
29944 0.000014
29945 0.000023
29946 0.000011
29947 0.000013
29948 0.000017
29949 0.000023
29950 0.000017
29951 0.000018
29952 0.000028
29953 0.000013
29954 0.000004
29955 0.000029
29956 0.000015
29957 0.000015
29958 0.000018
29959 0.000020
29960 0.000027
29961 0.000022
29962 0.000006
29963 0.000014
29964 0.000038
29965 0.000020
29966 0.000004
29967 0.000073
29968 0.000017
29969 0.000008
29970 0.000007
29971 0.000043
29972 0.000022
29973 0.000011
29974 0.000012
29975 0.000012
29976 0.000035
29977 0.000026
29978 0.000034
29979 0.000014
29980 0.000026
29981 0.000011
29982 0.000011
29983 0.000023
29984 0.000006
29985 0.000004
29986 0.000074
29987 0.000027
29988 0.000031
29989 0.000019
29990 0.000004
29991 0.000009
29992 0.000016
29993 0.000004
29994 0.000018
29995 0.000019
29996 0.000037
29997 0.000076
29998 0.000012
29999 0.000015
30000 0.000011
30001 0.000030
30002 0.000007
30003 0.000012
30004 0.000010
30005 0.000017
30006 0.000013
30007 0.000025
30008 0.000013
30009 0.000009
30010 0.000026
30011 0.000024
30012 0.000012
30013 0.000023
30014 0.000024
30015 0.000021
30016 0.000004
30017 0.000011
30018 0.000014
30019 0.000031
30020 0.000022
30021 0.000052
30022 0.000046
30023 0.000009
30024 0.000006
30025 0.000025
30026 0.000019
30027 0.000011
30028 0.000039
30029 0.000022
30030 0.000012
30031 0.000015
30032 0.000019
30033 0.000011
30034 0.000019
30035 0.000008
30036 0.000022
30037 0.000017
30038 0.000022
30039 0.000016
30040 0.000038
30041 0.000009
30042 0.000018
30043 0.000020
30044 0.000010
30045 0.000036
30046 0.000038
30047 0.000008
30048 0.000052
30049 0.000017
30050 0.000025
30051 0.000007
30052 0.000011
30053 0.000021
30054 0.000029
30055 0.000004
30056 0.000009
30057 0.000014
30058 0.000014
30059 0.000017
30060 0.000023
30061 0.000021
30062 0.000010
30063 0.000037
30064 0.000014
30065 0.000022
30066 0.000029
30067 0.000017
30068 0.000021
30069 0.000014
30070 0.000022
30071 0.000020
30072 0.000016
30073 0.000026
30074 0.000023
30075 0.000016
30076 0.000047
30077 0.000024
30078 0.000016
30079 0.000010
30080 0.000013
30081 0.000018
30082 0.000017
30083 0.000006
30084 0.000034
30085 0.000020
30086 0.000018
30087 0.000028
30088 0.000025
30089 0.000016
30090 0.000004
30091 0.000009
30092 0.000014
30093 0.000026
30094 0.000006
30095 0.000012
30096 0.000017
30097 0.000036
30098 0.000014
30099 0.000014
30100 0.000016
30101 0.000008
30102 0.000024
30103 0.000004
30104 0.000044
30105 0.000027
30106 0.000010
30107 0.000009
30108 0.000023
30109 0.000063
30110 0.000020
30111 0.000068
30112 0.000009
30113 0.000011
30114 0.000018
30115 0.000013
30116 0.000017
30117 0.000030
30118 0.000008
30119 0.000018
30120 0.000014
30121 0.000034
30122 0.000031
30123 0.000005
30124 0.000033
30125 0.000041
30126 0.000022
30127 0.000012
30128 0.000011
30129 0.000026
30130 0.000049
30131 0.000021
30132 0.000005
30133 0.000015
30134 0.000010
30135 0.000028
30136 0.000011
30137 0.000014
30138 0.000011
30139 0.000007
30140 0.000053
30141 0.000006
30142 0.000035
30143 0.000015
30144 0.000009
30145 0.000062
30146 0.000012
30147 0.000016
30148 0.000005
30149 0.000006
30150 0.000024
30151 0.000012
30152 0.000013
30153 0.000014
30154 0.000028
30155 0.000024
30156 0.000015
30157 0.000010
30158 0.000027
30159 0.000043
30160 0.000024
30161 0.000038
30162 0.000018
30163 0.000035
30164 0.000018
30165 0.000009
30166 0.000021
30167 0.000010
30168 0.000022
30169 0.000040
30170 0.000010
30171 0.000027
30172 0.000012
30173 0.000025
30174 0.000006
30175 0.000010
30176 0.000038
30177 0.000004
30178 0.000009
30179 0.000007
30180 0.000013
30181 0.000010
30182 0.000019
30183 0.000017
30184 0.000022
30185 0.000036
30186 0.000019
30187 0.000025
30188 0.000054
30189 0.000004
30190 0.000010
30191 0.000025
30192 0.000013
30193 0.000032
30194 0.000009
30195 0.000021
30196 0.000004
30197 0.000008
30198 0.000013
30199 0.000059
30200 0.000007
30201 0.000027
30202 0.000020
30203 0.000008
30204 0.000007
30205 0.000010
30206 0.000005
30207 0.000020
30208 0.000023
30209 0.000004
30210 0.000005
30211 0.000013
30212 0.000023
30213 0.000032
30214 0.000027
30215 0.000006
30216 0.000014
30217 0.000018
30218 0.000054
30219 0.000018
30220 0.000009
30221 0.000007
30222 0.000025
30223 0.000031
30224 0.000018
30225 0.000008
30226 0.000065
30227 0.000015
30228 0.000007
30229 0.000014
30230 0.000039
30231 0.000022
30232 0.000010
30233 0.000007
30234 0.000007
30235 0.000017
30236 0.000043
30237 0.000031
30238 0.000005
30239 0.000008
30240 0.000018
30241 0.000013
30242 0.000057
30243 0.000046
30244 0.000016
30245 0.000015
30246 0.000015
30247 0.000016
30248 0.000017
30249 0.000004
30250 0.000033
30251 0.000032
30252 0.000016
30253 0.000052
30254 0.000053
30255 0.000013
30256 0.000008
30257 0.000006
30258 0.000015
30259 0.000032
30260 0.000016
30261 0.000009
30262 0.000007
30263 0.000024
30264 0.000004
30265 0.000007
30266 0.000035
30267 0.000036
30268 0.000011
30269 0.000005
30270 0.000011
30271 0.000020
30272 0.000017
30273 0.000018
30274 0.000054
30275 0.000014
30276 0.000027
30277 0.000011
30278 0.000018
30279 0.000017
30280 0.000027
30281 0.000034
30282 0.000010
30283 0.000030
30284 0.000027
30285 0.000015
30286 0.000020
30287 0.000028
30288 0.000020
30289 0.000008
30290 0.000007
30291 0.000015
30292 0.000021
30293 0.000017
30294 0.000007
30295 0.000011
30296 0.000010
30297 0.000026
30298 0.000025
30299 0.000020
30300 0.000013
30301 0.000025
30302 0.000040
30303 0.000013
30304 0.000018
30305 0.000046
30306 0.000016
30307 0.000015
30308 0.000010
30309 0.000011
30310 0.000054
30311 0.000030
30312 0.000013
30313 0.000030
30314 0.000018
30315 0.000025
30316 0.000016
30317 0.000016
30318 0.000006
30319 0.000015
30320 0.000052
30321 0.000020
30322 0.000006
30323 0.000039
30324 0.000014
30325 0.000014
30326 0.000018
30327 0.000017
30328 0.000009
30329 0.000007
30330 0.000009
30331 0.000024
30332 0.000019
30333 0.000017
30334 0.000011
30335 0.000024
30336 0.000024
30337 0.000016
30338 0.000036
30339 0.000017
30340 0.000006
30341 0.000015
30342 0.000009
30343 0.000041
30344 0.000035
30345 0.000021
30346 0.000034
30347 0.000014
30348 0.000033
30349 0.000023
30350 0.000016
30351 0.000009
30352 0.000023
30353 0.000030
30354 0.000017
30355 0.000018
30356 0.000021
30357 0.000019
30358 0.000019
30359 0.000046
30360 0.000004
30361 0.000013
30362 0.000042
30363 0.000008
30364 0.000007
30365 0.000013
30366 0.000016
30367 0.000048
30368 0.000009
30369 0.000011
30370 0.000006
30371 0.000014
30372 0.000021
30373 0.000043
30374 0.000010
30375 0.000004
30376 0.000019
30377 0.000011
30378 0.000014
30379 0.000007
30380 0.000014
30381 0.000034
30382 0.000024
30383 0.000010
30384 0.000035
30385 0.000011
30386 0.000023
30387 0.000017
30388 0.000025
30389 0.000024
30390 0.000019
30391 0.000009
30392 0.000046
30393 0.000026
30394 0.000015
30395 0.000043
30396 0.000011
30397 0.000015
30398 0.000008
30399 0.000009
30400 0.000020
30401 0.000014
30402 0.000004
30403 0.000045
30404 0.000012
30405 0.000014
30406 0.000021
30407 0.000018
30408 0.000012
30409 0.000013
30410 0.000012
30411 0.000036
30412 0.000019
30413 0.000011
30414 0.000016
30415 0.000041
30416 0.000006
30417 0.000004
30418 0.000015
30419 0.000004
30420 0.000012
30421 0.000005
30422 0.000024
30423 0.000008
30424 0.000012
30425 0.000010
30426 0.000014
30427 0.000010
30428 0.000004
30429 0.000017
30430 0.000019
30431 0.000004
30432 0.000033
30433 0.000035
30434 0.000019
30435 0.000018
30436 0.000012
30437 0.000055
30438 0.000009
30439 0.000034
30440 0.000008
30441 0.000008
30442 0.000010
30443 0.000065
30444 0.000023
30445 0.000012
30446 0.000033
30447 0.000016
30448 0.000004
30449 0.000020
30450 0.000014
30451 0.000043
30452 0.000005
30453 0.000042
30454 0.000023
30455 0.000030
30456 0.000028
30457 0.000029
30458 0.000028
30459 0.000022
30460 0.000032
30461 0.000009
30462 0.000014
30463 0.000011
30464 0.000013
30465 0.000009
30466 0.000015
30467 0.000011
30468 0.000025
30469 0.000030
30470 0.000047
30471 0.000022
30472 0.000018
30473 0.000018
30474 0.000015
30475 0.000036
30476 0.000011
30477 0.000024
30478 0.000008
30479 0.000013
30480 0.000032
30481 0.000021
30482 0.000004
30483 0.000004
30484 0.000009
30485 0.000037
30486 0.000019
30487 0.000014
30488 0.000011
30489 0.000008
30490 0.000009
30491 0.000060
30492 0.000015
30493 0.000029
30494 0.000034
30495 0.000036
30496 0.000011
30497 0.000026
30498 0.000021
30499 0.000013
30500 0.000007
30501 0.000004
30502 0.000050
30503 0.000010
30504 0.000015
30505 0.000028
30506 0.000005
30507 0.000004
30508 0.000017
30509 0.000011
30510 0.000020
30511 0.000007
30512 0.000013
30513 0.000053
30514 0.000011
30515 0.000020
30516 0.000007
30517 0.000017
30518 0.000009
30519 0.000008
30520 0.000035
30521 0.000010
30522 0.000011
30523 0.000011
30524 0.000011
30525 0.000021
30526 0.000014
30527 0.000004
30528 0.000004
30529 0.000012
30530 0.000006
30531 0.000004
30532 0.000017
30533 0.000013
30534 0.000014
30535 0.000006
30536 0.000009
30537 0.000005
30538 0.000008
30539 0.000005
30540 0.000006
30541 0.000012
30542 0.000014
30543 0.000017
30544 0.000020
30545 0.000018
30546 0.000027
30547 0.000005
30548 0.000010
30549 0.000012
30550 0.000023
30551 0.000031
30552 0.000037
30553 0.000009
30554 0.000042
30555 0.000023
30556 0.000039
30557 0.000008
30558 0.000071
30559 0.000023
30560 0.000004
30561 0.000011
30562 0.000034
30563 0.000007
30564 0.000013
30565 0.000032
30566 0.000044
30567 0.000004
30568 0.000044
30569 0.000018
30570 0.000010
30571 0.000023
30572 0.000014
30573 0.000024
30574 0.000013
30575 0.000020
30576 0.000012
30577 0.000021
30578 0.000016
30579 0.000025
30580 0.000039
30581 0.000004
30582 0.000022
30583 0.000007
30584 0.000032
30585 0.000008
30586 0.000026
30587 0.000009
30588 0.000033
30589 0.000025
30590 0.000032
30591 0.000028
30592 0.000030
30593 0.000018
30594 0.000033
30595 0.000014
30596 0.000029
30597 0.000039
30598 0.000025
30599 0.000020
30600 0.000015
30601 0.000047
30602 0.000030
30603 0.000010
30604 0.000005
30605 0.000012
30606 0.000013
30607 0.000013
30608 0.000007
30609 0.000015
30610 0.000048
30611 0.000018
30612 0.000014
30613 0.000006
30614 0.000016
30615 0.000009
30616 0.000011
30617 0.000028
30618 0.000021
30619 0.000042
30620 0.000013
30621 0.000033
30622 0.000013
30623 0.000004
30624 0.000033
30625 0.000018
30626 0.000019
30627 0.000052
30628 0.000005
30629 0.000027
30630 0.000023
30631 0.000028
30632 0.000027
30633 0.000004
30634 0.000026
30635 0.000009
30636 0.000009
30637 0.000005
30638 0.000015
30639 0.000016
30640 0.000020
30641 0.000004
30642 0.000043
30643 0.000012
30644 0.000025
30645 0.000019
30646 0.000017
30647 0.000044
30648 0.000019
30649 0.000030
30650 0.000006
30651 0.000019
30652 0.000029
30653 0.000006
30654 0.000009
30655 0.000009
30656 0.000012
30657 0.000037
30658 0.000021
30659 0.000017
30660 0.000015
30661 0.000011
30662 0.000004
30663 0.000028
30664 0.000008
30665 0.000039
30666 0.000004
30667 0.000009
30668 0.000011
30669 0.000013
30670 0.000012
30671 0.000040
30672 0.000035
30673 0.000029
30674 0.000030
30675 0.000007
30676 0.000013
30677 0.000049
30678 0.000024
30679 0.000022
30680 0.000023
30681 0.000021
30682 0.000007
30683 0.000008
30684 0.000005
30685 0.000026
30686 0.000027
30687 0.000027
30688 0.000054
30689 0.000018
30690 0.000019
30691 0.000040
30692 0.000031
30693 0.000006
30694 0.000059
30695 0.000016
30696 0.000017
30697 0.000013
30698 0.000016
30699 0.000023
30700 0.000017
30701 0.000011
30702 0.000020
30703 0.000004
30704 0.000012
30705 0.000017
30706 0.000046
30707 0.000015
30708 0.000011
30709 0.000010
30710 0.000006
30711 0.000005
30712 0.000012
30713 0.000012
30714 0.000015
30715 0.000004
30716 0.000012
30717 0.000014
30718 0.000010
30719 0.000020
30720 0.000032
30721 0.000043
30722 0.000022
30723 0.000038
30724 0.000049
30725 0.000004
30726 0.000044
30727 0.000015
30728 0.000011
30729 0.000022
30730 0.000020
30731 0.000018
30732 0.000025
30733 0.000055
30734 0.000024
30735 0.000013
30736 0.000062
30737 0.000025
30738 0.000040
30739 0.000008
30740 0.000014
30741 0.000029
30742 0.000026
30743 0.000017
30744 0.000049
30745 0.000024
30746 0.000012
30747 0.000009
30748 0.000039
30749 0.000011
30750 0.000021
30751 0.000034
30752 0.000017
30753 0.000005
30754 0.000024
30755 0.000042
30756 0.000007
30757 0.000043
30758 0.000010
30759 0.000004
30760 0.000008
30761 0.000025
30762 0.000018
30763 0.000043
30764 0.000004
30765 0.000012
30766 0.000015
30767 0.000026
30768 0.000027
30769 0.000019
30770 0.000008
30771 0.000016
30772 0.000008
30773 0.000032
30774 0.000025
30775 0.000031
30776 0.000029
30777 0.000043
30778 0.000010
30779 0.000010
30780 0.000060
30781 0.000023
30782 0.000004
30783 0.000021
30784 0.000023
30785 0.000026
30786 0.000033
30787 0.000017
30788 0.000013
30789 0.000009
30790 0.000021
30791 0.000011
30792 0.000024
30793 0.000008
30794 0.000013
30795 0.000011
30796 0.000021
30797 0.000008
30798 0.000013
30799 0.000016
30800 0.000010
30801 0.000010
30802 0.000032
30803 0.000007
30804 0.000029
30805 0.000009
30806 0.000041
30807 0.000006
30808 0.000015
30809 0.000032
30810 0.000019
30811 0.000019
30812 0.000021
30813 0.000007
30814 0.000041
30815 0.000005
30816 0.000007
30817 0.000024
30818 0.000007
30819 0.000007
30820 0.000006
30821 0.000013
30822 0.000011
30823 0.000021
30824 0.000029
30825 0.000012
30826 0.000020
30827 0.000012
30828 0.000018
30829 0.000010
30830 0.000110
30831 0.000027
30832 0.000011
30833 0.000023
30834 0.000017
30835 0.000023
30836 0.000024
30837 0.000029
30838 0.000030
30839 0.000015
30840 0.000015
30841 0.000016
30842 0.000004
30843 0.000007
30844 0.000006
30845 0.000014
30846 0.000016
30847 0.000030
30848 0.000025
30849 0.000052
30850 0.000027
30851 0.000014
30852 0.000004
30853 0.000039
30854 0.000016
30855 0.000051
30856 0.000026
30857 0.000007
30858 0.000028
30859 0.000020
30860 0.000025
30861 0.000025
30862 0.000061
30863 0.000024
30864 0.000015
30865 0.000016
30866 0.000011
30867 0.000010
30868 0.000013
30869 0.000009
30870 0.000031
30871 0.000009
30872 0.000041
30873 0.000009
30874 0.000014
30875 0.000019
30876 0.000017
30877 0.000017
30878 0.000044
30879 0.000038
30880 0.000026
30881 0.000063
30882 0.000013
30883 0.000014
30884 0.000016
30885 0.000008
30886 0.000018
30887 0.000028
30888 0.000021
30889 0.000007
30890 0.000025
30891 0.000018
30892 0.000008
30893 0.000011
30894 0.000011
30895 0.000005
30896 0.000027
30897 0.000005
30898 0.000027
30899 0.000013
30900 0.000016
30901 0.000010
30902 0.000010
30903 0.000028
30904 0.000008
30905 0.000007
30906 0.000009
30907 0.000009
30908 0.000046
30909 0.000007
30910 0.000014
30911 0.000011
30912 0.000008
30913 0.000010
30914 0.000022
30915 0.000017
30916 0.000011
30917 0.000019
30918 0.000007
30919 0.000020
30920 0.000016
30921 0.000013
30922 0.000014
30923 0.000004
30924 0.000018
30925 0.000009
30926 0.000023
30927 0.000013
30928 0.000041
30929 0.000048
30930 0.000030
30931 0.000031
30932 0.000007
30933 0.000005
30934 0.000005
30935 0.000007
30936 0.000012
30937 0.000007
30938 0.000015
30939 0.000022
30940 0.000054
30941 0.000009
30942 0.000026
30943 0.000039
30944 0.000032
30945 0.000027
30946 0.000010
30947 0.000027
30948 0.000020
30949 0.000055
30950 0.000023
30951 0.000021
30952 0.000015
30953 0.000015
30954 0.000043
30955 0.000054
30956 0.000020
30957 0.000024
30958 0.000027
30959 0.000034
30960 0.000010
30961 0.000031
30962 0.000006
30963 0.000004
30964 0.000017
30965 0.000019
30966 0.000011
30967 0.000026
30968 0.000012
30969 0.000008
30970 0.000013
30971 0.000023
30972 0.000026
30973 0.000040
30974 0.000004
30975 0.000020
30976 0.000010
30977 0.000024
30978 0.000007
30979 0.000031
30980 0.000018
30981 0.000013
30982 0.000020
30983 0.000014
30984 0.000018
30985 0.000010
30986 0.000016
30987 0.000034
30988 0.000018
30989 0.000014
30990 0.000055
30991 0.000012
30992 0.000011
30993 0.000024
30994 0.000011
30995 0.000030
30996 0.000017
30997 0.000020
30998 0.000023
30999 0.000006
31000 0.000007
31001 0.000013
31002 0.000013
31003 0.000030
31004 0.000024
31005 0.000004
31006 0.000022
31007 0.000065
31008 0.000004
31009 0.000004
31010 0.000006
31011 0.000020
31012 0.000012
31013 0.000010
31014 0.000072
31015 0.000011
31016 0.000020
31017 0.000013
31018 0.000022
31019 0.000024
31020 0.000036
31021 0.000026
31022 0.000023
31023 0.000024
31024 0.000019
31025 0.000019
31026 0.000026
31027 0.000017
31028 0.000028
31029 0.000012
31030 0.000004
31031 0.000015
31032 0.000008
31033 0.000017
31034 0.000048
31035 0.000039
31036 0.000043
31037 0.000007
31038 0.000017
31039 0.000007
31040 0.000030
31041 0.000046
31042 0.000007
31043 0.000053
31044 0.000005
31045 0.000026
31046 0.000022
31047 0.000030
31048 0.000027
31049 0.000020
31050 0.000004
31051 0.000013
31052 0.000006
31053 0.000019
31054 0.000017
31055 0.000030
31056 0.000042
31057 0.000008
31058 0.000004
31059 0.000023
31060 0.000017
31061 0.000021
31062 0.000027
31063 0.000018
31064 0.000014
31065 0.000055
31066 0.000006
31067 0.000045
31068 0.000005
31069 0.000021
31070 0.000019
31071 0.000005
31072 0.000012
31073 0.000034
31074 0.000017
31075 0.000011
31076 0.000005
31077 0.000004
31078 0.000016
31079 0.000004
31080 0.000027
31081 0.000011
31082 0.000024
31083 0.000006
31084 0.000016
31085 0.000014
31086 0.000004
31087 0.000015
31088 0.000008
31089 0.000004
31090 0.000063
31091 0.000028
31092 0.000010
31093 0.000017
31094 0.000028
31095 0.000040
31096 0.000007
31097 0.000018
31098 0.000016
31099 0.000025
31100 0.000017
31101 0.000035
31102 0.000029
31103 0.000010
31104 0.000011
31105 0.000011
31106 0.000019
31107 0.000016
31108 0.000011
31109 0.000018
31110 0.000014
31111 0.000077
31112 0.000032
31113 0.000028
31114 0.000017
31115 0.000004
31116 0.000026
31117 0.000024
31118 0.000043
31119 0.000041
31120 0.000004
31121 0.000036
31122 0.000014
31123 0.000009
31124 0.000010
31125 0.000025
31126 0.000008
31127 0.000009
31128 0.000016
31129 0.000013
31130 0.000004
31131 0.000011
31132 0.000007
31133 0.000024
31134 0.000004
31135 0.000007
31136 0.000021
31137 0.000036
31138 0.000011
31139 0.000008
31140 0.000019
31141 0.000018
31142 0.000016
31143 0.000050
31144 0.000015
31145 0.000007
31146 0.000037
31147 0.000020
31148 0.000020
31149 0.000017
31150 0.000004
31151 0.000017
31152 0.000026
31153 0.000022
31154 0.000004
31155 0.000004
31156 0.000011
31157 0.000005
31158 0.000004
31159 0.000020
31160 0.000033
31161 0.000028
31162 0.000004
31163 0.000016
31164 0.000040
31165 0.000013
31166 0.000011
31167 0.000030
31168 0.000029
31169 0.000019
31170 0.000040
31171 0.000009
31172 0.000018
31173 0.000012
31174 0.000023
31175 0.000020
31176 0.000006
31177 0.000013
31178 0.000015
31179 0.000022
31180 0.000009
31181 0.000021
31182 0.000007
31183 0.000027
31184 0.000027
31185 0.000010
31186 0.000020
31187 0.000011
31188 0.000010
31189 0.000017
31190 0.000029
31191 0.000015
31192 0.000039
31193 0.000016
31194 0.000014
31195 0.000028
31196 0.000004
31197 0.000014
31198 0.000009
31199 0.000016
31200 0.000011
31201 0.000041
31202 0.000009
31203 0.000014
31204 0.000021
31205 0.000025
31206 0.000006
31207 0.000033
31208 0.000011
31209 0.000032
31210 0.000012
31211 0.000043
31212 0.000010
31213 0.000016
31214 0.000008
31215 0.000015
31216 0.000013
31217 0.000004
31218 0.000015
31219 0.000007
31220 0.000016
31221 0.000004
31222 0.000013
31223 0.000012
31224 0.000011
31225 0.000022
31226 0.000012
31227 0.000012
31228 0.000020
31229 0.000009
31230 0.000025
31231 0.000025
31232 0.000008
31233 0.000014
31234 0.000007
31235 0.000038
31236 0.000043
31237 0.000015
31238 0.000021
31239 0.000022
31240 0.000009
31241 0.000028
31242 0.000016
31243 0.000024
31244 0.000013
31245 0.000031
31246 0.000025
31247 0.000008
31248 0.000030
31249 0.000044
31250 0.000016
31251 0.000026
31252 0.000033
31253 0.000023
31254 0.000004
31255 0.000012
31256 0.000011
31257 0.000014
31258 0.000028
31259 0.000020
31260 0.000020
31261 0.000017
31262 0.000030
31263 0.000014
31264 0.000032
31265 0.000014
31266 0.000060
31267 0.000018
31268 0.000016
31269 0.000023
31270 0.000014
31271 0.000009
31272 0.000021
31273 0.000007
31274 0.000013
31275 0.000013
31276 0.000009
31277 0.000018
31278 0.000014
31279 0.000016
31280 0.000014
31281 0.000004
31282 0.000018
31283 0.000036
31284 0.000019
31285 0.000012
31286 0.000005
31287 0.000016
31288 0.000004
31289 0.000010
31290 0.000039
31291 0.000043
31292 0.000005
31293 0.000014
31294 0.000020
31295 0.000004
31296 0.000022
31297 0.000020
31298 0.000018
31299 0.000042
31300 0.000042
31301 0.000019
31302 0.000009
31303 0.000012
31304 0.000023
31305 0.000021
31306 0.000020
31307 0.000006
31308 0.000045
31309 0.000025
31310 0.000004
31311 0.000012
31312 0.000020
31313 0.000011
31314 0.000011
31315 0.000014
31316 0.000019
31317 0.000015
31318 0.000067
31319 0.000005
31320 0.000010
31321 0.000037
31322 0.000004
31323 0.000009
31324 0.000014
31325 0.000004
31326 0.000014
31327 0.000019
31328 0.000019
31329 0.000041
31330 0.000010
31331 0.000009
31332 0.000004
31333 0.000043
31334 0.000016
31335 0.000008
31336 0.000041
31337 0.000022
31338 0.000026
31339 0.000048
31340 0.000033
31341 0.000010
31342 0.000040
31343 0.000023
31344 0.000015
31345 0.000006
31346 0.000017
31347 0.000009
31348 0.000027
31349 0.000008
31350 0.000013
31351 0.000013
31352 0.000022
31353 0.000004
31354 0.000015
31355 0.000030
31356 0.000020
31357 0.000012
31358 0.000004
31359 0.000032
31360 0.000042
31361 0.000022
31362 0.000014
31363 0.000017
31364 0.000031
31365 0.000025
31366 0.000004
31367 0.000016
31368 0.000026
31369 0.000018
31370 0.000033
31371 0.000028
31372 0.000008
31373 0.000046
31374 0.000018
31375 0.000032
31376 0.000051
31377 0.000005
31378 0.000017
31379 0.000004
31380 0.000009
31381 0.000020
31382 0.000034
31383 0.000017
31384 0.000019
31385 0.000018
31386 0.000019
31387 0.000035
31388 0.000017
31389 0.000016
31390 0.000047
31391 0.000039
31392 0.000004
31393 0.000013
31394 0.000006
31395 0.000008
31396 0.000029
31397 0.000025
31398 0.000008
31399 0.000008
31400 0.000024
31401 0.000018
31402 0.000041
31403 0.000004
31404 0.000015
31405 0.000037
31406 0.000043
31407 0.000007
31408 0.000006
31409 0.000031
31410 0.000009
31411 0.000005
31412 0.000018
31413 0.000005
31414 0.000031
31415 0.000021
31416 0.000010
31417 0.000013
31418 0.000012
31419 0.000008
31420 0.000035
31421 0.000028
31422 0.000004
31423 0.000011
31424 0.000021
31425 0.000018
31426 0.000016
31427 0.000026
31428 0.000015
31429 0.000029
31430 0.000016
31431 0.000016
31432 0.000033
31433 0.000011
31434 0.000033
31435 0.000011
31436 0.000024
31437 0.000005
31438 0.000019
31439 0.000010
31440 0.000012
31441 0.000027
31442 0.000029
31443 0.000011
31444 0.000010
31445 0.000035
31446 0.000007
31447 0.000036
31448 0.000021
31449 0.000016
31450 0.000012
31451 0.000006
31452 0.000012
31453 0.000008
31454 0.000019
31455 0.000035
31456 0.000047
31457 0.000006
31458 0.000037
31459 0.000015
31460 0.000010
31461 0.000025
31462 0.000006
31463 0.000022
31464 0.000047
31465 0.000017
31466 0.000021
31467 0.000034
31468 0.000026
31469 0.000012
31470 0.000023
31471 0.000005
31472 0.000034
31473 0.000019
31474 0.000005
31475 0.000015
31476 0.000018
31477 0.000012
31478 0.000061
31479 0.000018
31480 0.000010
31481 0.000004
31482 0.000046
31483 0.000020
31484 0.000021
31485 0.000024
31486 0.000017
31487 0.000017
31488 0.000014
31489 0.000032
31490 0.000015
31491 0.000004
31492 0.000031
31493 0.000007
31494 0.000024
31495 0.000008
31496 0.000005
31497 0.000019
31498 0.000016
31499 0.000008
31500 0.000028
31501 0.000008
31502 0.000026
31503 0.000039
31504 0.000017
31505 0.000004
31506 0.000019
31507 0.000032
31508 0.000018
31509 0.000038
31510 0.000026
31511 0.000029
31512 0.000009
31513 0.000032
31514 0.000022
31515 0.000030
31516 0.000008
31517 0.000010
31518 0.000007
31519 0.000011
31520 0.000031
31521 0.000020
31522 0.000037
31523 0.000007
31524 0.000026
31525 0.000020
31526 0.000027
31527 0.000009
31528 0.000006
31529 0.000023
31530 0.000024
31531 0.000006
31532 0.000031
31533 0.000037
31534 0.000022
31535 0.000029
31536 0.000012
31537 0.000009
31538 0.000015
31539 0.000004
31540 0.000048
31541 0.000012
31542 0.000018
31543 0.000013
31544 0.000013
31545 0.000004
31546 0.000006
31547 0.000026
31548 0.000022
31549 0.000011
31550 0.000016
31551 0.000030
31552 0.000028
31553 0.000026
31554 0.000022
31555 0.000009
31556 0.000029
31557 0.000033
31558 0.000031
31559 0.000012
31560 0.000021
31561 0.000024
31562 0.000027
31563 0.000041
31564 0.000009
31565 0.000013
31566 0.000030
31567 0.000012
31568 0.000018
31569 0.000023
31570 0.000016
31571 0.000016
31572 0.000036
31573 0.000017
31574 0.000029
31575 0.000006
31576 0.000004
31577 0.000027
31578 0.000012
31579 0.000024
31580 0.000016
31581 0.000027
31582 0.000021
31583 0.000010
31584 0.000012
31585 0.000004
31586 0.000011
31587 0.000015
31588 0.000034
31589 0.000019
31590 0.000025
31591 0.000036
31592 0.000041
31593 0.000021
31594 0.000011
31595 0.000018
31596 0.000007
31597 0.000025
31598 0.000042
31599 0.000026
31600 0.000021
31601 0.000010
31602 0.000025
31603 0.000007
31604 0.000027
31605 0.000027
31606 0.000007
31607 0.000021
31608 0.000010
31609 0.000004
31610 0.000034
31611 0.000016
31612 0.000009
31613 0.000049
31614 0.000024
31615 0.000011
31616 0.000007
31617 0.000009
31618 0.000011
31619 0.000020
31620 0.000016
31621 0.000033
31622 0.000028
31623 0.000018
31624 0.000012
31625 0.000039
31626 0.000034
31627 0.000017
31628 0.000009
31629 0.000019
31630 0.000030
31631 0.000056
31632 0.000011
31633 0.000011
31634 0.000007
31635 0.000054
31636 0.000041
31637 0.000007
31638 0.000018
31639 0.000011
31640 0.000022
31641 0.000034
31642 0.000028
31643 0.000015
31644 0.000016
31645 0.000006
31646 0.000014
31647 0.000023
31648 0.000019
31649 0.000048
31650 0.000046
31651 0.000032
31652 0.000048
31653 0.000011
31654 0.000009
31655 0.000022
31656 0.000018
31657 0.000020
31658 0.000013
31659 0.000012
31660 0.000009
31661 0.000034
31662 0.000012
31663 0.000026
31664 0.000005
31665 0.000016
31666 0.000022
31667 0.000015
31668 0.000022
31669 0.000004
31670 0.000005
31671 0.000018
31672 0.000058
31673 0.000072
31674 0.000016
31675 0.000025
31676 0.000012
31677 0.000008
31678 0.000033
31679 0.000041
31680 0.000015
31681 0.000015
31682 0.000019
31683 0.000017
31684 0.000064
31685 0.000029
31686 0.000014
31687 0.000022
31688 0.000031
31689 0.000033
31690 0.000024
31691 0.000018
31692 0.000019
31693 0.000011
31694 0.000027
31695 0.000026
31696 0.000022
31697 0.000025
31698 0.000027
31699 0.000010
31700 0.000017
31701 0.000026
31702 0.000019
31703 0.000053
31704 0.000023
31705 0.000028
31706 0.000020
31707 0.000024
31708 0.000041
31709 0.000016
31710 0.000020
31711 0.000017
31712 0.000033
31713 0.000021
31714 0.000005
31715 0.000030
31716 0.000011
31717 0.000017
31718 0.000007
31719 0.000033
31720 0.000008
31721 0.000053
31722 0.000011
31723 0.000004
31724 0.000031
31725 0.000027
31726 0.000006
31727 0.000014
31728 0.000004
31729 0.000008
31730 0.000028
31731 0.000036
31732 0.000032
31733 0.000016
31734 0.000009
31735 0.000024
31736 0.000025
31737 0.000030
31738 0.000012
31739 0.000006
31740 0.000007
31741 0.000007
31742 0.000022
31743 0.000026
31744 0.000020
31745 0.000055
31746 0.000021
31747 0.000020
31748 0.000019
31749 0.000012
31750 0.000040
31751 0.000006
31752 0.000012
31753 0.000012
31754 0.000010
31755 0.000047
31756 0.000016
31757 0.000045
31758 0.000037
31759 0.000014
31760 0.000011
31761 0.000033
31762 0.000047
31763 0.000011
31764 0.000016
31765 0.000018
31766 0.000015
31767 0.000025
31768 0.000014
31769 0.000022
31770 0.000004
31771 0.000009
31772 0.000027
31773 0.000030
31774 0.000020
31775 0.000031
31776 0.000027
31777 0.000007
31778 0.000007
31779 0.000011
31780 0.000008
31781 0.000024
31782 0.000023
31783 0.000025
31784 0.000026
31785 0.000009
31786 0.000024
31787 0.000008
31788 0.000010
31789 0.000008
31790 0.000004
31791 0.000027
31792 0.000022
31793 0.000009
31794 0.000007
31795 0.000037
31796 0.000016
31797 0.000026
31798 0.000016
31799 0.000013
31800 0.000054
31801 0.000008
31802 0.000023
31803 0.000027
31804 0.000019
31805 0.000006
31806 0.000019
31807 0.000011
31808 0.000006
31809 0.000041
31810 0.000032
31811 0.000011
31812 0.000027
31813 0.000022
31814 0.000033
31815 0.000035
31816 0.000014
31817 0.000008
31818 0.000068
31819 0.000036
31820 0.000008
31821 0.000031
31822 0.000022
31823 0.000023
31824 0.000007
31825 0.000012
31826 0.000005
31827 0.000025
31828 0.000020
31829 0.000006
31830 0.000021
31831 0.000048
31832 0.000004
31833 0.000007
31834 0.000018
31835 0.000025
31836 0.000010
31837 0.000018
31838 0.000042
31839 0.000011
31840 0.000065
31841 0.000004
31842 0.000017
31843 0.000010
31844 0.000010
31845 0.000008
31846 0.000015
31847 0.000017
31848 0.000055
31849 0.000041
31850 0.000013
31851 0.000030
31852 0.000007
31853 0.000028
31854 0.000006
31855 0.000014
31856 0.000017
31857 0.000032
31858 0.000008
31859 0.000033
31860 0.000010
31861 0.000018
31862 0.000008
31863 0.000004
31864 0.000010
31865 0.000055
31866 0.000033
31867 0.000028
31868 0.000014
31869 0.000032
31870 0.000008
31871 0.000013
31872 0.000021
31873 0.000033
31874 0.000004
31875 0.000019
31876 0.000016
31877 0.000016
31878 0.000006
31879 0.000024
31880 0.000032
31881 0.000020
31882 0.000043
31883 0.000034
31884 0.000037
31885 0.000007
31886 0.000007
31887 0.000018
31888 0.000019
31889 0.000004
31890 0.000015
31891 0.000016
31892 0.000029
31893 0.000012
31894 0.000016
31895 0.000031
31896 0.000046
31897 0.000036
31898 0.000022
31899 0.000008
31900 0.000009
31901 0.000025
31902 0.000025
31903 0.000014
31904 0.000016
31905 0.000019
31906 0.000029
31907 0.000058
31908 0.000042
31909 0.000013
31910 0.000004
31911 0.000010
31912 0.000017
31913 0.000032
31914 0.000009
31915 0.000039
31916 0.000033
31917 0.000018
31918 0.000004
31919 0.000038
31920 0.000039
31921 0.000010
31922 0.000016
31923 0.000021
31924 0.000014
31925 0.000012
31926 0.000010
31927 0.000026
31928 0.000021
31929 0.000035
31930 0.000024
31931 0.000043
31932 0.000006
31933 0.000019
31934 0.000015
31935 0.000016
31936 0.000009
31937 0.000019
31938 0.000010
31939 0.000004
31940 0.000013
31941 0.000028
31942 0.000013
31943 0.000022
31944 0.000037
31945 0.000017
31946 0.000008
31947 0.000004
31948 0.000035
31949 0.000011
31950 0.000018
31951 0.000007
31952 0.000028
31953 0.000022
31954 0.000031
31955 0.000027
31956 0.000015
31957 0.000021
31958 0.000047
31959 0.000010
31960 0.000017
31961 0.000022
31962 0.000008
31963 0.000004
31964 0.000030
31965 0.000004
31966 0.000012
31967 0.000004
31968 0.000054
31969 0.000011
31970 0.000031
31971 0.000016
31972 0.000027
31973 0.000022
31974 0.000004
31975 0.000011
31976 0.000015
31977 0.000016
31978 0.000015
31979 0.000012
31980 0.000027
31981 0.000012
31982 0.000014
31983 0.000006
31984 0.000038
31985 0.000004
31986 0.000040
31987 0.000017
31988 0.000021
31989 0.000028
31990 0.000009
31991 0.000009
31992 0.000025
31993 0.000015
31994 0.000053
31995 0.000033
31996 0.000036
31997 0.000017
31998 0.000046
31999 0.000027
32000 0.000042
32001 0.000019
32002 0.000006
32003 0.000041
32004 0.000016
32005 0.000014
32006 0.000009
32007 0.000004
32008 0.000014
32009 0.000014
32010 0.000004
32011 0.000053
32012 0.000019
32013 0.000015
32014 0.000020
32015 0.000011
32016 0.000032
32017 0.000014
32018 0.000019
32019 0.000041
32020 0.000026
32021 0.000018
32022 0.000019
32023 0.000015
32024 0.000016
32025 0.000010
32026 0.000005
32027 0.000047
32028 0.000004
32029 0.000011
32030 0.000017
32031 0.000008
32032 0.000010
32033 0.000026
32034 0.000035
32035 0.000050
32036 0.000011
32037 0.000009
32038 0.000021
32039 0.000029
32040 0.000027
32041 0.000020
32042 0.000012
32043 0.000028
32044 0.000015
32045 0.000011
32046 0.000032
32047 0.000011
32048 0.000013
32049 0.000017
32050 0.000020
32051 0.000038
32052 0.000007
32053 0.000014
32054 0.000007
32055 0.000008
32056 0.000009
32057 0.000009
32058 0.000004
32059 0.000029
32060 0.000006
32061 0.000043
32062 0.000015
32063 0.000010
32064 0.000006
32065 0.000016
32066 0.000017
32067 0.000011
32068 0.000025
32069 0.000011
32070 0.000035
32071 0.000018
32072 0.000040
32073 0.000025
32074 0.000017
32075 0.000009
32076 0.000017
32077 0.000010
32078 0.000012
32079 0.000025
32080 0.000010
32081 0.000009
32082 0.000005
32083 0.000017
32084 0.000023
32085 0.000013
32086 0.000028
32087 0.000024
32088 0.000018
32089 0.000020
32090 0.000017
32091 0.000053
32092 0.000016
32093 0.000013
32094 0.000020
32095 0.000019
32096 0.000008
32097 0.000004
32098 0.000055
32099 0.000016
32100 0.000041
32101 0.000010
32102 0.000032
32103 0.000004
32104 0.000004
32105 0.000011
32106 0.000015
32107 0.000066
32108 0.000014
32109 0.000043
32110 0.000036
32111 0.000004
32112 0.000026
32113 0.000057
32114 0.000035
32115 0.000004
32116 0.000037
32117 0.000026
32118 0.000052
32119 0.000028
32120 0.000004
32121 0.000018
32122 0.000039
32123 0.000010
32124 0.000007
32125 0.000020
32126 0.000009
32127 0.000012
32128 0.000007
32129 0.000018
32130 0.000041
32131 0.000020
32132 0.000015
32133 0.000018
32134 0.000037
32135 0.000032
32136 0.000019
32137 0.000031
32138 0.000012
32139 0.000038
32140 0.000004
32141 0.000022
32142 0.000018
32143 0.000027
32144 0.000024
32145 0.000039
32146 0.000024
32147 0.000048
32148 0.000056
32149 0.000009
32150 0.000033
32151 0.000022
32152 0.000028
32153 0.000017
32154 0.000082
32155 0.000005
32156 0.000014
32157 0.000071
32158 0.000025
32159 0.000035
32160 0.000026
32161 0.000052
32162 0.000014
32163 0.000023
32164 0.000032
32165 0.000074
32166 0.000018
32167 0.000020
32168 0.000015
32169 0.000004
32170 0.000023
32171 0.000011
32172 0.000030
32173 0.000030
32174 0.000037
32175 0.000020
32176 0.000008
32177 0.000004
32178 0.000012
32179 0.000010
32180 0.000012
32181 0.000019
32182 0.000012
32183 0.000018
32184 0.000011
32185 0.000009
32186 0.000009
32187 0.000009
32188 0.000021
32189 0.000022
32190 0.000008
32191 0.000009
32192 0.000023
32193 0.000015
32194 0.000008
32195 0.000008
32196 0.000022
32197 0.000008
32198 0.000032
32199 0.000019
32200 0.000014
32201 0.000023
32202 0.000013
32203 0.000070
32204 0.000030
32205 0.000014
32206 0.000017
32207 0.000029
32208 0.000020
32209 0.000007
32210 0.000011
32211 0.000013
32212 0.000004
32213 0.000015
32214 0.000032
32215 0.000011
32216 0.000012
32217 0.000017
32218 0.000018
32219 0.000031
32220 0.000034
32221 0.000034
32222 0.000022
32223 0.000019
32224 0.000012
32225 0.000021
32226 0.000009
32227 0.000028
32228 0.000034
32229 0.000033
32230 0.000008
32231 0.000044
32232 0.000015
32233 0.000008
32234 0.000020
32235 0.000018
32236 0.000019
32237 0.000025
32238 0.000004
32239 0.000006
32240 0.000014
32241 0.000011
32242 0.000010
32243 0.000016
32244 0.000021
32245 0.000021
32246 0.000030
32247 0.000009
32248 0.000017
32249 0.000010
32250 0.000026
32251 0.000013
32252 0.000025
32253 0.000019
32254 0.000016
32255 0.000014
32256 0.000020
32257 0.000010
32258 0.000034
32259 0.000017
32260 0.000017
32261 0.000004
32262 0.000006
32263 0.000011
32264 0.000009
32265 0.000011
32266 0.000033
32267 0.000012
32268 0.000014
32269 0.000009
32270 0.000012
32271 0.000004
32272 0.000030
32273 0.000012
32274 0.000013
32275 0.000017
32276 0.000047
32277 0.000015
32278 0.000014
32279 0.000023
32280 0.000029
32281 0.000029
32282 0.000004
32283 0.000016
32284 0.000028
32285 0.000008
32286 0.000031
32287 0.000012
32288 0.000011
32289 0.000079
32290 0.000032
32291 0.000035
32292 0.000040
32293 0.000009
32294 0.000033
32295 0.000014
32296 0.000010
32297 0.000016
32298 0.000029
32299 0.000021
32300 0.000012
32301 0.000055
32302 0.000032
32303 0.000018
32304 0.000010
32305 0.000023
32306 0.000027
32307 0.000021
32308 0.000025
32309 0.000022
32310 0.000034
32311 0.000016
32312 0.000024
32313 0.000049
32314 0.000015
32315 0.000052
32316 0.000035
32317 0.000005
32318 0.000040
32319 0.000020
32320 0.000016
32321 0.000011
32322 0.000007
32323 0.000004
32324 0.000016
32325 0.000027
32326 0.000012
32327 0.000017
32328 0.000005
32329 0.000047
32330 0.000004
32331 0.000029
32332 0.000011
32333 0.000038
32334 0.000016
32335 0.000027
32336 0.000013
32337 0.000008
32338 0.000037
32339 0.000017
32340 0.000010
32341 0.000011
32342 0.000018
32343 0.000023
32344 0.000024
32345 0.000019
32346 0.000004
32347 0.000035
32348 0.000015
32349 0.000026
32350 0.000026
32351 0.000007
32352 0.000029
32353 0.000029
32354 0.000011
32355 0.000025
32356 0.000015
32357 0.000015
32358 0.000029
32359 0.000030
32360 0.000055
32361 0.000016
32362 0.000029
32363 0.000007
32364 0.000035
32365 0.000027
32366 0.000019
32367 0.000036
32368 0.000011
32369 0.000028
32370 0.000028
32371 0.000016
32372 0.000039
32373 0.000020
32374 0.000026
32375 0.000014
32376 0.000019
32377 0.000030
32378 0.000004
32379 0.000015
32380 0.000021
32381 0.000015
32382 0.000008
32383 0.000045
32384 0.000022
32385 0.000034
32386 0.000025
32387 0.000041
32388 0.000014
32389 0.000024
32390 0.000015
32391 0.000015
32392 0.000022
32393 0.000037
32394 0.000009
32395 0.000040
32396 0.000030
32397 0.000004
32398 0.000016
32399 0.000026
32400 0.000014
32401 0.000006
32402 0.000063
32403 0.000043
32404 0.000015
32405 0.000028
32406 0.000018
32407 0.000007
32408 0.000021
32409 0.000017
32410 0.000012
32411 0.000029
32412 0.000011
32413 0.000024
32414 0.000018
32415 0.000023
32416 0.000014
32417 0.000013
32418 0.000007
32419 0.000011
32420 0.000015
32421 0.000019
32422 0.000009
32423 0.000009
32424 0.000026
32425 0.000013
32426 0.000032
32427 0.000006
32428 0.000007
32429 0.000011
32430 0.000053
32431 0.000006
32432 0.000035
32433 0.000033
32434 0.000022
32435 0.000004
32436 0.000014
32437 0.000011
32438 0.000016
32439 0.000005
32440 0.000005
32441 0.000033
32442 0.000020
32443 0.000023
32444 0.000004
32445 0.000006
32446 0.000009
32447 0.000006
32448 0.000004
32449 0.000017
32450 0.000009
32451 0.000013
32452 0.000014
32453 0.000012
32454 0.000024
32455 0.000011
32456 0.000026
32457 0.000017
32458 0.000015
32459 0.000014
32460 0.000026
32461 0.000012
32462 0.000045
32463 0.000004
32464 0.000047
32465 0.000014
32466 0.000008
32467 0.000017
32468 0.000022
32469 0.000064
32470 0.000034
32471 0.000023
32472 0.000009
32473 0.000025
32474 0.000004
32475 0.000014
32476 0.000029
32477 0.000032
32478 0.000025
32479 0.000020
32480 0.000014
32481 0.000023
32482 0.000019
32483 0.000028
32484 0.000014
32485 0.000008
32486 0.000019
32487 0.000025
32488 0.000044
32489 0.000017
32490 0.000027
32491 0.000014
32492 0.000005
32493 0.000009
32494 0.000004
32495 0.000022
32496 0.000010
32497 0.000007
32498 0.000009
32499 0.000013
32500 0.000018
32501 0.000014
32502 0.000026
32503 0.000012
32504 0.000028
32505 0.000012
32506 0.000016
32507 0.000055
32508 0.000015
32509 0.000028
32510 0.000004
32511 0.000007
32512 0.000005
32513 0.000005
32514 0.000012
32515 0.000032
32516 0.000009
32517 0.000042
32518 0.000023
32519 0.000015
32520 0.000014
32521 0.000016
32522 0.000019
32523 0.000016
32524 0.000056
32525 0.000011
32526 0.000005
32527 0.000032
32528 0.000032
32529 0.000014
32530 0.000009
32531 0.000013
32532 0.000018
32533 0.000014
32534 0.000015
32535 0.000027
32536 0.000013
32537 0.000008
32538 0.000011
32539 0.000019
32540 0.000008
32541 0.000035
32542 0.000012
32543 0.000032
32544 0.000039
32545 0.000014
32546 0.000030
32547 0.000032
32548 0.000041
32549 0.000010
32550 0.000013
32551 0.000026
32552 0.000017
32553 0.000008
32554 0.000009
32555 0.000006
32556 0.000039
32557 0.000019
32558 0.000015
32559 0.000012
32560 0.000034
32561 0.000005
32562 0.000018
32563 0.000034
32564 0.000014
32565 0.000037
32566 0.000012
32567 0.000012
32568 0.000019
32569 0.000022
32570 0.000043
32571 0.000019
32572 0.000023
32573 0.000008
32574 0.000033
32575 0.000025
32576 0.000011
32577 0.000079
32578 0.000016
32579 0.000004
32580 0.000024
32581 0.000016
32582 0.000030
32583 0.000011
32584 0.000027
32585 0.000009
32586 0.000022
32587 0.000011
32588 0.000016
32589 0.000011
32590 0.000012
32591 0.000014
32592 0.000012
32593 0.000004
32594 0.000006
32595 0.000008
32596 0.000012
32597 0.000013
32598 0.000021
32599 0.000017
32600 0.000030
32601 0.000018
32602 0.000020
32603 0.000019
32604 0.000031
32605 0.000026
32606 0.000011
32607 0.000038
32608 0.000021
32609 0.000008
32610 0.000004
32611 0.000011
32612 0.000011
32613 0.000022
32614 0.000012
32615 0.000010
32616 0.000040
32617 0.000015
32618 0.000028
32619 0.000033
32620 0.000005
32621 0.000020
32622 0.000019
32623 0.000014
32624 0.000014
32625 0.000020
32626 0.000029
32627 0.000007
32628 0.000006
32629 0.000009
32630 0.000025
32631 0.000015
32632 0.000032
32633 0.000029
32634 0.000008
32635 0.000028
32636 0.000039
32637 0.000028
32638 0.000035
32639 0.000007
32640 0.000027
32641 0.000011
32642 0.000006
32643 0.000024
32644 0.000027
32645 0.000007
32646 0.000014
32647 0.000027
32648 0.000018
32649 0.000025
32650 0.000008
32651 0.000030
32652 0.000017
32653 0.000005
32654 0.000006
32655 0.000030
32656 0.000010
32657 0.000006
32658 0.000045
32659 0.000006
32660 0.000011
32661 0.000015
32662 0.000016
32663 0.000018
32664 0.000012
32665 0.000004
32666 0.000035
32667 0.000010
32668 0.000010
32669 0.000021
32670 0.000028
32671 0.000035
32672 0.000017
32673 0.000013
32674 0.000006
32675 0.000010
32676 0.000016
32677 0.000030
32678 0.000045
32679 0.000041
32680 0.000009
32681 0.000005
32682 0.000007
32683 0.000022
32684 0.000040
32685 0.000018
32686 0.000013
32687 0.000029
32688 0.000010
32689 0.000016
32690 0.000011
32691 0.000024
32692 0.000018
32693 0.000010
32694 0.000008
32695 0.000021
32696 0.000015
32697 0.000020
32698 0.000028
32699 0.000012
32700 0.000015
32701 0.000032
32702 0.000074
32703 0.000025
32704 0.000018
32705 0.000013
32706 0.000021
32707 0.000022
32708 0.000016
32709 0.000006
32710 0.000018
32711 0.000017
32712 0.000011
32713 0.000011
32714 0.000017
32715 0.000024
32716 0.000037
32717 0.000008
32718 0.000011
32719 0.000024
32720 0.000018
32721 0.000004
32722 0.000017
32723 0.000016
32724 0.000009
32725 0.000016
32726 0.000012
32727 0.000013
32728 0.000014
32729 0.000019
32730 0.000031
32731 0.000013
32732 0.000008
32733 0.000016
32734 0.000019
32735 0.000019
32736 0.000028
32737 0.000022
32738 0.000021
32739 0.000041
32740 0.000047
32741 0.000022
32742 0.000012
32743 0.000012
32744 0.000021
32745 0.000005
32746 0.000039
32747 0.000015
32748 0.000022
32749 0.000015
32750 0.000007
32751 0.000011
32752 0.000022
32753 0.000014
32754 0.000020
32755 0.000013
32756 0.000012
32757 0.000019
32758 0.000043
32759 0.000028
32760 0.000027
32761 0.000021
32762 0.000029
32763 0.000023
32764 0.000015
32765 0.000006
32766 0.000016
32767 0.000019
32768 0.000034
32769 0.000029
32770 0.000014
32771 0.000022
32772 0.000011
32773 0.000021
32774 0.000010
32775 0.000042
32776 0.000004
32777 0.000035
32778 0.000004
32779 0.000011
32780 0.000015
32781 0.000040
32782 0.000025
32783 0.000033
32784 0.000011
32785 0.000012
32786 0.000037
32787 0.000025
32788 0.000011
32789 0.000015
32790 0.000028
32791 0.000029
32792 0.000012
32793 0.000004
32794 0.000004
32795 0.000048
32796 0.000013
32797 0.000015
32798 0.000019
32799 0.000043
32800 0.000015
32801 0.000029
32802 0.000013
32803 0.000008
32804 0.000014
32805 0.000011
32806 0.000058
32807 0.000041
32808 0.000015
32809 0.000016
32810 0.000027
32811 0.000010
32812 0.000017
32813 0.000021
32814 0.000008
32815 0.000004
32816 0.000016
32817 0.000050
32818 0.000020
32819 0.000015
32820 0.000021
32821 0.000019
32822 0.000021
32823 0.000006
32824 0.000004
32825 0.000071
32826 0.000019
32827 0.000016
32828 0.000008
32829 0.000020
32830 0.000010
32831 0.000032
32832 0.000032
32833 0.000012
32834 0.000004
32835 0.000012
32836 0.000020
32837 0.000017
32838 0.000024
32839 0.000016
32840 0.000026
32841 0.000010
32842 0.000009
32843 0.000009
32844 0.000021
32845 0.000005
32846 0.000021
32847 0.000046
32848 0.000008
32849 0.000034
32850 0.000021
32851 0.000004
32852 0.000026
32853 0.000007
32854 0.000041
32855 0.000015
32856 0.000034
32857 0.000027
32858 0.000027
32859 0.000035
32860 0.000034
32861 0.000015
32862 0.000006
32863 0.000022
32864 0.000004
32865 0.000007
32866 0.000025
32867 0.000044
32868 0.000045
32869 0.000008
32870 0.000009
32871 0.000035
32872 0.000018
32873 0.000030
32874 0.000015
32875 0.000008
32876 0.000010
32877 0.000015
32878 0.000028
32879 0.000027
32880 0.000022
32881 0.000027
32882 0.000009
32883 0.000017
32884 0.000030
32885 0.000027
32886 0.000019
32887 0.000020
32888 0.000018
32889 0.000007
32890 0.000019
32891 0.000048
32892 0.000017
32893 0.000013
32894 0.000030
32895 0.000015
32896 0.000041
32897 0.000005
32898 0.000014
32899 0.000032
32900 0.000006
32901 0.000053
32902 0.000015
32903 0.000029
32904 0.000027
32905 0.000012
32906 0.000005
32907 0.000009
32908 0.000052
32909 0.000019
32910 0.000069
32911 0.000021
32912 0.000027
32913 0.000020
32914 0.000018
32915 0.000006
32916 0.000017
32917 0.000016
32918 0.000041
32919 0.000048
32920 0.000013
32921 0.000016
32922 0.000012
32923 0.000043
32924 0.000021
32925 0.000017
32926 0.000010
32927 0.000036
32928 0.000020
32929 0.000008
32930 0.000017
32931 0.000014
32932 0.000027
32933 0.000014
32934 0.000020
32935 0.000009
32936 0.000016
32937 0.000009
32938 0.000009
32939 0.000020
32940 0.000010
32941 0.000020
32942 0.000024
32943 0.000023
32944 0.000014
32945 0.000017
32946 0.000011
32947 0.000020
32948 0.000006
32949 0.000043
32950 0.000040
32951 0.000034
32952 0.000017
32953 0.000028
32954 0.000015
32955 0.000014
32956 0.000011
32957 0.000006
32958 0.000007
32959 0.000014
32960 0.000010
32961 0.000007
32962 0.000008
32963 0.000008
32964 0.000009
32965 0.000004
32966 0.000010
32967 0.000013
32968 0.000018
32969 0.000012
32970 0.000011
32971 0.000016
32972 0.000011
32973 0.000008
32974 0.000015
32975 0.000009
32976 0.000018
32977 0.000010
32978 0.000005
32979 0.000013
32980 0.000014
32981 0.000026
32982 0.000011
32983 0.000020
32984 0.000018
32985 0.000015
32986 0.000026
32987 0.000016
32988 0.000022
32989 0.000013
32990 0.000021
32991 0.000013
32992 0.000019
32993 0.000020
32994 0.000051
32995 0.000040
32996 0.000045
32997 0.000013
32998 0.000004
32999 0.000006
33000 0.000009
33001 0.000026
33002 0.000029
33003 0.000045
33004 0.000016
33005 0.000011
33006 0.000025
33007 0.000040
33008 0.000034
33009 0.000048
33010 0.000027
33011 0.000011
33012 0.000024
33013 0.000026
33014 0.000004
33015 0.000063
33016 0.000020
33017 0.000047
33018 0.000012
33019 0.000015
33020 0.000009
33021 0.000028
33022 0.000061
33023 0.000033
33024 0.000011
33025 0.000020
33026 0.000016
33027 0.000010
33028 0.000013
33029 0.000004
33030 0.000026
33031 0.000028
33032 0.000004
33033 0.000023
33034 0.000004
33035 0.000040
33036 0.000004
33037 0.000007
33038 0.000011
33039 0.000004
33040 0.000012
33041 0.000026
33042 0.000030
33043 0.000014
33044 0.000033
33045 0.000049
33046 0.000019
33047 0.000032
33048 0.000004
33049 0.000013
33050 0.000006
33051 0.000079
33052 0.000032
33053 0.000039
33054 0.000006
33055 0.000014
33056 0.000059
33057 0.000009
33058 0.000004
33059 0.000010
33060 0.000036
33061 0.000013
33062 0.000004
33063 0.000029
33064 0.000012
33065 0.000052
33066 0.000033
33067 0.000022
33068 0.000022
33069 0.000029
33070 0.000023
33071 0.000042
33072 0.000034
33073 0.000012
33074 0.000012
33075 0.000004
33076 0.000050
33077 0.000046
33078 0.000010
33079 0.000006
33080 0.000007
33081 0.000006
33082 0.000018
33083 0.000016
33084 0.000015
33085 0.000010
33086 0.000016
33087 0.000074
33088 0.000039
33089 0.000018
33090 0.000025
33091 0.000037
33092 0.000011
33093 0.000014
33094 0.000035
33095 0.000025
33096 0.000036
33097 0.000015
33098 0.000044
33099 0.000009
33100 0.000064
33101 0.000019
33102 0.000035
33103 0.000026
33104 0.000036
33105 0.000017
33106 0.000009
33107 0.000004
33108 0.000014
33109 0.000004
33110 0.000006
33111 0.000023
33112 0.000038
33113 0.000030
33114 0.000014
33115 0.000028
33116 0.000017
33117 0.000028
33118 0.000018
33119 0.000016
33120 0.000004
33121 0.000013
33122 0.000048
33123 0.000021
33124 0.000053
33125 0.000031
33126 0.000016
33127 0.000030
33128 0.000004
33129 0.000018
33130 0.000012
33131 0.000011
33132 0.000036
33133 0.000004
33134 0.000036
33135 0.000009
33136 0.000004
33137 0.000011
33138 0.000004
33139 0.000030
33140 0.000033
33141 0.000004
33142 0.000019
33143 0.000013
33144 0.000068
33145 0.000014
33146 0.000025
33147 0.000051
33148 0.000010
33149 0.000014
33150 0.000006
33151 0.000038
33152 0.000015
33153 0.000022
33154 0.000004
33155 0.000005
33156 0.000013
33157 0.000020
33158 0.000021
33159 0.000008
33160 0.000026
33161 0.000049
33162 0.000012
33163 0.000039
33164 0.000038
33165 0.000004
33166 0.000026
33167 0.000026
33168 0.000005
33169 0.000009
33170 0.000032
33171 0.000009
33172 0.000036
33173 0.000020
33174 0.000014
33175 0.000039
33176 0.000055
33177 0.000017
33178 0.000023
33179 0.000015
33180 0.000012
33181 0.000036
33182 0.000005
33183 0.000017
33184 0.000040
33185 0.000004
33186 0.000005
33187 0.000004
33188 0.000044
33189 0.000026
33190 0.000012
33191 0.000021
33192 0.000045
33193 0.000007
33194 0.000011
33195 0.000019
33196 0.000026
33197 0.000023
33198 0.000012
33199 0.000028
33200 0.000010
33201 0.000048
33202 0.000007
33203 0.000010
33204 0.000012
33205 0.000020
33206 0.000019
33207 0.000028
33208 0.000020
33209 0.000047
33210 0.000029
33211 0.000014
33212 0.000015
33213 0.000060
33214 0.000016
33215 0.000026
33216 0.000034
33217 0.000004
33218 0.000039
33219 0.000020
33220 0.000029
33221 0.000016
33222 0.000028
33223 0.000013
33224 0.000008
33225 0.000014
33226 0.000005
33227 0.000013
33228 0.000010
33229 0.000025
33230 0.000021
33231 0.000025
33232 0.000023
33233 0.000015
33234 0.000019
33235 0.000018
33236 0.000026
33237 0.000008
33238 0.000028
33239 0.000027
33240 0.000019
33241 0.000006
33242 0.000013
33243 0.000037
33244 0.000044
33245 0.000031
33246 0.000023
33247 0.000043
33248 0.000011
33249 0.000089
33250 0.000033
33251 0.000032
33252 0.000020
33253 0.000026
33254 0.000022
33255 0.000012
33256 0.000022
33257 0.000018
33258 0.000017
33259 0.000011
33260 0.000006
33261 0.000008
33262 0.000013
33263 0.000007
33264 0.000016
33265 0.000019
33266 0.000020
33267 0.000037
33268 0.000011
33269 0.000017
33270 0.000014
33271 0.000017
33272 0.000010
33273 0.000012
33274 0.000018
33275 0.000037
33276 0.000011
33277 0.000007
33278 0.000019
33279 0.000027
33280 0.000013
33281 0.000041
33282 0.000030
33283 0.000018
33284 0.000009
33285 0.000010
33286 0.000016
33287 0.000027
33288 0.000031
33289 0.000021
33290 0.000009
33291 0.000017
33292 0.000027
33293 0.000006
33294 0.000007
33295 0.000023
33296 0.000008
33297 0.000008
33298 0.000020
33299 0.000030
33300 0.000008
33301 0.000014
33302 0.000016
33303 0.000022
33304 0.000023
33305 0.000013
33306 0.000020
33307 0.000004
33308 0.000018
33309 0.000015
33310 0.000031
33311 0.000026
33312 0.000045
33313 0.000005
33314 0.000032
33315 0.000045
33316 0.000017
33317 0.000014
33318 0.000006
33319 0.000007
33320 0.000010
33321 0.000023
33322 0.000040
33323 0.000006
33324 0.000032
33325 0.000010
33326 0.000035
33327 0.000019
33328 0.000031
33329 0.000039
33330 0.000010
33331 0.000009
33332 0.000009
33333 0.000017
33334 0.000009
33335 0.000027
33336 0.000018
33337 0.000006
33338 0.000032
33339 0.000016
33340 0.000010
33341 0.000012
33342 0.000023
33343 0.000015
33344 0.000077
33345 0.000011
33346 0.000015
33347 0.000005
33348 0.000024
33349 0.000013
33350 0.000030
33351 0.000039
33352 0.000023
33353 0.000013
33354 0.000015
33355 0.000022
33356 0.000025
33357 0.000039
33358 0.000047
33359 0.000014
33360 0.000004
33361 0.000019
33362 0.000017
33363 0.000012
33364 0.000008
33365 0.000005
33366 0.000010
33367 0.000014
33368 0.000006
33369 0.000018
33370 0.000016
33371 0.000014
33372 0.000006
33373 0.000008
33374 0.000012
33375 0.000012
33376 0.000024
33377 0.000022
33378 0.000033
33379 0.000017
33380 0.000007
33381 0.000016
33382 0.000018
33383 0.000011
33384 0.000019
33385 0.000015
33386 0.000015
33387 0.000015
33388 0.000019
33389 0.000023
33390 0.000007
33391 0.000009
33392 0.000027
33393 0.000025
33394 0.000008
33395 0.000034
33396 0.000033
33397 0.000011
33398 0.000024
33399 0.000024
33400 0.000008
33401 0.000008
33402 0.000020
33403 0.000031
33404 0.000022
33405 0.000016
33406 0.000011
33407 0.000010
33408 0.000016
33409 0.000004
33410 0.000016
33411 0.000019
33412 0.000015
33413 0.000031
33414 0.000042
33415 0.000041
33416 0.000018
33417 0.000013
33418 0.000042
33419 0.000036
33420 0.000012
33421 0.000006
33422 0.000005
33423 0.000023
33424 0.000013
33425 0.000009
33426 0.000016
33427 0.000019
33428 0.000029
33429 0.000013
33430 0.000011
33431 0.000007
33432 0.000013
33433 0.000020
33434 0.000020
33435 0.000013
33436 0.000019
33437 0.000043
33438 0.000015
33439 0.000033
33440 0.000011
33441 0.000023
33442 0.000034
33443 0.000008
33444 0.000005
33445 0.000054
33446 0.000016
33447 0.000004
33448 0.000039
33449 0.000019
33450 0.000031
33451 0.000015
33452 0.000037
33453 0.000021
33454 0.000018
33455 0.000011
33456 0.000013
33457 0.000033
33458 0.000013
33459 0.000017
33460 0.000009
33461 0.000010
33462 0.000004
33463 0.000004
33464 0.000024
33465 0.000032
33466 0.000012
33467 0.000020
33468 0.000020
33469 0.000014
33470 0.000047
33471 0.000028
33472 0.000034
33473 0.000019
33474 0.000020
33475 0.000006
33476 0.000017
33477 0.000005
33478 0.000010
33479 0.000021
33480 0.000026
33481 0.000019
33482 0.000008
33483 0.000005
33484 0.000030
33485 0.000014
33486 0.000007
33487 0.000008
33488 0.000009
33489 0.000044
33490 0.000017
33491 0.000032
33492 0.000015
33493 0.000018
33494 0.000008
33495 0.000014
33496 0.000051
33497 0.000018
33498 0.000009
33499 0.000008
33500 0.000062
33501 0.000004
33502 0.000021
33503 0.000022
33504 0.000016
33505 0.000021
33506 0.000018
33507 0.000007
33508 0.000011
33509 0.000007
33510 0.000017
33511 0.000043
33512 0.000055
33513 0.000027
33514 0.000008
33515 0.000025
33516 0.000030
33517 0.000036
33518 0.000019
33519 0.000013
33520 0.000010
33521 0.000027
33522 0.000028
33523 0.000007
33524 0.000034
33525 0.000032
33526 0.000014
33527 0.000009
33528 0.000024
33529 0.000012
33530 0.000032
33531 0.000024
33532 0.000012
33533 0.000019
33534 0.000029
33535 0.000009
33536 0.000018
33537 0.000023
33538 0.000007
33539 0.000016
33540 0.000019
33541 0.000031
33542 0.000015
33543 0.000012
33544 0.000007
33545 0.000012
33546 0.000028
33547 0.000019
33548 0.000024
33549 0.000021
33550 0.000069
33551 0.000021
33552 0.000017
33553 0.000023
33554 0.000019
33555 0.000012
33556 0.000048
33557 0.000004
33558 0.000006
33559 0.000012
33560 0.000021
33561 0.000022
33562 0.000021
33563 0.000027
33564 0.000017
33565 0.000014
33566 0.000021
33567 0.000004
33568 0.000032
33569 0.000021
33570 0.000022
33571 0.000022
33572 0.000019
33573 0.000043
33574 0.000017
33575 0.000004
33576 0.000015
33577 0.000030
33578 0.000023
33579 0.000011
33580 0.000004
33581 0.000010
33582 0.000021
33583 0.000020
33584 0.000004
33585 0.000038
33586 0.000029
33587 0.000028
33588 0.000024
33589 0.000045
33590 0.000011
33591 0.000024
33592 0.000007
33593 0.000021
33594 0.000024
33595 0.000020
33596 0.000023
33597 0.000048
33598 0.000041
33599 0.000012
33600 0.000034
33601 0.000006
33602 0.000014
33603 0.000004
33604 0.000031
33605 0.000025
33606 0.000017
33607 0.000019
33608 0.000015
33609 0.000009
33610 0.000037
33611 0.000024
33612 0.000030
33613 0.000015
33614 0.000057
33615 0.000030
33616 0.000014
33617 0.000023
33618 0.000036
33619 0.000016
33620 0.000014
33621 0.000024
33622 0.000008
33623 0.000005
33624 0.000058
33625 0.000042
33626 0.000023
33627 0.000027
33628 0.000009
33629 0.000018
33630 0.000013
33631 0.000029
33632 0.000016
33633 0.000023
33634 0.000018
33635 0.000036
33636 0.000008
33637 0.000017
33638 0.000011
33639 0.000027
33640 0.000018
33641 0.000029
33642 0.000005
33643 0.000024
33644 0.000012
33645 0.000028
33646 0.000008
33647 0.000012
33648 0.000010
33649 0.000031
33650 0.000017
33651 0.000018
33652 0.000009
33653 0.000057
33654 0.000015
33655 0.000026
33656 0.000010
33657 0.000018
33658 0.000009
33659 0.000025
33660 0.000047
33661 0.000037
33662 0.000022
33663 0.000008
33664 0.000004
33665 0.000023
33666 0.000015
33667 0.000008
33668 0.000028
33669 0.000015
33670 0.000011
33671 0.000025
33672 0.000010
33673 0.000022
33674 0.000013
33675 0.000009
33676 0.000004
33677 0.000014
33678 0.000023
33679 0.000040
33680 0.000013
33681 0.000019
33682 0.000053
33683 0.000006
33684 0.000012
33685 0.000011
33686 0.000006
33687 0.000004
33688 0.000023
33689 0.000020
33690 0.000020
33691 0.000008
33692 0.000027
33693 0.000061
33694 0.000033
33695 0.000026
33696 0.000012
33697 0.000020
33698 0.000088
33699 0.000024
33700 0.000020
33701 0.000017
33702 0.000014
33703 0.000005
33704 0.000005
33705 0.000022
33706 0.000019
33707 0.000013
33708 0.000015
33709 0.000023
33710 0.000009
33711 0.000011
33712 0.000013
33713 0.000008
33714 0.000039
33715 0.000004
33716 0.000027
33717 0.000028
33718 0.000008
33719 0.000020
33720 0.000009
33721 0.000024
33722 0.000014
33723 0.000010
33724 0.000008
33725 0.000006
33726 0.000023
33727 0.000033
33728 0.000009
33729 0.000018
33730 0.000023
33731 0.000047
33732 0.000004
33733 0.000020
33734 0.000028
33735 0.000015
33736 0.000009
33737 0.000007
33738 0.000019
33739 0.000042
33740 0.000020
33741 0.000030
33742 0.000014
33743 0.000007
33744 0.000038
33745 0.000013
33746 0.000020
33747 0.000027
33748 0.000008
33749 0.000053
33750 0.000016
33751 0.000028
33752 0.000008
33753 0.000033
33754 0.000024
33755 0.000018
33756 0.000031
33757 0.000008
33758 0.000042
33759 0.000033
33760 0.000019
33761 0.000013
33762 0.000050
33763 0.000004
33764 0.000012
33765 0.000018
33766 0.000050
33767 0.000016
33768 0.000007
33769 0.000054
33770 0.000028
33771 0.000011
33772 0.000018
33773 0.000006
33774 0.000037
33775 0.000021
33776 0.000022
33777 0.000011
33778 0.000058
33779 0.000007
33780 0.000005
33781 0.000034
33782 0.000006
33783 0.000006
33784 0.000012
33785 0.000014
33786 0.000006
33787 0.000006
33788 0.000026
33789 0.000009
33790 0.000040
33791 0.000016
33792 0.000028
33793 0.000009
33794 0.000036
33795 0.000075
33796 0.000029
33797 0.000037
33798 0.000021
33799 0.000023
33800 0.000009
33801 0.000026
33802 0.000039
33803 0.000015
33804 0.000069
33805 0.000019
33806 0.000011
33807 0.000024
33808 0.000012
33809 0.000024
33810 0.000025
33811 0.000015
33812 0.000023
33813 0.000019
33814 0.000021
33815 0.000010
33816 0.000005
33817 0.000027
33818 0.000015
33819 0.000014
33820 0.000010
33821 0.000046
33822 0.000020
33823 0.000013
33824 0.000026
33825 0.000009
33826 0.000026
33827 0.000009
33828 0.000004
33829 0.000027
33830 0.000020
33831 0.000004
33832 0.000036
33833 0.000019
33834 0.000011
33835 0.000029
33836 0.000014
33837 0.000038
33838 0.000024
33839 0.000018
33840 0.000006
33841 0.000024
33842 0.000010
33843 0.000006
33844 0.000009
33845 0.000010
33846 0.000009
33847 0.000009
33848 0.000015
33849 0.000035
33850 0.000013
33851 0.000031
33852 0.000018
33853 0.000020
33854 0.000027
33855 0.000036
33856 0.000011
33857 0.000038
33858 0.000014
33859 0.000024
33860 0.000049
33861 0.000004
33862 0.000038
33863 0.000012
33864 0.000035
33865 0.000014
33866 0.000017
33867 0.000005
33868 0.000009
33869 0.000029
33870 0.000036
33871 0.000017
33872 0.000012
33873 0.000036
33874 0.000015
33875 0.000041
33876 0.000012
33877 0.000022
33878 0.000024
33879 0.000006
33880 0.000016
33881 0.000014
33882 0.000017
33883 0.000022
33884 0.000035
33885 0.000043
33886 0.000008
33887 0.000010
33888 0.000011
33889 0.000014
33890 0.000043
33891 0.000011
33892 0.000007
33893 0.000053
33894 0.000054
33895 0.000008
33896 0.000050
33897 0.000016
33898 0.000021
33899 0.000017
33900 0.000006
33901 0.000027
33902 0.000014
33903 0.000004
33904 0.000021
33905 0.000017
33906 0.000021
33907 0.000008
33908 0.000014
33909 0.000014
33910 0.000014
33911 0.000004
33912 0.000025
33913 0.000016
33914 0.000020
33915 0.000022
33916 0.000028
33917 0.000013
33918 0.000014
33919 0.000005
33920 0.000018
33921 0.000028
33922 0.000014
33923 0.000045
33924 0.000041
33925 0.000026
33926 0.000026
33927 0.000016
33928 0.000020
33929 0.000073
33930 0.000024
33931 0.000033
33932 0.000008
33933 0.000013
33934 0.000008
33935 0.000013
33936 0.000014
33937 0.000011
33938 0.000015
33939 0.000020
33940 0.000018
33941 0.000009
33942 0.000026
33943 0.000013
33944 0.000018
33945 0.000034
33946 0.000005
33947 0.000033
33948 0.000030
33949 0.000028
33950 0.000014
33951 0.000027
33952 0.000020
33953 0.000004
33954 0.000015
33955 0.000011
33956 0.000007
33957 0.000026
33958 0.000008
33959 0.000009
33960 0.000004
33961 0.000021
33962 0.000009
33963 0.000006
33964 0.000004
33965 0.000012
33966 0.000032
33967 0.000011
33968 0.000019
33969 0.000010
33970 0.000019
33971 0.000022
33972 0.000008
33973 0.000016
33974 0.000013
33975 0.000019
33976 0.000004
33977 0.000027
33978 0.000017
33979 0.000014
33980 0.000035
33981 0.000017
33982 0.000017
33983 0.000019
33984 0.000009
33985 0.000026
33986 0.000006
33987 0.000013
33988 0.000005
33989 0.000011
33990 0.000018
33991 0.000007
33992 0.000027
33993 0.000032
33994 0.000029
33995 0.000011
33996 0.000016
33997 0.000018
33998 0.000017
33999 0.000024
34000 0.000024
34001 0.000009
34002 0.000004
34003 0.000013
34004 0.000060
34005 0.000009
34006 0.000043
34007 0.000016
34008 0.000020
34009 0.000006
34010 0.000009
34011 0.000011
34012 0.000007
34013 0.000014
34014 0.000049
34015 0.000015
34016 0.000012
34017 0.000014
34018 0.000004
34019 0.000013
34020 0.000024
34021 0.000012
34022 0.000048
34023 0.000011
34024 0.000009
34025 0.000011
34026 0.000009
34027 0.000031
34028 0.000004
34029 0.000012
34030 0.000021
34031 0.000026
34032 0.000049
34033 0.000026
34034 0.000033
34035 0.000020
34036 0.000020
34037 0.000031
34038 0.000023
34039 0.000009
34040 0.000016
34041 0.000015
34042 0.000008
34043 0.000011
34044 0.000004
34045 0.000037
34046 0.000022
34047 0.000012
34048 0.000011
34049 0.000018
34050 0.000036
34051 0.000017
34052 0.000011
34053 0.000015
34054 0.000010
34055 0.000024
34056 0.000017
34057 0.000008
34058 0.000028
34059 0.000033
34060 0.000005
34061 0.000009
34062 0.000023
34063 0.000027
34064 0.000019
34065 0.000006
34066 0.000028
34067 0.000027
34068 0.000009
34069 0.000016
34070 0.000016
34071 0.000013
34072 0.000020
34073 0.000025
34074 0.000025
34075 0.000026
34076 0.000006
34077 0.000004
34078 0.000008
34079 0.000021
34080 0.000018
34081 0.000007
34082 0.000014
34083 0.000014
34084 0.000018
34085 0.000029
34086 0.000050
34087 0.000016
34088 0.000019
34089 0.000016
34090 0.000009
34091 0.000010
34092 0.000028
34093 0.000045
34094 0.000035
34095 0.000018
34096 0.000005
34097 0.000014
34098 0.000028
34099 0.000022
34100 0.000005
34101 0.000020
34102 0.000013
34103 0.000024
34104 0.000010
34105 0.000015
34106 0.000007
34107 0.000008
34108 0.000014
34109 0.000047
34110 0.000013
34111 0.000008
34112 0.000011
34113 0.000018
34114 0.000023
34115 0.000021
34116 0.000051
34117 0.000012
34118 0.000015
34119 0.000030
34120 0.000015
34121 0.000008
34122 0.000040
34123 0.000015
34124 0.000026
34125 0.000031
34126 0.000034
34127 0.000031
34128 0.000016
34129 0.000007
34130 0.000004
34131 0.000004
34132 0.000019
34133 0.000008
34134 0.000005
34135 0.000013
34136 0.000019
34137 0.000016
34138 0.000015
34139 0.000022
34140 0.000024
34141 0.000015
34142 0.000012
34143 0.000012
34144 0.000019
34145 0.000011
34146 0.000025
34147 0.000048
34148 0.000026
34149 0.000016
34150 0.000021
34151 0.000019
34152 0.000009
34153 0.000013
34154 0.000022
34155 0.000021
34156 0.000010
34157 0.000020
34158 0.000012
34159 0.000022
34160 0.000011
34161 0.000038
34162 0.000010
34163 0.000019
34164 0.000022
34165 0.000014
34166 0.000022
34167 0.000037
34168 0.000012
34169 0.000005
34170 0.000004
34171 0.000018
34172 0.000004
34173 0.000022
34174 0.000010
34175 0.000021
34176 0.000005
34177 0.000027
34178 0.000028
34179 0.000050
34180 0.000008
34181 0.000007
34182 0.000004
34183 0.000054
34184 0.000005
34185 0.000004
34186 0.000004
34187 0.000032
34188 0.000029
34189 0.000032
34190 0.000020
34191 0.000018
34192 0.000016
34193 0.000023
34194 0.000019
34195 0.000009
34196 0.000016
34197 0.000036
34198 0.000012
34199 0.000024
34200 0.000007
34201 0.000008
34202 0.000031
34203 0.000026
34204 0.000023
34205 0.000025
34206 0.000038
34207 0.000007
34208 0.000026
34209 0.000016
34210 0.000026
34211 0.000046
34212 0.000020
34213 0.000004
34214 0.000016
34215 0.000039
34216 0.000038
34217 0.000016
34218 0.000037
34219 0.000018
34220 0.000050
34221 0.000009
34222 0.000031
34223 0.000023
34224 0.000016
34225 0.000019
34226 0.000012
34227 0.000037
34228 0.000008
34229 0.000028
34230 0.000014
34231 0.000027
34232 0.000009
34233 0.000011
34234 0.000004
34235 0.000014
34236 0.000012
34237 0.000008
34238 0.000004
34239 0.000006
34240 0.000004
34241 0.000030
34242 0.000025
34243 0.000027
34244 0.000004
34245 0.000013
34246 0.000024
34247 0.000035
34248 0.000049
34249 0.000014
34250 0.000078
34251 0.000010
34252 0.000017
34253 0.000019
34254 0.000020
34255 0.000011
34256 0.000033
34257 0.000012
34258 0.000025
34259 0.000014
34260 0.000012
34261 0.000052
34262 0.000014
34263 0.000004
34264 0.000022
34265 0.000021
34266 0.000018
34267 0.000019
34268 0.000037
34269 0.000012
34270 0.000035
34271 0.000014
34272 0.000064
34273 0.000009
34274 0.000019
34275 0.000036
34276 0.000039
34277 0.000015
34278 0.000026
34279 0.000010
34280 0.000024
34281 0.000009
34282 0.000006
34283 0.000020
34284 0.000011
34285 0.000022
34286 0.000009
34287 0.000017
34288 0.000021
34289 0.000012
34290 0.000014
34291 0.000019
34292 0.000014
34293 0.000013
34294 0.000016
34295 0.000005
34296 0.000011
34297 0.000004
34298 0.000025
34299 0.000012
34300 0.000023
34301 0.000021
34302 0.000009
34303 0.000011
34304 0.000014
34305 0.000004
34306 0.000010
34307 0.000006
34308 0.000022
34309 0.000016
34310 0.000012
34311 0.000034
34312 0.000024
34313 0.000032
34314 0.000029
34315 0.000004
34316 0.000032
34317 0.000008
34318 0.000005
34319 0.000007
34320 0.000039
34321 0.000019
34322 0.000015
34323 0.000014
34324 0.000008
34325 0.000013
34326 0.000012
34327 0.000017
34328 0.000018
34329 0.000008
34330 0.000007
34331 0.000021
34332 0.000007
34333 0.000025
34334 0.000102
34335 0.000007
34336 0.000007
34337 0.000015
34338 0.000013
34339 0.000046
34340 0.000026
34341 0.000026
34342 0.000027
34343 0.000028
34344 0.000006
34345 0.000005
34346 0.000011
34347 0.000004
34348 0.000017
34349 0.000018
34350 0.000012
34351 0.000078
34352 0.000011
34353 0.000020
34354 0.000008
34355 0.000027
34356 0.000024
34357 0.000009
34358 0.000024
34359 0.000039
34360 0.000034
34361 0.000027
34362 0.000020
34363 0.000009
34364 0.000015
34365 0.000021
34366 0.000039
34367 0.000004
34368 0.000004
34369 0.000018
34370 0.000012
34371 0.000016
34372 0.000011
34373 0.000049
34374 0.000042
34375 0.000020
34376 0.000032
34377 0.000017
34378 0.000029
34379 0.000012
34380 0.000016
34381 0.000007
34382 0.000016
34383 0.000043
34384 0.000059
34385 0.000033
34386 0.000015
34387 0.000031
34388 0.000015
34389 0.000019
34390 0.000014
34391 0.000012
34392 0.000040
34393 0.000009
34394 0.000016
34395 0.000009
34396 0.000019
34397 0.000020
34398 0.000009
34399 0.000024
34400 0.000008
34401 0.000025
34402 0.000020
34403 0.000018
34404 0.000024
34405 0.000045
34406 0.000015
34407 0.000004
34408 0.000023
34409 0.000006
34410 0.000004
34411 0.000024
34412 0.000029
34413 0.000008
34414 0.000014
34415 0.000011
34416 0.000010
34417 0.000012
34418 0.000030
34419 0.000006
34420 0.000026
34421 0.000015
34422 0.000015
34423 0.000032
34424 0.000023
34425 0.000016
34426 0.000018
34427 0.000011
34428 0.000018
34429 0.000020
34430 0.000024
34431 0.000020
34432 0.000018
34433 0.000004
34434 0.000010
34435 0.000011
34436 0.000025
34437 0.000056
34438 0.000055
34439 0.000006
34440 0.000023
34441 0.000014
34442 0.000022
34443 0.000013
34444 0.000016
34445 0.000056
34446 0.000020
34447 0.000012
34448 0.000013
34449 0.000015
34450 0.000017
34451 0.000022
34452 0.000010
34453 0.000010
34454 0.000018
34455 0.000033
34456 0.000013
34457 0.000007
34458 0.000007
34459 0.000012
34460 0.000020
34461 0.000005
34462 0.000032
34463 0.000004
34464 0.000014
34465 0.000010
34466 0.000035
34467 0.000010
34468 0.000022
34469 0.000021
34470 0.000013
34471 0.000009
34472 0.000021
34473 0.000026
34474 0.000006
34475 0.000006
34476 0.000038
34477 0.000015
34478 0.000041
34479 0.000009
34480 0.000032
34481 0.000015
34482 0.000026
34483 0.000014
34484 0.000024
34485 0.000041
34486 0.000016
34487 0.000019
34488 0.000007
34489 0.000017
34490 0.000019
34491 0.000041
34492 0.000042
34493 0.000021
34494 0.000062
34495 0.000022
34496 0.000024
34497 0.000013
34498 0.000022
34499 0.000023
34500 0.000036
34501 0.000021
34502 0.000016
34503 0.000051
34504 0.000021
34505 0.000005
34506 0.000010
34507 0.000012
34508 0.000047
34509 0.000030
34510 0.000016
34511 0.000030
34512 0.000013
34513 0.000019
34514 0.000010
34515 0.000034
34516 0.000047
34517 0.000012
34518 0.000007
34519 0.000020
34520 0.000017
34521 0.000024
34522 0.000004
34523 0.000021
34524 0.000022
34525 0.000032
34526 0.000030
34527 0.000019
34528 0.000013
34529 0.000018
34530 0.000008
34531 0.000015
34532 0.000030
34533 0.000029
34534 0.000004
34535 0.000009
34536 0.000007
34537 0.000026
34538 0.000009
34539 0.000006
34540 0.000010
34541 0.000015
34542 0.000010
34543 0.000022
34544 0.000027
34545 0.000034
34546 0.000021
34547 0.000004
34548 0.000016
34549 0.000022
34550 0.000009
34551 0.000004
34552 0.000017
34553 0.000004
34554 0.000020
34555 0.000010
34556 0.000022
34557 0.000040
34558 0.000004
34559 0.000030
34560 0.000019
34561 0.000012
34562 0.000024
34563 0.000016
34564 0.000014
34565 0.000013
34566 0.000021
34567 0.000016
34568 0.000004
34569 0.000009
34570 0.000012
34571 0.000024
34572 0.000017
34573 0.000028
34574 0.000014
34575 0.000008
34576 0.000013
34577 0.000015
34578 0.000004
34579 0.000029
34580 0.000027
34581 0.000019
34582 0.000012
34583 0.000016
34584 0.000021
34585 0.000021
34586 0.000020
34587 0.000016
34588 0.000018
34589 0.000024
34590 0.000011
34591 0.000018
34592 0.000028
34593 0.000021
34594 0.000021
34595 0.000007
34596 0.000025
34597 0.000044
34598 0.000004
34599 0.000011
34600 0.000022
34601 0.000010
34602 0.000023
34603 0.000015
34604 0.000011
34605 0.000017
34606 0.000043
34607 0.000012
34608 0.000021
34609 0.000029
34610 0.000004
34611 0.000005
34612 0.000022
34613 0.000023
34614 0.000013
34615 0.000006
34616 0.000028
34617 0.000017
34618 0.000024
34619 0.000019
34620 0.000004
34621 0.000028
34622 0.000008
34623 0.000014
34624 0.000054
34625 0.000007
34626 0.000024
34627 0.000016
34628 0.000016
34629 0.000007
34630 0.000026
34631 0.000008
34632 0.000005
34633 0.000019
34634 0.000029
34635 0.000018
34636 0.000042
34637 0.000017
34638 0.000014
34639 0.000037
34640 0.000055
34641 0.000020
34642 0.000013
34643 0.000038
34644 0.000021
34645 0.000014
34646 0.000005
34647 0.000011
34648 0.000005
34649 0.000054
34650 0.000035
34651 0.000013
34652 0.000027
34653 0.000019
34654 0.000014
34655 0.000019
34656 0.000010
34657 0.000007
34658 0.000032
34659 0.000014
34660 0.000029
34661 0.000044
34662 0.000012
34663 0.000030
34664 0.000034
34665 0.000029
34666 0.000014
34667 0.000007
34668 0.000011
34669 0.000024
34670 0.000014
34671 0.000004
34672 0.000017
34673 0.000010
34674 0.000030
34675 0.000043
34676 0.000019
34677 0.000022
34678 0.000021
34679 0.000018
34680 0.000026
34681 0.000024
34682 0.000036
34683 0.000028
34684 0.000019
34685 0.000055
34686 0.000021
34687 0.000013
34688 0.000036
34689 0.000005
34690 0.000009
34691 0.000017
34692 0.000035
34693 0.000011
34694 0.000021
34695 0.000025
34696 0.000036
34697 0.000008
34698 0.000020
34699 0.000015
34700 0.000025
34701 0.000013
34702 0.000015
34703 0.000014
34704 0.000009
34705 0.000021
34706 0.000012
34707 0.000024
34708 0.000015
34709 0.000025
34710 0.000053
34711 0.000024
34712 0.000007
34713 0.000017
34714 0.000026
34715 0.000004
34716 0.000010
34717 0.000020
34718 0.000011
34719 0.000017
34720 0.000018
34721 0.000004
34722 0.000018
34723 0.000024
34724 0.000005
34725 0.000027
34726 0.000046
34727 0.000010
34728 0.000027
34729 0.000038
34730 0.000012
34731 0.000018
34732 0.000041
34733 0.000005
34734 0.000013
34735 0.000005
34736 0.000020
34737 0.000009
34738 0.000026
34739 0.000011
34740 0.000010
34741 0.000004
34742 0.000018
34743 0.000037
34744 0.000037
34745 0.000006
34746 0.000020
34747 0.000012
34748 0.000021
34749 0.000020
34750 0.000004
34751 0.000006
34752 0.000016
34753 0.000029
34754 0.000026
34755 0.000014
34756 0.000028
34757 0.000020
34758 0.000019
34759 0.000007
34760 0.000036
34761 0.000019
34762 0.000019
34763 0.000016
34764 0.000022
34765 0.000019
34766 0.000020
34767 0.000026
34768 0.000022
34769 0.000012
34770 0.000012
34771 0.000010
34772 0.000013
34773 0.000006
34774 0.000016
34775 0.000010
34776 0.000027
34777 0.000014
34778 0.000025
34779 0.000053
34780 0.000010
34781 0.000008
34782 0.000019
34783 0.000042
34784 0.000004
34785 0.000013
34786 0.000014
34787 0.000047
34788 0.000023
34789 0.000016
34790 0.000017
34791 0.000020
34792 0.000020
34793 0.000013
34794 0.000032
34795 0.000040
34796 0.000012
34797 0.000007
34798 0.000017
34799 0.000017
34800 0.000032
34801 0.000023
34802 0.000012
34803 0.000022
34804 0.000011
34805 0.000025
34806 0.000023
34807 0.000040
34808 0.000009
34809 0.000010
34810 0.000039
34811 0.000010
34812 0.000021
34813 0.000034
34814 0.000015
34815 0.000005
34816 0.000064
34817 0.000017
34818 0.000031
34819 0.000024
34820 0.000035
34821 0.000016
34822 0.000004
34823 0.000017
34824 0.000011
34825 0.000012
34826 0.000008
34827 0.000034
34828 0.000027
34829 0.000028
34830 0.000038
34831 0.000004
34832 0.000020
34833 0.000004
34834 0.000016
34835 0.000004
34836 0.000022
34837 0.000013
34838 0.000010
34839 0.000025
34840 0.000013
34841 0.000028
34842 0.000014
34843 0.000009
34844 0.000012
34845 0.000028
34846 0.000023
34847 0.000020
34848 0.000045
34849 0.000011
34850 0.000023
34851 0.000013
34852 0.000004
34853 0.000016
34854 0.000016
34855 0.000006
34856 0.000007
34857 0.000006
34858 0.000049
34859 0.000027
34860 0.000015
34861 0.000006
34862 0.000007
34863 0.000004
34864 0.000009
34865 0.000077
34866 0.000023
34867 0.000012
34868 0.000010
34869 0.000015
34870 0.000007
34871 0.000007
34872 0.000017
34873 0.000004
34874 0.000038
34875 0.000005
34876 0.000006
34877 0.000006
34878 0.000015
34879 0.000032
34880 0.000013
34881 0.000027
34882 0.000027
34883 0.000042
34884 0.000022
34885 0.000011
34886 0.000027
34887 0.000018
34888 0.000048
34889 0.000016
34890 0.000028
34891 0.000018
34892 0.000031
34893 0.000008
34894 0.000060
34895 0.000019
34896 0.000023
34897 0.000009
34898 0.000016
34899 0.000016
34900 0.000013
34901 0.000028
34902 0.000014
34903 0.000033
34904 0.000020
34905 0.000020
34906 0.000041
34907 0.000006
34908 0.000018
34909 0.000010
34910 0.000010
34911 0.000021
34912 0.000014
34913 0.000028
34914 0.000008
34915 0.000015
34916 0.000020
34917 0.000007
34918 0.000012
34919 0.000013
34920 0.000009
34921 0.000010
34922 0.000043
34923 0.000007
34924 0.000033
34925 0.000021
34926 0.000022
34927 0.000017
34928 0.000026
34929 0.000024
34930 0.000006
34931 0.000044
34932 0.000004
34933 0.000012
34934 0.000019
34935 0.000018
34936 0.000037
34937 0.000007
34938 0.000005
34939 0.000026
34940 0.000031
34941 0.000004
34942 0.000010
34943 0.000006
34944 0.000041
34945 0.000015
34946 0.000025
34947 0.000020
34948 0.000013
34949 0.000020
34950 0.000015
34951 0.000018
34952 0.000017
34953 0.000029
34954 0.000032
34955 0.000011
34956 0.000016
34957 0.000026
34958 0.000038
34959 0.000049
34960 0.000015
34961 0.000028
34962 0.000013
34963 0.000006
34964 0.000013
34965 0.000038
34966 0.000008
34967 0.000010
34968 0.000012
34969 0.000012
34970 0.000076
34971 0.000018
34972 0.000015
34973 0.000063
34974 0.000021
34975 0.000013
34976 0.000063
34977 0.000036
34978 0.000015
34979 0.000004
34980 0.000018
34981 0.000020
34982 0.000020
34983 0.000010
34984 0.000013
34985 0.000008
34986 0.000010
34987 0.000029
34988 0.000019
34989 0.000011
34990 0.000027
34991 0.000018
34992 0.000018
34993 0.000007
34994 0.000028
34995 0.000018
34996 0.000024
34997 0.000004
34998 0.000018
34999 0.000018
35000 0.000024
35001 0.000037
35002 0.000028
35003 0.000012
35004 0.000026
35005 0.000023
35006 0.000079
35007 0.000028
35008 0.000040
35009 0.000012
35010 0.000021
35011 0.000022
35012 0.000004
35013 0.000049
35014 0.000033
35015 0.000017
35016 0.000011
35017 0.000011
35018 0.000008
35019 0.000027
35020 0.000058
35021 0.000030
35022 0.000014
35023 0.000025
35024 0.000016
35025 0.000019
35026 0.000038
35027 0.000021
35028 0.000029
35029 0.000015
35030 0.000009
35031 0.000023
35032 0.000024
35033 0.000021
35034 0.000026
35035 0.000018
35036 0.000037
35037 0.000025
35038 0.000011
35039 0.000013
35040 0.000055
35041 0.000004
35042 0.000009
35043 0.000016
35044 0.000073
35045 0.000010
35046 0.000006
35047 0.000014
35048 0.000025
35049 0.000011
35050 0.000035
35051 0.000004
35052 0.000025
35053 0.000004
35054 0.000036
35055 0.000044
35056 0.000010
35057 0.000018
35058 0.000017
35059 0.000014
35060 0.000008
35061 0.000015
35062 0.000008
35063 0.000028
35064 0.000011
35065 0.000018
35066 0.000016
35067 0.000041
35068 0.000017
35069 0.000011
35070 0.000021
35071 0.000014
35072 0.000007
35073 0.000026
35074 0.000037
35075 0.000021
35076 0.000027
35077 0.000015
35078 0.000015
35079 0.000006
35080 0.000011
35081 0.000015
35082 0.000059
35083 0.000011
35084 0.000013
35085 0.000037
35086 0.000023
35087 0.000023
35088 0.000020
35089 0.000031
35090 0.000028
35091 0.000020
35092 0.000044
35093 0.000018
35094 0.000011
35095 0.000008
35096 0.000019
35097 0.000014
35098 0.000014
35099 0.000004
35100 0.000009
35101 0.000089
35102 0.000007
35103 0.000037
35104 0.000019
35105 0.000019
35106 0.000014
35107 0.000029
35108 0.000017
35109 0.000005
35110 0.000060
35111 0.000005
35112 0.000039
35113 0.000022
35114 0.000015
35115 0.000034
35116 0.000013
35117 0.000013
35118 0.000022
35119 0.000004
35120 0.000035
35121 0.000016
35122 0.000064
35123 0.000013
35124 0.000040
35125 0.000028
35126 0.000017
35127 0.000010
35128 0.000009
35129 0.000027
35130 0.000014
35131 0.000011
35132 0.000008
35133 0.000025
35134 0.000006
35135 0.000036
35136 0.000004
35137 0.000022
35138 0.000015
35139 0.000013
35140 0.000012
35141 0.000026
35142 0.000008
35143 0.000021
35144 0.000027
35145 0.000032
35146 0.000013
35147 0.000032
35148 0.000012
35149 0.000029
35150 0.000019
35151 0.000018
35152 0.000022
35153 0.000010
35154 0.000025
35155 0.000015
35156 0.000020
35157 0.000007
35158 0.000035
35159 0.000018
35160 0.000011
35161 0.000019
35162 0.000015
35163 0.000018
35164 0.000019
35165 0.000004
35166 0.000011
35167 0.000004
35168 0.000004
35169 0.000008
35170 0.000019
35171 0.000015
35172 0.000019
35173 0.000014
35174 0.000018
35175 0.000018
35176 0.000016
35177 0.000010
35178 0.000014
35179 0.000046
35180 0.000004
35181 0.000006
35182 0.000020
35183 0.000065
35184 0.000004
35185 0.000015
35186 0.000020
35187 0.000009
35188 0.000004
35189 0.000006
35190 0.000051
35191 0.000007
35192 0.000004
35193 0.000032
35194 0.000019
35195 0.000030
35196 0.000025
35197 0.000009
35198 0.000035
35199 0.000005
35200 0.000010
35201 0.000020
35202 0.000045
35203 0.000013
35204 0.000026
35205 0.000015
35206 0.000014
35207 0.000019
35208 0.000015
35209 0.000007
35210 0.000009
35211 0.000058
35212 0.000026
35213 0.000008
35214 0.000023
35215 0.000008
35216 0.000020
35217 0.000017
35218 0.000015
35219 0.000032
35220 0.000017
35221 0.000010
35222 0.000004
35223 0.000036
35224 0.000035
35225 0.000012
35226 0.000069
35227 0.000025
35228 0.000016
35229 0.000021
35230 0.000015
35231 0.000020
35232 0.000016
35233 0.000005
35234 0.000035
35235 0.000018
35236 0.000011
35237 0.000012
35238 0.000006
35239 0.000014
35240 0.000035
35241 0.000008
35242 0.000030
35243 0.000031
35244 0.000009
35245 0.000012
35246 0.000021
35247 0.000018
35248 0.000022
35249 0.000041
35250 0.000015
35251 0.000012
35252 0.000022
35253 0.000008
35254 0.000010
35255 0.000016
35256 0.000033
35257 0.000015
35258 0.000028
35259 0.000010
35260 0.000026
35261 0.000020
35262 0.000006
35263 0.000019
35264 0.000012
35265 0.000012
35266 0.000006
35267 0.000018
35268 0.000019
35269 0.000011
35270 0.000047
35271 0.000012
35272 0.000021
35273 0.000035
35274 0.000013
35275 0.000036
35276 0.000006
35277 0.000019
35278 0.000011
35279 0.000013
35280 0.000031
35281 0.000004
35282 0.000029
35283 0.000011
35284 0.000017
35285 0.000020
35286 0.000009
35287 0.000043
35288 0.000027
35289 0.000009
35290 0.000015
35291 0.000012
35292 0.000015
35293 0.000016
35294 0.000012
35295 0.000015
35296 0.000016
35297 0.000022
35298 0.000010
35299 0.000027
35300 0.000026
35301 0.000022
35302 0.000012
35303 0.000004
35304 0.000006
35305 0.000017
35306 0.000008
35307 0.000040
35308 0.000034
35309 0.000007
35310 0.000022
35311 0.000019
35312 0.000034
35313 0.000020
35314 0.000011
35315 0.000017
35316 0.000022
35317 0.000013
35318 0.000013
35319 0.000010
35320 0.000011
35321 0.000023
35322 0.000031
35323 0.000006
35324 0.000022
35325 0.000020
35326 0.000013
35327 0.000014
35328 0.000013
35329 0.000024
35330 0.000023
35331 0.000020
35332 0.000010
35333 0.000021
35334 0.000018
35335 0.000007
35336 0.000008
35337 0.000004
35338 0.000026
35339 0.000029
35340 0.000004
35341 0.000015
35342 0.000008
35343 0.000020
35344 0.000005
35345 0.000004
35346 0.000017
35347 0.000005
35348 0.000025
35349 0.000027
35350 0.000037
35351 0.000022
35352 0.000042
35353 0.000045
35354 0.000027
35355 0.000024
35356 0.000034
35357 0.000026
35358 0.000016
35359 0.000004
35360 0.000011
35361 0.000018
35362 0.000021
35363 0.000008
35364 0.000041
35365 0.000038
35366 0.000024
35367 0.000059
35368 0.000037
35369 0.000017
35370 0.000016
35371 0.000011
35372 0.000006
35373 0.000007
35374 0.000012
35375 0.000004
35376 0.000020
35377 0.000004
35378 0.000023
35379 0.000027
35380 0.000025
35381 0.000139
35382 0.000022
35383 0.000027
35384 0.000009
35385 0.000027
35386 0.000008
35387 0.000015
35388 0.000011
35389 0.000026
35390 0.000008
35391 0.000013
35392 0.000026
35393 0.000044
35394 0.000017
35395 0.000009
35396 0.000004
35397 0.000010
35398 0.000041
35399 0.000007
35400 0.000005
35401 0.000024
35402 0.000012
35403 0.000021
35404 0.000017
35405 0.000027
35406 0.000015
35407 0.000014
35408 0.000049
35409 0.000018
35410 0.000043
35411 0.000013
35412 0.000019
35413 0.000011
35414 0.000014
35415 0.000017
35416 0.000011
35417 0.000014
35418 0.000026
35419 0.000024
35420 0.000018
35421 0.000039
35422 0.000008
35423 0.000027
35424 0.000013
35425 0.000024
35426 0.000016
35427 0.000072
35428 0.000011
35429 0.000012
35430 0.000012
35431 0.000020
35432 0.000006
35433 0.000020
35434 0.000013
35435 0.000013
35436 0.000020
35437 0.000010
35438 0.000010
35439 0.000023
35440 0.000006
35441 0.000009
35442 0.000005
35443 0.000029
35444 0.000026
35445 0.000036
35446 0.000011
35447 0.000025
35448 0.000026
35449 0.000015
35450 0.000012
35451 0.000004
35452 0.000025
35453 0.000038
35454 0.000012
35455 0.000029
35456 0.000027
35457 0.000008
35458 0.000058
35459 0.000016
35460 0.000004
35461 0.000020
35462 0.000014
35463 0.000021
35464 0.000011
35465 0.000019
35466 0.000018
35467 0.000023
35468 0.000018
35469 0.000029
35470 0.000006
35471 0.000039
35472 0.000030
35473 0.000041
35474 0.000019
35475 0.000018
35476 0.000019
35477 0.000029
35478 0.000033
35479 0.000016
35480 0.000021
35481 0.000017
35482 0.000016
35483 0.000016
35484 0.000020
35485 0.000012
35486 0.000012
35487 0.000037
35488 0.000018
35489 0.000006
35490 0.000020
35491 0.000009
35492 0.000009
35493 0.000018
35494 0.000011
35495 0.000006
35496 0.000010
35497 0.000015
35498 0.000037
35499 0.000030
35500 0.000013
35501 0.000019
35502 0.000027
35503 0.000010
35504 0.000049
35505 0.000042
35506 0.000010
35507 0.000007
35508 0.000041
35509 0.000022
35510 0.000007
35511 0.000012
35512 0.000004
35513 0.000014
35514 0.000014
35515 0.000015
35516 0.000013
35517 0.000015
35518 0.000019
35519 0.000008
35520 0.000015
35521 0.000012
35522 0.000024
35523 0.000066
35524 0.000020
35525 0.000017
35526 0.000004
35527 0.000023
35528 0.000010
35529 0.000010
35530 0.000011
35531 0.000026
35532 0.000019
35533 0.000004
35534 0.000006
35535 0.000033
35536 0.000014
35537 0.000035
35538 0.000016
35539 0.000005
35540 0.000014
35541 0.000054
35542 0.000018
35543 0.000024
35544 0.000023
35545 0.000004
35546 0.000015
35547 0.000016
35548 0.000016
35549 0.000019
35550 0.000022
35551 0.000013
35552 0.000019
35553 0.000004
35554 0.000018
35555 0.000005
35556 0.000009
35557 0.000008
35558 0.000023
35559 0.000021
35560 0.000018
35561 0.000014
35562 0.000020
35563 0.000008
35564 0.000024
35565 0.000022
35566 0.000035
35567 0.000022
35568 0.000018
35569 0.000019
35570 0.000014
35571 0.000033
35572 0.000024
35573 0.000010
35574 0.000035
35575 0.000016
35576 0.000004
35577 0.000004
35578 0.000062
35579 0.000012
35580 0.000017
35581 0.000020
35582 0.000013
35583 0.000025
35584 0.000019
35585 0.000025
35586 0.000016
35587 0.000011
35588 0.000042
35589 0.000007
35590 0.000008
35591 0.000011
35592 0.000019
35593 0.000066
35594 0.000008
35595 0.000014
35596 0.000008
35597 0.000024
35598 0.000013
35599 0.000006
35600 0.000015
35601 0.000009
35602 0.000004
35603 0.000011
35604 0.000009
35605 0.000019
35606 0.000008
35607 0.000081
35608 0.000015
35609 0.000026
35610 0.000012
35611 0.000016
35612 0.000042
35613 0.000016
35614 0.000025
35615 0.000025
35616 0.000046
35617 0.000046
35618 0.000007
35619 0.000019
35620 0.000024
35621 0.000026
35622 0.000025
35623 0.000032
35624 0.000007
35625 0.000017
35626 0.000035
35627 0.000016
35628 0.000028
35629 0.000038
35630 0.000048
35631 0.000023
35632 0.000011
35633 0.000038
35634 0.000005
35635 0.000012
35636 0.000010
35637 0.000031
35638 0.000023
35639 0.000006
35640 0.000038
35641 0.000018
35642 0.000005
35643 0.000005
35644 0.000015
35645 0.000005
35646 0.000004
35647 0.000019
35648 0.000021
35649 0.000024
35650 0.000012
35651 0.000024
35652 0.000019
35653 0.000031
35654 0.000004
35655 0.000009
35656 0.000011
35657 0.000021
35658 0.000017
35659 0.000022
35660 0.000013
35661 0.000010
35662 0.000016
35663 0.000031
35664 0.000009
35665 0.000010
35666 0.000016
35667 0.000004
35668 0.000007
35669 0.000022
35670 0.000028
35671 0.000010
35672 0.000004
35673 0.000028
35674 0.000016
35675 0.000024
35676 0.000020
35677 0.000022
35678 0.000019
35679 0.000010
35680 0.000023
35681 0.000005
35682 0.000023
35683 0.000006
35684 0.000015
35685 0.000018
35686 0.000045
35687 0.000027
35688 0.000005
35689 0.000005
35690 0.000036
35691 0.000022
35692 0.000014
35693 0.000018
35694 0.000025
35695 0.000031
35696 0.000004
35697 0.000004
35698 0.000012
35699 0.000031
35700 0.000007
35701 0.000016
35702 0.000019
35703 0.000006
35704 0.000007
35705 0.000009
35706 0.000022
35707 0.000017
35708 0.000006
35709 0.000005
35710 0.000022
35711 0.000028
35712 0.000004
35713 0.000057
35714 0.000004
35715 0.000006
35716 0.000017
35717 0.000015
35718 0.000037
35719 0.000004
35720 0.000004
35721 0.000034
35722 0.000018
35723 0.000007
35724 0.000048
35725 0.000012
35726 0.000014
35727 0.000011
35728 0.000010
35729 0.000004
35730 0.000014
35731 0.000036
35732 0.000010
35733 0.000012
35734 0.000019
35735 0.000043
35736 0.000008
35737 0.000022
35738 0.000022
35739 0.000007
35740 0.000022
35741 0.000016
35742 0.000035
35743 0.000029
35744 0.000022
35745 0.000004
35746 0.000007
35747 0.000007
35748 0.000004
35749 0.000017
35750 0.000006
35751 0.000015
35752 0.000018
35753 0.000005
35754 0.000019
35755 0.000025
35756 0.000022
35757 0.000026
35758 0.000023
35759 0.000031
35760 0.000011
35761 0.000037
35762 0.000022
35763 0.000018
35764 0.000016
35765 0.000017
35766 0.000004
35767 0.000023
35768 0.000030
35769 0.000031
35770 0.000033
35771 0.000020
35772 0.000025
35773 0.000030
35774 0.000018
35775 0.000012
35776 0.000011
35777 0.000013
35778 0.000033
35779 0.000018
35780 0.000004
35781 0.000021
35782 0.000015
35783 0.000015
35784 0.000030
35785 0.000011
35786 0.000024
35787 0.000009
35788 0.000012
35789 0.000037
35790 0.000037
35791 0.000027
35792 0.000018
35793 0.000010
35794 0.000042
35795 0.000013
35796 0.000010
35797 0.000004
35798 0.000008
35799 0.000054
35800 0.000007
35801 0.000029
35802 0.000060
35803 0.000015
35804 0.000035
35805 0.000009
35806 0.000028
35807 0.000017
35808 0.000035
35809 0.000023
35810 0.000020
35811 0.000006
35812 0.000004
35813 0.000009
35814 0.000025
35815 0.000026
35816 0.000010
35817 0.000004
35818 0.000041
35819 0.000025
35820 0.000026
35821 0.000018
35822 0.000012
35823 0.000021
35824 0.000012
35825 0.000017
35826 0.000012
35827 0.000013
35828 0.000008
35829 0.000038
35830 0.000011
35831 0.000013
35832 0.000004
35833 0.000006
35834 0.000004
35835 0.000022
35836 0.000017
35837 0.000021
35838 0.000006
35839 0.000016
35840 0.000016
35841 0.000020
35842 0.000008
35843 0.000006
35844 0.000010
35845 0.000010
35846 0.000010
35847 0.000010
35848 0.000030
35849 0.000010
35850 0.000006
35851 0.000025
35852 0.000004
35853 0.000014
35854 0.000009
35855 0.000016
35856 0.000031
35857 0.000024
35858 0.000019
35859 0.000030
35860 0.000027
35861 0.000010
35862 0.000030
35863 0.000004
35864 0.000018
35865 0.000008
35866 0.000024
35867 0.000005
35868 0.000004
35869 0.000005
35870 0.000009
35871 0.000010
35872 0.000011
35873 0.000004
35874 0.000007
35875 0.000026
35876 0.000016
35877 0.000022
35878 0.000019
35879 0.000026
35880 0.000032
35881 0.000036
35882 0.000086
35883 0.000010
35884 0.000034
35885 0.000036
35886 0.000022
35887 0.000026
35888 0.000023
35889 0.000009
35890 0.000041
35891 0.000024
35892 0.000011
35893 0.000027
35894 0.000028
35895 0.000006
35896 0.000020
35897 0.000008
35898 0.000012
35899 0.000036
35900 0.000033
35901 0.000010
35902 0.000005
35903 0.000009
35904 0.000027
35905 0.000027
35906 0.000008
35907 0.000004
35908 0.000028
35909 0.000029
35910 0.000017
35911 0.000043
35912 0.000060
35913 0.000021
35914 0.000029
35915 0.000020
35916 0.000005
35917 0.000019
35918 0.000015
35919 0.000099
35920 0.000022
35921 0.000032
35922 0.000010
35923 0.000023
35924 0.000037
35925 0.000029
35926 0.000029
35927 0.000035
35928 0.000011
35929 0.000012
35930 0.000016
35931 0.000043
35932 0.000013
35933 0.000019
35934 0.000044
35935 0.000029
35936 0.000014
35937 0.000019
35938 0.000009
35939 0.000022
35940 0.000021
35941 0.000028
35942 0.000027
35943 0.000008
35944 0.000027
35945 0.000027
35946 0.000025
35947 0.000011
35948 0.000009
35949 0.000004
35950 0.000012
35951 0.000012
35952 0.000004
35953 0.000027
35954 0.000012
35955 0.000011
35956 0.000011
35957 0.000019
35958 0.000034
35959 0.000010
35960 0.000011
35961 0.000025
35962 0.000012
35963 0.000030
35964 0.000018
35965 0.000024
35966 0.000020
35967 0.000017
35968 0.000014
35969 0.000004
35970 0.000036
35971 0.000051
35972 0.000075
35973 0.000029
35974 0.000015
35975 0.000022
35976 0.000027
35977 0.000017
35978 0.000020
35979 0.000009
35980 0.000008
35981 0.000006
35982 0.000008
35983 0.000004
35984 0.000014
35985 0.000014
35986 0.000025
35987 0.000008
35988 0.000015
35989 0.000017
35990 0.000029
35991 0.000014
35992 0.000006
35993 0.000007
35994 0.000022
35995 0.000034
35996 0.000024
35997 0.000032
35998 0.000006
35999 0.000013
36000 0.000012
36001 0.000007
36002 0.000037
36003 0.000020
36004 0.000022
36005 0.000024
36006 0.000011
36007 0.000019
36008 0.000015
36009 0.000011
36010 0.000051
36011 0.000027
36012 0.000009
36013 0.000004
36014 0.000017
36015 0.000008
36016 0.000030
36017 0.000032
36018 0.000006
36019 0.000042
36020 0.000004
36021 0.000013
36022 0.000012
36023 0.000037
36024 0.000023
36025 0.000027
36026 0.000031
36027 0.000005
36028 0.000030
36029 0.000014
36030 0.000028
36031 0.000008
36032 0.000018
36033 0.000023
36034 0.000020
36035 0.000010
36036 0.000022
36037 0.000004
36038 0.000019
36039 0.000010
36040 0.000018
36041 0.000055
36042 0.000004
36043 0.000043
36044 0.000023
36045 0.000021
36046 0.000009
36047 0.000024
36048 0.000015
36049 0.000020
36050 0.000015
36051 0.000034
36052 0.000026
36053 0.000035
36054 0.000030
36055 0.000012
36056 0.000019
36057 0.000030
36058 0.000014
36059 0.000034
36060 0.000010
36061 0.000011
36062 0.000017
36063 0.000014
36064 0.000033
36065 0.000009
36066 0.000005
36067 0.000012
36068 0.000014
36069 0.000020
36070 0.000011
36071 0.000033
36072 0.000021
36073 0.000028
36074 0.000012
36075 0.000009
36076 0.000015
36077 0.000025
36078 0.000016
36079 0.000013
36080 0.000006
36081 0.000007
36082 0.000021
36083 0.000016
36084 0.000007
36085 0.000031
36086 0.000046
36087 0.000030
36088 0.000012
36089 0.000006
36090 0.000021
36091 0.000018
36092 0.000009
36093 0.000012
36094 0.000023
36095 0.000026
36096 0.000023
36097 0.000018
36098 0.000005
36099 0.000030
36100 0.000027
36101 0.000013
36102 0.000075
36103 0.000013
36104 0.000025
36105 0.000009
36106 0.000019
36107 0.000028
36108 0.000022
36109 0.000025
36110 0.000035
36111 0.000013
36112 0.000016
36113 0.000018
36114 0.000028
36115 0.000013
36116 0.000005
36117 0.000024
36118 0.000008
36119 0.000006
36120 0.000004
36121 0.000006
36122 0.000017
36123 0.000010
36124 0.000054
36125 0.000031
36126 0.000018
36127 0.000035
36128 0.000024
36129 0.000019
36130 0.000010
36131 0.000026
36132 0.000033
36133 0.000012
36134 0.000006
36135 0.000009
36136 0.000018
36137 0.000004
36138 0.000021
36139 0.000016
36140 0.000015
36141 0.000013
36142 0.000009
36143 0.000018
36144 0.000025
36145 0.000009
36146 0.000023
36147 0.000023
36148 0.000007
36149 0.000026
36150 0.000019
36151 0.000026
36152 0.000019
36153 0.000023
36154 0.000025
36155 0.000033
36156 0.000018
36157 0.000010
36158 0.000019
36159 0.000010
36160 0.000023
36161 0.000023
36162 0.000013
36163 0.000018
36164 0.000030
36165 0.000004
36166 0.000033
36167 0.000020
36168 0.000011
36169 0.000009
36170 0.000014
36171 0.000028
36172 0.000035
36173 0.000016
36174 0.000016
36175 0.000031
36176 0.000022
36177 0.000006
36178 0.000014
36179 0.000023
36180 0.000026
36181 0.000018
36182 0.000019
36183 0.000006
36184 0.000022
36185 0.000022
36186 0.000050
36187 0.000017
36188 0.000014
36189 0.000019
36190 0.000018
36191 0.000008
36192 0.000026
36193 0.000019
36194 0.000027
36195 0.000037
36196 0.000036
36197 0.000013
36198 0.000004
36199 0.000028
36200 0.000018
36201 0.000045
36202 0.000015
36203 0.000004
36204 0.000010
36205 0.000039
36206 0.000024
36207 0.000023
36208 0.000020
36209 0.000008
36210 0.000004
36211 0.000036
36212 0.000013
36213 0.000004
36214 0.000011
36215 0.000024
36216 0.000023
36217 0.000020
36218 0.000015
36219 0.000017
36220 0.000013
36221 0.000024
36222 0.000010
36223 0.000031
36224 0.000020
36225 0.000027
36226 0.000024
36227 0.000018
36228 0.000019
36229 0.000032
36230 0.000013
36231 0.000018
36232 0.000009
36233 0.000004
36234 0.000043
36235 0.000018
36236 0.000008
36237 0.000018
36238 0.000049
36239 0.000030
36240 0.000007
36241 0.000041
36242 0.000047
36243 0.000058
36244 0.000006
36245 0.000017
36246 0.000013
36247 0.000004
36248 0.000019
36249 0.000012
36250 0.000026
36251 0.000037
36252 0.000009
36253 0.000006
36254 0.000016
36255 0.000022
36256 0.000024
36257 0.000028
36258 0.000012
36259 0.000016
36260 0.000054
36261 0.000010
36262 0.000014
36263 0.000030
36264 0.000016
36265 0.000007
36266 0.000039
36267 0.000027
36268 0.000009
36269 0.000009
36270 0.000019
36271 0.000008
36272 0.000021
36273 0.000046
36274 0.000015
36275 0.000016
36276 0.000019
36277 0.000023
36278 0.000010
36279 0.000016
36280 0.000017
36281 0.000011
36282 0.000009
36283 0.000008
36284 0.000013
36285 0.000007
36286 0.000044
36287 0.000029
36288 0.000007
36289 0.000039
36290 0.000015
36291 0.000007
36292 0.000048
36293 0.000012
36294 0.000025
36295 0.000011
36296 0.000007
36297 0.000017
36298 0.000023
36299 0.000024
36300 0.000022
36301 0.000035
36302 0.000004
36303 0.000008
36304 0.000015
36305 0.000010
36306 0.000026
36307 0.000028
36308 0.000022
36309 0.000021
36310 0.000013
36311 0.000060
36312 0.000025
36313 0.000013
36314 0.000045
36315 0.000016
36316 0.000025
36317 0.000013
36318 0.000008
36319 0.000015
36320 0.000024
36321 0.000014
36322 0.000042
36323 0.000009
36324 0.000014
36325 0.000019
36326 0.000014
36327 0.000035
36328 0.000022
36329 0.000025
36330 0.000019
36331 0.000023
36332 0.000018
36333 0.000025
36334 0.000010
36335 0.000024
36336 0.000021
36337 0.000027
36338 0.000017
36339 0.000012
36340 0.000034
36341 0.000020
36342 0.000004
36343 0.000033
36344 0.000006
36345 0.000031
36346 0.000032
36347 0.000032
36348 0.000050
36349 0.000008
36350 0.000007
36351 0.000048
36352 0.000012
36353 0.000006
36354 0.000017
36355 0.000025
36356 0.000024
36357 0.000039
36358 0.000009
36359 0.000013
36360 0.000026
36361 0.000019
36362 0.000013
36363 0.000023
36364 0.000038
36365 0.000011
36366 0.000010
36367 0.000010
36368 0.000010
36369 0.000017
36370 0.000010
36371 0.000024
36372 0.000012
36373 0.000014
36374 0.000013
36375 0.000012
36376 0.000004
36377 0.000004
36378 0.000021
36379 0.000014
36380 0.000027
36381 0.000005
36382 0.000025
36383 0.000004
36384 0.000016
36385 0.000013
36386 0.000015
36387 0.000026
36388 0.000023
36389 0.000016
36390 0.000033
36391 0.000028
36392 0.000020
36393 0.000017
36394 0.000020
36395 0.000034
36396 0.000004
36397 0.000020
36398 0.000023
36399 0.000006
36400 0.000028
36401 0.000026
36402 0.000023
36403 0.000012
36404 0.000040
36405 0.000007
36406 0.000010
36407 0.000004
36408 0.000048
36409 0.000036
36410 0.000010
36411 0.000004
36412 0.000028
36413 0.000009
36414 0.000021
36415 0.000004
36416 0.000018
36417 0.000030
36418 0.000013
36419 0.000017
36420 0.000054
36421 0.000013
36422 0.000045
36423 0.000010
36424 0.000016
36425 0.000021
36426 0.000011
36427 0.000014
36428 0.000012
36429 0.000018
36430 0.000025
36431 0.000010
36432 0.000034
36433 0.000008
36434 0.000035
36435 0.000006
36436 0.000022
36437 0.000033
36438 0.000022
36439 0.000006
36440 0.000011
36441 0.000032
36442 0.000023
36443 0.000008
36444 0.000014
36445 0.000034
36446 0.000031
36447 0.000046
36448 0.000025
36449 0.000008
36450 0.000019
36451 0.000011
36452 0.000010
36453 0.000052
36454 0.000019
36455 0.000026
36456 0.000024
36457 0.000015
36458 0.000017
36459 0.000013
36460 0.000043
36461 0.000034
36462 0.000004
36463 0.000013
36464 0.000004
36465 0.000021
36466 0.000025
36467 0.000020
36468 0.000015
36469 0.000034
36470 0.000025
36471 0.000008
36472 0.000025
36473 0.000021
36474 0.000018
36475 0.000014
36476 0.000037
36477 0.000014
36478 0.000035
36479 0.000011
36480 0.000025
36481 0.000027
36482 0.000027
36483 0.000015
36484 0.000013
36485 0.000013
36486 0.000018
36487 0.000032
36488 0.000007
36489 0.000026
36490 0.000022
36491 0.000022
36492 0.000016
36493 0.000012
36494 0.000009
36495 0.000015
36496 0.000004
36497 0.000013
36498 0.000025
36499 0.000041
36500 0.000022
36501 0.000022
36502 0.000039
36503 0.000008
36504 0.000044
36505 0.000010
36506 0.000021
36507 0.000016
36508 0.000009
36509 0.000012
36510 0.000015
36511 0.000020
36512 0.000010
36513 0.000008
36514 0.000004
36515 0.000008
36516 0.000007
36517 0.000014
36518 0.000012
36519 0.000014
36520 0.000013
36521 0.000006
36522 0.000008
36523 0.000047
36524 0.000017
36525 0.000021
36526 0.000020
36527 0.000011
36528 0.000025
36529 0.000044
36530 0.000032
36531 0.000007
36532 0.000035
36533 0.000008
36534 0.000006
36535 0.000015
36536 0.000042
36537 0.000008
36538 0.000021
36539 0.000036
36540 0.000012
36541 0.000023
36542 0.000029
36543 0.000020
36544 0.000034
36545 0.000011
36546 0.000024
36547 0.000024
36548 0.000039
36549 0.000033
36550 0.000014
36551 0.000013
36552 0.000030
36553 0.000010
36554 0.000017
36555 0.000023
36556 0.000023
36557 0.000031
36558 0.000025
36559 0.000006
36560 0.000025
36561 0.000008
36562 0.000006
36563 0.000012
36564 0.000036
36565 0.000013
36566 0.000013
36567 0.000017
36568 0.000018
36569 0.000020
36570 0.000033
36571 0.000019
36572 0.000016
36573 0.000039
36574 0.000017
36575 0.000011
36576 0.000036
36577 0.000021
36578 0.000023
36579 0.000015
36580 0.000004
36581 0.000014
36582 0.000015
36583 0.000022
36584 0.000017
36585 0.000045
36586 0.000054
36587 0.000019
36588 0.000013
36589 0.000034
36590 0.000015
36591 0.000014
36592 0.000036
36593 0.000054
36594 0.000017
36595 0.000013
36596 0.000020
36597 0.000010
36598 0.000009
36599 0.000014
36600 0.000026
36601 0.000014
36602 0.000016
36603 0.000022
36604 0.000015
36605 0.000021
36606 0.000039
36607 0.000012
36608 0.000014
36609 0.000014
36610 0.000004
36611 0.000016
36612 0.000017
36613 0.000017
36614 0.000029
36615 0.000006
36616 0.000011
36617 0.000008
36618 0.000012
36619 0.000011
36620 0.000008
36621 0.000009
36622 0.000009
36623 0.000044
36624 0.000012
36625 0.000019
36626 0.000006
36627 0.000023
36628 0.000012
36629 0.000021
36630 0.000051
36631 0.000008
36632 0.000018
36633 0.000045
36634 0.000035
36635 0.000015
36636 0.000013
36637 0.000020
36638 0.000027
36639 0.000018
36640 0.000016
36641 0.000058
36642 0.000031
36643 0.000008
36644 0.000048
36645 0.000030
36646 0.000019
36647 0.000025
36648 0.000013
36649 0.000007
36650 0.000009
36651 0.000026
36652 0.000022
36653 0.000027
36654 0.000033
36655 0.000038
36656 0.000007
36657 0.000019
36658 0.000015
36659 0.000024
36660 0.000025
36661 0.000008
36662 0.000026
36663 0.000011
36664 0.000039
36665 0.000025
36666 0.000031
36667 0.000008
36668 0.000027
36669 0.000029
36670 0.000016
36671 0.000037
36672 0.000014
36673 0.000035
36674 0.000019
36675 0.000024
36676 0.000018
36677 0.000025
36678 0.000050
36679 0.000043
36680 0.000006
36681 0.000030
36682 0.000014
36683 0.000005
36684 0.000014
36685 0.000013
36686 0.000039
36687 0.000008
36688 0.000019
36689 0.000023
36690 0.000015
36691 0.000008
36692 0.000015
36693 0.000010
36694 0.000012
36695 0.000019
36696 0.000028
36697 0.000009
36698 0.000014
36699 0.000010
36700 0.000009
36701 0.000008
36702 0.000019
36703 0.000030
36704 0.000018
36705 0.000030
36706 0.000023
36707 0.000026
36708 0.000009
36709 0.000030
36710 0.000030
36711 0.000040
36712 0.000045
36713 0.000008
36714 0.000020
36715 0.000006
36716 0.000014
36717 0.000021
36718 0.000048
36719 0.000010
36720 0.000047
36721 0.000004
36722 0.000014
36723 0.000011
36724 0.000013
36725 0.000004
36726 0.000029
36727 0.000006
36728 0.000019
36729 0.000012
36730 0.000019
36731 0.000006
36732 0.000018
36733 0.000046
36734 0.000018
36735 0.000016
36736 0.000053
36737 0.000012
36738 0.000019
36739 0.000021
36740 0.000027
36741 0.000032
36742 0.000017
36743 0.000012
36744 0.000062
36745 0.000019
36746 0.000020
36747 0.000013
36748 0.000013
36749 0.000022
36750 0.000004
36751 0.000012
36752 0.000022
36753 0.000028
36754 0.000016
36755 0.000010
36756 0.000014
36757 0.000011
36758 0.000029
36759 0.000016
36760 0.000010
36761 0.000007
36762 0.000036
36763 0.000028
36764 0.000013
36765 0.000017
36766 0.000010
36767 0.000016
36768 0.000025
36769 0.000024
36770 0.000014
36771 0.000004
36772 0.000006
36773 0.000034
36774 0.000019
36775 0.000018
36776 0.000017
36777 0.000040
36778 0.000014
36779 0.000018
36780 0.000015
36781 0.000007
36782 0.000019
36783 0.000016
36784 0.000004
36785 0.000027
36786 0.000020
36787 0.000015
36788 0.000009
36789 0.000046
36790 0.000009
36791 0.000014
36792 0.000016
36793 0.000028
36794 0.000022
36795 0.000031
36796 0.000015
36797 0.000020
36798 0.000013
36799 0.000019
36800 0.000040
36801 0.000031
36802 0.000008
36803 0.000019
36804 0.000013
36805 0.000014
36806 0.000018
36807 0.000020
36808 0.000005
36809 0.000004
36810 0.000009
36811 0.000024
36812 0.000039
36813 0.000004
36814 0.000004
36815 0.000008
36816 0.000012
36817 0.000021
36818 0.000020
36819 0.000006
36820 0.000031
36821 0.000019
36822 0.000026
36823 0.000020
36824 0.000021
36825 0.000013
36826 0.000044
36827 0.000008
36828 0.000032
36829 0.000025
36830 0.000007
36831 0.000021
36832 0.000016
36833 0.000037
36834 0.000038
36835 0.000004
36836 0.000010
36837 0.000006
36838 0.000007
36839 0.000018
36840 0.000018
36841 0.000007
36842 0.000016
36843 0.000017
36844 0.000013
36845 0.000020
36846 0.000010
36847 0.000015
36848 0.000065
36849 0.000039
36850 0.000008
36851 0.000017
36852 0.000007
36853 0.000036
36854 0.000010
36855 0.000015
36856 0.000042
36857 0.000024
36858 0.000011
36859 0.000011
36860 0.000015
36861 0.000039
36862 0.000027
36863 0.000031
36864 0.000009
36865 0.000004
36866 0.000015
36867 0.000012
36868 0.000021
36869 0.000016
36870 0.000028
36871 0.000011
36872 0.000031
36873 0.000004
36874 0.000021
36875 0.000005
36876 0.000022
36877 0.000015
36878 0.000022
36879 0.000018
36880 0.000004
36881 0.000039
36882 0.000009
36883 0.000018
36884 0.000022
36885 0.000004
36886 0.000035
36887 0.000068
36888 0.000020
36889 0.000020
36890 0.000015
36891 0.000006
36892 0.000022
36893 0.000022
36894 0.000008
36895 0.000018
36896 0.000015
36897 0.000019
36898 0.000010
36899 0.000004
36900 0.000009
36901 0.000004
36902 0.000006
36903 0.000014
36904 0.000013
36905 0.000020
36906 0.000048
36907 0.000012
36908 0.000037
36909 0.000017
36910 0.000028
36911 0.000005
36912 0.000021
36913 0.000017
36914 0.000028
36915 0.000031
36916 0.000035
36917 0.000029
36918 0.000018
36919 0.000030
36920 0.000054
36921 0.000020
36922 0.000004
36923 0.000017
36924 0.000027
36925 0.000048
36926 0.000004
36927 0.000004
36928 0.000011
36929 0.000014
36930 0.000027
36931 0.000020
36932 0.000025
36933 0.000007
36934 0.000012
36935 0.000022
36936 0.000026
36937 0.000025
36938 0.000027
36939 0.000022
36940 0.000012
36941 0.000034
36942 0.000031
36943 0.000036
36944 0.000017
36945 0.000006
36946 0.000006
36947 0.000018
36948 0.000006
36949 0.000007
36950 0.000004
36951 0.000017
36952 0.000010
36953 0.000015
36954 0.000038
36955 0.000004
36956 0.000072
36957 0.000015
36958 0.000013
36959 0.000036
36960 0.000018
36961 0.000036
36962 0.000031
36963 0.000052
36964 0.000004
36965 0.000004
36966 0.000010
36967 0.000025
36968 0.000023
36969 0.000008
36970 0.000021
36971 0.000015
36972 0.000077
36973 0.000006
36974 0.000040
36975 0.000012
36976 0.000010
36977 0.000029
36978 0.000012
36979 0.000034
36980 0.000014
36981 0.000020
36982 0.000009
36983 0.000015
36984 0.000011
36985 0.000011
36986 0.000007
36987 0.000018
36988 0.000011
36989 0.000004
36990 0.000008
36991 0.000020
36992 0.000020
36993 0.000028
36994 0.000010
36995 0.000014
36996 0.000004
36997 0.000021
36998 0.000019
36999 0.000010
37000 0.000010
37001 0.000022
37002 0.000011
37003 0.000046
37004 0.000047
37005 0.000024
37006 0.000005
37007 0.000004
37008 0.000011
37009 0.000007
37010 0.000024
37011 0.000040
37012 0.000029
37013 0.000022
37014 0.000016
37015 0.000018
37016 0.000021
37017 0.000021
37018 0.000014
37019 0.000015
37020 0.000027
37021 0.000021
37022 0.000004
37023 0.000014
37024 0.000020
37025 0.000011
37026 0.000013
37027 0.000025
37028 0.000026
37029 0.000014
37030 0.000031
37031 0.000010
37032 0.000043
37033 0.000015
37034 0.000021
37035 0.000007
37036 0.000031
37037 0.000019
37038 0.000008
37039 0.000004
37040 0.000020
37041 0.000017
37042 0.000020
37043 0.000040
37044 0.000031
37045 0.000014
37046 0.000010
37047 0.000027
37048 0.000016
37049 0.000029
37050 0.000022
37051 0.000011
37052 0.000036
37053 0.000016
37054 0.000006
37055 0.000045
37056 0.000005
37057 0.000012
37058 0.000021
37059 0.000025
37060 0.000022
37061 0.000015
37062 0.000013
37063 0.000028
37064 0.000013
37065 0.000025
37066 0.000006
37067 0.000009
37068 0.000004
37069 0.000007
37070 0.000005
37071 0.000012
37072 0.000043
37073 0.000013
37074 0.000024
37075 0.000034
37076 0.000013
37077 0.000015
37078 0.000032
37079 0.000008
37080 0.000004
37081 0.000009
37082 0.000009
37083 0.000039
37084 0.000021
37085 0.000012
37086 0.000019
37087 0.000015
37088 0.000009
37089 0.000009
37090 0.000010
37091 0.000017
37092 0.000035
37093 0.000033
37094 0.000014
37095 0.000044
37096 0.000008
37097 0.000016
37098 0.000028
37099 0.000019
37100 0.000006
37101 0.000023
37102 0.000013
37103 0.000007
37104 0.000014
37105 0.000022
37106 0.000056
37107 0.000028
37108 0.000004
37109 0.000010
37110 0.000024
37111 0.000008
37112 0.000007
37113 0.000044
37114 0.000020
37115 0.000012
37116 0.000027
37117 0.000017
37118 0.000016
37119 0.000037
37120 0.000007
37121 0.000018
37122 0.000023
37123 0.000023
37124 0.000021
37125 0.000004
37126 0.000022
37127 0.000032
37128 0.000030
37129 0.000029
37130 0.000012
37131 0.000020
37132 0.000004
37133 0.000009
37134 0.000005
37135 0.000006
37136 0.000033
37137 0.000031
37138 0.000010
37139 0.000010
37140 0.000019
37141 0.000007
37142 0.000012
37143 0.000004
37144 0.000030
37145 0.000007
37146 0.000008
37147 0.000033
37148 0.000012
37149 0.000026
37150 0.000004
37151 0.000018
37152 0.000013
37153 0.000017
37154 0.000036
37155 0.000024
37156 0.000007
37157 0.000013
37158 0.000017
37159 0.000009
37160 0.000015
37161 0.000031
37162 0.000024
37163 0.000017
37164 0.000017
37165 0.000027
37166 0.000014
37167 0.000021
37168 0.000021
37169 0.000014
37170 0.000015
37171 0.000025
37172 0.000018
37173 0.000028
37174 0.000054
37175 0.000033
37176 0.000004
37177 0.000040
37178 0.000031
37179 0.000016
37180 0.000006
37181 0.000025
37182 0.000053
37183 0.000020
37184 0.000035
37185 0.000017
37186 0.000008
37187 0.000096
37188 0.000031
37189 0.000026
37190 0.000031
37191 0.000021
37192 0.000019
37193 0.000025
37194 0.000013
37195 0.000020
37196 0.000015
37197 0.000021
37198 0.000022
37199 0.000024
37200 0.000017
37201 0.000016
37202 0.000033
37203 0.000021
37204 0.000024
37205 0.000016
37206 0.000011
37207 0.000010
37208 0.000006
37209 0.000010
37210 0.000019
37211 0.000009
37212 0.000024
37213 0.000004
37214 0.000029
37215 0.000020
37216 0.000019
37217 0.000017
37218 0.000006
37219 0.000027
37220 0.000004
37221 0.000041
37222 0.000006
37223 0.000049
37224 0.000021
37225 0.000015
37226 0.000014
37227 0.000014
37228 0.000006
37229 0.000021
37230 0.000032
37231 0.000010
37232 0.000052
37233 0.000023
37234 0.000025
37235 0.000018
37236 0.000039
37237 0.000023
37238 0.000034
37239 0.000010
37240 0.000028
37241 0.000012
37242 0.000011
37243 0.000035
37244 0.000029
37245 0.000035
37246 0.000004
37247 0.000045
37248 0.000016
37249 0.000011
37250 0.000020
37251 0.000021
37252 0.000006
37253 0.000013
37254 0.000009
37255 0.000039
37256 0.000023
37257 0.000010
37258 0.000011
37259 0.000015
37260 0.000020
37261 0.000010
37262 0.000022
37263 0.000009
37264 0.000010
37265 0.000008
37266 0.000009
37267 0.000007
37268 0.000031
37269 0.000023
37270 0.000013
37271 0.000024
37272 0.000043
37273 0.000018
37274 0.000014
37275 0.000008
37276 0.000017
37277 0.000011
37278 0.000013
37279 0.000013
37280 0.000016
37281 0.000018
37282 0.000018
37283 0.000005
37284 0.000018
37285 0.000016
37286 0.000011
37287 0.000022
37288 0.000018
37289 0.000022
37290 0.000018
37291 0.000013
37292 0.000010
37293 0.000013
37294 0.000030
37295 0.000069
37296 0.000011
37297 0.000005
37298 0.000004
37299 0.000014
37300 0.000013
37301 0.000020
37302 0.000031
37303 0.000027
37304 0.000029
37305 0.000008
37306 0.000013
37307 0.000017
37308 0.000015
37309 0.000006
37310 0.000015
37311 0.000020
37312 0.000024
37313 0.000029
37314 0.000054
37315 0.000046
37316 0.000040
37317 0.000025
37318 0.000027
37319 0.000004
37320 0.000007
37321 0.000005
37322 0.000014
37323 0.000038
37324 0.000004
37325 0.000018
37326 0.000015
37327 0.000023
37328 0.000015
37329 0.000012
37330 0.000036
37331 0.000006
37332 0.000005
37333 0.000008
37334 0.000018
37335 0.000028
37336 0.000062
37337 0.000018
37338 0.000008
37339 0.000012
37340 0.000008
37341 0.000013
37342 0.000022
37343 0.000007
37344 0.000004
37345 0.000008
37346 0.000036
37347 0.000050
37348 0.000007
37349 0.000008
37350 0.000021
37351 0.000012
37352 0.000017
37353 0.000018
37354 0.000039
37355 0.000010
37356 0.000023
37357 0.000027
37358 0.000012
37359 0.000011
37360 0.000021
37361 0.000012
37362 0.000021
37363 0.000019
37364 0.000014
37365 0.000012
37366 0.000034
37367 0.000004
37368 0.000069
37369 0.000016
37370 0.000045
37371 0.000016
37372 0.000004
37373 0.000023
37374 0.000005
37375 0.000014
37376 0.000018
37377 0.000011
37378 0.000019
37379 0.000009
37380 0.000017
37381 0.000015
37382 0.000006
37383 0.000029
37384 0.000033
37385 0.000004
37386 0.000007
37387 0.000035
37388 0.000006
37389 0.000016
37390 0.000044
37391 0.000020
37392 0.000013
37393 0.000011
37394 0.000011
37395 0.000005
37396 0.000017
37397 0.000011
37398 0.000053
37399 0.000044
37400 0.000042
37401 0.000030
37402 0.000018
37403 0.000027
37404 0.000033
37405 0.000004
37406 0.000007
37407 0.000023
37408 0.000016
37409 0.000008
37410 0.000019
37411 0.000008
37412 0.000027
37413 0.000059
37414 0.000020
37415 0.000012
37416 0.000006
37417 0.000024
37418 0.000036
37419 0.000014
37420 0.000014
37421 0.000015
37422 0.000015
37423 0.000009
37424 0.000022
37425 0.000008
37426 0.000048
37427 0.000039
37428 0.000019
37429 0.000021
37430 0.000026
37431 0.000012
37432 0.000012
37433 0.000045
37434 0.000033
37435 0.000020
37436 0.000054
37437 0.000007
37438 0.000039
37439 0.000009
37440 0.000010
37441 0.000016
37442 0.000014
37443 0.000017
37444 0.000018
37445 0.000022
37446 0.000047
37447 0.000027
37448 0.000014
37449 0.000024
37450 0.000019
37451 0.000015
37452 0.000006
37453 0.000024
37454 0.000014
37455 0.000032
37456 0.000013
37457 0.000013
37458 0.000023
37459 0.000013
37460 0.000015
37461 0.000027
37462 0.000015
37463 0.000011
37464 0.000034
37465 0.000036
37466 0.000010
37467 0.000008
37468 0.000027
37469 0.000069
37470 0.000037
37471 0.000013
37472 0.000025
37473 0.000013
37474 0.000027
37475 0.000014
37476 0.000027
37477 0.000020
37478 0.000029
37479 0.000044
37480 0.000026
37481 0.000035
37482 0.000045
37483 0.000008
37484 0.000004
37485 0.000012
37486 0.000022
37487 0.000018
37488 0.000029
37489 0.000009
37490 0.000014
37491 0.000017
37492 0.000013
37493 0.000050
37494 0.000016
37495 0.000009
37496 0.000030
37497 0.000013
37498 0.000011
37499 0.000016
37500 0.000018
37501 0.000007
37502 0.000019
37503 0.000007
37504 0.000015
37505 0.000030
37506 0.000028
37507 0.000025
37508 0.000036
37509 0.000006
37510 0.000023
37511 0.000004
37512 0.000075
37513 0.000016
37514 0.000015
37515 0.000039
37516 0.000016
37517 0.000014
37518 0.000012
37519 0.000014
37520 0.000005
37521 0.000014
37522 0.000010
37523 0.000037
37524 0.000017
37525 0.000017
37526 0.000009
37527 0.000039
37528 0.000017
37529 0.000011
37530 0.000022
37531 0.000064
37532 0.000052
37533 0.000050
37534 0.000011
37535 0.000008
37536 0.000029
37537 0.000028
37538 0.000033
37539 0.000013
37540 0.000027
37541 0.000006
37542 0.000021
37543 0.000021
37544 0.000011
37545 0.000027
37546 0.000034
37547 0.000040
37548 0.000022
37549 0.000007
37550 0.000014
37551 0.000004
37552 0.000027
37553 0.000021
37554 0.000012
37555 0.000004
37556 0.000007
37557 0.000036
37558 0.000007
37559 0.000039
37560 0.000005
37561 0.000026
37562 0.000005
37563 0.000013
37564 0.000015
37565 0.000049
37566 0.000012
37567 0.000017
37568 0.000012
37569 0.000025
37570 0.000053
37571 0.000033
37572 0.000016
37573 0.000029
37574 0.000024
37575 0.000030
37576 0.000016
37577 0.000020
37578 0.000027
37579 0.000010
37580 0.000009
37581 0.000014
37582 0.000016
37583 0.000015
37584 0.000018
37585 0.000014
37586 0.000012
37587 0.000021
37588 0.000010
37589 0.000010
37590 0.000009
37591 0.000014
37592 0.000024
37593 0.000013
37594 0.000040
37595 0.000023
37596 0.000015
37597 0.000012
37598 0.000019
37599 0.000034
37600 0.000026
37601 0.000012
37602 0.000022
37603 0.000010
37604 0.000006
37605 0.000004
37606 0.000038
37607 0.000019
37608 0.000024
37609 0.000044
37610 0.000034
37611 0.000024
37612 0.000027
37613 0.000008
37614 0.000069
37615 0.000006
37616 0.000037
37617 0.000040
37618 0.000006
37619 0.000009
37620 0.000004
37621 0.000027
37622 0.000026
37623 0.000028
37624 0.000029
37625 0.000004
37626 0.000010
37627 0.000024
37628 0.000026
37629 0.000004
37630 0.000016
37631 0.000056
37632 0.000012
37633 0.000017
37634 0.000037
37635 0.000069
37636 0.000008
37637 0.000008
37638 0.000027
37639 0.000010
37640 0.000028
37641 0.000010
37642 0.000006
37643 0.000005
37644 0.000004
37645 0.000026
37646 0.000026
37647 0.000010
37648 0.000025
37649 0.000007
37650 0.000011
37651 0.000022
37652 0.000032
37653 0.000025
37654 0.000008
37655 0.000020
37656 0.000030
37657 0.000014
37658 0.000017
37659 0.000020
37660 0.000021
37661 0.000004
37662 0.000018
37663 0.000025
37664 0.000004
37665 0.000012
37666 0.000014
37667 0.000028
37668 0.000027
37669 0.000004
37670 0.000022
37671 0.000009
37672 0.000022
37673 0.000004
37674 0.000025
37675 0.000013
37676 0.000031
37677 0.000040
37678 0.000007
37679 0.000017
37680 0.000011
37681 0.000020
37682 0.000009
37683 0.000012
37684 0.000018
37685 0.000037
37686 0.000045
37687 0.000016
37688 0.000014
37689 0.000024
37690 0.000018
37691 0.000021
37692 0.000024
37693 0.000010
37694 0.000011
37695 0.000015
37696 0.000035
37697 0.000051
37698 0.000017
37699 0.000049
37700 0.000022
37701 0.000035
37702 0.000012
37703 0.000016
37704 0.000017
37705 0.000037
37706 0.000030
37707 0.000011
37708 0.000043
37709 0.000019
37710 0.000024
37711 0.000006
37712 0.000010
37713 0.000016
37714 0.000018
37715 0.000020
37716 0.000027
37717 0.000029
37718 0.000006
37719 0.000052
37720 0.000014
37721 0.000016
37722 0.000020
37723 0.000019
37724 0.000034
37725 0.000008
37726 0.000029
37727 0.000030
37728 0.000022
37729 0.000006
37730 0.000050
37731 0.000004
37732 0.000034
37733 0.000008
37734 0.000006
37735 0.000004
37736 0.000015
37737 0.000029
37738 0.000008
37739 0.000023
37740 0.000030
37741 0.000018
37742 0.000029
37743 0.000013
37744 0.000020
37745 0.000004
37746 0.000011
37747 0.000010
37748 0.000043
37749 0.000018
37750 0.000008
37751 0.000040
37752 0.000037
37753 0.000007
37754 0.000007
37755 0.000033
37756 0.000053
37757 0.000010
37758 0.000006
37759 0.000020
37760 0.000037
37761 0.000008
37762 0.000035
37763 0.000014
37764 0.000018
37765 0.000049
37766 0.000019
37767 0.000030
37768 0.000004
37769 0.000021
37770 0.000059
37771 0.000014
37772 0.000024
37773 0.000030
37774 0.000004
37775 0.000015
37776 0.000034
37777 0.000022
37778 0.000038
37779 0.000029
37780 0.000016
37781 0.000009
37782 0.000013
37783 0.000004
37784 0.000017
37785 0.000039
37786 0.000029
37787 0.000023
37788 0.000025
37789 0.000015
37790 0.000022
37791 0.000033
37792 0.000007
37793 0.000004
37794 0.000024
37795 0.000015
37796 0.000004
37797 0.000006
37798 0.000032
37799 0.000010
37800 0.000004
37801 0.000009
37802 0.000053
37803 0.000009
37804 0.000036
37805 0.000126
37806 0.000018
37807 0.000014
37808 0.000022
37809 0.000025
37810 0.000009
37811 0.000009
37812 0.000014
37813 0.000015
37814 0.000004
37815 0.000021
37816 0.000009
37817 0.000035
37818 0.000013
37819 0.000006
37820 0.000011
37821 0.000012
37822 0.000009
37823 0.000008
37824 0.000036
37825 0.000016
37826 0.000031
37827 0.000009
37828 0.000014
37829 0.000039
37830 0.000033
37831 0.000014
37832 0.000039
37833 0.000026
37834 0.000016
37835 0.000014
37836 0.000016
37837 0.000042
37838 0.000011
37839 0.000019
37840 0.000016
37841 0.000046
37842 0.000018
37843 0.000009
37844 0.000004
37845 0.000015
37846 0.000007
37847 0.000012
37848 0.000021
37849 0.000010
37850 0.000019
37851 0.000018
37852 0.000005
37853 0.000006
37854 0.000013
37855 0.000033
37856 0.000046
37857 0.000019
37858 0.000024
37859 0.000011
37860 0.000005
37861 0.000012
37862 0.000008
37863 0.000011
37864 0.000008
37865 0.000013
37866 0.000008
37867 0.000021
37868 0.000026
37869 0.000050
37870 0.000004
37871 0.000034
37872 0.000019
37873 0.000012
37874 0.000015
37875 0.000035
37876 0.000009
37877 0.000014
37878 0.000026
37879 0.000055
37880 0.000005
37881 0.000016
37882 0.000026
37883 0.000029
37884 0.000025
37885 0.000035
37886 0.000007
37887 0.000028
37888 0.000036
37889 0.000051
37890 0.000057
37891 0.000018
37892 0.000036
37893 0.000016
37894 0.000017
37895 0.000007
37896 0.000018
37897 0.000041
37898 0.000018
37899 0.000012
37900 0.000016
37901 0.000013
37902 0.000010
37903 0.000035
37904 0.000007
37905 0.000023
37906 0.000007
37907 0.000028
37908 0.000009
37909 0.000016
37910 0.000022
37911 0.000026
37912 0.000007
37913 0.000027
37914 0.000020
37915 0.000021
37916 0.000021
37917 0.000009
37918 0.000026
37919 0.000012
37920 0.000022
37921 0.000025
37922 0.000022
37923 0.000024
37924 0.000036
37925 0.000015
37926 0.000025
37927 0.000008
37928 0.000010
37929 0.000008
37930 0.000024
37931 0.000025
37932 0.000041
37933 0.000021
37934 0.000020
37935 0.000021
37936 0.000030
37937 0.000019
37938 0.000031
37939 0.000016
37940 0.000022
37941 0.000013
37942 0.000031
37943 0.000012
37944 0.000029
37945 0.000031
37946 0.000011
37947 0.000017
37948 0.000019
37949 0.000007
37950 0.000023
37951 0.000010
37952 0.000011
37953 0.000014
37954 0.000058
37955 0.000035
37956 0.000015
37957 0.000010
37958 0.000005
37959 0.000010
37960 0.000004
37961 0.000029
37962 0.000024
37963 0.000039
37964 0.000012
37965 0.000039
37966 0.000017
37967 0.000020
37968 0.000017
37969 0.000029
37970 0.000014
37971 0.000006
37972 0.000004
37973 0.000025
37974 0.000027
37975 0.000024
37976 0.000016
37977 0.000015
37978 0.000010
37979 0.000016
37980 0.000012
37981 0.000014
37982 0.000032
37983 0.000021
37984 0.000020
37985 0.000024
37986 0.000022
37987 0.000014
37988 0.000012
37989 0.000018
37990 0.000010
37991 0.000011
37992 0.000007
37993 0.000057
37994 0.000014
37995 0.000012
37996 0.000027
37997 0.000026
37998 0.000018
37999 0.000033
38000 0.000008
38001 0.000009
38002 0.000027
38003 0.000041
38004 0.000026
38005 0.000020
38006 0.000011
38007 0.000011
38008 0.000013
38009 0.000008
38010 0.000011
38011 0.000026
38012 0.000004
38013 0.000010
38014 0.000015
38015 0.000018
38016 0.000009
38017 0.000019
38018 0.000043
38019 0.000008
38020 0.000011
38021 0.000014
38022 0.000017
38023 0.000011
38024 0.000032
38025 0.000023
38026 0.000022
38027 0.000006
38028 0.000033
38029 0.000009
38030 0.000007
38031 0.000038
38032 0.000025
38033 0.000028
38034 0.000027
38035 0.000007
38036 0.000033
38037 0.000004
38038 0.000023
38039 0.000038
38040 0.000012
38041 0.000023
38042 0.000012
38043 0.000007
38044 0.000022
38045 0.000048
38046 0.000007
38047 0.000026
38048 0.000033
38049 0.000010
38050 0.000023
38051 0.000023
38052 0.000023
38053 0.000008
38054 0.000020
38055 0.000021
38056 0.000021
38057 0.000012
38058 0.000025
38059 0.000022
38060 0.000014
38061 0.000021
38062 0.000004
38063 0.000008
38064 0.000012
38065 0.000004
38066 0.000007
38067 0.000024
38068 0.000008
38069 0.000013
38070 0.000069
38071 0.000056
38072 0.000006
38073 0.000004
38074 0.000030
38075 0.000014
38076 0.000011
38077 0.000007
38078 0.000030
38079 0.000015
38080 0.000025
38081 0.000019
38082 0.000011
38083 0.000014
38084 0.000012
38085 0.000014
38086 0.000031
38087 0.000004
38088 0.000007
38089 0.000012
38090 0.000006
38091 0.000020
38092 0.000018
38093 0.000022
38094 0.000015
38095 0.000030
38096 0.000012
38097 0.000022
38098 0.000009
38099 0.000018
38100 0.000013
38101 0.000013
38102 0.000004
38103 0.000013
38104 0.000023
38105 0.000047
38106 0.000038
38107 0.000054
38108 0.000011
38109 0.000043
38110 0.000025
38111 0.000010
38112 0.000024
38113 0.000010
38114 0.000012
38115 0.000007
38116 0.000012
38117 0.000014
38118 0.000014
38119 0.000017
38120 0.000013
38121 0.000016
38122 0.000016
38123 0.000026
38124 0.000004
38125 0.000015
38126 0.000011
38127 0.000020
38128 0.000035
38129 0.000019
38130 0.000024
38131 0.000081
38132 0.000028
38133 0.000006
38134 0.000018
38135 0.000034
38136 0.000016
38137 0.000016
38138 0.000008
38139 0.000019
38140 0.000023
38141 0.000015
38142 0.000010
38143 0.000017
38144 0.000013
38145 0.000025
38146 0.000016
38147 0.000004
38148 0.000004
38149 0.000012
38150 0.000042
38151 0.000009
38152 0.000006
38153 0.000015
38154 0.000039
38155 0.000010
38156 0.000033
38157 0.000005
38158 0.000028
38159 0.000030
38160 0.000008
38161 0.000014
38162 0.000019
38163 0.000023
38164 0.000018
38165 0.000012
38166 0.000011
38167 0.000008
38168 0.000014
38169 0.000017
38170 0.000077
38171 0.000012
38172 0.000016
38173 0.000010
38174 0.000014
38175 0.000012
38176 0.000004
38177 0.000014
38178 0.000044
38179 0.000005
38180 0.000013
38181 0.000004
38182 0.000018
38183 0.000012
38184 0.000014
38185 0.000019
38186 0.000013
38187 0.000005
38188 0.000034
38189 0.000006
38190 0.000039
38191 0.000023
38192 0.000009
38193 0.000017
38194 0.000015
38195 0.000014
38196 0.000041
38197 0.000022
38198 0.000019
38199 0.000010
38200 0.000018
38201 0.000008
38202 0.000023
38203 0.000031
38204 0.000022
38205 0.000023
38206 0.000009
38207 0.000023
38208 0.000027
38209 0.000013
38210 0.000012
38211 0.000015
38212 0.000026
38213 0.000008
38214 0.000007
38215 0.000042
38216 0.000004
38217 0.000038
38218 0.000016
38219 0.000019
38220 0.000013
38221 0.000007
38222 0.000009
38223 0.000022
38224 0.000006
38225 0.000007
38226 0.000014
38227 0.000011
38228 0.000006
38229 0.000018
38230 0.000011
38231 0.000036
38232 0.000030
38233 0.000005
38234 0.000005
38235 0.000008
38236 0.000032
38237 0.000023
38238 0.000011
38239 0.000005
38240 0.000018
38241 0.000009
38242 0.000038
38243 0.000016
38244 0.000057
38245 0.000032
38246 0.000024
38247 0.000021
38248 0.000011
38249 0.000023
38250 0.000025
38251 0.000046
38252 0.000009
38253 0.000040
38254 0.000019
38255 0.000008
38256 0.000012
38257 0.000013
38258 0.000031
38259 0.000013
38260 0.000006
38261 0.000020
38262 0.000008
38263 0.000026
38264 0.000009
38265 0.000026
38266 0.000018
38267 0.000037
38268 0.000020
38269 0.000015
38270 0.000010
38271 0.000016
38272 0.000033
38273 0.000020
38274 0.000023
38275 0.000025
38276 0.000004
38277 0.000020
38278 0.000013
38279 0.000012
38280 0.000017
38281 0.000018
38282 0.000045
38283 0.000022
38284 0.000048
38285 0.000009
38286 0.000010
38287 0.000018
38288 0.000004
38289 0.000004
38290 0.000011
38291 0.000007
38292 0.000026
38293 0.000030
38294 0.000024
38295 0.000007
38296 0.000004
38297 0.000042
38298 0.000016
38299 0.000024
38300 0.000045
38301 0.000008
38302 0.000033
38303 0.000005
38304 0.000029
38305 0.000036
38306 0.000007
38307 0.000045
38308 0.000021
38309 0.000041
38310 0.000027
38311 0.000014
38312 0.000037
38313 0.000018
38314 0.000011
38315 0.000023
38316 0.000009
38317 0.000025
38318 0.000017
38319 0.000004
38320 0.000016
38321 0.000018
38322 0.000025
38323 0.000026
38324 0.000041
38325 0.000007
38326 0.000008
38327 0.000028
38328 0.000016
38329 0.000024
38330 0.000019
38331 0.000009
38332 0.000025
38333 0.000019
38334 0.000004
38335 0.000020
38336 0.000031
38337 0.000005
38338 0.000004
38339 0.000008
38340 0.000032
38341 0.000010
38342 0.000018
38343 0.000043
38344 0.000025
38345 0.000021
38346 0.000024
38347 0.000019
38348 0.000087
38349 0.000010
38350 0.000011
38351 0.000023
38352 0.000016
38353 0.000057
38354 0.000014
38355 0.000017
38356 0.000024
38357 0.000039
38358 0.000013
38359 0.000008
38360 0.000004
38361 0.000017
38362 0.000029
38363 0.000017
38364 0.000007
38365 0.000031
38366 0.000018
38367 0.000039
38368 0.000050
38369 0.000004
38370 0.000025
38371 0.000027
38372 0.000020
38373 0.000023
38374 0.000021
38375 0.000034
38376 0.000041
38377 0.000008
38378 0.000043
38379 0.000037
38380 0.000014
38381 0.000029
38382 0.000013
38383 0.000004
38384 0.000009
38385 0.000021
38386 0.000007
38387 0.000025
38388 0.000005
38389 0.000015
38390 0.000026
38391 0.000017
38392 0.000006
38393 0.000013
38394 0.000038
38395 0.000049
38396 0.000029
38397 0.000027
38398 0.000008
38399 0.000004
38400 0.000023
38401 0.000010
38402 0.000019
38403 0.000008
38404 0.000004
38405 0.000005
38406 0.000004
38407 0.000012
38408 0.000008
38409 0.000038
38410 0.000016
38411 0.000036
38412 0.000027
38413 0.000027
38414 0.000014
38415 0.000044
38416 0.000025
38417 0.000013
38418 0.000019
38419 0.000028
38420 0.000009
38421 0.000029
38422 0.000009
38423 0.000012
38424 0.000012
38425 0.000023
38426 0.000025
38427 0.000012
38428 0.000011
38429 0.000014
38430 0.000017
38431 0.000026
38432 0.000060
38433 0.000019
38434 0.000049
38435 0.000007
38436 0.000041
38437 0.000027
38438 0.000007
38439 0.000009
38440 0.000027
38441 0.000016
38442 0.000017
38443 0.000024
38444 0.000018
38445 0.000020
38446 0.000010
38447 0.000030
38448 0.000008
38449 0.000010
38450 0.000016
38451 0.000008
38452 0.000017
38453 0.000019
38454 0.000017
38455 0.000010
38456 0.000023
38457 0.000004
38458 0.000020
38459 0.000070
38460 0.000046
38461 0.000033
38462 0.000004
38463 0.000024
38464 0.000022
38465 0.000036
38466 0.000004
38467 0.000020
38468 0.000038
38469 0.000013
38470 0.000028
38471 0.000005
38472 0.000006
38473 0.000010
38474 0.000027
38475 0.000006
38476 0.000030
38477 0.000013
38478 0.000008
38479 0.000016
38480 0.000004
38481 0.000043
38482 0.000019
38483 0.000007
38484 0.000020
38485 0.000020
38486 0.000035
38487 0.000005
38488 0.000011
38489 0.000005
38490 0.000019
38491 0.000021
38492 0.000014
38493 0.000020
38494 0.000010
38495 0.000017
38496 0.000052
38497 0.000018
38498 0.000029
38499 0.000015
38500 0.000042
38501 0.000021
38502 0.000025
38503 0.000023
38504 0.000009
38505 0.000008
38506 0.000038
38507 0.000026
38508 0.000024
38509 0.000012
38510 0.000051
38511 0.000035
38512 0.000032
38513 0.000027
38514 0.000009
38515 0.000019
38516 0.000023
38517 0.000015
38518 0.000009
38519 0.000022
38520 0.000012
38521 0.000030
38522 0.000013
38523 0.000015
38524 0.000008
38525 0.000027
38526 0.000012
38527 0.000034
38528 0.000014
38529 0.000013
38530 0.000072
38531 0.000021
38532 0.000017
38533 0.000027
38534 0.000055
38535 0.000023
38536 0.000017
38537 0.000040
38538 0.000036
38539 0.000009
38540 0.000022
38541 0.000005
38542 0.000008
38543 0.000035
38544 0.000012
38545 0.000024
38546 0.000009
38547 0.000050
38548 0.000009
38549 0.000013
38550 0.000012
38551 0.000009
38552 0.000006
38553 0.000014
38554 0.000006
38555 0.000074
38556 0.000022
38557 0.000016
38558 0.000027
38559 0.000029
38560 0.000036
38561 0.000018
38562 0.000014
38563 0.000004
38564 0.000011
38565 0.000017
38566 0.000009
38567 0.000040
38568 0.000043
38569 0.000029
38570 0.000013
38571 0.000009
38572 0.000010
38573 0.000022
38574 0.000056
38575 0.000018
38576 0.000014
38577 0.000015
38578 0.000013
38579 0.000025
38580 0.000013
38581 0.000029
38582 0.000035
38583 0.000004
38584 0.000039
38585 0.000018
38586 0.000017
38587 0.000015
38588 0.000023
38589 0.000019
38590 0.000008
38591 0.000021
38592 0.000008
38593 0.000016
38594 0.000014
38595 0.000006
38596 0.000005
38597 0.000018
38598 0.000022
38599 0.000016
38600 0.000006
38601 0.000004
38602 0.000015
38603 0.000011
38604 0.000042
38605 0.000013
38606 0.000045
38607 0.000006
38608 0.000022
38609 0.000013
38610 0.000015
38611 0.000019
38612 0.000016
38613 0.000019
38614 0.000011
38615 0.000050
38616 0.000031
38617 0.000009
38618 0.000021
38619 0.000004
38620 0.000088
38621 0.000031
38622 0.000062
38623 0.000009
38624 0.000019
38625 0.000011
38626 0.000017
38627 0.000024
38628 0.000004
38629 0.000014
38630 0.000009
38631 0.000013
38632 0.000032
38633 0.000004
38634 0.000028
38635 0.000012
38636 0.000013
38637 0.000021
38638 0.000015
38639 0.000013
38640 0.000037
38641 0.000024
38642 0.000049
38643 0.000013
38644 0.000017
38645 0.000018
38646 0.000047
38647 0.000012
38648 0.000005
38649 0.000011
38650 0.000009
38651 0.000035
38652 0.000043
38653 0.000010
38654 0.000006
38655 0.000020
38656 0.000028
38657 0.000018
38658 0.000045
38659 0.000023
38660 0.000012
38661 0.000037
38662 0.000015
38663 0.000039
38664 0.000008
38665 0.000038
38666 0.000020
38667 0.000013
38668 0.000010
38669 0.000012
38670 0.000027
38671 0.000020
38672 0.000015
38673 0.000017
38674 0.000017
38675 0.000015
38676 0.000024
38677 0.000029
38678 0.000031
38679 0.000019
38680 0.000025
38681 0.000018
38682 0.000054
38683 0.000036
38684 0.000017
38685 0.000006
38686 0.000058
38687 0.000020
38688 0.000016
38689 0.000015
38690 0.000010
38691 0.000011
38692 0.000017
38693 0.000024
38694 0.000020
38695 0.000027
38696 0.000008
38697 0.000019
38698 0.000008
38699 0.000032
38700 0.000027
38701 0.000018
38702 0.000035
38703 0.000013
38704 0.000028
38705 0.000026
38706 0.000004
38707 0.000004
38708 0.000051
38709 0.000004
38710 0.000014
38711 0.000011
38712 0.000020
38713 0.000028
38714 0.000018
38715 0.000019
38716 0.000015
38717 0.000026
38718 0.000010
38719 0.000042
38720 0.000024
38721 0.000026
38722 0.000049
38723 0.000013
38724 0.000021
38725 0.000015
38726 0.000032
38727 0.000036
38728 0.000004
38729 0.000015
38730 0.000011
38731 0.000019
38732 0.000031
38733 0.000010
38734 0.000046
38735 0.000019
38736 0.000008
38737 0.000017
38738 0.000006
38739 0.000013
38740 0.000008
38741 0.000010
38742 0.000037
38743 0.000025
38744 0.000007
38745 0.000017
38746 0.000024
38747 0.000013
38748 0.000013
38749 0.000017
38750 0.000004
38751 0.000027
38752 0.000008
38753 0.000015
38754 0.000004
38755 0.000020
38756 0.000010
38757 0.000011
38758 0.000027
38759 0.000024
38760 0.000007
38761 0.000008
38762 0.000037
38763 0.000038
38764 0.000066
38765 0.000007
38766 0.000047
38767 0.000008
38768 0.000033
38769 0.000030
38770 0.000016
38771 0.000022
38772 0.000005
38773 0.000004
38774 0.000017
38775 0.000022
38776 0.000047
38777 0.000012
38778 0.000004
38779 0.000015
38780 0.000030
38781 0.000012
38782 0.000027
38783 0.000021
38784 0.000011
38785 0.000008
38786 0.000004
38787 0.000020
38788 0.000032
38789 0.000010
38790 0.000041
38791 0.000041
38792 0.000006
38793 0.000034
38794 0.000004
38795 0.000005
38796 0.000023
38797 0.000007
38798 0.000019
38799 0.000008
38800 0.000007
38801 0.000024
38802 0.000013
38803 0.000021
38804 0.000026
38805 0.000020
38806 0.000040
38807 0.000016
38808 0.000012
38809 0.000013
38810 0.000020
38811 0.000009
38812 0.000014
38813 0.000040
38814 0.000013
38815 0.000011
38816 0.000004
38817 0.000032
38818 0.000004
38819 0.000041
38820 0.000016
38821 0.000004
38822 0.000064
38823 0.000011
38824 0.000020
38825 0.000022
38826 0.000004
38827 0.000013
38828 0.000014
38829 0.000026
38830 0.000010
38831 0.000028
38832 0.000019
38833 0.000009
38834 0.000020
38835 0.000030
38836 0.000028
38837 0.000021
38838 0.000008
38839 0.000025
38840 0.000022
38841 0.000038
38842 0.000015
38843 0.000033
38844 0.000015
38845 0.000021
38846 0.000012
38847 0.000022
38848 0.000015
38849 0.000005
38850 0.000014
38851 0.000005
38852 0.000014
38853 0.000022
38854 0.000013
38855 0.000016
38856 0.000033
38857 0.000021
38858 0.000020
38859 0.000016
38860 0.000004
38861 0.000033
38862 0.000017
38863 0.000030
38864 0.000016
38865 0.000014
38866 0.000021
38867 0.000026
38868 0.000006
38869 0.000013
38870 0.000037
38871 0.000026
38872 0.000013
38873 0.000025
38874 0.000051
38875 0.000015
38876 0.000026
38877 0.000022
38878 0.000006
38879 0.000021
38880 0.000006
38881 0.000008
38882 0.000017
38883 0.000011
38884 0.000011
38885 0.000007
38886 0.000017
38887 0.000019
38888 0.000022
38889 0.000013
38890 0.000033
38891 0.000004
38892 0.000035
38893 0.000009
38894 0.000026
38895 0.000007
38896 0.000010
38897 0.000017
38898 0.000007
38899 0.000040
38900 0.000020
38901 0.000011
38902 0.000021
38903 0.000019
38904 0.000041
38905 0.000011
38906 0.000022
38907 0.000019
38908 0.000006
38909 0.000007
38910 0.000010
38911 0.000010
38912 0.000007
38913 0.000009
38914 0.000009
38915 0.000004
38916 0.000014
38917 0.000013
38918 0.000039
38919 0.000035
38920 0.000024
38921 0.000019
38922 0.000026
38923 0.000017
38924 0.000006
38925 0.000031
38926 0.000021
38927 0.000018
38928 0.000026
38929 0.000026
38930 0.000019
38931 0.000050
38932 0.000013
38933 0.000028
38934 0.000006
38935 0.000013
38936 0.000033
38937 0.000018
38938 0.000021
38939 0.000024
38940 0.000017
38941 0.000013
38942 0.000013
38943 0.000014
38944 0.000019
38945 0.000009
38946 0.000015
38947 0.000013
38948 0.000030
38949 0.000037
38950 0.000019
38951 0.000022
38952 0.000023
38953 0.000019
38954 0.000031
38955 0.000007
38956 0.000022
38957 0.000004
38958 0.000014
38959 0.000013
38960 0.000024
38961 0.000013
38962 0.000060
38963 0.000020
38964 0.000034
38965 0.000014
38966 0.000046
38967 0.000011
38968 0.000008
38969 0.000015
38970 0.000031
38971 0.000010
38972 0.000066
38973 0.000021
38974 0.000039
38975 0.000016
38976 0.000038
38977 0.000017
38978 0.000011
38979 0.000008
38980 0.000023
38981 0.000013
38982 0.000014
38983 0.000019
38984 0.000024
38985 0.000048
38986 0.000011
38987 0.000030
38988 0.000006
38989 0.000043
38990 0.000027
38991 0.000035
38992 0.000015
38993 0.000025
38994 0.000028
38995 0.000020
38996 0.000030
38997 0.000015
38998 0.000011
38999 0.000030
39000 0.000008
39001 0.000048
39002 0.000026
39003 0.000009
39004 0.000014
39005 0.000028
39006 0.000026
39007 0.000008
39008 0.000015
39009 0.000017
39010 0.000016
39011 0.000004
39012 0.000026
39013 0.000022
39014 0.000009
39015 0.000009
39016 0.000013
39017 0.000025
39018 0.000019
39019 0.000018
39020 0.000076
39021 0.000042
39022 0.000014
39023 0.000008
39024 0.000018
39025 0.000007
39026 0.000033
39027 0.000013
39028 0.000014
39029 0.000040
39030 0.000008
39031 0.000039
39032 0.000020
39033 0.000039
39034 0.000023
39035 0.000011
39036 0.000034
39037 0.000035
39038 0.000019
39039 0.000026
39040 0.000026
39041 0.000008
39042 0.000007
39043 0.000035
39044 0.000013
39045 0.000024
39046 0.000009
39047 0.000017
39048 0.000027
39049 0.000009
39050 0.000009
39051 0.000039
39052 0.000011
39053 0.000015
39054 0.000011
39055 0.000025
39056 0.000014
39057 0.000043
39058 0.000068
39059 0.000018
39060 0.000004
39061 0.000030
39062 0.000005
39063 0.000028
39064 0.000022
39065 0.000021
39066 0.000019
39067 0.000048
39068 0.000022
39069 0.000044
39070 0.000005
39071 0.000011
39072 0.000018
39073 0.000010
39074 0.000021
39075 0.000019
39076 0.000017
39077 0.000009
39078 0.000012
39079 0.000027
39080 0.000015
39081 0.000019
39082 0.000023
39083 0.000006
39084 0.000006
39085 0.000005
39086 0.000036
39087 0.000021
39088 0.000017
39089 0.000015
39090 0.000011
39091 0.000007
39092 0.000046
39093 0.000018
39094 0.000004
39095 0.000014
39096 0.000025
39097 0.000029
39098 0.000018
39099 0.000022
39100 0.000018
39101 0.000022
39102 0.000017
39103 0.000009
39104 0.000035
39105 0.000010
39106 0.000006
39107 0.000030
39108 0.000024
39109 0.000023
39110 0.000044
39111 0.000044
39112 0.000016
39113 0.000035
39114 0.000011
39115 0.000031
39116 0.000027
39117 0.000010
39118 0.000050
39119 0.000006
39120 0.000010
39121 0.000020
39122 0.000029
39123 0.000007
39124 0.000012
39125 0.000015
39126 0.000017
39127 0.000037
39128 0.000008
39129 0.000034
39130 0.000015
39131 0.000014
39132 0.000022
39133 0.000006
39134 0.000023
39135 0.000004
39136 0.000008
39137 0.000009
39138 0.000020
39139 0.000019
39140 0.000009
39141 0.000008
39142 0.000020
39143 0.000031
39144 0.000007
39145 0.000010
39146 0.000016
39147 0.000009
39148 0.000031
39149 0.000021
39150 0.000049
39151 0.000015
39152 0.000018
39153 0.000019
39154 0.000015
39155 0.000016
39156 0.000011
39157 0.000010
39158 0.000024
39159 0.000022
39160 0.000014
39161 0.000062
39162 0.000004
39163 0.000030
39164 0.000041
39165 0.000027
39166 0.000013
39167 0.000024
39168 0.000011
39169 0.000010
39170 0.000042
39171 0.000005
39172 0.000026
39173 0.000006
39174 0.000013
39175 0.000034
39176 0.000042
39177 0.000019
39178 0.000021
39179 0.000008
39180 0.000007
39181 0.000005
39182 0.000011
39183 0.000017
39184 0.000006
39185 0.000031
39186 0.000018
39187 0.000005
39188 0.000018
39189 0.000011
39190 0.000037
39191 0.000004
39192 0.000008
39193 0.000043
39194 0.000018
39195 0.000023
39196 0.000016
39197 0.000015
39198 0.000017
39199 0.000020
39200 0.000027
39201 0.000004
39202 0.000008
39203 0.000006
39204 0.000021
39205 0.000059
39206 0.000010
39207 0.000015
39208 0.000008
39209 0.000023
39210 0.000008
39211 0.000011
39212 0.000012
39213 0.000019
39214 0.000021
39215 0.000025
39216 0.000012
39217 0.000032
39218 0.000009
39219 0.000018
39220 0.000005
39221 0.000010
39222 0.000007
39223 0.000031
39224 0.000014
39225 0.000018
39226 0.000048
39227 0.000030
39228 0.000011
39229 0.000021
39230 0.000009
39231 0.000011
39232 0.000024
39233 0.000008
39234 0.000029
39235 0.000009
39236 0.000011
39237 0.000027
39238 0.000006
39239 0.000042
39240 0.000007
39241 0.000014
39242 0.000022
39243 0.000012
39244 0.000022
39245 0.000036
39246 0.000007
39247 0.000009
39248 0.000019
39249 0.000011
39250 0.000012
39251 0.000004
39252 0.000007
39253 0.000018
39254 0.000015
39255 0.000013
39256 0.000062
39257 0.000022
39258 0.000008
39259 0.000028
39260 0.000021
39261 0.000037
39262 0.000065
39263 0.000045
39264 0.000007
39265 0.000010
39266 0.000026
39267 0.000039
39268 0.000004
39269 0.000017
39270 0.000027
39271 0.000019
39272 0.000012
39273 0.000009
39274 0.000032
39275 0.000010
39276 0.000014
39277 0.000017
39278 0.000040
39279 0.000012
39280 0.000013
39281 0.000113
39282 0.000025
39283 0.000037
39284 0.000025
39285 0.000036
39286 0.000037
39287 0.000023
39288 0.000017
39289 0.000013
39290 0.000025
39291 0.000009
39292 0.000023
39293 0.000023
39294 0.000019
39295 0.000017
39296 0.000025
39297 0.000009
39298 0.000046
39299 0.000018
39300 0.000062
39301 0.000017
39302 0.000028
39303 0.000013
39304 0.000017
39305 0.000021
39306 0.000017
39307 0.000013
39308 0.000022
39309 0.000015
39310 0.000009
39311 0.000032
39312 0.000084
39313 0.000011
39314 0.000026
39315 0.000016
39316 0.000015
39317 0.000043
39318 0.000016
39319 0.000033
39320 0.000025
39321 0.000022
39322 0.000014
39323 0.000013
39324 0.000016
39325 0.000045
39326 0.000023
39327 0.000033
39328 0.000019
39329 0.000012
39330 0.000029
39331 0.000016
39332 0.000004
39333 0.000027
39334 0.000027
39335 0.000015
39336 0.000020
39337 0.000051
39338 0.000007
39339 0.000026
39340 0.000024
39341 0.000025
39342 0.000008
39343 0.000047
39344 0.000024
39345 0.000016
39346 0.000015
39347 0.000026
39348 0.000029
39349 0.000019
39350 0.000014
39351 0.000024
39352 0.000008
39353 0.000009
39354 0.000009
39355 0.000019
39356 0.000007
39357 0.000012
39358 0.000022
39359 0.000010
39360 0.000026
39361 0.000033
39362 0.000012
39363 0.000042
39364 0.000013
39365 0.000015
39366 0.000014
39367 0.000008
39368 0.000004
39369 0.000016
39370 0.000030
39371 0.000007
39372 0.000023
39373 0.000006
39374 0.000017
39375 0.000004
39376 0.000038
39377 0.000015
39378 0.000026
39379 0.000004
39380 0.000034
39381 0.000016
39382 0.000031
39383 0.000028
39384 0.000018
39385 0.000014
39386 0.000004
39387 0.000017
39388 0.000064
39389 0.000014
39390 0.000020
39391 0.000020
39392 0.000053
39393 0.000028
39394 0.000020
39395 0.000008
39396 0.000012
39397 0.000019
39398 0.000005
39399 0.000012
39400 0.000008
39401 0.000013
39402 0.000004
39403 0.000004
39404 0.000017
39405 0.000006
39406 0.000042
39407 0.000013
39408 0.000010
39409 0.000020
39410 0.000037
39411 0.000015
39412 0.000038
39413 0.000027
39414 0.000022
39415 0.000006
39416 0.000035
39417 0.000009
39418 0.000005
39419 0.000010
39420 0.000037
39421 0.000031
39422 0.000017
39423 0.000014
39424 0.000015
39425 0.000009
39426 0.000014
39427 0.000038
39428 0.000017
39429 0.000022
39430 0.000030
39431 0.000012
39432 0.000004
39433 0.000011
39434 0.000004
39435 0.000020
39436 0.000038
39437 0.000035
39438 0.000004
39439 0.000009
39440 0.000027
39441 0.000005
39442 0.000004
39443 0.000009
39444 0.000032
39445 0.000021
39446 0.000017
39447 0.000041
39448 0.000029
39449 0.000020
39450 0.000038
39451 0.000004
39452 0.000010
39453 0.000007
39454 0.000034
39455 0.000015
39456 0.000025
39457 0.000031
39458 0.000015
39459 0.000045
39460 0.000014
39461 0.000007
39462 0.000030
39463 0.000009
39464 0.000009
39465 0.000008
39466 0.000009
39467 0.000018
39468 0.000009
39469 0.000004
39470 0.000017
39471 0.000030
39472 0.000015
39473 0.000012
39474 0.000025
39475 0.000017
39476 0.000009
39477 0.000015
39478 0.000005
39479 0.000014
39480 0.000011
39481 0.000031
39482 0.000021
39483 0.000022
39484 0.000024
39485 0.000020
39486 0.000028
39487 0.000040
39488 0.000015
39489 0.000011
39490 0.000011
39491 0.000013
39492 0.000016
39493 0.000025
39494 0.000018
39495 0.000004
39496 0.000007
39497 0.000006
39498 0.000015
39499 0.000013
39500 0.000016
39501 0.000008
39502 0.000036
39503 0.000029
39504 0.000014
39505 0.000013
39506 0.000004
39507 0.000006
39508 0.000013
39509 0.000012
39510 0.000015
39511 0.000009
39512 0.000018
39513 0.000018
39514 0.000012
39515 0.000021
39516 0.000008
39517 0.000032
39518 0.000035
39519 0.000019
39520 0.000028
39521 0.000013
39522 0.000022
39523 0.000011
39524 0.000004
39525 0.000010
39526 0.000017
39527 0.000062
39528 0.000009
39529 0.000008
39530 0.000034
39531 0.000026
39532 0.000034
39533 0.000020
39534 0.000007
39535 0.000025
39536 0.000023
39537 0.000011
39538 0.000011
39539 0.000033
39540 0.000020
39541 0.000015
39542 0.000019
39543 0.000006
39544 0.000013
39545 0.000007
39546 0.000009
39547 0.000012
39548 0.000038
39549 0.000024
39550 0.000011
39551 0.000029
39552 0.000012
39553 0.000016
39554 0.000033
39555 0.000014
39556 0.000005
39557 0.000028
39558 0.000027
39559 0.000049
39560 0.000013
39561 0.000007
39562 0.000009
39563 0.000019
39564 0.000016
39565 0.000020
39566 0.000004
39567 0.000019
39568 0.000012
39569 0.000017
39570 0.000007
39571 0.000012
39572 0.000009
39573 0.000037
39574 0.000015
39575 0.000022
39576 0.000006
39577 0.000007
39578 0.000038
39579 0.000032
39580 0.000011
39581 0.000006
39582 0.000013
39583 0.000027
39584 0.000014
39585 0.000015
39586 0.000034
39587 0.000010
39588 0.000013
39589 0.000027
39590 0.000025
39591 0.000015
39592 0.000035
39593 0.000016
39594 0.000031
39595 0.000006
39596 0.000005
39597 0.000021
39598 0.000008
39599 0.000023
39600 0.000033
39601 0.000029
39602 0.000018
39603 0.000041
39604 0.000017
39605 0.000045
39606 0.000032
39607 0.000043
39608 0.000024
39609 0.000057
39610 0.000028
39611 0.000025
39612 0.000011
39613 0.000006
39614 0.000047
39615 0.000015
39616 0.000048
39617 0.000033
39618 0.000005
39619 0.000014
39620 0.000022
39621 0.000032
39622 0.000025
39623 0.000016
39624 0.000008
39625 0.000011
39626 0.000011
39627 0.000030
39628 0.000039
39629 0.000031
39630 0.000017
39631 0.000022
39632 0.000004
39633 0.000007
39634 0.000056
39635 0.000018
39636 0.000013
39637 0.000004
39638 0.000017
39639 0.000031
39640 0.000024
39641 0.000019
39642 0.000022
39643 0.000020
39644 0.000053
39645 0.000026
39646 0.000025
39647 0.000032
39648 0.000039
39649 0.000031
39650 0.000021
39651 0.000004
39652 0.000015
39653 0.000051
39654 0.000013
39655 0.000051
39656 0.000011
39657 0.000025
39658 0.000015
39659 0.000026
39660 0.000069
39661 0.000016
39662 0.000019
39663 0.000026
39664 0.000006
39665 0.000019
39666 0.000057
39667 0.000018
39668 0.000048
39669 0.000015
39670 0.000012
39671 0.000010
39672 0.000024
39673 0.000046
39674 0.000012
39675 0.000018
39676 0.000004
39677 0.000013
39678 0.000024
39679 0.000014
39680 0.000008
39681 0.000018
39682 0.000039
39683 0.000030
39684 0.000006
39685 0.000006
39686 0.000004
39687 0.000014
39688 0.000016
39689 0.000004
39690 0.000067
39691 0.000032
39692 0.000033
39693 0.000012
39694 0.000008
39695 0.000018
39696 0.000029
39697 0.000011
39698 0.000006
39699 0.000045
39700 0.000008
39701 0.000004
39702 0.000009
39703 0.000019
39704 0.000010
39705 0.000026
39706 0.000013
39707 0.000018
39708 0.000022
39709 0.000004
39710 0.000013
39711 0.000006
39712 0.000026
39713 0.000014
39714 0.000015
39715 0.000029
39716 0.000015
39717 0.000015
39718 0.000009
39719 0.000022
39720 0.000010
39721 0.000004
39722 0.000017
39723 0.000019
39724 0.000022
39725 0.000013
39726 0.000007
39727 0.000004
39728 0.000010
39729 0.000019
39730 0.000010
39731 0.000033
39732 0.000017
39733 0.000034
39734 0.000016
39735 0.000075
39736 0.000027
39737 0.000016
39738 0.000028
39739 0.000023
39740 0.000034
39741 0.000040
39742 0.000021
39743 0.000017
39744 0.000045
39745 0.000019
39746 0.000017
39747 0.000041
39748 0.000006
39749 0.000023
39750 0.000024
39751 0.000009
39752 0.000016
39753 0.000009
39754 0.000035
39755 0.000026
39756 0.000029
39757 0.000046
39758 0.000073
39759 0.000011
39760 0.000014
39761 0.000015
39762 0.000034
39763 0.000017
39764 0.000006
39765 0.000025
39766 0.000016
39767 0.000009
39768 0.000061
39769 0.000013
39770 0.000024
39771 0.000030
39772 0.000011
39773 0.000018
39774 0.000014
39775 0.000042
39776 0.000005
39777 0.000028
39778 0.000029
39779 0.000039
39780 0.000016
39781 0.000018
39782 0.000012
39783 0.000030
39784 0.000038
39785 0.000012
39786 0.000019
39787 0.000016
39788 0.000023
39789 0.000026
39790 0.000024
39791 0.000012
39792 0.000014
39793 0.000021
39794 0.000018
39795 0.000019
39796 0.000023
39797 0.000020
39798 0.000038
39799 0.000018
39800 0.000012
39801 0.000042
39802 0.000013
39803 0.000049
39804 0.000045
39805 0.000009
39806 0.000038
39807 0.000004
39808 0.000013
39809 0.000010
39810 0.000029
39811 0.000039
39812 0.000010
39813 0.000006
39814 0.000011
39815 0.000027
39816 0.000010
39817 0.000015
39818 0.000041
39819 0.000024
39820 0.000018
39821 0.000029
39822 0.000085
39823 0.000010
39824 0.000034
39825 0.000009
39826 0.000008
39827 0.000028
39828 0.000009
39829 0.000007
39830 0.000022
39831 0.000010
39832 0.000017
39833 0.000012
39834 0.000015
39835 0.000038
39836 0.000018
39837 0.000005
39838 0.000014
39839 0.000034
39840 0.000012
39841 0.000009
39842 0.000012
39843 0.000012
39844 0.000034
39845 0.000032
39846 0.000013
39847 0.000028
39848 0.000004
39849 0.000008
39850 0.000041
39851 0.000025
39852 0.000015
39853 0.000015
39854 0.000057
39855 0.000008
39856 0.000015
39857 0.000004
39858 0.000008
39859 0.000020
39860 0.000004
39861 0.000026
39862 0.000029
39863 0.000072
39864 0.000026
39865 0.000026
39866 0.000010
39867 0.000020
39868 0.000009
39869 0.000029
39870 0.000010
39871 0.000039
39872 0.000012
39873 0.000036
39874 0.000007
39875 0.000009
39876 0.000017
39877 0.000007
39878 0.000026
39879 0.000015
39880 0.000010
39881 0.000004
39882 0.000017
39883 0.000022
39884 0.000034
39885 0.000010
39886 0.000029
39887 0.000024
39888 0.000024
39889 0.000015
39890 0.000040
39891 0.000024
39892 0.000028
39893 0.000012
39894 0.000043
39895 0.000023
39896 0.000063
39897 0.000011
39898 0.000031
39899 0.000012
39900 0.000033
39901 0.000023
39902 0.000010
39903 0.000012
39904 0.000019
39905 0.000043
39906 0.000014
39907 0.000012
39908 0.000041
39909 0.000029
39910 0.000047
39911 0.000021
39912 0.000011
39913 0.000023
39914 0.000029
39915 0.000013
39916 0.000017
39917 0.000023
39918 0.000006
39919 0.000058
39920 0.000007
39921 0.000023
39922 0.000020
39923 0.000021
39924 0.000008
39925 0.000059
39926 0.000031
39927 0.000030
39928 0.000039
39929 0.000010
39930 0.000025
39931 0.000022
39932 0.000024
39933 0.000036
39934 0.000022
39935 0.000011
39936 0.000045
39937 0.000038
39938 0.000028
39939 0.000019
39940 0.000028
39941 0.000014
39942 0.000006
39943 0.000039
39944 0.000010
39945 0.000020
39946 0.000006
39947 0.000025
39948 0.000015
39949 0.000006
39950 0.000048
39951 0.000015
39952 0.000045
39953 0.000009
39954 0.000044
39955 0.000028
39956 0.000008
39957 0.000011
39958 0.000006
39959 0.000027
39960 0.000018
39961 0.000030
39962 0.000024
39963 0.000009
39964 0.000010
39965 0.000014
39966 0.000022
39967 0.000011
39968 0.000026
39969 0.000018
39970 0.000014
39971 0.000038
39972 0.000007
39973 0.000020
39974 0.000021
39975 0.000006
39976 0.000004
39977 0.000033
39978 0.000006
39979 0.000020
39980 0.000005
39981 0.000013
39982 0.000016
39983 0.000009
39984 0.000008
39985 0.000017
39986 0.000044
39987 0.000004
39988 0.000004
39989 0.000032
39990 0.000049
39991 0.000016
39992 0.000029
39993 0.000037
39994 0.000030
39995 0.000011
39996 0.000008
39997 0.000026
39998 0.000045
39999 0.000023
40000 0.000019
40001 0.000022
40002 0.000014
40003 0.000018
40004 0.000019
40005 0.000037
40006 0.000019
40007 0.000024
40008 0.000013
40009 0.000020
40010 0.000007
40011 0.000012
40012 0.000025
40013 0.000013
40014 0.000021
40015 0.000009
40016 0.000016
40017 0.000020
40018 0.000010
40019 0.000013
40020 0.000026
40021 0.000019
40022 0.000010
40023 0.000017
40024 0.000022
40025 0.000020
40026 0.000018
40027 0.000013
40028 0.000019
40029 0.000011
40030 0.000009
40031 0.000034
40032 0.000014
40033 0.000033
40034 0.000004
40035 0.000011
40036 0.000010
40037 0.000004
40038 0.000043
40039 0.000015
40040 0.000011
40041 0.000023
40042 0.000010
40043 0.000014
40044 0.000031
40045 0.000029
40046 0.000004
40047 0.000026
40048 0.000036
40049 0.000009
40050 0.000010
40051 0.000019
40052 0.000027
40053 0.000010
40054 0.000036
40055 0.000027
40056 0.000018
40057 0.000028
40058 0.000009
40059 0.000009
40060 0.000010
40061 0.000017
40062 0.000022
40063 0.000023
40064 0.000012
40065 0.000012
40066 0.000008
40067 0.000026
40068 0.000034
40069 0.000006
40070 0.000014
40071 0.000005
40072 0.000023
40073 0.000017
40074 0.000016
40075 0.000023
40076 0.000023
40077 0.000019
40078 0.000055
40079 0.000017
40080 0.000023
40081 0.000034
40082 0.000012
40083 0.000016
40084 0.000008
40085 0.000013
40086 0.000010
40087 0.000006
40088 0.000004
40089 0.000009
40090 0.000028
40091 0.000014
40092 0.000010
40093 0.000040
40094 0.000006
40095 0.000091
40096 0.000025
40097 0.000009
40098 0.000023
40099 0.000057
40100 0.000007
40101 0.000011
40102 0.000018
40103 0.000008
40104 0.000014
40105 0.000012
40106 0.000021
40107 0.000010
40108 0.000029
40109 0.000014
40110 0.000062
40111 0.000020
40112 0.000028
40113 0.000020
40114 0.000025
40115 0.000027
40116 0.000011
40117 0.000008
40118 0.000021
40119 0.000026
40120 0.000016
40121 0.000017
40122 0.000011
40123 0.000013
40124 0.000057
40125 0.000022
40126 0.000009
40127 0.000024
40128 0.000011
40129 0.000035
40130 0.000051
40131 0.000016
40132 0.000021
40133 0.000006
40134 0.000013
40135 0.000012
40136 0.000032
40137 0.000010
40138 0.000032
40139 0.000027
40140 0.000032
40141 0.000013
40142 0.000006
40143 0.000018
40144 0.000015
40145 0.000048
40146 0.000029
40147 0.000030
40148 0.000031
40149 0.000021
40150 0.000045
40151 0.000010
40152 0.000010
40153 0.000010
40154 0.000013
40155 0.000015
40156 0.000005
40157 0.000027
40158 0.000021
40159 0.000009
40160 0.000006
40161 0.000028
40162 0.000078
40163 0.000014
40164 0.000019
40165 0.000023
40166 0.000019
40167 0.000019
40168 0.000030
40169 0.000025
40170 0.000034
40171 0.000035
40172 0.000005
40173 0.000004
40174 0.000028
40175 0.000018
40176 0.000019
40177 0.000013
40178 0.000005
40179 0.000020
40180 0.000021
40181 0.000010
40182 0.000005
40183 0.000026
40184 0.000009
40185 0.000005
40186 0.000009
40187 0.000036
40188 0.000014
40189 0.000021
40190 0.000015
40191 0.000006
40192 0.000009
40193 0.000022
40194 0.000023
40195 0.000011
40196 0.000020
40197 0.000007
40198 0.000022
40199 0.000005
40200 0.000050
40201 0.000039
40202 0.000048
40203 0.000017
40204 0.000018
40205 0.000055
40206 0.000019
40207 0.000009
40208 0.000015
40209 0.000045
40210 0.000018
40211 0.000017
40212 0.000056
40213 0.000027
40214 0.000009
40215 0.000028
40216 0.000011
40217 0.000044
40218 0.000008
40219 0.000031
40220 0.000084
40221 0.000009
40222 0.000007
40223 0.000015
40224 0.000004
40225 0.000022
40226 0.000029
40227 0.000010
40228 0.000039
40229 0.000022
40230 0.000014
40231 0.000009
40232 0.000022
40233 0.000038
40234 0.000010
40235 0.000015
40236 0.000028
40237 0.000017
40238 0.000011
40239 0.000030
40240 0.000013
40241 0.000023
40242 0.000019
40243 0.000034
40244 0.000055
40245 0.000010
40246 0.000041
40247 0.000011
40248 0.000030
40249 0.000008
40250 0.000004
40251 0.000017
40252 0.000035
40253 0.000025
40254 0.000011
40255 0.000037
40256 0.000008
40257 0.000022
40258 0.000059
40259 0.000011
40260 0.000013
40261 0.000024
40262 0.000023
40263 0.000023
40264 0.000010
40265 0.000028
40266 0.000007
40267 0.000004
40268 0.000052
40269 0.000017
40270 0.000009
40271 0.000005
40272 0.000013
40273 0.000004
40274 0.000016
40275 0.000027
40276 0.000025
40277 0.000015
40278 0.000006
40279 0.000013
40280 0.000009
40281 0.000016
40282 0.000010
40283 0.000021
40284 0.000006
40285 0.000004
40286 0.000011
40287 0.000006
40288 0.000027
40289 0.000011
40290 0.000065
40291 0.000030
40292 0.000021
40293 0.000027
40294 0.000036
40295 0.000021
40296 0.000010
40297 0.000026
40298 0.000007
40299 0.000035
40300 0.000034
40301 0.000017
40302 0.000027
40303 0.000014
40304 0.000006
40305 0.000004
40306 0.000027
40307 0.000021
40308 0.000027
40309 0.000006
40310 0.000034
40311 0.000014
40312 0.000029
40313 0.000020
40314 0.000010
40315 0.000007
40316 0.000038
40317 0.000029
40318 0.000024
40319 0.000014
40320 0.000023
40321 0.000008
40322 0.000018
40323 0.000011
40324 0.000034
40325 0.000042
40326 0.000033
40327 0.000009
40328 0.000028
40329 0.000026
40330 0.000065
40331 0.000012
40332 0.000013
40333 0.000045
40334 0.000026
40335 0.000012
40336 0.000016
40337 0.000020
40338 0.000004
40339 0.000026
40340 0.000016
40341 0.000008
40342 0.000045
40343 0.000015
40344 0.000023
40345 0.000007
40346 0.000030
40347 0.000018
40348 0.000006
40349 0.000012
40350 0.000024
40351 0.000019
40352 0.000014
40353 0.000020
40354 0.000020
40355 0.000009
40356 0.000012
40357 0.000023
40358 0.000032
40359 0.000010
40360 0.000024
40361 0.000010
40362 0.000032
40363 0.000024
40364 0.000009
40365 0.000023
40366 0.000039
40367 0.000026
40368 0.000006
40369 0.000031
40370 0.000005
40371 0.000017
40372 0.000028
40373 0.000039
40374 0.000023
40375 0.000027
40376 0.000025
40377 0.000011
40378 0.000046
40379 0.000012
40380 0.000004
40381 0.000017
40382 0.000010
40383 0.000012
40384 0.000004
40385 0.000007
40386 0.000025
40387 0.000019
40388 0.000010
40389 0.000004
40390 0.000014
40391 0.000034
40392 0.000055
40393 0.000010
40394 0.000037
40395 0.000013
40396 0.000009
40397 0.000015
40398 0.000008
40399 0.000022
40400 0.000018
40401 0.000022
40402 0.000012
40403 0.000020
40404 0.000026
40405 0.000009
40406 0.000007
40407 0.000042
40408 0.000015
40409 0.000017
40410 0.000029
40411 0.000013
40412 0.000015
40413 0.000021
40414 0.000023
40415 0.000015
40416 0.000019
40417 0.000007
40418 0.000016
40419 0.000015
40420 0.000004
40421 0.000035
40422 0.000020
40423 0.000021
40424 0.000035
40425 0.000022
40426 0.000008
40427 0.000009
40428 0.000010
40429 0.000030
40430 0.000008
40431 0.000017
40432 0.000027
40433 0.000012
40434 0.000031
40435 0.000043
40436 0.000060
40437 0.000012
40438 0.000020
40439 0.000033
40440 0.000014
40441 0.000013
40442 0.000017
40443 0.000006
40444 0.000027
40445 0.000022
40446 0.000011
40447 0.000011
40448 0.000037
40449 0.000010
40450 0.000024
40451 0.000020
40452 0.000007
40453 0.000026
40454 0.000008
40455 0.000005
40456 0.000010
40457 0.000028
40458 0.000012
40459 0.000011
40460 0.000008
40461 0.000010
40462 0.000011
40463 0.000014
40464 0.000018
40465 0.000055
40466 0.000015
40467 0.000037
40468 0.000009
40469 0.000025
40470 0.000054
40471 0.000006
40472 0.000030
40473 0.000026
40474 0.000025
40475 0.000013
40476 0.000094
40477 0.000021
40478 0.000020
40479 0.000037
40480 0.000059
40481 0.000037
40482 0.000015
40483 0.000082
40484 0.000026
40485 0.000017
40486 0.000035
40487 0.000021
40488 0.000032
40489 0.000004
40490 0.000015
40491 0.000036
40492 0.000016
40493 0.000005
40494 0.000014
40495 0.000009
40496 0.000013
40497 0.000016
40498 0.000013
40499 0.000043
40500 0.000035
40501 0.000020
40502 0.000006
40503 0.000029
40504 0.000006
40505 0.000024
40506 0.000028
40507 0.000049
40508 0.000052
40509 0.000015
40510 0.000006
40511 0.000039
40512 0.000011
40513 0.000035
40514 0.000013
40515 0.000020
40516 0.000007
40517 0.000021
40518 0.000015
40519 0.000029
40520 0.000011
40521 0.000036
40522 0.000016
40523 0.000009
40524 0.000027
40525 0.000036
40526 0.000010
40527 0.000004
40528 0.000017
40529 0.000040
40530 0.000018
40531 0.000005
40532 0.000029
40533 0.000011
40534 0.000012
40535 0.000010
40536 0.000040
40537 0.000047
40538 0.000042
40539 0.000032
40540 0.000007
40541 0.000018
40542 0.000030
40543 0.000023
40544 0.000018
40545 0.000021
40546 0.000010
40547 0.000004
40548 0.000008
40549 0.000005
40550 0.000012
40551 0.000054
40552 0.000005
40553 0.000016
40554 0.000015
40555 0.000024
40556 0.000009
40557 0.000006
40558 0.000007
40559 0.000009
40560 0.000029
40561 0.000018
40562 0.000028
40563 0.000010
40564 0.000009
40565 0.000014
40566 0.000010
40567 0.000006
40568 0.000023
40569 0.000015
40570 0.000040
40571 0.000008
40572 0.000061
40573 0.000018
40574 0.000032
40575 0.000010
40576 0.000015
40577 0.000024
40578 0.000008
40579 0.000009
40580 0.000021
40581 0.000017
40582 0.000029
40583 0.000016
40584 0.000014
40585 0.000018
40586 0.000029
40587 0.000011
40588 0.000011
40589 0.000006
40590 0.000013
40591 0.000043
40592 0.000032
40593 0.000057
40594 0.000016
40595 0.000004
40596 0.000007
40597 0.000019
40598 0.000020
40599 0.000004
40600 0.000008
40601 0.000013
40602 0.000047
40603 0.000013
40604 0.000011
40605 0.000031
40606 0.000020
40607 0.000014
40608 0.000016
40609 0.000014
40610 0.000004
40611 0.000019
40612 0.000045
40613 0.000044
40614 0.000006
40615 0.000012
40616 0.000038
40617 0.000037
40618 0.000004
40619 0.000010
40620 0.000026
40621 0.000047
40622 0.000013
40623 0.000004
40624 0.000056
40625 0.000007
40626 0.000017
40627 0.000010
40628 0.000018
40629 0.000018
40630 0.000013
40631 0.000016
40632 0.000029
40633 0.000008
40634 0.000011
40635 0.000027
40636 0.000018
40637 0.000012
40638 0.000017
40639 0.000011
40640 0.000004
40641 0.000063
40642 0.000015
40643 0.000004
40644 0.000014
40645 0.000017
40646 0.000006
40647 0.000022
40648 0.000021
40649 0.000009
40650 0.000021
40651 0.000004
40652 0.000024
40653 0.000012
40654 0.000031
40655 0.000026
40656 0.000030
40657 0.000021
40658 0.000017
40659 0.000014
40660 0.000057
40661 0.000039
40662 0.000020
40663 0.000022
40664 0.000017
40665 0.000033
40666 0.000012
40667 0.000026
40668 0.000018
40669 0.000016
40670 0.000021
40671 0.000027
40672 0.000012
40673 0.000018
40674 0.000009
40675 0.000012
40676 0.000046
40677 0.000017
40678 0.000016
40679 0.000032
40680 0.000004
40681 0.000020
40682 0.000020
40683 0.000004
40684 0.000016
40685 0.000005
40686 0.000012
40687 0.000011
40688 0.000009
40689 0.000009
40690 0.000041
40691 0.000011
40692 0.000020
40693 0.000014
40694 0.000008
40695 0.000022
40696 0.000019
40697 0.000023
40698 0.000026
40699 0.000020
40700 0.000013
40701 0.000017
40702 0.000013
40703 0.000006
40704 0.000017
40705 0.000012
40706 0.000007
40707 0.000010
40708 0.000021
40709 0.000051
40710 0.000015
40711 0.000006
40712 0.000011
40713 0.000012
40714 0.000018
40715 0.000004
40716 0.000010
40717 0.000009
40718 0.000008
40719 0.000026
40720 0.000018
40721 0.000005
40722 0.000030
40723 0.000013
40724 0.000019
40725 0.000004
40726 0.000023
40727 0.000039
40728 0.000004
40729 0.000004
40730 0.000012
40731 0.000010
40732 0.000014
40733 0.000004
40734 0.000029
40735 0.000087
40736 0.000021
40737 0.000012
40738 0.000004
40739 0.000024
40740 0.000024
40741 0.000013
40742 0.000016
40743 0.000011
40744 0.000008
40745 0.000038
40746 0.000012
40747 0.000033
40748 0.000014
40749 0.000014
40750 0.000006
40751 0.000017
40752 0.000020
40753 0.000015
40754 0.000004
40755 0.000014
40756 0.000007
40757 0.000018
40758 0.000029
40759 0.000028
40760 0.000015
40761 0.000030
40762 0.000021
40763 0.000017
40764 0.000021
40765 0.000021
40766 0.000045
40767 0.000014
40768 0.000038
40769 0.000022
40770 0.000044
40771 0.000011
40772 0.000006
40773 0.000004
40774 0.000063
40775 0.000036
40776 0.000020
40777 0.000047
40778 0.000004
40779 0.000031
40780 0.000023
40781 0.000017
40782 0.000021
40783 0.000013
40784 0.000019
40785 0.000006
40786 0.000006
40787 0.000011
40788 0.000004
40789 0.000004
40790 0.000012
40791 0.000016
40792 0.000022
40793 0.000007
40794 0.000022
40795 0.000004
40796 0.000009
40797 0.000004
40798 0.000012
40799 0.000012
40800 0.000017
40801 0.000038
40802 0.000012
40803 0.000007
40804 0.000037
40805 0.000009
40806 0.000008
40807 0.000009
40808 0.000032
40809 0.000033
40810 0.000008
40811 0.000045
40812 0.000053
40813 0.000021
40814 0.000020
40815 0.000046
40816 0.000012
40817 0.000022
40818 0.000006
40819 0.000022
40820 0.000009
40821 0.000022
40822 0.000033
40823 0.000007
40824 0.000013
40825 0.000008
40826 0.000006
40827 0.000025
40828 0.000011
40829 0.000009
40830 0.000029
40831 0.000032
40832 0.000017
40833 0.000024
40834 0.000009
40835 0.000046
40836 0.000012
40837 0.000015
40838 0.000024
40839 0.000082
40840 0.000015
40841 0.000039
40842 0.000019
40843 0.000004
40844 0.000082
40845 0.000020
40846 0.000006
40847 0.000009
40848 0.000011
40849 0.000009
40850 0.000022
40851 0.000013
40852 0.000004
40853 0.000015
40854 0.000004
40855 0.000004
40856 0.000014
40857 0.000021
40858 0.000015
40859 0.000041
40860 0.000019
40861 0.000018
40862 0.000010
40863 0.000012
40864 0.000009
40865 0.000033
40866 0.000011
40867 0.000010
40868 0.000010
40869 0.000018
40870 0.000026
40871 0.000012
40872 0.000016
40873 0.000028
40874 0.000004
40875 0.000021
40876 0.000006
40877 0.000011
40878 0.000014
40879 0.000025
40880 0.000033
40881 0.000009
40882 0.000015
40883 0.000049
40884 0.000013
40885 0.000013
40886 0.000009
40887 0.000008
40888 0.000030
40889 0.000017
40890 0.000016
40891 0.000031
40892 0.000007
40893 0.000008
40894 0.000012
40895 0.000032
40896 0.000043
40897 0.000024
40898 0.000048
40899 0.000018
40900 0.000014
40901 0.000004
40902 0.000006
40903 0.000029
40904 0.000019
40905 0.000014
40906 0.000012
40907 0.000016
40908 0.000004
40909 0.000018
40910 0.000015
40911 0.000014
40912 0.000026
40913 0.000016
40914 0.000014
40915 0.000016
40916 0.000014
40917 0.000025
40918 0.000019
40919 0.000009
40920 0.000008
40921 0.000016
40922 0.000019
40923 0.000014
40924 0.000014
40925 0.000022
40926 0.000036
40927 0.000023
40928 0.000030
40929 0.000006
40930 0.000029
40931 0.000017
40932 0.000019
40933 0.000048
40934 0.000020
40935 0.000016
40936 0.000014
40937 0.000013
40938 0.000023
40939 0.000010
40940 0.000010
40941 0.000007
40942 0.000016
40943 0.000033
40944 0.000066
40945 0.000038
40946 0.000032
40947 0.000032
40948 0.000016
40949 0.000023
40950 0.000020
40951 0.000008
40952 0.000043
40953 0.000042
40954 0.000009
40955 0.000010
40956 0.000019
40957 0.000027
40958 0.000022
40959 0.000020
40960 0.000014
40961 0.000023
40962 0.000005
40963 0.000008
40964 0.000009
40965 0.000035
40966 0.000041
40967 0.000016
40968 0.000026
40969 0.000039
40970 0.000015
40971 0.000021
40972 0.000041
40973 0.000008
40974 0.000007
40975 0.000015
40976 0.000012
40977 0.000015
40978 0.000026
40979 0.000041
40980 0.000039
40981 0.000036
40982 0.000019
40983 0.000018
40984 0.000032
40985 0.000037
40986 0.000023
40987 0.000020
40988 0.000016
40989 0.000013
40990 0.000033
40991 0.000007
40992 0.000020
40993 0.000037
40994 0.000012
40995 0.000013
40996 0.000024
40997 0.000007
40998 0.000012
40999 0.000032
41000 0.000029
41001 0.000014
41002 0.000019
41003 0.000055
41004 0.000023
41005 0.000010
41006 0.000033
41007 0.000007
41008 0.000027
41009 0.000006
41010 0.000021
41011 0.000013
41012 0.000004
41013 0.000018
41014 0.000019
41015 0.000013
41016 0.000051
41017 0.000014
41018 0.000014
41019 0.000034
41020 0.000015
41021 0.000013
41022 0.000017
41023 0.000011
41024 0.000006
41025 0.000016
41026 0.000046
41027 0.000010
41028 0.000013
41029 0.000020
41030 0.000015
41031 0.000009
41032 0.000006
41033 0.000050
41034 0.000009
41035 0.000015
41036 0.000039
41037 0.000053
41038 0.000022
41039 0.000022
41040 0.000027
41041 0.000016
41042 0.000009
41043 0.000007
41044 0.000045
41045 0.000027
41046 0.000029
41047 0.000025
41048 0.000017
41049 0.000015
41050 0.000015
41051 0.000024
41052 0.000009
41053 0.000004
41054 0.000011
41055 0.000028
41056 0.000022
41057 0.000009
41058 0.000031
41059 0.000032
41060 0.000030
41061 0.000046
41062 0.000036
41063 0.000014
41064 0.000041
41065 0.000014
41066 0.000013
41067 0.000053
41068 0.000029
41069 0.000005
41070 0.000020
41071 0.000015
41072 0.000015
41073 0.000024
41074 0.000029
41075 0.000014
41076 0.000044
41077 0.000009
41078 0.000033
41079 0.000005
41080 0.000018
41081 0.000012
41082 0.000007
41083 0.000019
41084 0.000016
41085 0.000016
41086 0.000015
41087 0.000006
41088 0.000029
41089 0.000020
41090 0.000023
41091 0.000046
41092 0.000068
41093 0.000026
41094 0.000015
41095 0.000029
41096 0.000019
41097 0.000021
41098 0.000035
41099 0.000018
41100 0.000021
41101 0.000005
41102 0.000027
41103 0.000053
41104 0.000047
41105 0.000026
41106 0.000014
41107 0.000013
41108 0.000031
41109 0.000029
41110 0.000023
41111 0.000023
41112 0.000029
41113 0.000033
41114 0.000022
41115 0.000004
41116 0.000015
41117 0.000014
41118 0.000004
41119 0.000017
41120 0.000028
41121 0.000015
41122 0.000012
41123 0.000026
41124 0.000009
41125 0.000018
41126 0.000008
41127 0.000028
41128 0.000013
41129 0.000021
41130 0.000025
41131 0.000019
41132 0.000030
41133 0.000019
41134 0.000020
41135 0.000016
41136 0.000006
41137 0.000013
41138 0.000014
41139 0.000025
41140 0.000013
41141 0.000050
41142 0.000021
41143 0.000009
41144 0.000020
41145 0.000011
41146 0.000008
41147 0.000004
41148 0.000021
41149 0.000028
41150 0.000044
41151 0.000009
41152 0.000004
41153 0.000051
41154 0.000007
41155 0.000035
41156 0.000018
41157 0.000004
41158 0.000041
41159 0.000012
41160 0.000021
41161 0.000058
41162 0.000031
41163 0.000010
41164 0.000021
41165 0.000010
41166 0.000004
41167 0.000015
41168 0.000006
41169 0.000005
41170 0.000044
41171 0.000019
41172 0.000021
41173 0.000004
41174 0.000048
41175 0.000026
41176 0.000014
41177 0.000016
41178 0.000016
41179 0.000033
41180 0.000022
41181 0.000019
41182 0.000012
41183 0.000006
41184 0.000018
41185 0.000012
41186 0.000006
41187 0.000044
41188 0.000034
41189 0.000033
41190 0.000006
41191 0.000007
41192 0.000007
41193 0.000012
41194 0.000026
41195 0.000043
41196 0.000011
41197 0.000036
41198 0.000039
41199 0.000036
41200 0.000016
41201 0.000012
41202 0.000016
41203 0.000019
41204 0.000041
41205 0.000007
41206 0.000029
41207 0.000004
41208 0.000004
41209 0.000013
41210 0.000014
41211 0.000025
41212 0.000010
41213 0.000014
41214 0.000030
41215 0.000015
41216 0.000021
41217 0.000018
41218 0.000007
41219 0.000038
41220 0.000044
41221 0.000016
41222 0.000014
41223 0.000016
41224 0.000016
41225 0.000039
41226 0.000032
41227 0.000027
41228 0.000026
41229 0.000012
41230 0.000035
41231 0.000017
41232 0.000016
41233 0.000021
41234 0.000033
41235 0.000029
41236 0.000021
41237 0.000016
41238 0.000026
41239 0.000027
41240 0.000009
41241 0.000022
41242 0.000010
41243 0.000048
41244 0.000021
41245 0.000008
41246 0.000004
41247 0.000004
41248 0.000010
41249 0.000030
41250 0.000024
41251 0.000005
41252 0.000026
41253 0.000020
41254 0.000011
41255 0.000042
41256 0.000041
41257 0.000011
41258 0.000030
41259 0.000020
41260 0.000015
41261 0.000016
41262 0.000006
41263 0.000020
41264 0.000029
41265 0.000006
41266 0.000045
41267 0.000022
41268 0.000007
41269 0.000009
41270 0.000042
41271 0.000011
41272 0.000035
41273 0.000006
41274 0.000021
41275 0.000020
41276 0.000054
41277 0.000021
41278 0.000008
41279 0.000023
41280 0.000012
41281 0.000021
41282 0.000009
41283 0.000018
41284 0.000042
41285 0.000012
41286 0.000030
41287 0.000049
41288 0.000022
41289 0.000034
41290 0.000010
41291 0.000027
41292 0.000073
41293 0.000009
41294 0.000021
41295 0.000004
41296 0.000046
41297 0.000012
41298 0.000018
41299 0.000016
41300 0.000004
41301 0.000013
41302 0.000017
41303 0.000004
41304 0.000029
41305 0.000015
41306 0.000009
41307 0.000011
41308 0.000012
41309 0.000012
41310 0.000008
41311 0.000022
41312 0.000009
41313 0.000016
41314 0.000022
41315 0.000019
41316 0.000014
41317 0.000014
41318 0.000006
41319 0.000023
41320 0.000033
41321 0.000012
41322 0.000017
41323 0.000025
41324 0.000004
41325 0.000019
41326 0.000018
41327 0.000010
41328 0.000041
41329 0.000023
41330 0.000019
41331 0.000025
41332 0.000028
41333 0.000010
41334 0.000014
41335 0.000015
41336 0.000022
41337 0.000010
41338 0.000009
41339 0.000007
41340 0.000018
41341 0.000010
41342 0.000009
41343 0.000004
41344 0.000024
41345 0.000020
41346 0.000023
41347 0.000042
41348 0.000016
41349 0.000027
41350 0.000004
41351 0.000028
41352 0.000031
41353 0.000037
41354 0.000060
41355 0.000009
41356 0.000031
41357 0.000013
41358 0.000004
41359 0.000018
41360 0.000015
41361 0.000022
41362 0.000007
41363 0.000037
41364 0.000024
41365 0.000015
41366 0.000024
41367 0.000026
41368 0.000013
41369 0.000025
41370 0.000007
41371 0.000014
41372 0.000029
41373 0.000021
41374 0.000013
41375 0.000034
41376 0.000007
41377 0.000014
41378 0.000040
41379 0.000004
41380 0.000004
41381 0.000013
41382 0.000011
41383 0.000015
41384 0.000020
41385 0.000022
41386 0.000022
41387 0.000022
41388 0.000021
41389 0.000017
41390 0.000055
41391 0.000038
41392 0.000011
41393 0.000028
41394 0.000035
41395 0.000017
41396 0.000011
41397 0.000016
41398 0.000013
41399 0.000019
41400 0.000015
41401 0.000019
41402 0.000024
41403 0.000015
41404 0.000013
41405 0.000030
41406 0.000013
41407 0.000020
41408 0.000010
41409 0.000039
41410 0.000073
41411 0.000037
41412 0.000012
41413 0.000031
41414 0.000006
41415 0.000013
41416 0.000019
41417 0.000004
41418 0.000060
41419 0.000025
41420 0.000016
41421 0.000019
41422 0.000006
41423 0.000016
41424 0.000018
41425 0.000005
41426 0.000016
41427 0.000031
41428 0.000008
41429 0.000019
41430 0.000042
41431 0.000025
41432 0.000016
41433 0.000019
41434 0.000011
41435 0.000024
41436 0.000049
41437 0.000006
41438 0.000011
41439 0.000021
41440 0.000037
41441 0.000015
41442 0.000025
41443 0.000015
41444 0.000009
41445 0.000065
41446 0.000004
41447 0.000033
41448 0.000025
41449 0.000015
41450 0.000020
41451 0.000014
41452 0.000007
41453 0.000013
41454 0.000016
41455 0.000013
41456 0.000040
41457 0.000019
41458 0.000014
41459 0.000008
41460 0.000049
41461 0.000014
41462 0.000008
41463 0.000011
41464 0.000014
41465 0.000014
41466 0.000006
41467 0.000017
41468 0.000010
41469 0.000020
41470 0.000015
41471 0.000022
41472 0.000016
41473 0.000027
41474 0.000017
41475 0.000018
41476 0.000052
41477 0.000019
41478 0.000031
41479 0.000009
41480 0.000009
41481 0.000027
41482 0.000022
41483 0.000034
41484 0.000028
41485 0.000014
41486 0.000009
41487 0.000013
41488 0.000012
41489 0.000009
41490 0.000039
41491 0.000019
41492 0.000021
41493 0.000022
41494 0.000004
41495 0.000012
41496 0.000014
41497 0.000014
41498 0.000007
41499 0.000016
41500 0.000011
41501 0.000023
41502 0.000013
41503 0.000004
41504 0.000009
41505 0.000004
41506 0.000011
41507 0.000023
41508 0.000024
41509 0.000020
41510 0.000059
41511 0.000033
41512 0.000047
41513 0.000014
41514 0.000006
41515 0.000004
41516 0.000029
41517 0.000024
41518 0.000016
41519 0.000014
41520 0.000032
41521 0.000035
41522 0.000023
41523 0.000007
41524 0.000015
41525 0.000020
41526 0.000022
41527 0.000033
41528 0.000016
41529 0.000032
41530 0.000014
41531 0.000027
41532 0.000014
41533 0.000009
41534 0.000028
41535 0.000045
41536 0.000020
41537 0.000058
41538 0.000012
41539 0.000028
41540 0.000024
41541 0.000028
41542 0.000053
41543 0.000025
41544 0.000042
41545 0.000006
41546 0.000009
41547 0.000015
41548 0.000009
41549 0.000042
41550 0.000061
41551 0.000021
41552 0.000026
41553 0.000018
41554 0.000005
41555 0.000040
41556 0.000004
41557 0.000045
41558 0.000035
41559 0.000008
41560 0.000046
41561 0.000013
41562 0.000070
41563 0.000007
41564 0.000042
41565 0.000026
41566 0.000011
41567 0.000008
41568 0.000029
41569 0.000032
41570 0.000006
41571 0.000004
41572 0.000037
41573 0.000021
41574 0.000031
41575 0.000017
41576 0.000020
41577 0.000015
41578 0.000006
41579 0.000034
41580 0.000030
41581 0.000005
41582 0.000012
41583 0.000015
41584 0.000023
41585 0.000012
41586 0.000006
41587 0.000029
41588 0.000029
41589 0.000038
41590 0.000022
41591 0.000004
41592 0.000043
41593 0.000010
41594 0.000009
41595 0.000033
41596 0.000016
41597 0.000011
41598 0.000015
41599 0.000048
41600 0.000035
41601 0.000008
41602 0.000030
41603 0.000024
41604 0.000007
41605 0.000016
41606 0.000027
41607 0.000028
41608 0.000015
41609 0.000024
41610 0.000042
41611 0.000039
41612 0.000007
41613 0.000007
41614 0.000025
41615 0.000026
41616 0.000009
41617 0.000019
41618 0.000018
41619 0.000025
41620 0.000056
41621 0.000019
41622 0.000025
41623 0.000005
41624 0.000020
41625 0.000004
41626 0.000005
41627 0.000014
41628 0.000010
41629 0.000027
41630 0.000012
41631 0.000019
41632 0.000023
41633 0.000029
41634 0.000034
41635 0.000010
41636 0.000013
41637 0.000008
41638 0.000020
41639 0.000007
41640 0.000022
41641 0.000012
41642 0.000018
41643 0.000021
41644 0.000017
41645 0.000023
41646 0.000008
41647 0.000016
41648 0.000016
41649 0.000030
41650 0.000020
41651 0.000014
41652 0.000019
41653 0.000022
41654 0.000017
41655 0.000025
41656 0.000033
41657 0.000015
41658 0.000026
41659 0.000020
41660 0.000017
41661 0.000027
41662 0.000006
41663 0.000015
41664 0.000016
41665 0.000009
41666 0.000008
41667 0.000022
41668 0.000024
41669 0.000023
41670 0.000011
41671 0.000007
41672 0.000010
41673 0.000041
41674 0.000013
41675 0.000011
41676 0.000013
41677 0.000010
41678 0.000030
41679 0.000016
41680 0.000019
41681 0.000004
41682 0.000028
41683 0.000004
41684 0.000017
41685 0.000033
41686 0.000019
41687 0.000015
41688 0.000010
41689 0.000039
41690 0.000014
41691 0.000011
41692 0.000036
41693 0.000019
41694 0.000035
41695 0.000024
41696 0.000023
41697 0.000051
41698 0.000028
41699 0.000028
41700 0.000031
41701 0.000012
41702 0.000010
41703 0.000019
41704 0.000004
41705 0.000015
41706 0.000007
41707 0.000013
41708 0.000004
41709 0.000019
41710 0.000029
41711 0.000006
41712 0.000025
41713 0.000021
41714 0.000071
41715 0.000026
41716 0.000011
41717 0.000018
41718 0.000017
41719 0.000013
41720 0.000011
41721 0.000026
41722 0.000018
41723 0.000039
41724 0.000063
41725 0.000028
41726 0.000013
41727 0.000015
41728 0.000011
41729 0.000010
41730 0.000012
41731 0.000019
41732 0.000009
41733 0.000011
41734 0.000041
41735 0.000017
41736 0.000032
41737 0.000009
41738 0.000025
41739 0.000019
41740 0.000035
41741 0.000019
41742 0.000013
41743 0.000007
41744 0.000011
41745 0.000014
41746 0.000004
41747 0.000008
41748 0.000004
41749 0.000022
41750 0.000030
41751 0.000008
41752 0.000009
41753 0.000019
41754 0.000019
41755 0.000024
41756 0.000017
41757 0.000021
41758 0.000006
41759 0.000026
41760 0.000011
41761 0.000032
41762 0.000009
41763 0.000050
41764 0.000016
41765 0.000012
41766 0.000007
41767 0.000027
41768 0.000030
41769 0.000010
41770 0.000027
41771 0.000004
41772 0.000012
41773 0.000005
41774 0.000037
41775 0.000029
41776 0.000010
41777 0.000012
41778 0.000012
41779 0.000010
41780 0.000017
41781 0.000028
41782 0.000051
41783 0.000017
41784 0.000034
41785 0.000007
41786 0.000016
41787 0.000030
41788 0.000026
41789 0.000030
41790 0.000007
41791 0.000064
41792 0.000024
41793 0.000017
41794 0.000039
41795 0.000021
41796 0.000004
41797 0.000008
41798 0.000028
41799 0.000041
41800 0.000006
41801 0.000011
41802 0.000021
41803 0.000026
41804 0.000039
41805 0.000004
41806 0.000004
41807 0.000011
41808 0.000035
41809 0.000034
41810 0.000011
41811 0.000031
41812 0.000036
41813 0.000009
41814 0.000009
41815 0.000007
41816 0.000018
41817 0.000036
41818 0.000017
41819 0.000010
41820 0.000013
41821 0.000024
41822 0.000008
41823 0.000023
41824 0.000015
41825 0.000023
41826 0.000007
41827 0.000047
41828 0.000012
41829 0.000033
41830 0.000015
41831 0.000008
41832 0.000010
41833 0.000016
41834 0.000013
41835 0.000006
41836 0.000021
41837 0.000035
41838 0.000010
41839 0.000032
41840 0.000021
41841 0.000010
41842 0.000037
41843 0.000022
41844 0.000033
41845 0.000027
41846 0.000010
41847 0.000012
41848 0.000022
41849 0.000004
41850 0.000010
41851 0.000021
41852 0.000050
41853 0.000011
41854 0.000006
41855 0.000007
41856 0.000031
41857 0.000039
41858 0.000024
41859 0.000015
41860 0.000008
41861 0.000004
41862 0.000005
41863 0.000018
41864 0.000041
41865 0.000023
41866 0.000009
41867 0.000025
41868 0.000019
41869 0.000024
41870 0.000015
41871 0.000015
41872 0.000010
41873 0.000019
41874 0.000008
41875 0.000025
41876 0.000024
41877 0.000028
41878 0.000021
41879 0.000009
41880 0.000006
41881 0.000028
41882 0.000011
41883 0.000017
41884 0.000004
41885 0.000018
41886 0.000006
41887 0.000011
41888 0.000019
41889 0.000021
41890 0.000024
41891 0.000027
41892 0.000011
41893 0.000014
41894 0.000028
41895 0.000014
41896 0.000013
41897 0.000008
41898 0.000018
41899 0.000027
41900 0.000018
41901 0.000029
41902 0.000009
41903 0.000014
41904 0.000018
41905 0.000023
41906 0.000007
41907 0.000033
41908 0.000033
41909 0.000011
41910 0.000005
41911 0.000040
41912 0.000011
41913 0.000012
41914 0.000013
41915 0.000015
41916 0.000047
41917 0.000010
41918 0.000010
41919 0.000019
41920 0.000020
41921 0.000006
41922 0.000011
41923 0.000008
41924 0.000084
41925 0.000007
41926 0.000018
41927 0.000020
41928 0.000025
41929 0.000090
41930 0.000008
41931 0.000011
41932 0.000016
41933 0.000027
41934 0.000024
41935 0.000015
41936 0.000039
41937 0.000006
41938 0.000065
41939 0.000008
41940 0.000014
41941 0.000019
41942 0.000023
41943 0.000010
41944 0.000021
41945 0.000012
41946 0.000004
41947 0.000007
41948 0.000038
41949 0.000013
41950 0.000023
41951 0.000032
41952 0.000007
41953 0.000021
41954 0.000014
41955 0.000013
41956 0.000028
41957 0.000025
41958 0.000020
41959 0.000015
41960 0.000009
41961 0.000028
41962 0.000016
41963 0.000008
41964 0.000010
41965 0.000030
41966 0.000029
41967 0.000019
41968 0.000026
41969 0.000015
41970 0.000009
41971 0.000017
41972 0.000035
41973 0.000017
41974 0.000015
41975 0.000004
41976 0.000011
41977 0.000010
41978 0.000024
41979 0.000014
41980 0.000020
41981 0.000017
41982 0.000016
41983 0.000020
41984 0.000007
41985 0.000011
41986 0.000042
41987 0.000019
41988 0.000011
41989 0.000026
41990 0.000006
41991 0.000011
41992 0.000004
41993 0.000017
41994 0.000006
41995 0.000018
41996 0.000013
41997 0.000013
41998 0.000012
41999 0.000014
42000 0.000011
42001 0.000026
42002 0.000007
42003 0.000012
42004 0.000024
42005 0.000017
42006 0.000021
42007 0.000006
42008 0.000021
42009 0.000018
42010 0.000010
42011 0.000026
42012 0.000027
42013 0.000006
42014 0.000006
42015 0.000031
42016 0.000034
42017 0.000020
42018 0.000028
42019 0.000026
42020 0.000016
42021 0.000008
42022 0.000024
42023 0.000005
42024 0.000018
42025 0.000028
42026 0.000007
42027 0.000015
42028 0.000017
42029 0.000064
42030 0.000022
42031 0.000015
42032 0.000013
42033 0.000016
42034 0.000020
42035 0.000026
42036 0.000039
42037 0.000019
42038 0.000011
42039 0.000065
42040 0.000026
42041 0.000007
42042 0.000047
42043 0.000018
42044 0.000030
42045 0.000033
42046 0.000022
42047 0.000027
42048 0.000004
42049 0.000009
42050 0.000015
42051 0.000032
42052 0.000013
42053 0.000019
42054 0.000012
42055 0.000005
42056 0.000008
42057 0.000017
42058 0.000005
42059 0.000014
42060 0.000004
42061 0.000013
42062 0.000025
42063 0.000012
42064 0.000026
42065 0.000004
42066 0.000019
42067 0.000025
42068 0.000015
42069 0.000035
42070 0.000042
42071 0.000009
42072 0.000036
42073 0.000008
42074 0.000023
42075 0.000018
42076 0.000079
42077 0.000015
42078 0.000010
42079 0.000008
42080 0.000006
42081 0.000021
42082 0.000008
42083 0.000022
42084 0.000010
42085 0.000054
42086 0.000040
42087 0.000029
42088 0.000013
42089 0.000022
42090 0.000019
42091 0.000007
42092 0.000014
42093 0.000012
42094 0.000026
42095 0.000013
42096 0.000017
42097 0.000011
42098 0.000013
42099 0.000032
42100 0.000020
42101 0.000016
42102 0.000012
42103 0.000032
42104 0.000032
42105 0.000017
42106 0.000015
42107 0.000018
42108 0.000017
42109 0.000033
42110 0.000030
42111 0.000014
42112 0.000023
42113 0.000014
42114 0.000031
42115 0.000013
42116 0.000017
42117 0.000027
42118 0.000035
42119 0.000013
42120 0.000035
42121 0.000012
42122 0.000020
42123 0.000006
42124 0.000011
42125 0.000012
42126 0.000012
42127 0.000045
42128 0.000032
42129 0.000011
42130 0.000024
42131 0.000048
42132 0.000074
42133 0.000024
42134 0.000019
42135 0.000009
42136 0.000006
42137 0.000030
42138 0.000016
42139 0.000013
42140 0.000093
42141 0.000005
42142 0.000052
42143 0.000010
42144 0.000013
42145 0.000052
42146 0.000025
42147 0.000032
42148 0.000018
42149 0.000023
42150 0.000009
42151 0.000005
42152 0.000010
42153 0.000016
42154 0.000032
42155 0.000017
42156 0.000008
42157 0.000009
42158 0.000033
42159 0.000016
42160 0.000025
42161 0.000024
42162 0.000004
42163 0.000009
42164 0.000013
42165 0.000023
42166 0.000014
42167 0.000007
42168 0.000018
42169 0.000007
42170 0.000018
42171 0.000011
42172 0.000018
42173 0.000012
42174 0.000032
42175 0.000029
42176 0.000027
42177 0.000019
42178 0.000005
42179 0.000022
42180 0.000049
42181 0.000008
42182 0.000018
42183 0.000016
42184 0.000011
42185 0.000010
42186 0.000028
42187 0.000004
42188 0.000023
42189 0.000011
42190 0.000011
42191 0.000004
42192 0.000015
42193 0.000004
42194 0.000006
42195 0.000020
42196 0.000052
42197 0.000012
42198 0.000031
42199 0.000016
42200 0.000077
42201 0.000029
42202 0.000014
42203 0.000006
42204 0.000026
42205 0.000027
42206 0.000010
42207 0.000022
42208 0.000010
42209 0.000045
42210 0.000023
42211 0.000024
42212 0.000039
42213 0.000027
42214 0.000028
42215 0.000008
42216 0.000032
42217 0.000029
42218 0.000023
42219 0.000033
42220 0.000007
42221 0.000031
42222 0.000016
42223 0.000006
42224 0.000018
42225 0.000050
42226 0.000006
42227 0.000022
42228 0.000031
42229 0.000006
42230 0.000017
42231 0.000009
42232 0.000028
42233 0.000011
42234 0.000019
42235 0.000020
42236 0.000008
42237 0.000069
42238 0.000008
42239 0.000010
42240 0.000009
42241 0.000004
42242 0.000027
42243 0.000004
42244 0.000025
42245 0.000028
42246 0.000020
42247 0.000023
42248 0.000004
42249 0.000028
42250 0.000012
42251 0.000017
42252 0.000010
42253 0.000016
42254 0.000011
42255 0.000022
42256 0.000020
42257 0.000023
42258 0.000017
42259 0.000022
42260 0.000018
42261 0.000027
42262 0.000058
42263 0.000030
42264 0.000005
42265 0.000033
42266 0.000016
42267 0.000035
42268 0.000019
42269 0.000038
42270 0.000006
42271 0.000040
42272 0.000025
42273 0.000005
42274 0.000010
42275 0.000025
42276 0.000011
42277 0.000053
42278 0.000019
42279 0.000069
42280 0.000011
42281 0.000077
42282 0.000017
42283 0.000023
42284 0.000046
42285 0.000006
42286 0.000020
42287 0.000023
42288 0.000024
42289 0.000046
42290 0.000034
42291 0.000009
42292 0.000020
42293 0.000033
42294 0.000015
42295 0.000006
42296 0.000029
42297 0.000030
42298 0.000008
42299 0.000019
42300 0.000011
42301 0.000024
42302 0.000007
42303 0.000017
42304 0.000017
42305 0.000040
42306 0.000008
42307 0.000013
42308 0.000024
42309 0.000007
42310 0.000044
42311 0.000014
42312 0.000032
42313 0.000008
42314 0.000013
42315 0.000035
42316 0.000022
42317 0.000011
42318 0.000038
42319 0.000008
42320 0.000020
42321 0.000004
42322 0.000019
42323 0.000008
42324 0.000013
42325 0.000014
42326 0.000012
42327 0.000018
42328 0.000034
42329 0.000012
42330 0.000015
42331 0.000007
42332 0.000008
42333 0.000047
42334 0.000016
42335 0.000027
42336 0.000016
42337 0.000020
42338 0.000024
42339 0.000024
42340 0.000017
42341 0.000017
42342 0.000008
42343 0.000009
42344 0.000038
42345 0.000008
42346 0.000008
42347 0.000011
42348 0.000015
42349 0.000028
42350 0.000010
42351 0.000021
42352 0.000015
42353 0.000006
42354 0.000023
42355 0.000011
42356 0.000048
42357 0.000042
42358 0.000009
42359 0.000012
42360 0.000018
42361 0.000015
42362 0.000025
42363 0.000025
42364 0.000019
42365 0.000027
42366 0.000009
42367 0.000024
42368 0.000013
42369 0.000007
42370 0.000026
42371 0.000004
42372 0.000033
42373 0.000018
42374 0.000013
42375 0.000011
42376 0.000012
42377 0.000008
42378 0.000012
42379 0.000017
42380 0.000034
42381 0.000025
42382 0.000027
42383 0.000014
42384 0.000031
42385 0.000006
42386 0.000009
42387 0.000016
42388 0.000049
42389 0.000011
42390 0.000010
42391 0.000020
42392 0.000030
42393 0.000013
42394 0.000052
42395 0.000030
42396 0.000028
42397 0.000024
42398 0.000013
42399 0.000021
42400 0.000015
42401 0.000027
42402 0.000063
42403 0.000010
42404 0.000034
42405 0.000021
42406 0.000028
42407 0.000013
42408 0.000026
42409 0.000018
42410 0.000015
42411 0.000013
42412 0.000014
42413 0.000011
42414 0.000004
42415 0.000006
42416 0.000023
42417 0.000006
42418 0.000015
42419 0.000024
42420 0.000009
42421 0.000026
42422 0.000008
42423 0.000012
42424 0.000020
42425 0.000007
42426 0.000026
42427 0.000016
42428 0.000037
42429 0.000010
42430 0.000019
42431 0.000012
42432 0.000011
42433 0.000019
42434 0.000035
42435 0.000010
42436 0.000025
42437 0.000021
42438 0.000013
42439 0.000012
42440 0.000048
42441 0.000027
42442 0.000004
42443 0.000071
42444 0.000051
42445 0.000004
42446 0.000004
42447 0.000020
42448 0.000006
42449 0.000004
42450 0.000004
42451 0.000027
42452 0.000031
42453 0.000004
42454 0.000014
42455 0.000004
42456 0.000015
42457 0.000013
42458 0.000020
42459 0.000021
42460 0.000045
42461 0.000018
42462 0.000010
42463 0.000005
42464 0.000020
42465 0.000030
42466 0.000004
42467 0.000047
42468 0.000015
42469 0.000056
42470 0.000035
42471 0.000014
42472 0.000007
42473 0.000029
42474 0.000022
42475 0.000035
42476 0.000021
42477 0.000030
42478 0.000020
42479 0.000014
42480 0.000015
42481 0.000015
42482 0.000016
42483 0.000007
42484 0.000015
42485 0.000031
42486 0.000032
42487 0.000031
42488 0.000013
42489 0.000040
42490 0.000011
42491 0.000007
42492 0.000030
42493 0.000019
42494 0.000019
42495 0.000024
42496 0.000037
42497 0.000010
42498 0.000020
42499 0.000018
42500 0.000019
42501 0.000031
42502 0.000010
42503 0.000011
42504 0.000026
42505 0.000013
42506 0.000012
42507 0.000031
42508 0.000015
42509 0.000023
42510 0.000015
42511 0.000033
42512 0.000007
42513 0.000024
42514 0.000029
42515 0.000011
42516 0.000006
42517 0.000032
42518 0.000013
42519 0.000017
42520 0.000023
42521 0.000007
42522 0.000040
42523 0.000022
42524 0.000016
42525 0.000064
42526 0.000017
42527 0.000037
42528 0.000012
42529 0.000013
42530 0.000021
42531 0.000031
42532 0.000026
42533 0.000032
42534 0.000013
42535 0.000050
42536 0.000033
42537 0.000042
42538 0.000027
42539 0.000007
42540 0.000023
42541 0.000022
42542 0.000035
42543 0.000008
42544 0.000033
42545 0.000055
42546 0.000010
42547 0.000018
42548 0.000056
42549 0.000010
42550 0.000035
42551 0.000027
42552 0.000013
42553 0.000013
42554 0.000010
42555 0.000020
42556 0.000012
42557 0.000037
42558 0.000030
42559 0.000009
42560 0.000011
42561 0.000023
42562 0.000013
42563 0.000007
42564 0.000019
42565 0.000014
42566 0.000004
42567 0.000016
42568 0.000025
42569 0.000016
42570 0.000022
42571 0.000028
42572 0.000009
42573 0.000013
42574 0.000027
42575 0.000016
42576 0.000015
42577 0.000008
42578 0.000019
42579 0.000017
42580 0.000036
42581 0.000022
42582 0.000018
42583 0.000028
42584 0.000007
42585 0.000018
42586 0.000006
42587 0.000011
42588 0.000049
42589 0.000064
42590 0.000013
42591 0.000026
42592 0.000015
42593 0.000014
42594 0.000024
42595 0.000025
42596 0.000006
42597 0.000004
42598 0.000051
42599 0.000025
42600 0.000007
42601 0.000004
42602 0.000019
42603 0.000016
42604 0.000010
42605 0.000030
42606 0.000023
42607 0.000010
42608 0.000031
42609 0.000042
42610 0.000005
42611 0.000028
42612 0.000011
42613 0.000006
42614 0.000015
42615 0.000016
42616 0.000029
42617 0.000010
42618 0.000023
42619 0.000015
42620 0.000005
42621 0.000021
42622 0.000016
42623 0.000031
42624 0.000006
42625 0.000013
42626 0.000034
42627 0.000028
42628 0.000045
42629 0.000023
42630 0.000005
42631 0.000056
42632 0.000015
42633 0.000024
42634 0.000030
42635 0.000013
42636 0.000009
42637 0.000021
42638 0.000034
42639 0.000017
42640 0.000015
42641 0.000005
42642 0.000004
42643 0.000010
42644 0.000015
42645 0.000004
42646 0.000018
42647 0.000004
42648 0.000004
42649 0.000004
42650 0.000021
42651 0.000026
42652 0.000015
42653 0.000014
42654 0.000015
42655 0.000033
42656 0.000014
42657 0.000018
42658 0.000044
42659 0.000018
42660 0.000014
42661 0.000032
42662 0.000008
42663 0.000010
42664 0.000012
42665 0.000037
42666 0.000004
42667 0.000016
42668 0.000040
42669 0.000017
42670 0.000015
42671 0.000013
42672 0.000038
42673 0.000018
42674 0.000005
42675 0.000008
42676 0.000033
42677 0.000015
42678 0.000019
42679 0.000018
42680 0.000031
42681 0.000018
42682 0.000015
42683 0.000026
42684 0.000006
42685 0.000015
42686 0.000026
42687 0.000015
42688 0.000035
42689 0.000013
42690 0.000046
42691 0.000013
42692 0.000011
42693 0.000007
42694 0.000033
42695 0.000007
42696 0.000021
42697 0.000022
42698 0.000014
42699 0.000023
42700 0.000043
42701 0.000018
42702 0.000008
42703 0.000007
42704 0.000026
42705 0.000010
42706 0.000013
42707 0.000035
42708 0.000005
42709 0.000010
42710 0.000010
42711 0.000007
42712 0.000012
42713 0.000021
42714 0.000009
42715 0.000013
42716 0.000028
42717 0.000020
42718 0.000010
42719 0.000022
42720 0.000027
42721 0.000004
42722 0.000016
42723 0.000004
42724 0.000030
42725 0.000009
42726 0.000016
42727 0.000008
42728 0.000017
42729 0.000025
42730 0.000017
42731 0.000020
42732 0.000022
42733 0.000026
42734 0.000004
42735 0.000008
42736 0.000014
42737 0.000022
42738 0.000041
42739 0.000007
42740 0.000014
42741 0.000019
42742 0.000021
42743 0.000031
42744 0.000008
42745 0.000049
42746 0.000007
42747 0.000006
42748 0.000018
42749 0.000022
42750 0.000021
42751 0.000016
42752 0.000015
42753 0.000019
42754 0.000004
42755 0.000053
42756 0.000016
42757 0.000004
42758 0.000006
42759 0.000026
42760 0.000033
42761 0.000024
42762 0.000017
42763 0.000044
42764 0.000017
42765 0.000026
42766 0.000004
42767 0.000014
42768 0.000010
42769 0.000026
42770 0.000018
42771 0.000019
42772 0.000009
42773 0.000027
42774 0.000007
42775 0.000037
42776 0.000008
42777 0.000021
42778 0.000019
42779 0.000032
42780 0.000004
42781 0.000020
42782 0.000004
42783 0.000012
42784 0.000019
42785 0.000004
42786 0.000006
42787 0.000012
42788 0.000010
42789 0.000009
42790 0.000012
42791 0.000023
42792 0.000005
42793 0.000029
42794 0.000021
42795 0.000022
42796 0.000033
42797 0.000005
42798 0.000009
42799 0.000042
42800 0.000018
42801 0.000012
42802 0.000026
42803 0.000004
42804 0.000038
42805 0.000005
42806 0.000016
42807 0.000012
42808 0.000008
42809 0.000015
42810 0.000025
42811 0.000022
42812 0.000008
42813 0.000041
42814 0.000004
42815 0.000017
42816 0.000013
42817 0.000026
42818 0.000014
42819 0.000016
42820 0.000016
42821 0.000015
42822 0.000014
42823 0.000014
42824 0.000012
42825 0.000004
42826 0.000016
42827 0.000013
42828 0.000017
42829 0.000036
42830 0.000021
42831 0.000004
42832 0.000011
42833 0.000010
42834 0.000019
42835 0.000019
42836 0.000024
42837 0.000006
42838 0.000006
42839 0.000016
42840 0.000013
42841 0.000024
42842 0.000016
42843 0.000012
42844 0.000016
42845 0.000027
42846 0.000004
42847 0.000010
42848 0.000018
42849 0.000010
42850 0.000017
42851 0.000009
42852 0.000006
42853 0.000010
42854 0.000004
42855 0.000014
42856 0.000023
42857 0.000011
42858 0.000027
42859 0.000007
42860 0.000013
42861 0.000033
42862 0.000010
42863 0.000013
42864 0.000028
42865 0.000013
42866 0.000012
42867 0.000004
42868 0.000057
42869 0.000016
42870 0.000017
42871 0.000022
42872 0.000016
42873 0.000047
42874 0.000012
42875 0.000006
42876 0.000023
42877 0.000012
42878 0.000004
42879 0.000009
42880 0.000004
42881 0.000008
42882 0.000015
42883 0.000027
42884 0.000010
42885 0.000009
42886 0.000014
42887 0.000023
42888 0.000015
42889 0.000008
42890 0.000011
42891 0.000021
42892 0.000012
42893 0.000008
42894 0.000017
42895 0.000024
42896 0.000015
42897 0.000027
42898 0.000025
42899 0.000012
42900 0.000021
42901 0.000017
42902 0.000016
42903 0.000018
42904 0.000007
42905 0.000021
42906 0.000042
42907 0.000018
42908 0.000023
42909 0.000007
42910 0.000022
42911 0.000020
42912 0.000022
42913 0.000027
42914 0.000037
42915 0.000025
42916 0.000039
42917 0.000006
42918 0.000021
42919 0.000026
42920 0.000008
42921 0.000057
42922 0.000008
42923 0.000032
42924 0.000032
42925 0.000010
42926 0.000028
42927 0.000033
42928 0.000007
42929 0.000026
42930 0.000020
42931 0.000013
42932 0.000008
42933 0.000027
42934 0.000043
42935 0.000015
42936 0.000016
42937 0.000031
42938 0.000024
42939 0.000025
42940 0.000004
42941 0.000007
42942 0.000026
42943 0.000025
42944 0.000020
42945 0.000014
42946 0.000022
42947 0.000035
42948 0.000012
42949 0.000015
42950 0.000004
42951 0.000024
42952 0.000024
42953 0.000020
42954 0.000024
42955 0.000025
42956 0.000022
42957 0.000016
42958 0.000015
42959 0.000019
42960 0.000016
42961 0.000016
42962 0.000006
42963 0.000004
42964 0.000013
42965 0.000016
42966 0.000024
42967 0.000011
42968 0.000011
42969 0.000026
42970 0.000015
42971 0.000014
42972 0.000007
42973 0.000026
42974 0.000007
42975 0.000031
42976 0.000049
42977 0.000016
42978 0.000025
42979 0.000026
42980 0.000025
42981 0.000025
42982 0.000019
42983 0.000027
42984 0.000012
42985 0.000028
42986 0.000006
42987 0.000021
42988 0.000016
42989 0.000004
42990 0.000024
42991 0.000013
42992 0.000020
42993 0.000018
42994 0.000018
42995 0.000012
42996 0.000023
42997 0.000018
42998 0.000010
42999 0.000053
43000 0.000021
43001 0.000028
43002 0.000022
43003 0.000017
43004 0.000015
43005 0.000017
43006 0.000019
43007 0.000012
43008 0.000011
43009 0.000019
43010 0.000023
43011 0.000035
43012 0.000017
43013 0.000023
43014 0.000006
43015 0.000012
43016 0.000010
43017 0.000022
43018 0.000011
43019 0.000008
43020 0.000017
43021 0.000020
43022 0.000021
43023 0.000007
43024 0.000028
43025 0.000028
43026 0.000029
43027 0.000021
43028 0.000008
43029 0.000042
43030 0.000040
43031 0.000031
43032 0.000004
43033 0.000016
43034 0.000019
43035 0.000004
43036 0.000009
43037 0.000012
43038 0.000040
43039 0.000029
43040 0.000015
43041 0.000004
43042 0.000033
43043 0.000005
43044 0.000011
43045 0.000024
43046 0.000014
43047 0.000020
43048 0.000013
43049 0.000016
43050 0.000013
43051 0.000009
43052 0.000033
43053 0.000015
43054 0.000023
43055 0.000010
43056 0.000012
43057 0.000004
43058 0.000045
43059 0.000004
43060 0.000034
43061 0.000045
43062 0.000012
43063 0.000014
43064 0.000019
43065 0.000004
43066 0.000009
43067 0.000049
43068 0.000033
43069 0.000025
43070 0.000004
43071 0.000030
43072 0.000027
43073 0.000014
43074 0.000044
43075 0.000056
43076 0.000044
43077 0.000040
43078 0.000016
43079 0.000026
43080 0.000013
43081 0.000032
43082 0.000027
43083 0.000019
43084 0.000018
43085 0.000017
43086 0.000025
43087 0.000030
43088 0.000006
43089 0.000017
43090 0.000005
43091 0.000007
43092 0.000013
43093 0.000011
43094 0.000014
43095 0.000028
43096 0.000014
43097 0.000062
43098 0.000042
43099 0.000020
43100 0.000014
43101 0.000014
43102 0.000039
43103 0.000010
43104 0.000008
43105 0.000006
43106 0.000023
43107 0.000054
43108 0.000008
43109 0.000004
43110 0.000005
43111 0.000015
43112 0.000029
43113 0.000011
43114 0.000025
43115 0.000014
43116 0.000018
43117 0.000008
43118 0.000012
43119 0.000007
43120 0.000004
43121 0.000020
43122 0.000026
43123 0.000015
43124 0.000047
43125 0.000011
43126 0.000004
43127 0.000014
43128 0.000022
43129 0.000020
43130 0.000014
43131 0.000014
43132 0.000017
43133 0.000010
43134 0.000019
43135 0.000029
43136 0.000021
43137 0.000020
43138 0.000010
43139 0.000013
43140 0.000015
43141 0.000026
43142 0.000038
43143 0.000029
43144 0.000021
43145 0.000013
43146 0.000028
43147 0.000006
43148 0.000008
43149 0.000034
43150 0.000033
43151 0.000018
43152 0.000020
43153 0.000017
43154 0.000044
43155 0.000009
43156 0.000014
43157 0.000014
43158 0.000008
43159 0.000016
43160 0.000019
43161 0.000024
43162 0.000027
43163 0.000014
43164 0.000018
43165 0.000006
43166 0.000014
43167 0.000028
43168 0.000034
43169 0.000037
43170 0.000017
43171 0.000022
43172 0.000004
43173 0.000013
43174 0.000018
43175 0.000013
43176 0.000006
43177 0.000029
43178 0.000013
43179 0.000014
43180 0.000038
43181 0.000015
43182 0.000050
43183 0.000004
43184 0.000027
43185 0.000018
43186 0.000033
43187 0.000037
43188 0.000025
43189 0.000038
43190 0.000017
43191 0.000015
43192 0.000008
43193 0.000015
43194 0.000004
43195 0.000034
43196 0.000006
43197 0.000010
43198 0.000014
43199 0.000026
43200 0.000017
43201 0.000030
43202 0.000031
43203 0.000008
43204 0.000029
43205 0.000012
43206 0.000037
43207 0.000032
43208 0.000033
43209 0.000049
43210 0.000025
43211 0.000019
43212 0.000019
43213 0.000010
43214 0.000009
43215 0.000086
43216 0.000015
43217 0.000015
43218 0.000008
43219 0.000023
43220 0.000026
43221 0.000018
43222 0.000012
43223 0.000043
43224 0.000005
43225 0.000007
43226 0.000021
43227 0.000026
43228 0.000025
43229 0.000004
43230 0.000028
43231 0.000032
43232 0.000013
43233 0.000041
43234 0.000010
43235 0.000015
43236 0.000025
43237 0.000024
43238 0.000009
43239 0.000043
43240 0.000011
43241 0.000011
43242 0.000013
43243 0.000007
43244 0.000019
43245 0.000013
43246 0.000009
43247 0.000073
43248 0.000032
43249 0.000026
43250 0.000030
43251 0.000024
43252 0.000016
43253 0.000028
43254 0.000026
43255 0.000020
43256 0.000013
43257 0.000007
43258 0.000021
43259 0.000007
43260 0.000012
43261 0.000007
43262 0.000005
43263 0.000027
43264 0.000019
43265 0.000038
43266 0.000004
43267 0.000009
43268 0.000031
43269 0.000029
43270 0.000020
43271 0.000056
43272 0.000009
43273 0.000050
43274 0.000035
43275 0.000028
43276 0.000030
43277 0.000042
43278 0.000032
43279 0.000009
43280 0.000040
43281 0.000029
43282 0.000021
43283 0.000017
43284 0.000032
43285 0.000010
43286 0.000007
43287 0.000035
43288 0.000020
43289 0.000019
43290 0.000032
43291 0.000020
43292 0.000019
43293 0.000004
43294 0.000012
43295 0.000004
43296 0.000008
43297 0.000012
43298 0.000015
43299 0.000043
43300 0.000018
43301 0.000019
43302 0.000004
43303 0.000033
43304 0.000022
43305 0.000009
43306 0.000030
43307 0.000014
43308 0.000020
43309 0.000028
43310 0.000012
43311 0.000016
43312 0.000022
43313 0.000008
43314 0.000021
43315 0.000010
43316 0.000012
43317 0.000004
43318 0.000028
43319 0.000038
43320 0.000016
43321 0.000017
43322 0.000011
43323 0.000004
43324 0.000015
43325 0.000006
43326 0.000021
43327 0.000019
43328 0.000015
43329 0.000012
43330 0.000035
43331 0.000041
43332 0.000006
43333 0.000019
43334 0.000016
43335 0.000034
43336 0.000007
43337 0.000046
43338 0.000085
43339 0.000015
43340 0.000023
43341 0.000009
43342 0.000042
43343 0.000028
43344 0.000009
43345 0.000017
43346 0.000025
43347 0.000019
43348 0.000056
43349 0.000021
43350 0.000013
43351 0.000052
43352 0.000030
43353 0.000026
43354 0.000025
43355 0.000017
43356 0.000028
43357 0.000014
43358 0.000029
43359 0.000004
43360 0.000030
43361 0.000012
43362 0.000039
43363 0.000012
43364 0.000052
43365 0.000008
43366 0.000020
43367 0.000016
43368 0.000004
43369 0.000024
43370 0.000011
43371 0.000008
43372 0.000005
43373 0.000036
43374 0.000006
43375 0.000026
43376 0.000025
43377 0.000021
43378 0.000008
43379 0.000029
43380 0.000015
43381 0.000014
43382 0.000010
43383 0.000005
43384 0.000026
43385 0.000013
43386 0.000019
43387 0.000011
43388 0.000013
43389 0.000004
43390 0.000052
43391 0.000015
43392 0.000029
43393 0.000023
43394 0.000049
43395 0.000013
43396 0.000038
43397 0.000044
43398 0.000014
43399 0.000009
43400 0.000021
43401 0.000022
43402 0.000016
43403 0.000004
43404 0.000043
43405 0.000026
43406 0.000014
43407 0.000029
43408 0.000012
43409 0.000007
43410 0.000019
43411 0.000017
43412 0.000016
43413 0.000013
43414 0.000026
43415 0.000040
43416 0.000033
43417 0.000019
43418 0.000019
43419 0.000040
43420 0.000020
43421 0.000004
43422 0.000040
43423 0.000012
43424 0.000027
43425 0.000014
43426 0.000035
43427 0.000004
43428 0.000018
43429 0.000007
43430 0.000026
43431 0.000019
43432 0.000004
43433 0.000005
43434 0.000016
43435 0.000006
43436 0.000015
43437 0.000007
43438 0.000031
43439 0.000036
43440 0.000026
43441 0.000006
43442 0.000043
43443 0.000029
43444 0.000032
43445 0.000016
43446 0.000015
43447 0.000015
43448 0.000015
43449 0.000037
43450 0.000017
43451 0.000025
43452 0.000031
43453 0.000014
43454 0.000018
43455 0.000014
43456 0.000007
43457 0.000011
43458 0.000036
43459 0.000010
43460 0.000018
43461 0.000035
43462 0.000039
43463 0.000011
43464 0.000018
43465 0.000010
43466 0.000036
43467 0.000056
43468 0.000015
43469 0.000042
43470 0.000030
43471 0.000045
43472 0.000025
43473 0.000026
43474 0.000035
43475 0.000018
43476 0.000013
43477 0.000043
43478 0.000019
43479 0.000010
43480 0.000017
43481 0.000024
43482 0.000019
43483 0.000033
43484 0.000023
43485 0.000024
43486 0.000013
43487 0.000022
43488 0.000011
43489 0.000046
43490 0.000035
43491 0.000012
43492 0.000015
43493 0.000013
43494 0.000007
43495 0.000031
43496 0.000034
43497 0.000004
43498 0.000009
43499 0.000015
43500 0.000009
43501 0.000017
43502 0.000031
43503 0.000007
43504 0.000022
43505 0.000030
43506 0.000007
43507 0.000014
43508 0.000029
43509 0.000004
43510 0.000034
43511 0.000008
43512 0.000008
43513 0.000014
43514 0.000020
43515 0.000020
43516 0.000015
43517 0.000024
43518 0.000040
43519 0.000008
43520 0.000027
43521 0.000018
43522 0.000007
43523 0.000008
43524 0.000004
43525 0.000025
43526 0.000004
43527 0.000015
43528 0.000022
43529 0.000008
43530 0.000008
43531 0.000015
43532 0.000016
43533 0.000019
43534 0.000020
43535 0.000015
43536 0.000058
43537 0.000005
43538 0.000021
43539 0.000017
43540 0.000011
43541 0.000031
43542 0.000023
43543 0.000042
43544 0.000007
43545 0.000023
43546 0.000025
43547 0.000004
43548 0.000036
43549 0.000030
43550 0.000024
43551 0.000029
43552 0.000013
43553 0.000046
43554 0.000045
43555 0.000010
43556 0.000014
43557 0.000026
43558 0.000011
43559 0.000011
43560 0.000026
43561 0.000027
43562 0.000022
43563 0.000020
43564 0.000027
43565 0.000009
43566 0.000015
43567 0.000059
43568 0.000016
43569 0.000044
43570 0.000021
43571 0.000021
43572 0.000020
43573 0.000014
43574 0.000012
43575 0.000023
43576 0.000021
43577 0.000015
43578 0.000035
43579 0.000006
43580 0.000033
43581 0.000015
43582 0.000004
43583 0.000006
43584 0.000022
43585 0.000023
43586 0.000060
43587 0.000011
43588 0.000012
43589 0.000005
43590 0.000035
43591 0.000022
43592 0.000012
43593 0.000024
43594 0.000011
43595 0.000030
43596 0.000026
43597 0.000036
43598 0.000007
43599 0.000028
43600 0.000036
43601 0.000021
43602 0.000027
43603 0.000032
43604 0.000011
43605 0.000048
43606 0.000007
43607 0.000022
43608 0.000041
43609 0.000027
43610 0.000028
43611 0.000025
43612 0.000013
43613 0.000031
43614 0.000026
43615 0.000024
43616 0.000020
43617 0.000008
43618 0.000009
43619 0.000024
43620 0.000019
43621 0.000016
43622 0.000019
43623 0.000019
43624 0.000029
43625 0.000045
43626 0.000004
43627 0.000011
43628 0.000046
43629 0.000038
43630 0.000010
43631 0.000027
43632 0.000014
43633 0.000035
43634 0.000033
43635 0.000035
43636 0.000009
43637 0.000032
43638 0.000012
43639 0.000006
43640 0.000014
43641 0.000017
43642 0.000046
43643 0.000009
43644 0.000004
43645 0.000004
43646 0.000004
43647 0.000023
43648 0.000041
43649 0.000041
43650 0.000022
43651 0.000020
43652 0.000005
43653 0.000023
43654 0.000018
43655 0.000007
43656 0.000028
43657 0.000020
43658 0.000004
43659 0.000047
43660 0.000012
43661 0.000014
43662 0.000028
43663 0.000027
43664 0.000021
43665 0.000010
43666 0.000039
43667 0.000007
43668 0.000024
43669 0.000019
43670 0.000011
43671 0.000010
43672 0.000018
43673 0.000049
43674 0.000010
43675 0.000021
43676 0.000016
43677 0.000009
43678 0.000025
43679 0.000019
43680 0.000007
43681 0.000010
43682 0.000019
43683 0.000020
43684 0.000009
43685 0.000042
43686 0.000010
43687 0.000011
43688 0.000009
43689 0.000014
43690 0.000020
43691 0.000016
43692 0.000037
43693 0.000006
43694 0.000018
43695 0.000007
43696 0.000007
43697 0.000031
43698 0.000019
43699 0.000008
43700 0.000026
43701 0.000031
43702 0.000018
43703 0.000006
43704 0.000032
43705 0.000029
43706 0.000010
43707 0.000022
43708 0.000066
43709 0.000021
43710 0.000012
43711 0.000021
43712 0.000007
43713 0.000011
43714 0.000031
43715 0.000022
43716 0.000009
43717 0.000020
43718 0.000008
43719 0.000015
43720 0.000009
43721 0.000005
43722 0.000049
43723 0.000020
43724 0.000004
43725 0.000023
43726 0.000050
43727 0.000031
43728 0.000013
43729 0.000013
43730 0.000025
43731 0.000023
43732 0.000012
43733 0.000006
43734 0.000004
43735 0.000026
43736 0.000009
43737 0.000009
43738 0.000004
43739 0.000012
43740 0.000025
43741 0.000031
43742 0.000008
43743 0.000021
43744 0.000005
43745 0.000010
43746 0.000018
43747 0.000038
43748 0.000004
43749 0.000020
43750 0.000027
43751 0.000016
43752 0.000024
43753 0.000042
43754 0.000078
43755 0.000007
43756 0.000009
43757 0.000070
43758 0.000013
43759 0.000017
43760 0.000022
43761 0.000017
43762 0.000020
43763 0.000018
43764 0.000008
43765 0.000027
43766 0.000013
43767 0.000036
43768 0.000016
43769 0.000020
43770 0.000042
43771 0.000023
43772 0.000026
43773 0.000017
43774 0.000006
43775 0.000034
43776 0.000030
43777 0.000028
43778 0.000031
43779 0.000004
43780 0.000014
43781 0.000010
43782 0.000011
43783 0.000026
43784 0.000014
43785 0.000019
43786 0.000008
43787 0.000019
43788 0.000016
43789 0.000042
43790 0.000018
43791 0.000012
43792 0.000009
43793 0.000031
43794 0.000004
43795 0.000024
43796 0.000020
43797 0.000016
43798 0.000031
43799 0.000021
43800 0.000005
43801 0.000006
43802 0.000031
43803 0.000009
43804 0.000022
43805 0.000006
43806 0.000016
43807 0.000017
43808 0.000016
43809 0.000023
43810 0.000036
43811 0.000008
43812 0.000004
43813 0.000014
43814 0.000015
43815 0.000006
43816 0.000017
43817 0.000057
43818 0.000014
43819 0.000018
43820 0.000011
43821 0.000022
43822 0.000055
43823 0.000005
43824 0.000012
43825 0.000007
43826 0.000034
43827 0.000012
43828 0.000005
43829 0.000017
43830 0.000017
43831 0.000014
43832 0.000043
43833 0.000012
43834 0.000012
43835 0.000014
43836 0.000009
43837 0.000017
43838 0.000012
43839 0.000037
43840 0.000036
43841 0.000030
43842 0.000014
43843 0.000006
43844 0.000047
43845 0.000027
43846 0.000024
43847 0.000010
43848 0.000023
43849 0.000036
43850 0.000005
43851 0.000016
43852 0.000018
43853 0.000016
43854 0.000023
43855 0.000007
43856 0.000025
43857 0.000015
43858 0.000012
43859 0.000049
43860 0.000019
43861 0.000014
43862 0.000014
43863 0.000034
43864 0.000014
43865 0.000006
43866 0.000013
43867 0.000016
43868 0.000007
43869 0.000004
43870 0.000013
43871 0.000034
43872 0.000057
43873 0.000026
43874 0.000004
43875 0.000028
43876 0.000011
43877 0.000027
43878 0.000020
43879 0.000019
43880 0.000018
43881 0.000004
43882 0.000020
43883 0.000025
43884 0.000029
43885 0.000082
43886 0.000006
43887 0.000020
43888 0.000018
43889 0.000009
43890 0.000004
43891 0.000034
43892 0.000046
43893 0.000024
43894 0.000013
43895 0.000010
43896 0.000013
43897 0.000006
43898 0.000051
43899 0.000011
43900 0.000006
43901 0.000021
43902 0.000009
43903 0.000021
43904 0.000028
43905 0.000009
43906 0.000015
43907 0.000008
43908 0.000008
43909 0.000016
43910 0.000042
43911 0.000009
43912 0.000016
43913 0.000012
43914 0.000088
43915 0.000007
43916 0.000043
43917 0.000034
43918 0.000021
43919 0.000020
43920 0.000020
43921 0.000023
43922 0.000009
43923 0.000015
43924 0.000007
43925 0.000005
43926 0.000006
43927 0.000013
43928 0.000028
43929 0.000010
43930 0.000020
43931 0.000021
43932 0.000016
43933 0.000015
43934 0.000015
43935 0.000006
43936 0.000022
43937 0.000023
43938 0.000013
43939 0.000032
43940 0.000013
43941 0.000016
43942 0.000020
43943 0.000016
43944 0.000017
43945 0.000015
43946 0.000008
43947 0.000012
43948 0.000017
43949 0.000018
43950 0.000010
43951 0.000004
43952 0.000020
43953 0.000020
43954 0.000013
43955 0.000011
43956 0.000037
43957 0.000030
43958 0.000020
43959 0.000016
43960 0.000016
43961 0.000007
43962 0.000023
43963 0.000011
43964 0.000029
43965 0.000018
43966 0.000004
43967 0.000031
43968 0.000032
43969 0.000018
43970 0.000013
43971 0.000035
43972 0.000019
43973 0.000006
43974 0.000026
43975 0.000021
43976 0.000012
43977 0.000007
43978 0.000004
43979 0.000015
43980 0.000005
43981 0.000048
43982 0.000031
43983 0.000014
43984 0.000062
43985 0.000047
43986 0.000025
43987 0.000039
43988 0.000013
43989 0.000020
43990 0.000044
43991 0.000014
43992 0.000025
43993 0.000004
43994 0.000027
43995 0.000004
43996 0.000008
43997 0.000049
43998 0.000021
43999 0.000007
44000 0.000020
44001 0.000033
44002 0.000009
44003 0.000024
44004 0.000010
44005 0.000019
44006 0.000012
44007 0.000024
44008 0.000024
44009 0.000027
44010 0.000012
44011 0.000017
44012 0.000023
44013 0.000025
44014 0.000023
44015 0.000009
44016 0.000009
44017 0.000007
44018 0.000012
44019 0.000004
44020 0.000026
44021 0.000039
44022 0.000021
44023 0.000009
44024 0.000010
44025 0.000028
44026 0.000028
44027 0.000012
44028 0.000037
44029 0.000050
44030 0.000014
44031 0.000011
44032 0.000015
44033 0.000016
44034 0.000009
44035 0.000013
44036 0.000066
44037 0.000017
44038 0.000020
44039 0.000042
44040 0.000021
44041 0.000029
44042 0.000018
44043 0.000020
44044 0.000006
44045 0.000018
44046 0.000016
44047 0.000023
44048 0.000014
44049 0.000028
44050 0.000029
44051 0.000036
44052 0.000008
44053 0.000016
44054 0.000014
44055 0.000019
44056 0.000034
44057 0.000010
44058 0.000004
44059 0.000025
44060 0.000021
44061 0.000008
44062 0.000015
44063 0.000011
44064 0.000020
44065 0.000071
44066 0.000029
44067 0.000013
44068 0.000017
44069 0.000017
44070 0.000014
44071 0.000033
44072 0.000009
44073 0.000006
44074 0.000011
44075 0.000017
44076 0.000026
44077 0.000009
44078 0.000007
44079 0.000010
44080 0.000017
44081 0.000014
44082 0.000004
44083 0.000027
44084 0.000006
44085 0.000073
44086 0.000010
44087 0.000011
44088 0.000037
44089 0.000014
44090 0.000015
44091 0.000023
44092 0.000022
44093 0.000015
44094 0.000014
44095 0.000013
44096 0.000004
44097 0.000020
44098 0.000027
44099 0.000012
44100 0.000034
44101 0.000017
44102 0.000009
44103 0.000010
44104 0.000033
44105 0.000009
44106 0.000008
44107 0.000014
44108 0.000009
44109 0.000017
44110 0.000013
44111 0.000006
44112 0.000026
44113 0.000042
44114 0.000045
44115 0.000010
44116 0.000019
44117 0.000014
44118 0.000087
44119 0.000012
44120 0.000010
44121 0.000023
44122 0.000013
44123 0.000035
44124 0.000019
44125 0.000055
44126 0.000032
44127 0.000039
44128 0.000006
44129 0.000008
44130 0.000011
44131 0.000004
44132 0.000014
44133 0.000015
44134 0.000006
44135 0.000044
44136 0.000010
44137 0.000008
44138 0.000021
44139 0.000044
44140 0.000013
44141 0.000023
44142 0.000030
44143 0.000037
44144 0.000023
44145 0.000027
44146 0.000033
44147 0.000034
44148 0.000032
44149 0.000021
44150 0.000037
44151 0.000022
44152 0.000032
44153 0.000006
44154 0.000029
44155 0.000013
44156 0.000049
44157 0.000014
44158 0.000027
44159 0.000006
44160 0.000024
44161 0.000004
44162 0.000018
44163 0.000005
44164 0.000052
44165 0.000025
44166 0.000014
44167 0.000007
44168 0.000009
44169 0.000007
44170 0.000005
44171 0.000019
44172 0.000022
44173 0.000017
44174 0.000031
44175 0.000013
44176 0.000027
44177 0.000024
44178 0.000042
44179 0.000032
44180 0.000022
44181 0.000038
44182 0.000018
44183 0.000012
44184 0.000015
44185 0.000034
44186 0.000022
44187 0.000041
44188 0.000011
44189 0.000045
44190 0.000035
44191 0.000025
44192 0.000015
44193 0.000006
44194 0.000025
44195 0.000008
44196 0.000014
44197 0.000025
44198 0.000040
44199 0.000012
44200 0.000066
44201 0.000021
44202 0.000019
44203 0.000011
44204 0.000059
44205 0.000027
44206 0.000042
44207 0.000021
44208 0.000019
44209 0.000005
44210 0.000004
44211 0.000013
44212 0.000014
44213 0.000009
44214 0.000029
44215 0.000033
44216 0.000027
44217 0.000016
44218 0.000005
44219 0.000041
44220 0.000006
44221 0.000005
44222 0.000009
44223 0.000021
44224 0.000008
44225 0.000019
44226 0.000018
44227 0.000012
44228 0.000014
44229 0.000004
44230 0.000020
44231 0.000027
44232 0.000009
44233 0.000008
44234 0.000013
44235 0.000010
44236 0.000013
44237 0.000006
44238 0.000018
44239 0.000021
44240 0.000017
44241 0.000027
44242 0.000009
44243 0.000031
44244 0.000018
44245 0.000020
44246 0.000018
44247 0.000014
44248 0.000009
44249 0.000017
44250 0.000035
44251 0.000023
44252 0.000032
44253 0.000018
44254 0.000006
44255 0.000004
44256 0.000018
44257 0.000022
44258 0.000025
44259 0.000022
44260 0.000032
44261 0.000015
44262 0.000013
44263 0.000022
44264 0.000019
44265 0.000009
44266 0.000043
44267 0.000023
44268 0.000010
44269 0.000009
44270 0.000054
44271 0.000026
44272 0.000007
44273 0.000012
44274 0.000012
44275 0.000030
44276 0.000011
44277 0.000016
44278 0.000010
44279 0.000016
44280 0.000004
44281 0.000015
44282 0.000030
44283 0.000019
44284 0.000007
44285 0.000015
44286 0.000018
44287 0.000013
44288 0.000014
44289 0.000013
44290 0.000019
44291 0.000012
44292 0.000031
44293 0.000014
44294 0.000009
44295 0.000018
44296 0.000023
44297 0.000011
44298 0.000022
44299 0.000016
44300 0.000018
44301 0.000038
44302 0.000044
44303 0.000022
44304 0.000007
44305 0.000012
44306 0.000024
44307 0.000015
44308 0.000004
44309 0.000009
44310 0.000026
44311 0.000009
44312 0.000027
44313 0.000012
44314 0.000045
44315 0.000012
44316 0.000005
44317 0.000030
44318 0.000009
44319 0.000005
44320 0.000011
44321 0.000024
44322 0.000036
44323 0.000011
44324 0.000020
44325 0.000007
44326 0.000030
44327 0.000041
44328 0.000017
44329 0.000010
44330 0.000011
44331 0.000026
44332 0.000012
44333 0.000007
44334 0.000031
44335 0.000025
44336 0.000007
44337 0.000010
44338 0.000014
44339 0.000004
44340 0.000016
44341 0.000007
44342 0.000023
44343 0.000012
44344 0.000004
44345 0.000012
44346 0.000014
44347 0.000012
44348 0.000011
44349 0.000022
44350 0.000017
44351 0.000015
44352 0.000042
44353 0.000040
44354 0.000007
44355 0.000010
44356 0.000026
44357 0.000015
44358 0.000040
44359 0.000018
44360 0.000030
44361 0.000018
44362 0.000007
44363 0.000038
44364 0.000007
44365 0.000011
44366 0.000025
44367 0.000055
44368 0.000024
44369 0.000020
44370 0.000028
44371 0.000022
44372 0.000030
44373 0.000015
44374 0.000016
44375 0.000010
44376 0.000016
44377 0.000013
44378 0.000006
44379 0.000030
44380 0.000010
44381 0.000009
44382 0.000019
44383 0.000015
44384 0.000007
44385 0.000020
44386 0.000004
44387 0.000015
44388 0.000044
44389 0.000028
44390 0.000016
44391 0.000043
44392 0.000018
44393 0.000009
44394 0.000011
44395 0.000037
44396 0.000021
44397 0.000014
44398 0.000015
44399 0.000011
44400 0.000063
44401 0.000016
44402 0.000011
44403 0.000020
44404 0.000029
44405 0.000014
44406 0.000018
44407 0.000004
44408 0.000023
44409 0.000006
44410 0.000004
44411 0.000027
44412 0.000020
44413 0.000056
44414 0.000019
44415 0.000011
44416 0.000018
44417 0.000031
44418 0.000016
44419 0.000007
44420 0.000011
44421 0.000032
44422 0.000014
44423 0.000032
44424 0.000013
44425 0.000006
44426 0.000015
44427 0.000035
44428 0.000016
44429 0.000004
44430 0.000008
44431 0.000017
44432 0.000031
44433 0.000016
44434 0.000016
44435 0.000012
44436 0.000004
44437 0.000015
44438 0.000011
44439 0.000007
44440 0.000014
44441 0.000016
44442 0.000004
44443 0.000028
44444 0.000004
44445 0.000008
44446 0.000027
44447 0.000016
44448 0.000008
44449 0.000009
44450 0.000012
44451 0.000024
44452 0.000021
44453 0.000058
44454 0.000031
44455 0.000015
44456 0.000019
44457 0.000015
44458 0.000021
44459 0.000053
44460 0.000008
44461 0.000017
44462 0.000038
44463 0.000031
44464 0.000008
44465 0.000006
44466 0.000028
44467 0.000035
44468 0.000010
44469 0.000017
44470 0.000053
44471 0.000012
44472 0.000023
44473 0.000021
44474 0.000032
44475 0.000008
44476 0.000027
44477 0.000034
44478 0.000021
44479 0.000014
44480 0.000011
44481 0.000021
44482 0.000020
44483 0.000014
44484 0.000045
44485 0.000021
44486 0.000004
44487 0.000015
44488 0.000009
44489 0.000011
44490 0.000015
44491 0.000019
44492 0.000011
44493 0.000033
44494 0.000010
44495 0.000059
44496 0.000026
44497 0.000016
44498 0.000016
44499 0.000012
44500 0.000008
44501 0.000062
44502 0.000004
44503 0.000017
44504 0.000019
44505 0.000009
44506 0.000004
44507 0.000021
44508 0.000037
44509 0.000026
44510 0.000021
44511 0.000007
44512 0.000040
44513 0.000070
44514 0.000044
44515 0.000016
44516 0.000004
44517 0.000014
44518 0.000029
44519 0.000030
44520 0.000031
44521 0.000014
44522 0.000008
44523 0.000049
44524 0.000020
44525 0.000016
44526 0.000034
44527 0.000015
44528 0.000018
44529 0.000005
44530 0.000007
44531 0.000009
44532 0.000011
44533 0.000014
44534 0.000047
44535 0.000029
44536 0.000018
44537 0.000020
44538 0.000021
44539 0.000021
44540 0.000017
44541 0.000018
44542 0.000013
44543 0.000023
44544 0.000014
44545 0.000006
44546 0.000008
44547 0.000016
44548 0.000011
44549 0.000004
44550 0.000016
44551 0.000007
44552 0.000018
44553 0.000010
44554 0.000013
44555 0.000049
44556 0.000019
44557 0.000031
44558 0.000017
44559 0.000024
44560 0.000020
44561 0.000027
44562 0.000028
44563 0.000009
44564 0.000014
44565 0.000016
44566 0.000005
44567 0.000050
44568 0.000017
44569 0.000013
44570 0.000027
44571 0.000031
44572 0.000024
44573 0.000028
44574 0.000013
44575 0.000010
44576 0.000011
44577 0.000020
44578 0.000016
44579 0.000020
44580 0.000007
44581 0.000004
44582 0.000012
44583 0.000016
44584 0.000005
44585 0.000012
44586 0.000005
44587 0.000020
44588 0.000019
44589 0.000016
44590 0.000035
44591 0.000004
44592 0.000026
44593 0.000024
44594 0.000020
44595 0.000013
44596 0.000030
44597 0.000012
44598 0.000010
44599 0.000034
44600 0.000007
44601 0.000004
44602 0.000045
44603 0.000024
44604 0.000013
44605 0.000029
44606 0.000005
44607 0.000015
44608 0.000004
44609 0.000018
44610 0.000026
44611 0.000019
44612 0.000010
44613 0.000021
44614 0.000021
44615 0.000009
44616 0.000010
44617 0.000007
44618 0.000016
44619 0.000034
44620 0.000032
44621 0.000017
44622 0.000022
44623 0.000020
44624 0.000045
44625 0.000018
44626 0.000019
44627 0.000015
44628 0.000023
44629 0.000025
44630 0.000004
44631 0.000070
44632 0.000022
44633 0.000016
44634 0.000030
44635 0.000029
44636 0.000027
44637 0.000006
44638 0.000019
44639 0.000015
44640 0.000029
44641 0.000038
44642 0.000030
44643 0.000016
44644 0.000072
44645 0.000004
44646 0.000008
44647 0.000039
44648 0.000009
44649 0.000020
44650 0.000029
44651 0.000030
44652 0.000008
44653 0.000005
44654 0.000010
44655 0.000012
44656 0.000013
44657 0.000026
44658 0.000007
44659 0.000021
44660 0.000012
44661 0.000012
44662 0.000039
44663 0.000042
44664 0.000009
44665 0.000004
44666 0.000005
44667 0.000029
44668 0.000035
44669 0.000029
44670 0.000050
44671 0.000012
44672 0.000010
44673 0.000011
44674 0.000017
44675 0.000013
44676 0.000020
44677 0.000033
44678 0.000006
44679 0.000010
44680 0.000019
44681 0.000005
44682 0.000014
44683 0.000012
44684 0.000019
44685 0.000015
44686 0.000018
44687 0.000015
44688 0.000015
44689 0.000012
44690 0.000008
44691 0.000019
44692 0.000034
44693 0.000006
44694 0.000074
44695 0.000056
44696 0.000039
44697 0.000008
44698 0.000010
44699 0.000012
44700 0.000031
44701 0.000008
44702 0.000015
44703 0.000041
44704 0.000004
44705 0.000044
44706 0.000021
44707 0.000026
44708 0.000023
44709 0.000020
44710 0.000010
44711 0.000041
44712 0.000004
44713 0.000005
44714 0.000012
44715 0.000014
44716 0.000016
44717 0.000008
44718 0.000017
44719 0.000059
44720 0.000016
44721 0.000014
44722 0.000006
44723 0.000007
44724 0.000023
44725 0.000004
44726 0.000012
44727 0.000007
44728 0.000009
44729 0.000017
44730 0.000006
44731 0.000014
44732 0.000018
44733 0.000005
44734 0.000016
44735 0.000008
44736 0.000020
44737 0.000009
44738 0.000017
44739 0.000004
44740 0.000031
44741 0.000013
44742 0.000039
44743 0.000009
44744 0.000010
44745 0.000050
44746 0.000033
44747 0.000042
44748 0.000018
44749 0.000024
44750 0.000034
44751 0.000032
44752 0.000015
44753 0.000006
44754 0.000006
44755 0.000010
44756 0.000004
44757 0.000026
44758 0.000032
44759 0.000017
44760 0.000013
44761 0.000052
44762 0.000004
44763 0.000015
44764 0.000015
44765 0.000031
44766 0.000018
44767 0.000016
44768 0.000009
44769 0.000040
44770 0.000023
44771 0.000007
44772 0.000028
44773 0.000040
44774 0.000015
44775 0.000028
44776 0.000008
44777 0.000007
44778 0.000040
44779 0.000026
44780 0.000005
44781 0.000007
44782 0.000009
44783 0.000011
44784 0.000049
44785 0.000035
44786 0.000027
44787 0.000023
44788 0.000016
44789 0.000020
44790 0.000011
44791 0.000032
44792 0.000007
44793 0.000013
44794 0.000012
44795 0.000011
44796 0.000015
44797 0.000004
44798 0.000018
44799 0.000019
44800 0.000015
44801 0.000011
44802 0.000038
44803 0.000018
44804 0.000005
44805 0.000041
44806 0.000017
44807 0.000007
44808 0.000017
44809 0.000014
44810 0.000010
44811 0.000004
44812 0.000043
44813 0.000006
44814 0.000015
44815 0.000016
44816 0.000024
44817 0.000049
44818 0.000018
44819 0.000024
44820 0.000027
44821 0.000031
44822 0.000021
44823 0.000017
44824 0.000015
44825 0.000019
44826 0.000025
44827 0.000010
44828 0.000018
44829 0.000047
44830 0.000018
44831 0.000012
44832 0.000032
44833 0.000018
44834 0.000006
44835 0.000019
44836 0.000014
44837 0.000012
44838 0.000034
44839 0.000011
44840 0.000020
44841 0.000012
44842 0.000006
44843 0.000020
44844 0.000045
44845 0.000008
44846 0.000029
44847 0.000042
44848 0.000032
44849 0.000039
44850 0.000010
44851 0.000021
44852 0.000021
44853 0.000036
44854 0.000017
44855 0.000011
44856 0.000027
44857 0.000011
44858 0.000024
44859 0.000068
44860 0.000009
44861 0.000019
44862 0.000013
44863 0.000030
44864 0.000019
44865 0.000010
44866 0.000028
44867 0.000026
44868 0.000019
44869 0.000012
44870 0.000013
44871 0.000014
44872 0.000035
44873 0.000101
44874 0.000015
44875 0.000039
44876 0.000024
44877 0.000005
44878 0.000006
44879 0.000024
44880 0.000031
44881 0.000068
44882 0.000047
44883 0.000007
44884 0.000012
44885 0.000016
44886 0.000026
44887 0.000004
44888 0.000017
44889 0.000024
44890 0.000011
44891 0.000027
44892 0.000006
44893 0.000059
44894 0.000019
44895 0.000033
44896 0.000024
44897 0.000020
44898 0.000035
44899 0.000028
44900 0.000017
44901 0.000019
44902 0.000033
44903 0.000012
44904 0.000011
44905 0.000010
44906 0.000016
44907 0.000012
44908 0.000018
44909 0.000049
44910 0.000020
44911 0.000011
44912 0.000030
44913 0.000005
44914 0.000015
44915 0.000028
44916 0.000010
44917 0.000008
44918 0.000054
44919 0.000005
44920 0.000011
44921 0.000020
44922 0.000006
44923 0.000020
44924 0.000018
44925 0.000039
44926 0.000006
44927 0.000034
44928 0.000029
44929 0.000012
44930 0.000034
44931 0.000026
44932 0.000020
44933 0.000029
44934 0.000030
44935 0.000029
44936 0.000024
44937 0.000011
44938 0.000025
44939 0.000004
44940 0.000012
44941 0.000018
44942 0.000023
44943 0.000017
44944 0.000016
44945 0.000012
44946 0.000024
44947 0.000021
44948 0.000017
44949 0.000010
44950 0.000005
44951 0.000008
44952 0.000030
44953 0.000019
44954 0.000018
44955 0.000005
44956 0.000015
44957 0.000006
44958 0.000022
44959 0.000014
44960 0.000010
44961 0.000009
44962 0.000017
44963 0.000051
44964 0.000027
44965 0.000024
44966 0.000006
44967 0.000010
44968 0.000009
44969 0.000005
44970 0.000057
44971 0.000019
44972 0.000047
44973 0.000017
44974 0.000020
44975 0.000025
44976 0.000026
44977 0.000023
44978 0.000021
44979 0.000024
44980 0.000047
44981 0.000036
44982 0.000029
44983 0.000051
44984 0.000017
44985 0.000057
44986 0.000028
44987 0.000033
44988 0.000016
44989 0.000009
44990 0.000009
44991 0.000017
44992 0.000015
44993 0.000006
44994 0.000039
44995 0.000015
44996 0.000038
44997 0.000009
44998 0.000027
44999 0.000016
45000 0.000013
45001 0.000007
45002 0.000018
45003 0.000004
45004 0.000015
45005 0.000025
45006 0.000013
45007 0.000034
45008 0.000018
45009 0.000024
45010 0.000012
45011 0.000052
45012 0.000015
45013 0.000059
45014 0.000029
45015 0.000004
45016 0.000019
45017 0.000023
45018 0.000017
45019 0.000021
45020 0.000016
45021 0.000008
45022 0.000017
45023 0.000010
45024 0.000026
45025 0.000007
45026 0.000009
45027 0.000016
45028 0.000026
45029 0.000017
45030 0.000008
45031 0.000007
45032 0.000019
45033 0.000047
45034 0.000037
45035 0.000029
45036 0.000013
45037 0.000062
45038 0.000008
45039 0.000022
45040 0.000013
45041 0.000006
45042 0.000038
45043 0.000025
45044 0.000062
45045 0.000012
45046 0.000019
45047 0.000025
45048 0.000022
45049 0.000004
45050 0.000004
45051 0.000043
45052 0.000007
45053 0.000013
45054 0.000020
45055 0.000015
45056 0.000018
45057 0.000014
45058 0.000022
45059 0.000008
45060 0.000010
45061 0.000016
45062 0.000011
45063 0.000017
45064 0.000027
45065 0.000026
45066 0.000007
45067 0.000016
45068 0.000005
45069 0.000016
45070 0.000022
45071 0.000017
45072 0.000014
45073 0.000012
45074 0.000026
45075 0.000025
45076 0.000008
45077 0.000055
45078 0.000023
45079 0.000027
45080 0.000025
45081 0.000013
45082 0.000004
45083 0.000056
45084 0.000036
45085 0.000018
45086 0.000011
45087 0.000011
45088 0.000062
45089 0.000019
45090 0.000029
45091 0.000040
45092 0.000015
45093 0.000026
45094 0.000013
45095 0.000009
45096 0.000040
45097 0.000017
45098 0.000043
45099 0.000008
45100 0.000019
45101 0.000041
45102 0.000025
45103 0.000012
45104 0.000020
45105 0.000043
45106 0.000004
45107 0.000032
45108 0.000029
45109 0.000006
45110 0.000024
45111 0.000010
45112 0.000022
45113 0.000005
45114 0.000010
45115 0.000007
45116 0.000029
45117 0.000021
45118 0.000010
45119 0.000011
45120 0.000031
45121 0.000048
45122 0.000017
45123 0.000010
45124 0.000020
45125 0.000018
45126 0.000013
45127 0.000021
45128 0.000018
45129 0.000018
45130 0.000006
45131 0.000036
45132 0.000054
45133 0.000029
45134 0.000019
45135 0.000007
45136 0.000007
45137 0.000014
45138 0.000012
45139 0.000046
45140 0.000011
45141 0.000013
45142 0.000033
45143 0.000015
45144 0.000015
45145 0.000033
45146 0.000022
45147 0.000016
45148 0.000021
45149 0.000052
45150 0.000020
45151 0.000017
45152 0.000045
45153 0.000011
45154 0.000044
45155 0.000004
45156 0.000051
45157 0.000023
45158 0.000018
45159 0.000007
45160 0.000017
45161 0.000007
45162 0.000020
45163 0.000073
45164 0.000009
45165 0.000017
45166 0.000006
45167 0.000024
45168 0.000022
45169 0.000023
45170 0.000004
45171 0.000007
45172 0.000013
45173 0.000017
45174 0.000006
45175 0.000024
45176 0.000004
45177 0.000005
45178 0.000027
45179 0.000012
45180 0.000028
45181 0.000012
45182 0.000012
45183 0.000023
45184 0.000017
45185 0.000008
45186 0.000011
45187 0.000016
45188 0.000019
45189 0.000037
45190 0.000016
45191 0.000030
45192 0.000015
45193 0.000017
45194 0.000024
45195 0.000009
45196 0.000025
45197 0.000014
45198 0.000026
45199 0.000014
45200 0.000011
45201 0.000029
45202 0.000006
45203 0.000007
45204 0.000041
45205 0.000041
45206 0.000015
45207 0.000022
45208 0.000027
45209 0.000013
45210 0.000015
45211 0.000008
45212 0.000013
45213 0.000012
45214 0.000018
45215 0.000012
45216 0.000027
45217 0.000020
45218 0.000014
45219 0.000017
45220 0.000029
45221 0.000021
45222 0.000025
45223 0.000011
45224 0.000032
45225 0.000030
45226 0.000028
45227 0.000019
45228 0.000004
45229 0.000031
45230 0.000064
45231 0.000008
45232 0.000019
45233 0.000027
45234 0.000009
45235 0.000026
45236 0.000025
45237 0.000011
45238 0.000045
45239 0.000017
45240 0.000019
45241 0.000017
45242 0.000008
45243 0.000054
45244 0.000010
45245 0.000009
45246 0.000026
45247 0.000041
45248 0.000020
45249 0.000008
45250 0.000044
45251 0.000036
45252 0.000017
45253 0.000023
45254 0.000034
45255 0.000004
45256 0.000016
45257 0.000044
45258 0.000021
45259 0.000004
45260 0.000008
45261 0.000023
45262 0.000013
45263 0.000025
45264 0.000031
45265 0.000024
45266 0.000013
45267 0.000020
45268 0.000004
45269 0.000016
45270 0.000027
45271 0.000022
45272 0.000019
45273 0.000004
45274 0.000020
45275 0.000008
45276 0.000011
45277 0.000033
45278 0.000010
45279 0.000009
45280 0.000036
45281 0.000004
45282 0.000017
45283 0.000037
45284 0.000015
45285 0.000025
45286 0.000013
45287 0.000013
45288 0.000014
45289 0.000019
45290 0.000016
45291 0.000035
45292 0.000017
45293 0.000034
45294 0.000014
45295 0.000008
45296 0.000036
45297 0.000066
45298 0.000063
45299 0.000030
45300 0.000009
45301 0.000015
45302 0.000017
45303 0.000016
45304 0.000015
45305 0.000024
45306 0.000011
45307 0.000029
45308 0.000017
45309 0.000012
45310 0.000018
45311 0.000008
45312 0.000012
45313 0.000006
45314 0.000018
45315 0.000035
45316 0.000017
45317 0.000020
45318 0.000017
45319 0.000017
45320 0.000011
45321 0.000025
45322 0.000037
45323 0.000027
45324 0.000023
45325 0.000016
45326 0.000016
45327 0.000013
45328 0.000060
45329 0.000004
45330 0.000023
45331 0.000024
45332 0.000016
45333 0.000004
45334 0.000004
45335 0.000006
45336 0.000028
45337 0.000010
45338 0.000021
45339 0.000015
45340 0.000007
45341 0.000023
45342 0.000026
45343 0.000004
45344 0.000021
45345 0.000030
45346 0.000018
45347 0.000055
45348 0.000015
45349 0.000025
45350 0.000016
45351 0.000007
45352 0.000025
45353 0.000010
45354 0.000040
45355 0.000014
45356 0.000009
45357 0.000009
45358 0.000010
45359 0.000012
45360 0.000021
45361 0.000016
45362 0.000033
45363 0.000030
45364 0.000016
45365 0.000027
45366 0.000004
45367 0.000033
45368 0.000004
45369 0.000030
45370 0.000019
45371 0.000016
45372 0.000014
45373 0.000031
45374 0.000009
45375 0.000043
45376 0.000011
45377 0.000033
45378 0.000042
45379 0.000014
45380 0.000043
45381 0.000028
45382 0.000015
45383 0.000004
45384 0.000011
45385 0.000021
45386 0.000017
45387 0.000008
45388 0.000035
45389 0.000026
45390 0.000009
45391 0.000016
45392 0.000004
45393 0.000017
45394 0.000015
45395 0.000023
45396 0.000023
45397 0.000011
45398 0.000024
45399 0.000013
45400 0.000021
45401 0.000015
45402 0.000024
45403 0.000029
45404 0.000007
45405 0.000010
45406 0.000021
45407 0.000014
45408 0.000009
45409 0.000025
45410 0.000025
45411 0.000028
45412 0.000024
45413 0.000027
45414 0.000011
45415 0.000030
45416 0.000007
45417 0.000009
45418 0.000007
45419 0.000004
45420 0.000008
45421 0.000015
45422 0.000012
45423 0.000028
45424 0.000022
45425 0.000015
45426 0.000008
45427 0.000055
45428 0.000061
45429 0.000018
45430 0.000045
45431 0.000034
45432 0.000023
45433 0.000009
45434 0.000025
45435 0.000004
45436 0.000043
45437 0.000034
45438 0.000014
45439 0.000009
45440 0.000004
45441 0.000015
45442 0.000029
45443 0.000011
45444 0.000032
45445 0.000014
45446 0.000011
45447 0.000055
45448 0.000012
45449 0.000010
45450 0.000007
45451 0.000023
45452 0.000047
45453 0.000015
45454 0.000006
45455 0.000042
45456 0.000041
45457 0.000021
45458 0.000009
45459 0.000031
45460 0.000022
45461 0.000036
45462 0.000011
45463 0.000010
45464 0.000006
45465 0.000048
45466 0.000020
45467 0.000038
45468 0.000032
45469 0.000025
45470 0.000008
45471 0.000024
45472 0.000008
45473 0.000024
45474 0.000018
45475 0.000075
45476 0.000074
45477 0.000017
45478 0.000031
45479 0.000020
45480 0.000032
45481 0.000009
45482 0.000014
45483 0.000012
45484 0.000038
45485 0.000033
45486 0.000020
45487 0.000036
45488 0.000010
45489 0.000023
45490 0.000021
45491 0.000044
45492 0.000015
45493 0.000008
45494 0.000006
45495 0.000016
45496 0.000004
45497 0.000019
45498 0.000015
45499 0.000016
45500 0.000007
45501 0.000014
45502 0.000007
45503 0.000012
45504 0.000049
45505 0.000031
45506 0.000016
45507 0.000010
45508 0.000043
45509 0.000021
45510 0.000009
45511 0.000034
45512 0.000013
45513 0.000027
45514 0.000029
45515 0.000020
45516 0.000008
45517 0.000023
45518 0.000016
45519 0.000010
45520 0.000021
45521 0.000022
45522 0.000053
45523 0.000031
45524 0.000004
45525 0.000017
45526 0.000013
45527 0.000023
45528 0.000015
45529 0.000054
45530 0.000007
45531 0.000012
45532 0.000047
45533 0.000015
45534 0.000008
45535 0.000012
45536 0.000015
45537 0.000040
45538 0.000018
45539 0.000012
45540 0.000004
45541 0.000026
45542 0.000026
45543 0.000018
45544 0.000012
45545 0.000020
45546 0.000022
45547 0.000010
45548 0.000041
45549 0.000023
45550 0.000033
45551 0.000047
45552 0.000031
45553 0.000038
45554 0.000012
45555 0.000012
45556 0.000014
45557 0.000046
45558 0.000005
45559 0.000035
45560 0.000025
45561 0.000035
45562 0.000006
45563 0.000049
45564 0.000038
45565 0.000017
45566 0.000037
45567 0.000004
45568 0.000011
45569 0.000021
45570 0.000011
45571 0.000010
45572 0.000017
45573 0.000035
45574 0.000026
45575 0.000005
45576 0.000015
45577 0.000039
45578 0.000010
45579 0.000032
45580 0.000028
45581 0.000024
45582 0.000009
45583 0.000014
45584 0.000021
45585 0.000006
45586 0.000021
45587 0.000014
45588 0.000034
45589 0.000007
45590 0.000007
45591 0.000012
45592 0.000019
45593 0.000017
45594 0.000004
45595 0.000040
45596 0.000004
45597 0.000029
45598 0.000005
45599 0.000022
45600 0.000014
45601 0.000028
45602 0.000012
45603 0.000010
45604 0.000032
45605 0.000020
45606 0.000013
45607 0.000013
45608 0.000029
45609 0.000015
45610 0.000021
45611 0.000022
45612 0.000023
45613 0.000009
45614 0.000017
45615 0.000036
45616 0.000015
45617 0.000028
45618 0.000006
45619 0.000024
45620 0.000039
45621 0.000046
45622 0.000006
45623 0.000009
45624 0.000020
45625 0.000020
45626 0.000043
45627 0.000010
45628 0.000013
45629 0.000038
45630 0.000011
45631 0.000023
45632 0.000024
45633 0.000034
45634 0.000011
45635 0.000028
45636 0.000014
45637 0.000045
45638 0.000028
45639 0.000004
45640 0.000016
45641 0.000022
45642 0.000014
45643 0.000021
45644 0.000029
45645 0.000028
45646 0.000025
45647 0.000034
45648 0.000018
45649 0.000011
45650 0.000014
45651 0.000034
45652 0.000014
45653 0.000028
45654 0.000025
45655 0.000017
45656 0.000012
45657 0.000040
45658 0.000028
45659 0.000042
45660 0.000031
45661 0.000029
45662 0.000040
45663 0.000012
45664 0.000007
45665 0.000032
45666 0.000011
45667 0.000017
45668 0.000036
45669 0.000037
45670 0.000019
45671 0.000011
45672 0.000024
45673 0.000029
45674 0.000013
45675 0.000024
45676 0.000026
45677 0.000054
45678 0.000029
45679 0.000017
45680 0.000028
45681 0.000026
45682 0.000011
45683 0.000010
45684 0.000015
45685 0.000029
45686 0.000008
45687 0.000018
45688 0.000024
45689 0.000004
45690 0.000052
45691 0.000052
45692 0.000038
45693 0.000005
45694 0.000007
45695 0.000012
45696 0.000007
45697 0.000019
45698 0.000013
45699 0.000009
45700 0.000017
45701 0.000043
45702 0.000020
45703 0.000024
45704 0.000010
45705 0.000010
45706 0.000016
45707 0.000016
45708 0.000006
45709 0.000006
45710 0.000004
45711 0.000013
45712 0.000019
45713 0.000022
45714 0.000009
45715 0.000008
45716 0.000016
45717 0.000012
45718 0.000004
45719 0.000053
45720 0.000023
45721 0.000014
45722 0.000020
45723 0.000008
45724 0.000004
45725 0.000024
45726 0.000055
45727 0.000014
45728 0.000037
45729 0.000012
45730 0.000060
45731 0.000018
45732 0.000013
45733 0.000005
45734 0.000009
45735 0.000017
45736 0.000016
45737 0.000036
45738 0.000018
45739 0.000005
45740 0.000013
45741 0.000057
45742 0.000020
45743 0.000011
45744 0.000027
45745 0.000043
45746 0.000011
45747 0.000022
45748 0.000009
45749 0.000014
45750 0.000011
45751 0.000019
45752 0.000031
45753 0.000026
45754 0.000023
45755 0.000015
45756 0.000007
45757 0.000007
45758 0.000041
45759 0.000013
45760 0.000014
45761 0.000050
45762 0.000031
45763 0.000024
45764 0.000015
45765 0.000039
45766 0.000007
45767 0.000024
45768 0.000019
45769 0.000004
45770 0.000016
45771 0.000004
45772 0.000025
45773 0.000035
45774 0.000022
45775 0.000009
45776 0.000008
45777 0.000005
45778 0.000018
45779 0.000008
45780 0.000010
45781 0.000009
45782 0.000008
45783 0.000021
45784 0.000025
45785 0.000026
45786 0.000016
45787 0.000024
45788 0.000023
45789 0.000008
45790 0.000047
45791 0.000004
45792 0.000016
45793 0.000028
45794 0.000011
45795 0.000018
45796 0.000012
45797 0.000032
45798 0.000016
45799 0.000022
45800 0.000017
45801 0.000020
45802 0.000011
45803 0.000033
45804 0.000016
45805 0.000004
45806 0.000012
45807 0.000008
45808 0.000014
45809 0.000010
45810 0.000008
45811 0.000009
45812 0.000009
45813 0.000004
45814 0.000004
45815 0.000016
45816 0.000006
45817 0.000009
45818 0.000009
45819 0.000017
45820 0.000008
45821 0.000012
45822 0.000012
45823 0.000037
45824 0.000010
45825 0.000015
45826 0.000032
45827 0.000026
45828 0.000045
45829 0.000027
45830 0.000073
45831 0.000013
45832 0.000009
45833 0.000021
45834 0.000015
45835 0.000020
45836 0.000033
45837 0.000004
45838 0.000014
45839 0.000044
45840 0.000017
45841 0.000012
45842 0.000013
45843 0.000017
45844 0.000018
45845 0.000035
45846 0.000008
45847 0.000010
45848 0.000033
45849 0.000027
45850 0.000011
45851 0.000013
45852 0.000026
45853 0.000010
45854 0.000037
45855 0.000012
45856 0.000062
45857 0.000020
45858 0.000024
45859 0.000009
45860 0.000028
45861 0.000029
45862 0.000046
45863 0.000022
45864 0.000046
45865 0.000015
45866 0.000010
45867 0.000010
45868 0.000016
45869 0.000011
45870 0.000004
45871 0.000020
45872 0.000019
45873 0.000017
45874 0.000019
45875 0.000056
45876 0.000021
45877 0.000013
45878 0.000006
45879 0.000020
45880 0.000005
45881 0.000008
45882 0.000015
45883 0.000007
45884 0.000019
45885 0.000015
45886 0.000049
45887 0.000013
45888 0.000021
45889 0.000013
45890 0.000014
45891 0.000006
45892 0.000058
45893 0.000004
45894 0.000011
45895 0.000031
45896 0.000030
45897 0.000011
45898 0.000034
45899 0.000019
45900 0.000022
45901 0.000031
45902 0.000053
45903 0.000025
45904 0.000013
45905 0.000008
45906 0.000005
45907 0.000008
45908 0.000010
45909 0.000016
45910 0.000046
45911 0.000005
45912 0.000031
45913 0.000021
45914 0.000031
45915 0.000029
45916 0.000005
45917 0.000032
45918 0.000044
45919 0.000006
45920 0.000016
45921 0.000034
45922 0.000010
45923 0.000013
45924 0.000028
45925 0.000006
45926 0.000014
45927 0.000022
45928 0.000004
45929 0.000007
45930 0.000015
45931 0.000017
45932 0.000011
45933 0.000017
45934 0.000008
45935 0.000006
45936 0.000006
45937 0.000041
45938 0.000014
45939 0.000013
45940 0.000037
45941 0.000024
45942 0.000005
45943 0.000021
45944 0.000028
45945 0.000025
45946 0.000006
45947 0.000029
45948 0.000012
45949 0.000030
45950 0.000008
45951 0.000007
45952 0.000009
45953 0.000004
45954 0.000048
45955 0.000041
45956 0.000004
45957 0.000011
45958 0.000034
45959 0.000027
45960 0.000014
45961 0.000021
45962 0.000046
45963 0.000019
45964 0.000004
45965 0.000019
45966 0.000023
45967 0.000009
45968 0.000007
45969 0.000013
45970 0.000023
45971 0.000021
45972 0.000013
45973 0.000013
45974 0.000031
45975 0.000004
45976 0.000009
45977 0.000021
45978 0.000008
45979 0.000022
45980 0.000007
45981 0.000028
45982 0.000025
45983 0.000009
45984 0.000014
45985 0.000022
45986 0.000027
45987 0.000049
45988 0.000017
45989 0.000035
45990 0.000006
45991 0.000025
45992 0.000020
45993 0.000039
45994 0.000061
45995 0.000042
45996 0.000004
45997 0.000010
45998 0.000025
45999 0.000008
46000 0.000047
46001 0.000011
46002 0.000016
46003 0.000012
46004 0.000015
46005 0.000008
46006 0.000006
46007 0.000004
46008 0.000011
46009 0.000006
46010 0.000052
46011 0.000004
46012 0.000046
46013 0.000004
46014 0.000004
46015 0.000023
46016 0.000029
46017 0.000040
46018 0.000028
46019 0.000013
46020 0.000019
46021 0.000013
46022 0.000013
46023 0.000016
46024 0.000015
46025 0.000019
46026 0.000009
46027 0.000035
46028 0.000011
46029 0.000006
46030 0.000017
46031 0.000053
46032 0.000025
46033 0.000029
46034 0.000021
46035 0.000046
46036 0.000024
46037 0.000012
46038 0.000034
46039 0.000013
46040 0.000004
46041 0.000012
46042 0.000005
46043 0.000004
46044 0.000016
46045 0.000032
46046 0.000019
46047 0.000014
46048 0.000020
46049 0.000005
46050 0.000022
46051 0.000015
46052 0.000018
46053 0.000025
46054 0.000010
46055 0.000018
46056 0.000039
46057 0.000005
46058 0.000010
46059 0.000018
46060 0.000018
46061 0.000028
46062 0.000042
46063 0.000020
46064 0.000024
46065 0.000010
46066 0.000020
46067 0.000008
46068 0.000061
46069 0.000021
46070 0.000016
46071 0.000009
46072 0.000011
46073 0.000016
46074 0.000007
46075 0.000011
46076 0.000013
46077 0.000027
46078 0.000008
46079 0.000033
46080 0.000012
46081 0.000008
46082 0.000017
46083 0.000012
46084 0.000013
46085 0.000011
46086 0.000014
46087 0.000019
46088 0.000015
46089 0.000013
46090 0.000044
46091 0.000027
46092 0.000028
46093 0.000010
46094 0.000004
46095 0.000023
46096 0.000004
46097 0.000004
46098 0.000042
46099 0.000023
46100 0.000010
46101 0.000028
46102 0.000026
46103 0.000013
46104 0.000023
46105 0.000018
46106 0.000014
46107 0.000026
46108 0.000015
46109 0.000005
46110 0.000023
46111 0.000039
46112 0.000020
46113 0.000037
46114 0.000039
46115 0.000028
46116 0.000034
46117 0.000021
46118 0.000014
46119 0.000014
46120 0.000005
46121 0.000027
46122 0.000016
46123 0.000048
46124 0.000008
46125 0.000004
46126 0.000036
46127 0.000011
46128 0.000043
46129 0.000014
46130 0.000022
46131 0.000004
46132 0.000014
46133 0.000014
46134 0.000018
46135 0.000027
46136 0.000032
46137 0.000034
46138 0.000009
46139 0.000014
46140 0.000026
46141 0.000036
46142 0.000021
46143 0.000013
46144 0.000005
46145 0.000031
46146 0.000027
46147 0.000023
46148 0.000004
46149 0.000036
46150 0.000018
46151 0.000015
46152 0.000030
46153 0.000009
46154 0.000032
46155 0.000007
46156 0.000009
46157 0.000044
46158 0.000024
46159 0.000014
46160 0.000013
46161 0.000022
46162 0.000006
46163 0.000020
46164 0.000032
46165 0.000019
46166 0.000015
46167 0.000009
46168 0.000039
46169 0.000009
46170 0.000005
46171 0.000013
46172 0.000008
46173 0.000013
46174 0.000013
46175 0.000025
46176 0.000017
46177 0.000013
46178 0.000014
46179 0.000019
46180 0.000046
46181 0.000008
46182 0.000017
46183 0.000024
46184 0.000026
46185 0.000018
46186 0.000026
46187 0.000005
46188 0.000037
46189 0.000030
46190 0.000035
46191 0.000024
46192 0.000018
46193 0.000013
46194 0.000007
46195 0.000013
46196 0.000024
46197 0.000013
46198 0.000023
46199 0.000032
46200 0.000015
46201 0.000012
46202 0.000026
46203 0.000004
46204 0.000016
46205 0.000024
46206 0.000008
46207 0.000011
46208 0.000016
46209 0.000006
46210 0.000017
46211 0.000011
46212 0.000010
46213 0.000019
46214 0.000019
46215 0.000035
46216 0.000004
46217 0.000016
46218 0.000008
46219 0.000009
46220 0.000007
46221 0.000018
46222 0.000023
46223 0.000007
46224 0.000011
46225 0.000018
46226 0.000016
46227 0.000004
46228 0.000021
46229 0.000024
46230 0.000004
46231 0.000014
46232 0.000027
46233 0.000019
46234 0.000030
46235 0.000027
46236 0.000036
46237 0.000015
46238 0.000013
46239 0.000009
46240 0.000016
46241 0.000014
46242 0.000030
46243 0.000007
46244 0.000025
46245 0.000027
46246 0.000035
46247 0.000023
46248 0.000013
46249 0.000055
46250 0.000019
46251 0.000004
46252 0.000044
46253 0.000010
46254 0.000013
46255 0.000006
46256 0.000035
46257 0.000004
46258 0.000041
46259 0.000021
46260 0.000004
46261 0.000007
46262 0.000016
46263 0.000006
46264 0.000017
46265 0.000014
46266 0.000007
46267 0.000041
46268 0.000011
46269 0.000010
46270 0.000024
46271 0.000004
46272 0.000039
46273 0.000010
46274 0.000023
46275 0.000014
46276 0.000020
46277 0.000029
46278 0.000010
46279 0.000020
46280 0.000022
46281 0.000013
46282 0.000018
46283 0.000018
46284 0.000016
46285 0.000006
46286 0.000015
46287 0.000019
46288 0.000050
46289 0.000035
46290 0.000012
46291 0.000010
46292 0.000008
46293 0.000015
46294 0.000021
46295 0.000004
46296 0.000006
46297 0.000029
46298 0.000011
46299 0.000042
46300 0.000050
46301 0.000012
46302 0.000013
46303 0.000010
46304 0.000023
46305 0.000033
46306 0.000004
46307 0.000010
46308 0.000025
46309 0.000013
46310 0.000006
46311 0.000017
46312 0.000022
46313 0.000018
46314 0.000019
46315 0.000006
46316 0.000039
46317 0.000007
46318 0.000005
46319 0.000016
46320 0.000021
46321 0.000032
46322 0.000007
46323 0.000025
46324 0.000027
46325 0.000016
46326 0.000016
46327 0.000026
46328 0.000018
46329 0.000007
46330 0.000010
46331 0.000009
46332 0.000011
46333 0.000008
46334 0.000024
46335 0.000010
46336 0.000008
46337 0.000009
46338 0.000018
46339 0.000016
46340 0.000004
46341 0.000011
46342 0.000014
46343 0.000005
46344 0.000027
46345 0.000010
46346 0.000022
46347 0.000049
46348 0.000018
46349 0.000006
46350 0.000014
46351 0.000016
46352 0.000017
46353 0.000012
46354 0.000042
46355 0.000007
46356 0.000029
46357 0.000025
46358 0.000011
46359 0.000011
46360 0.000021
46361 0.000008
46362 0.000007
46363 0.000018
46364 0.000024
46365 0.000032
46366 0.000026
46367 0.000011
46368 0.000012
46369 0.000025
46370 0.000021
46371 0.000028
46372 0.000012
46373 0.000044
46374 0.000029
46375 0.000019
46376 0.000034
46377 0.000007
46378 0.000008
46379 0.000016
46380 0.000010
46381 0.000034
46382 0.000015
46383 0.000038
46384 0.000016
46385 0.000024
46386 0.000011
46387 0.000008
46388 0.000017
46389 0.000017
46390 0.000030
46391 0.000007
46392 0.000013
46393 0.000014
46394 0.000020
46395 0.000011
46396 0.000016
46397 0.000013
46398 0.000024
46399 0.000023
46400 0.000035
46401 0.000015
46402 0.000043
46403 0.000041
46404 0.000012
46405 0.000004
46406 0.000014
46407 0.000004
46408 0.000006
46409 0.000004
46410 0.000034
46411 0.000031
46412 0.000048
46413 0.000009
46414 0.000054
46415 0.000015
46416 0.000031
46417 0.000011
46418 0.000030
46419 0.000017
46420 0.000010
46421 0.000007
46422 0.000025
46423 0.000051
46424 0.000012
46425 0.000034
46426 0.000016
46427 0.000029
46428 0.000004
46429 0.000025
46430 0.000035
46431 0.000015
46432 0.000021
46433 0.000005
46434 0.000014
46435 0.000007
46436 0.000023
46437 0.000015
46438 0.000021
46439 0.000025
46440 0.000023
46441 0.000004
46442 0.000006
46443 0.000025
46444 0.000014
46445 0.000045
46446 0.000014
46447 0.000006
46448 0.000039
46449 0.000018
46450 0.000020
46451 0.000010
46452 0.000022
46453 0.000036
46454 0.000015
46455 0.000016
46456 0.000014
46457 0.000018
46458 0.000030
46459 0.000030
46460 0.000022
46461 0.000004
46462 0.000015
46463 0.000004
46464 0.000007
46465 0.000015
46466 0.000026
46467 0.000013
46468 0.000026
46469 0.000010
46470 0.000020
46471 0.000009
46472 0.000023
46473 0.000004
46474 0.000043
46475 0.000017
46476 0.000005
46477 0.000016
46478 0.000016
46479 0.000007
46480 0.000024
46481 0.000009
46482 0.000022
46483 0.000006
46484 0.000011
46485 0.000021
46486 0.000008
46487 0.000018
46488 0.000025
46489 0.000047
46490 0.000023
46491 0.000021
46492 0.000024
46493 0.000027
46494 0.000004
46495 0.000026
46496 0.000021
46497 0.000012
46498 0.000017
46499 0.000011
46500 0.000064
46501 0.000010
46502 0.000004
46503 0.000027
46504 0.000038
46505 0.000036
46506 0.000019
46507 0.000005
46508 0.000013
46509 0.000051
46510 0.000006
46511 0.000011
46512 0.000017
46513 0.000018
46514 0.000021
46515 0.000021
46516 0.000010
46517 0.000018
46518 0.000019
46519 0.000015
46520 0.000051
46521 0.000011
46522 0.000019
46523 0.000011
46524 0.000009
46525 0.000014
46526 0.000012
46527 0.000004
46528 0.000016
46529 0.000060
46530 0.000027
46531 0.000013
46532 0.000022
46533 0.000005
46534 0.000015
46535 0.000017
46536 0.000010
46537 0.000017
46538 0.000015
46539 0.000015
46540 0.000021
46541 0.000025
46542 0.000004
46543 0.000016
46544 0.000027
46545 0.000010
46546 0.000014
46547 0.000007
46548 0.000018
46549 0.000006
46550 0.000005
46551 0.000021
46552 0.000023
46553 0.000026
46554 0.000011
46555 0.000023
46556 0.000017
46557 0.000023
46558 0.000020
46559 0.000055
46560 0.000014
46561 0.000019
46562 0.000049
46563 0.000012
46564 0.000013
46565 0.000028
46566 0.000013
46567 0.000018
46568 0.000010
46569 0.000038
46570 0.000012
46571 0.000023
46572 0.000004
46573 0.000012
46574 0.000043
46575 0.000029
46576 0.000014
46577 0.000027
46578 0.000016
46579 0.000024
46580 0.000009
46581 0.000049
46582 0.000015
46583 0.000021
46584 0.000037
46585 0.000006
46586 0.000011
46587 0.000009
46588 0.000006
46589 0.000004
46590 0.000019
46591 0.000012
46592 0.000024
46593 0.000012
46594 0.000011
46595 0.000086
46596 0.000004
46597 0.000006
46598 0.000008
46599 0.000016
46600 0.000034
46601 0.000009
46602 0.000026
46603 0.000020
46604 0.000035
46605 0.000021
46606 0.000033
46607 0.000004
46608 0.000031
46609 0.000027
46610 0.000030
46611 0.000011
46612 0.000016
46613 0.000018
46614 0.000006
46615 0.000008
46616 0.000034
46617 0.000027
46618 0.000021
46619 0.000015
46620 0.000013
46621 0.000010
46622 0.000018
46623 0.000029
46624 0.000064
46625 0.000047
46626 0.000023
46627 0.000045
46628 0.000009
46629 0.000009
46630 0.000015
46631 0.000009
46632 0.000021
46633 0.000037
46634 0.000008
46635 0.000033
46636 0.000018
46637 0.000017
46638 0.000029
46639 0.000020
46640 0.000076
46641 0.000054
46642 0.000012
46643 0.000022
46644 0.000007
46645 0.000025
46646 0.000023
46647 0.000019
46648 0.000022
46649 0.000049
46650 0.000039
46651 0.000037
46652 0.000021
46653 0.000045
46654 0.000029
46655 0.000017
46656 0.000036
46657 0.000025
46658 0.000012
46659 0.000004
46660 0.000020
46661 0.000037
46662 0.000029
46663 0.000009
46664 0.000013
46665 0.000024
46666 0.000014
46667 0.000017
46668 0.000016
46669 0.000014
46670 0.000016
46671 0.000013
46672 0.000008
46673 0.000020
46674 0.000015
46675 0.000023
46676 0.000014
46677 0.000005
46678 0.000017
46679 0.000008
46680 0.000017
46681 0.000032
46682 0.000004
46683 0.000042
46684 0.000009
46685 0.000043
46686 0.000007
46687 0.000012
46688 0.000013
46689 0.000043
46690 0.000012
46691 0.000031
46692 0.000015
46693 0.000038
46694 0.000016
46695 0.000033
46696 0.000016
46697 0.000017
46698 0.000021
46699 0.000025
46700 0.000012
46701 0.000011
46702 0.000022
46703 0.000022
46704 0.000012
46705 0.000024
46706 0.000005
46707 0.000035
46708 0.000007
46709 0.000009
46710 0.000004
46711 0.000020
46712 0.000004
46713 0.000021
46714 0.000010
46715 0.000057
46716 0.000017
46717 0.000028
46718 0.000011
46719 0.000043
46720 0.000008
46721 0.000017
46722 0.000008
46723 0.000029
46724 0.000009
46725 0.000016
46726 0.000010
46727 0.000010
46728 0.000052
46729 0.000005
46730 0.000016
46731 0.000018
46732 0.000019
46733 0.000010
46734 0.000010
46735 0.000026
46736 0.000004
46737 0.000024
46738 0.000029
46739 0.000047
46740 0.000045
46741 0.000019
46742 0.000014
46743 0.000021
46744 0.000028
46745 0.000015
46746 0.000015
46747 0.000014
46748 0.000007
46749 0.000034
46750 0.000004
46751 0.000035
46752 0.000018
46753 0.000043
46754 0.000014
46755 0.000004
46756 0.000031
46757 0.000030
46758 0.000054
46759 0.000011
46760 0.000042
46761 0.000029
46762 0.000004
46763 0.000005
46764 0.000010
46765 0.000008
46766 0.000017
46767 0.000007
46768 0.000034
46769 0.000017
46770 0.000022
46771 0.000006
46772 0.000023
46773 0.000036
46774 0.000019
46775 0.000014
46776 0.000016
46777 0.000026
46778 0.000018
46779 0.000033
46780 0.000008
46781 0.000009
46782 0.000015
46783 0.000017
46784 0.000008
46785 0.000023
46786 0.000008
46787 0.000013
46788 0.000018
46789 0.000011
46790 0.000010
46791 0.000035
46792 0.000015
46793 0.000027
46794 0.000033
46795 0.000020
46796 0.000013
46797 0.000024
46798 0.000004
46799 0.000009
46800 0.000018
46801 0.000020
46802 0.000029
46803 0.000033
46804 0.000004
46805 0.000013
46806 0.000033
46807 0.000013
46808 0.000020
46809 0.000032
46810 0.000045
46811 0.000020
46812 0.000028
46813 0.000005
46814 0.000012
46815 0.000017
46816 0.000007
46817 0.000032
46818 0.000012
46819 0.000009
46820 0.000021
46821 0.000024
46822 0.000014
46823 0.000013
46824 0.000030
46825 0.000024
46826 0.000013
46827 0.000014
46828 0.000038
46829 0.000020
46830 0.000005
46831 0.000022
46832 0.000004
46833 0.000020
46834 0.000012
46835 0.000031
46836 0.000018
46837 0.000018
46838 0.000024
46839 0.000013
46840 0.000029
46841 0.000095
46842 0.000021
46843 0.000011
46844 0.000007
46845 0.000020
46846 0.000006
46847 0.000010
46848 0.000010
46849 0.000006
46850 0.000006
46851 0.000012
46852 0.000038
46853 0.000014
46854 0.000009
46855 0.000025
46856 0.000019
46857 0.000006
46858 0.000006
46859 0.000012
46860 0.000010
46861 0.000004
46862 0.000019
46863 0.000052
46864 0.000015
46865 0.000007
46866 0.000028
46867 0.000005
46868 0.000030
46869 0.000010
46870 0.000040
46871 0.000026
46872 0.000037
46873 0.000004
46874 0.000025
46875 0.000036
46876 0.000031
46877 0.000033
46878 0.000018
46879 0.000034
46880 0.000008
46881 0.000015
46882 0.000022
46883 0.000009
46884 0.000044
46885 0.000008
46886 0.000021
46887 0.000012
46888 0.000014
46889 0.000009
46890 0.000032
46891 0.000016
46892 0.000008
46893 0.000014
46894 0.000010
46895 0.000006
46896 0.000016
46897 0.000010
46898 0.000020
46899 0.000022
46900 0.000023
46901 0.000004
46902 0.000041
46903 0.000013
46904 0.000015
46905 0.000024
46906 0.000004
46907 0.000025
46908 0.000018
46909 0.000024
46910 0.000035
46911 0.000023
46912 0.000013
46913 0.000019
46914 0.000049
46915 0.000025
46916 0.000020
46917 0.000022
46918 0.000037
46919 0.000004
46920 0.000021
46921 0.000021
46922 0.000018
46923 0.000034
46924 0.000026
46925 0.000018
46926 0.000059
46927 0.000006
46928 0.000032
46929 0.000010
46930 0.000028
46931 0.000016
46932 0.000042
46933 0.000017
46934 0.000009
46935 0.000015
46936 0.000021
46937 0.000007
46938 0.000017
46939 0.000004
46940 0.000009
46941 0.000021
46942 0.000008
46943 0.000013
46944 0.000015
46945 0.000023
46946 0.000010
46947 0.000031
46948 0.000018
46949 0.000013
46950 0.000007
46951 0.000014
46952 0.000015
46953 0.000027
46954 0.000006
46955 0.000015
46956 0.000013
46957 0.000022
46958 0.000008
46959 0.000007
46960 0.000009
46961 0.000020
46962 0.000013
46963 0.000031
46964 0.000010
46965 0.000005
46966 0.000009
46967 0.000015
46968 0.000010
46969 0.000031
46970 0.000017
46971 0.000007
46972 0.000019
46973 0.000018
46974 0.000060
46975 0.000040
46976 0.000028
46977 0.000011
46978 0.000013
46979 0.000014
46980 0.000014
46981 0.000023
46982 0.000025
46983 0.000012
46984 0.000041
46985 0.000013
46986 0.000047
46987 0.000017
46988 0.000041
46989 0.000029
46990 0.000016
46991 0.000027
46992 0.000035
46993 0.000019
46994 0.000054
46995 0.000034
46996 0.000014
46997 0.000023
46998 0.000014
46999 0.000011
47000 0.000011
47001 0.000012
47002 0.000020
47003 0.000004
47004 0.000024
47005 0.000010
47006 0.000018
47007 0.000011
47008 0.000040
47009 0.000014
47010 0.000041
47011 0.000028
47012 0.000035
47013 0.000019
47014 0.000022
47015 0.000013
47016 0.000011
47017 0.000018
47018 0.000025
47019 0.000047
47020 0.000014
47021 0.000016
47022 0.000022
47023 0.000031
47024 0.000005
47025 0.000007
47026 0.000017
47027 0.000030
47028 0.000033
47029 0.000015
47030 0.000019
47031 0.000011
47032 0.000027
47033 0.000032
47034 0.000025
47035 0.000014
47036 0.000025
47037 0.000012
47038 0.000012
47039 0.000012
47040 0.000014
47041 0.000012
47042 0.000028
47043 0.000024
47044 0.000025
47045 0.000014
47046 0.000026
47047 0.000016
47048 0.000008
47049 0.000017
47050 0.000014
47051 0.000020
47052 0.000007
47053 0.000011
47054 0.000013
47055 0.000008
47056 0.000023
47057 0.000006
47058 0.000012
47059 0.000019
47060 0.000018
47061 0.000014
47062 0.000009
47063 0.000022
47064 0.000008
47065 0.000012
47066 0.000018
47067 0.000014
47068 0.000009
47069 0.000008
47070 0.000006
47071 0.000023
47072 0.000020
47073 0.000024
47074 0.000010
47075 0.000011
47076 0.000052
47077 0.000004
47078 0.000015
47079 0.000016
47080 0.000004
47081 0.000040
47082 0.000012
47083 0.000026
47084 0.000021
47085 0.000022
47086 0.000053
47087 0.000021
47088 0.000019
47089 0.000036
47090 0.000032
47091 0.000008
47092 0.000006
47093 0.000017
47094 0.000010
47095 0.000027
47096 0.000037
47097 0.000019
47098 0.000008
47099 0.000021
47100 0.000007
47101 0.000004
47102 0.000038
47103 0.000010
47104 0.000012
47105 0.000029
47106 0.000018
47107 0.000019
47108 0.000023
47109 0.000013
47110 0.000005
47111 0.000012
47112 0.000010
47113 0.000018
47114 0.000009
47115 0.000015
47116 0.000004
47117 0.000006
47118 0.000028
47119 0.000015
47120 0.000015
47121 0.000011
47122 0.000015
47123 0.000009
47124 0.000010
47125 0.000030
47126 0.000045
47127 0.000018
47128 0.000031
47129 0.000033
47130 0.000028
47131 0.000023
47132 0.000039
47133 0.000006
47134 0.000014
47135 0.000019
47136 0.000015
47137 0.000016
47138 0.000032
47139 0.000015
47140 0.000019
47141 0.000017
47142 0.000008
47143 0.000011
47144 0.000008
47145 0.000008
47146 0.000023
47147 0.000054
47148 0.000020
47149 0.000044
47150 0.000016
47151 0.000020
47152 0.000006
47153 0.000044
47154 0.000009
47155 0.000026
47156 0.000019
47157 0.000004
47158 0.000058
47159 0.000011
47160 0.000009
47161 0.000004
47162 0.000019
47163 0.000022
47164 0.000016
47165 0.000008
47166 0.000010
47167 0.000023
47168 0.000007
47169 0.000012
47170 0.000016
47171 0.000013
47172 0.000019
47173 0.000037
47174 0.000029
47175 0.000025
47176 0.000007
47177 0.000017
47178 0.000014
47179 0.000017
47180 0.000023
47181 0.000021
47182 0.000018
47183 0.000015
47184 0.000039
47185 0.000009
47186 0.000024
47187 0.000056
47188 0.000040
47189 0.000004
47190 0.000018
47191 0.000034
47192 0.000032
47193 0.000004
47194 0.000023
47195 0.000025
47196 0.000023
47197 0.000004
47198 0.000010
47199 0.000023
47200 0.000007
47201 0.000020
47202 0.000005
47203 0.000017
47204 0.000021
47205 0.000015
47206 0.000009
47207 0.000009
47208 0.000034
47209 0.000004
47210 0.000031
47211 0.000004
47212 0.000008
47213 0.000011
47214 0.000035
47215 0.000008
47216 0.000009
47217 0.000014
47218 0.000012
47219 0.000016
47220 0.000022
47221 0.000028
47222 0.000008
47223 0.000037
47224 0.000040
47225 0.000023
47226 0.000004
47227 0.000005
47228 0.000029
47229 0.000013
47230 0.000026
47231 0.000011
47232 0.000004
47233 0.000008
47234 0.000020
47235 0.000010
47236 0.000023
47237 0.000007
47238 0.000005
47239 0.000048
47240 0.000011
47241 0.000055
47242 0.000009
47243 0.000021
47244 0.000013
47245 0.000026
47246 0.000038
47247 0.000020
47248 0.000007
47249 0.000011
47250 0.000033
47251 0.000055
47252 0.000049
47253 0.000022
47254 0.000018
47255 0.000027
47256 0.000006
47257 0.000006
47258 0.000042
47259 0.000010
47260 0.000009
47261 0.000022
47262 0.000013
47263 0.000031
47264 0.000006
47265 0.000058
47266 0.000017
47267 0.000010
47268 0.000050
47269 0.000004
47270 0.000034
47271 0.000036
47272 0.000013
47273 0.000042
47274 0.000046
47275 0.000035
47276 0.000019
47277 0.000011
47278 0.000010
47279 0.000038
47280 0.000020
47281 0.000012
47282 0.000028
47283 0.000030
47284 0.000012
47285 0.000020
47286 0.000010
47287 0.000026
47288 0.000011
47289 0.000015
47290 0.000020
47291 0.000004
47292 0.000022
47293 0.000021
47294 0.000019
47295 0.000010
47296 0.000015
47297 0.000027
47298 0.000010
47299 0.000013
47300 0.000006
47301 0.000009
47302 0.000032
47303 0.000010
47304 0.000027
47305 0.000012
47306 0.000009
47307 0.000007
47308 0.000056
47309 0.000005
47310 0.000033
47311 0.000004
47312 0.000025
47313 0.000009
47314 0.000008
47315 0.000007
47316 0.000006
47317 0.000015
47318 0.000030
47319 0.000023
47320 0.000031
47321 0.000004
47322 0.000022
47323 0.000011
47324 0.000004
47325 0.000038
47326 0.000011
47327 0.000014
47328 0.000012
47329 0.000014
47330 0.000040
47331 0.000010
47332 0.000058
47333 0.000044
47334 0.000021
47335 0.000017
47336 0.000041
47337 0.000034
47338 0.000026
47339 0.000021
47340 0.000023
47341 0.000018
47342 0.000015
47343 0.000021
47344 0.000032
47345 0.000036
47346 0.000018
47347 0.000012
47348 0.000043
47349 0.000024
47350 0.000008
47351 0.000006
47352 0.000012
47353 0.000016
47354 0.000011
47355 0.000022
47356 0.000007
47357 0.000010
47358 0.000007
47359 0.000024
47360 0.000012
47361 0.000022
47362 0.000042
47363 0.000013
47364 0.000032
47365 0.000010
47366 0.000022
47367 0.000014
47368 0.000020
47369 0.000018
47370 0.000016
47371 0.000004
47372 0.000004
47373 0.000019
47374 0.000023
47375 0.000032
47376 0.000057
47377 0.000006
47378 0.000044
47379 0.000027
47380 0.000019
47381 0.000009
47382 0.000016
47383 0.000006
47384 0.000006
47385 0.000008
47386 0.000028
47387 0.000013
47388 0.000015
47389 0.000008
47390 0.000028
47391 0.000004
47392 0.000024
47393 0.000018
47394 0.000025
47395 0.000020
47396 0.000028
47397 0.000066
47398 0.000004
47399 0.000019
47400 0.000004
47401 0.000015
47402 0.000013
47403 0.000007
47404 0.000041
47405 0.000074
47406 0.000015
47407 0.000011
47408 0.000007
47409 0.000018
47410 0.000013
47411 0.000016
47412 0.000023
47413 0.000028
47414 0.000017
47415 0.000006
47416 0.000011
47417 0.000011
47418 0.000007
47419 0.000041
47420 0.000007
47421 0.000011
47422 0.000009
47423 0.000013
47424 0.000022
47425 0.000021
47426 0.000010
47427 0.000004
47428 0.000025
47429 0.000008
47430 0.000010
47431 0.000029
47432 0.000066
47433 0.000026
47434 0.000051
47435 0.000004
47436 0.000045
47437 0.000042
47438 0.000009
47439 0.000040
47440 0.000006
47441 0.000034
47442 0.000017
47443 0.000026
47444 0.000008
47445 0.000020
47446 0.000023
47447 0.000026
47448 0.000010
47449 0.000021
47450 0.000012
47451 0.000009
47452 0.000029
47453 0.000006
47454 0.000029
47455 0.000024
47456 0.000014
47457 0.000014
47458 0.000026
47459 0.000026
47460 0.000022
47461 0.000015
47462 0.000032
47463 0.000023
47464 0.000031
47465 0.000024
47466 0.000012
47467 0.000022
47468 0.000034
47469 0.000021
47470 0.000007
47471 0.000038
47472 0.000015
47473 0.000050
47474 0.000045
47475 0.000019
47476 0.000018
47477 0.000009
47478 0.000006
47479 0.000009
47480 0.000029
47481 0.000014
47482 0.000014
47483 0.000008
47484 0.000025
47485 0.000016
47486 0.000051
47487 0.000018
47488 0.000017
47489 0.000005
47490 0.000025
47491 0.000017
47492 0.000009
47493 0.000021
47494 0.000035
47495 0.000011
47496 0.000015
47497 0.000018
47498 0.000011
47499 0.000010
47500 0.000018
47501 0.000004
47502 0.000032
47503 0.000011
47504 0.000012
47505 0.000026
47506 0.000021
47507 0.000011
47508 0.000009
47509 0.000024
47510 0.000004
47511 0.000025
47512 0.000008
47513 0.000014
47514 0.000012
47515 0.000017
47516 0.000033
47517 0.000009
47518 0.000005
47519 0.000028
47520 0.000020
47521 0.000016
47522 0.000004
47523 0.000012
47524 0.000012
47525 0.000019
47526 0.000008
47527 0.000016
47528 0.000024
47529 0.000017
47530 0.000024
47531 0.000011
47532 0.000010
47533 0.000029
47534 0.000025
47535 0.000011
47536 0.000027
47537 0.000008
47538 0.000050
47539 0.000023
47540 0.000012
47541 0.000016
47542 0.000004
47543 0.000004
47544 0.000017
47545 0.000053
47546 0.000011
47547 0.000013
47548 0.000005
47549 0.000027
47550 0.000010
47551 0.000009
47552 0.000016
47553 0.000029
47554 0.000048
47555 0.000004
47556 0.000006
47557 0.000026
47558 0.000035
47559 0.000005
47560 0.000009
47561 0.000034
47562 0.000024
47563 0.000026
47564 0.000004
47565 0.000012
47566 0.000008
47567 0.000007
47568 0.000020
47569 0.000010
47570 0.000040
47571 0.000020
47572 0.000027
47573 0.000009
47574 0.000021
47575 0.000014
47576 0.000014
47577 0.000016
47578 0.000031
47579 0.000006
47580 0.000038
47581 0.000041
47582 0.000013
47583 0.000032
47584 0.000024
47585 0.000014
47586 0.000012
47587 0.000006
47588 0.000022
47589 0.000014
47590 0.000035
47591 0.000027
47592 0.000031
47593 0.000011
47594 0.000024
47595 0.000012
47596 0.000005
47597 0.000039
47598 0.000028
47599 0.000038
47600 0.000016
47601 0.000033
47602 0.000032
47603 0.000005
47604 0.000017
47605 0.000029
47606 0.000016
47607 0.000041
47608 0.000017
47609 0.000034
47610 0.000013
47611 0.000018
47612 0.000026
47613 0.000023
47614 0.000016
47615 0.000042
47616 0.000004
47617 0.000019
47618 0.000025
47619 0.000025
47620 0.000015
47621 0.000032
47622 0.000007
47623 0.000024
47624 0.000031
47625 0.000020
47626 0.000024
47627 0.000014
47628 0.000017
47629 0.000023
47630 0.000010
47631 0.000008
47632 0.000019
47633 0.000016
47634 0.000069
47635 0.000016
47636 0.000027
47637 0.000033
47638 0.000021
47639 0.000022
47640 0.000055
47641 0.000020
47642 0.000041
47643 0.000023
47644 0.000030
47645 0.000011
47646 0.000010
47647 0.000012
47648 0.000053
47649 0.000022
47650 0.000030
47651 0.000033
47652 0.000005
47653 0.000004
47654 0.000016
47655 0.000031
47656 0.000007
47657 0.000008
47658 0.000012
47659 0.000016
47660 0.000040
47661 0.000039
47662 0.000017
47663 0.000018
47664 0.000024
47665 0.000005
47666 0.000005
47667 0.000042
47668 0.000031
47669 0.000037
47670 0.000013
47671 0.000036
47672 0.000025
47673 0.000016
47674 0.000007
47675 0.000034
47676 0.000019
47677 0.000022
47678 0.000006
47679 0.000005
47680 0.000007
47681 0.000008
47682 0.000015
47683 0.000018
47684 0.000013
47685 0.000019
47686 0.000009
47687 0.000033
47688 0.000034
47689 0.000008
47690 0.000008
47691 0.000004
47692 0.000015
47693 0.000028
47694 0.000028
47695 0.000011
47696 0.000012
47697 0.000009
47698 0.000015
47699 0.000040
47700 0.000027
47701 0.000011
47702 0.000067
47703 0.000029
47704 0.000017
47705 0.000046
47706 0.000019
47707 0.000012
47708 0.000022
47709 0.000014
47710 0.000046
47711 0.000009
47712 0.000019
47713 0.000017
47714 0.000014
47715 0.000010
47716 0.000026
47717 0.000021
47718 0.000026
47719 0.000053
47720 0.000021
47721 0.000005
47722 0.000025
47723 0.000013
47724 0.000029
47725 0.000025
47726 0.000018
47727 0.000040
47728 0.000006
47729 0.000036
47730 0.000032
47731 0.000015
47732 0.000017
47733 0.000028
47734 0.000028
47735 0.000019
47736 0.000013
47737 0.000008
47738 0.000010
47739 0.000018
47740 0.000019
47741 0.000004
47742 0.000025
47743 0.000011
47744 0.000015
47745 0.000027
47746 0.000027
47747 0.000026
47748 0.000023
47749 0.000008
47750 0.000010
47751 0.000015
47752 0.000028
47753 0.000019
47754 0.000032
47755 0.000015
47756 0.000022
47757 0.000007
47758 0.000023
47759 0.000033
47760 0.000005
47761 0.000018
47762 0.000023
47763 0.000017
47764 0.000028
47765 0.000035
47766 0.000012
47767 0.000011
47768 0.000022
47769 0.000053
47770 0.000011
47771 0.000020
47772 0.000039
47773 0.000013
47774 0.000017
47775 0.000024
47776 0.000006
47777 0.000025
47778 0.000009
47779 0.000010
47780 0.000040
47781 0.000013
47782 0.000013
47783 0.000013
47784 0.000021
47785 0.000036
47786 0.000013
47787 0.000021
47788 0.000015
47789 0.000013
47790 0.000023
47791 0.000013
47792 0.000026
47793 0.000040
47794 0.000022
47795 0.000021
47796 0.000031
47797 0.000021
47798 0.000008
47799 0.000031
47800 0.000031
47801 0.000010
47802 0.000022
47803 0.000004
47804 0.000021
47805 0.000021
47806 0.000020
47807 0.000010
47808 0.000007
47809 0.000011
47810 0.000008
47811 0.000013
47812 0.000027
47813 0.000022
47814 0.000012
47815 0.000015
47816 0.000012
47817 0.000012
47818 0.000024
47819 0.000012
47820 0.000020
47821 0.000011
47822 0.000013
47823 0.000021
47824 0.000018
47825 0.000025
47826 0.000007
47827 0.000012
47828 0.000018
47829 0.000013
47830 0.000018
47831 0.000018
47832 0.000006
47833 0.000009
47834 0.000028
47835 0.000029
47836 0.000017
47837 0.000017
47838 0.000017
47839 0.000043
47840 0.000039
47841 0.000012
47842 0.000018
47843 0.000004
47844 0.000032
47845 0.000022
47846 0.000008
47847 0.000040
47848 0.000033
47849 0.000023
47850 0.000005
47851 0.000033
47852 0.000018
47853 0.000009
47854 0.000020
47855 0.000005
47856 0.000012
47857 0.000010
47858 0.000024
47859 0.000028
47860 0.000010
47861 0.000015
47862 0.000008
47863 0.000032
47864 0.000008
47865 0.000029
47866 0.000016
47867 0.000004
47868 0.000025
47869 0.000004
47870 0.000009
47871 0.000029
47872 0.000047
47873 0.000022
47874 0.000016
47875 0.000005
47876 0.000016
47877 0.000032
47878 0.000007
47879 0.000035
47880 0.000026
47881 0.000025
47882 0.000020
47883 0.000012
47884 0.000020
47885 0.000027
47886 0.000004
47887 0.000032
47888 0.000026
47889 0.000011
47890 0.000006
47891 0.000011
47892 0.000019
47893 0.000027
47894 0.000023
47895 0.000031
47896 0.000013
47897 0.000004
47898 0.000009
47899 0.000022
47900 0.000008
47901 0.000009
47902 0.000049
47903 0.000022
47904 0.000014
47905 0.000018
47906 0.000020
47907 0.000022
47908 0.000060
47909 0.000026
47910 0.000004
47911 0.000024
47912 0.000020
47913 0.000004
47914 0.000014
47915 0.000031
47916 0.000030
47917 0.000029
47918 0.000007
47919 0.000027
47920 0.000044
47921 0.000012
47922 0.000011
47923 0.000039
47924 0.000007
47925 0.000022
47926 0.000025
47927 0.000010
47928 0.000004
47929 0.000021
47930 0.000019
47931 0.000009
47932 0.000038
47933 0.000009
47934 0.000016
47935 0.000014
47936 0.000033
47937 0.000044
47938 0.000012
47939 0.000020
47940 0.000031
47941 0.000018
47942 0.000004
47943 0.000023
47944 0.000044
47945 0.000012
47946 0.000013
47947 0.000023
47948 0.000011
47949 0.000029
47950 0.000015
47951 0.000011
47952 0.000028
47953 0.000021
47954 0.000028
47955 0.000022
47956 0.000014
47957 0.000012
47958 0.000024
47959 0.000022
47960 0.000018
47961 0.000029
47962 0.000029
47963 0.000007
47964 0.000024
47965 0.000023
47966 0.000014
47967 0.000025
47968 0.000015
47969 0.000018
47970 0.000011
47971 0.000068
47972 0.000043
47973 0.000009
47974 0.000023
47975 0.000013
47976 0.000007
47977 0.000018
47978 0.000018
47979 0.000012
47980 0.000019
47981 0.000014
47982 0.000015
47983 0.000013
47984 0.000009
47985 0.000012
47986 0.000030
47987 0.000007
47988 0.000026
47989 0.000016
47990 0.000015
47991 0.000013
47992 0.000006
47993 0.000029
47994 0.000026
47995 0.000019
47996 0.000004
47997 0.000034
47998 0.000036
47999 0.000004
48000 0.000009
48001 0.000018
48002 0.000011
48003 0.000004
48004 0.000034
48005 0.000036
48006 0.000024
48007 0.000011
48008 0.000022
48009 0.000011
48010 0.000022
48011 0.000006
48012 0.000008
48013 0.000004
48014 0.000024
48015 0.000023
48016 0.000010
48017 0.000027
48018 0.000034
48019 0.000039
48020 0.000011
48021 0.000022
48022 0.000016
48023 0.000006
48024 0.000018
48025 0.000012
48026 0.000008
48027 0.000014
48028 0.000014
48029 0.000009
48030 0.000030
48031 0.000006
48032 0.000011
48033 0.000015
48034 0.000009
48035 0.000012
48036 0.000029
48037 0.000010
48038 0.000007
48039 0.000021
48040 0.000028
48041 0.000010
48042 0.000026
48043 0.000023
48044 0.000008
48045 0.000027
48046 0.000011
48047 0.000033
48048 0.000042
48049 0.000025
48050 0.000033
48051 0.000019
48052 0.000012
48053 0.000018
48054 0.000011
48055 0.000052
48056 0.000004
48057 0.000010
48058 0.000012
48059 0.000034
48060 0.000044
48061 0.000030
48062 0.000030
48063 0.000013
48064 0.000014
48065 0.000011
48066 0.000039
48067 0.000018
48068 0.000038
48069 0.000036
48070 0.000019
48071 0.000013
48072 0.000009
48073 0.000010
48074 0.000029
48075 0.000016
48076 0.000029
48077 0.000021
48078 0.000017
48079 0.000034
48080 0.000009
48081 0.000032
48082 0.000029
48083 0.000033
48084 0.000025
48085 0.000016
48086 0.000027
48087 0.000016
48088 0.000021
48089 0.000011
48090 0.000034
48091 0.000005
48092 0.000005
48093 0.000017
48094 0.000011
48095 0.000027
48096 0.000004
48097 0.000014
48098 0.000009
48099 0.000031
48100 0.000015
48101 0.000034
48102 0.000020
48103 0.000015
48104 0.000066
48105 0.000005
48106 0.000011
48107 0.000027
48108 0.000025
48109 0.000015
48110 0.000039
48111 0.000016
48112 0.000011
48113 0.000038
48114 0.000051
48115 0.000022
48116 0.000027
48117 0.000019
48118 0.000014
48119 0.000004
48120 0.000022
48121 0.000012
48122 0.000017
48123 0.000007
48124 0.000010
48125 0.000011
48126 0.000007
48127 0.000018
48128 0.000025
48129 0.000015
48130 0.000021
48131 0.000028
48132 0.000005
48133 0.000011
48134 0.000040
48135 0.000010
48136 0.000020
48137 0.000021
48138 0.000059
48139 0.000017
48140 0.000004
48141 0.000004
48142 0.000038
48143 0.000021
48144 0.000017
48145 0.000026
48146 0.000004
48147 0.000012
48148 0.000010
48149 0.000011
48150 0.000010
48151 0.000008
48152 0.000004
48153 0.000022
48154 0.000015
48155 0.000043
48156 0.000026
48157 0.000014
48158 0.000010
48159 0.000019
48160 0.000038
48161 0.000018
48162 0.000010
48163 0.000033
48164 0.000018
48165 0.000043
48166 0.000007
48167 0.000018
48168 0.000006
48169 0.000007
48170 0.000012
48171 0.000006
48172 0.000017
48173 0.000030
48174 0.000005
48175 0.000006
48176 0.000009
48177 0.000034
48178 0.000014
48179 0.000035
48180 0.000067
48181 0.000015
48182 0.000016
48183 0.000021
48184 0.000014
48185 0.000013
48186 0.000028
48187 0.000016
48188 0.000006
48189 0.000010
48190 0.000017
48191 0.000016
48192 0.000067
48193 0.000024
48194 0.000028
48195 0.000046
48196 0.000020
48197 0.000019
48198 0.000036
48199 0.000031
48200 0.000006
48201 0.000011
48202 0.000036
48203 0.000004
48204 0.000009
48205 0.000016
48206 0.000021
48207 0.000004
48208 0.000010
48209 0.000025
48210 0.000011
48211 0.000014
48212 0.000011
48213 0.000022
48214 0.000004
48215 0.000007
48216 0.000011
48217 0.000029
48218 0.000040
48219 0.000018
48220 0.000027
48221 0.000008
48222 0.000052
48223 0.000009
48224 0.000029
48225 0.000009
48226 0.000030
48227 0.000015
48228 0.000029
48229 0.000033
48230 0.000009
48231 0.000009
48232 0.000013
48233 0.000026
48234 0.000043
48235 0.000009
48236 0.000039
48237 0.000028
48238 0.000035
48239 0.000019
48240 0.000010
48241 0.000014
48242 0.000030
48243 0.000028
48244 0.000032
48245 0.000026
48246 0.000024
48247 0.000012
48248 0.000046
48249 0.000008
48250 0.000021
48251 0.000009
48252 0.000023
48253 0.000009
48254 0.000009
48255 0.000004
48256 0.000008
48257 0.000013
48258 0.000012
48259 0.000006
48260 0.000012
48261 0.000006
48262 0.000006
48263 0.000022
48264 0.000024
48265 0.000011
48266 0.000015
48267 0.000062
48268 0.000016
48269 0.000016
48270 0.000018
48271 0.000013
48272 0.000025
48273 0.000043
48274 0.000017
48275 0.000013
48276 0.000008
48277 0.000054
48278 0.000005
48279 0.000018
48280 0.000012
48281 0.000006
48282 0.000010
48283 0.000053
48284 0.000015
48285 0.000017
48286 0.000021
48287 0.000007
48288 0.000017
48289 0.000018
48290 0.000019
48291 0.000012
48292 0.000015
48293 0.000015
48294 0.000004
48295 0.000016
48296 0.000051
48297 0.000010
48298 0.000021
48299 0.000020
48300 0.000013
48301 0.000013
48302 0.000021
48303 0.000044
48304 0.000008
48305 0.000022
48306 0.000053
48307 0.000059
48308 0.000050
48309 0.000021
48310 0.000024
48311 0.000016
48312 0.000031
48313 0.000031
48314 0.000013
48315 0.000029
48316 0.000020
48317 0.000020
48318 0.000029
48319 0.000021
48320 0.000031
48321 0.000018
48322 0.000008
48323 0.000007
48324 0.000032
48325 0.000019
48326 0.000012
48327 0.000022
48328 0.000013
48329 0.000030
48330 0.000018
48331 0.000030
48332 0.000006
48333 0.000011
48334 0.000007
48335 0.000021
48336 0.000043
48337 0.000013
48338 0.000014
48339 0.000004
48340 0.000018
48341 0.000067
48342 0.000036
48343 0.000014
48344 0.000011
48345 0.000009
48346 0.000031
48347 0.000031
48348 0.000013
48349 0.000012
48350 0.000005
48351 0.000044
48352 0.000022
48353 0.000042
48354 0.000008
48355 0.000008
48356 0.000044
48357 0.000008
48358 0.000008
48359 0.000025
48360 0.000009
48361 0.000009
48362 0.000022
48363 0.000021
48364 0.000029
48365 0.000008
48366 0.000024
48367 0.000040
48368 0.000016
48369 0.000010
48370 0.000024
48371 0.000044
48372 0.000017
48373 0.000012
48374 0.000016
48375 0.000028
48376 0.000022
48377 0.000007
48378 0.000010
48379 0.000030
48380 0.000062
48381 0.000022
48382 0.000033
48383 0.000038
48384 0.000020
48385 0.000015
48386 0.000036
48387 0.000007
48388 0.000010
48389 0.000028
48390 0.000004
48391 0.000029
48392 0.000014
48393 0.000019
48394 0.000027
48395 0.000004
48396 0.000025
48397 0.000006
48398 0.000024
48399 0.000008
48400 0.000032
48401 0.000048
48402 0.000004
48403 0.000016
48404 0.000019
48405 0.000014
48406 0.000007
48407 0.000004
48408 0.000037
48409 0.000030
48410 0.000010
48411 0.000008
48412 0.000016
48413 0.000019
48414 0.000030
48415 0.000007
48416 0.000012
48417 0.000009
48418 0.000009
48419 0.000035
48420 0.000019
48421 0.000025
48422 0.000005
48423 0.000008
48424 0.000019
48425 0.000013
48426 0.000024
48427 0.000025
48428 0.000033
48429 0.000008
48430 0.000006
48431 0.000032
48432 0.000008
48433 0.000010
48434 0.000020
48435 0.000017
48436 0.000028
48437 0.000007
48438 0.000019
48439 0.000017
48440 0.000012
48441 0.000021
48442 0.000009
48443 0.000018
48444 0.000014
48445 0.000030
48446 0.000020
48447 0.000005
48448 0.000015
48449 0.000015
48450 0.000004
48451 0.000005
48452 0.000006
48453 0.000009
48454 0.000039
48455 0.000009
48456 0.000038
48457 0.000017
48458 0.000017
48459 0.000032
48460 0.000019
48461 0.000023
48462 0.000014
48463 0.000024
48464 0.000019
48465 0.000023
48466 0.000031
48467 0.000011
48468 0.000023
48469 0.000017
48470 0.000005
48471 0.000025
48472 0.000004
48473 0.000024
48474 0.000023
48475 0.000005
48476 0.000028
48477 0.000032
48478 0.000014
48479 0.000015
48480 0.000034
48481 0.000026
48482 0.000014
48483 0.000049
48484 0.000007
48485 0.000062
48486 0.000012
48487 0.000028
48488 0.000009
48489 0.000030
48490 0.000029
48491 0.000005
48492 0.000011
48493 0.000017
48494 0.000039
48495 0.000016
48496 0.000008
48497 0.000021
48498 0.000014
48499 0.000013
48500 0.000020
48501 0.000008
48502 0.000021
48503 0.000033
48504 0.000009
48505 0.000031
48506 0.000027
48507 0.000031
48508 0.000014
48509 0.000019
48510 0.000015
48511 0.000010
48512 0.000009
48513 0.000009
48514 0.000006
48515 0.000025
48516 0.000019
48517 0.000011
48518 0.000012
48519 0.000004
48520 0.000040
48521 0.000041
48522 0.000009
48523 0.000043
48524 0.000051
48525 0.000007
48526 0.000031
48527 0.000027
48528 0.000018
48529 0.000028
48530 0.000014
48531 0.000021
48532 0.000037
48533 0.000024
48534 0.000017
48535 0.000005
48536 0.000008
48537 0.000023
48538 0.000016
48539 0.000038
48540 0.000009
48541 0.000035
48542 0.000028
48543 0.000014
48544 0.000014
48545 0.000009
48546 0.000016
48547 0.000018
48548 0.000007
48549 0.000055
48550 0.000007
48551 0.000019
48552 0.000017
48553 0.000022
48554 0.000007
48555 0.000037
48556 0.000024
48557 0.000012
48558 0.000028
48559 0.000017
48560 0.000028
48561 0.000020
48562 0.000041
48563 0.000029
48564 0.000027
48565 0.000030
48566 0.000012
48567 0.000027
48568 0.000004
48569 0.000006
48570 0.000026
48571 0.000004
48572 0.000033
48573 0.000041
48574 0.000011
48575 0.000025
48576 0.000021
48577 0.000039
48578 0.000018
48579 0.000042
48580 0.000011
48581 0.000014
48582 0.000008
48583 0.000005
48584 0.000008
48585 0.000018
48586 0.000008
48587 0.000031
48588 0.000019
48589 0.000054
48590 0.000018
48591 0.000008
48592 0.000012
48593 0.000014
48594 0.000009
48595 0.000014
48596 0.000027
48597 0.000009
48598 0.000020
48599 0.000010
48600 0.000009
48601 0.000011
48602 0.000006
48603 0.000014
48604 0.000038
48605 0.000032
48606 0.000012
48607 0.000022
48608 0.000014
48609 0.000023
48610 0.000014
48611 0.000024
48612 0.000013
48613 0.000004
48614 0.000011
48615 0.000010
48616 0.000005
48617 0.000019
48618 0.000005
48619 0.000038
48620 0.000026
48621 0.000013
48622 0.000016
48623 0.000044
48624 0.000031
48625 0.000035
48626 0.000035
48627 0.000019
48628 0.000026
48629 0.000015
48630 0.000037
48631 0.000013
48632 0.000011
48633 0.000008
48634 0.000007
48635 0.000022
48636 0.000004
48637 0.000020
48638 0.000017
48639 0.000016
48640 0.000019
48641 0.000028
48642 0.000016
48643 0.000014
48644 0.000034
48645 0.000007
48646 0.000014
48647 0.000021
48648 0.000013
48649 0.000012
48650 0.000038
48651 0.000016
48652 0.000039
48653 0.000004
48654 0.000063
48655 0.000043
48656 0.000012
48657 0.000022
48658 0.000019
48659 0.000014
48660 0.000014
48661 0.000019
48662 0.000013
48663 0.000030
48664 0.000012
48665 0.000035
48666 0.000019
48667 0.000004
48668 0.000013
48669 0.000033
48670 0.000026
48671 0.000004
48672 0.000009
48673 0.000012
48674 0.000050
48675 0.000019
48676 0.000008
48677 0.000025
48678 0.000008
48679 0.000016
48680 0.000021
48681 0.000033
48682 0.000031
48683 0.000017
48684 0.000034
48685 0.000017
48686 0.000021
48687 0.000020
48688 0.000022
48689 0.000004
48690 0.000021
48691 0.000030
48692 0.000015
48693 0.000021
48694 0.000015
48695 0.000017
48696 0.000009
48697 0.000006
48698 0.000019
48699 0.000004
48700 0.000011
48701 0.000025
48702 0.000034
48703 0.000012
48704 0.000021
48705 0.000029
48706 0.000013
48707 0.000034
48708 0.000035
48709 0.000026
48710 0.000005
48711 0.000042
48712 0.000078
48713 0.000022
48714 0.000019
48715 0.000004
48716 0.000008
48717 0.000009
48718 0.000022
48719 0.000007
48720 0.000022
48721 0.000012
48722 0.000010
48723 0.000014
48724 0.000056
48725 0.000031
48726 0.000024
48727 0.000007
48728 0.000026
48729 0.000022
48730 0.000024
48731 0.000034
48732 0.000019
48733 0.000007
48734 0.000031
48735 0.000019
48736 0.000016
48737 0.000014
48738 0.000008
48739 0.000031
48740 0.000017
48741 0.000070
48742 0.000008
48743 0.000012
48744 0.000025
48745 0.000022
48746 0.000018
48747 0.000023
48748 0.000022
48749 0.000039
48750 0.000029
48751 0.000012
48752 0.000005
48753 0.000015
48754 0.000019
48755 0.000021
48756 0.000019
48757 0.000012
48758 0.000004
48759 0.000020
48760 0.000004
48761 0.000016
48762 0.000041
48763 0.000019
48764 0.000008
48765 0.000033
48766 0.000039
48767 0.000037
48768 0.000007
48769 0.000007
48770 0.000014
48771 0.000009
48772 0.000045
48773 0.000024
48774 0.000022
48775 0.000022
48776 0.000021
48777 0.000006
48778 0.000019
48779 0.000007
48780 0.000006
48781 0.000014
48782 0.000015
48783 0.000021
48784 0.000014
48785 0.000024
48786 0.000014
48787 0.000031
48788 0.000028
48789 0.000012
48790 0.000066
48791 0.000026
48792 0.000033
48793 0.000017
48794 0.000004
48795 0.000007
48796 0.000024
48797 0.000032
48798 0.000009
48799 0.000013
48800 0.000016
48801 0.000013
48802 0.000016
48803 0.000014
48804 0.000011
48805 0.000051
48806 0.000009
48807 0.000012
48808 0.000007
48809 0.000011
48810 0.000010
48811 0.000004
48812 0.000015
48813 0.000025
48814 0.000028
48815 0.000006
48816 0.000018
48817 0.000020
48818 0.000034
48819 0.000040
48820 0.000030
48821 0.000058
48822 0.000006
48823 0.000017
48824 0.000032
48825 0.000046
48826 0.000011
48827 0.000013
48828 0.000007
48829 0.000036
48830 0.000041
48831 0.000015
48832 0.000029
48833 0.000015
48834 0.000055
48835 0.000018
48836 0.000026
48837 0.000010
48838 0.000012
48839 0.000016
48840 0.000010
48841 0.000007
48842 0.000013
48843 0.000019
48844 0.000035
48845 0.000077
48846 0.000026
48847 0.000008
48848 0.000013
48849 0.000006
48850 0.000011
48851 0.000076
48852 0.000007
48853 0.000019
48854 0.000020
48855 0.000015
48856 0.000008
48857 0.000043
48858 0.000004
48859 0.000016
48860 0.000015
48861 0.000064
48862 0.000015
48863 0.000006
48864 0.000014
48865 0.000015
48866 0.000025
48867 0.000026
48868 0.000009
48869 0.000029
48870 0.000014
48871 0.000019
48872 0.000018
48873 0.000016
48874 0.000033
48875 0.000006
48876 0.000043
48877 0.000013
48878 0.000037
48879 0.000020
48880 0.000011
48881 0.000042
48882 0.000014
48883 0.000028
48884 0.000019
48885 0.000011
48886 0.000027
48887 0.000005
48888 0.000009
48889 0.000011
48890 0.000046
48891 0.000026
48892 0.000023
48893 0.000012
48894 0.000019
48895 0.000006
48896 0.000022
48897 0.000023
48898 0.000010
48899 0.000019
48900 0.000013
48901 0.000011
48902 0.000038
48903 0.000051
48904 0.000022
48905 0.000024
48906 0.000015
48907 0.000013
48908 0.000040
48909 0.000025
48910 0.000026
48911 0.000018
48912 0.000029
48913 0.000030
48914 0.000035
48915 0.000014
48916 0.000004
48917 0.000012
48918 0.000007
48919 0.000006
48920 0.000031
48921 0.000011
48922 0.000027
48923 0.000007
48924 0.000018
48925 0.000033
48926 0.000014
48927 0.000019
48928 0.000007
48929 0.000011
48930 0.000036
48931 0.000009
48932 0.000009
48933 0.000038
48934 0.000032
48935 0.000059
48936 0.000033
48937 0.000015
48938 0.000022
48939 0.000013
48940 0.000038
48941 0.000010
48942 0.000036
48943 0.000016
48944 0.000020
48945 0.000012
48946 0.000030
48947 0.000008
48948 0.000021
48949 0.000012
48950 0.000006
48951 0.000015
48952 0.000008
48953 0.000020
48954 0.000023
48955 0.000008
48956 0.000022
48957 0.000030
48958 0.000006
48959 0.000009
48960 0.000007
48961 0.000017
48962 0.000021
48963 0.000008
48964 0.000016
48965 0.000015
48966 0.000030
48967 0.000010
48968 0.000017
48969 0.000018
48970 0.000004
48971 0.000004
48972 0.000013
48973 0.000008
48974 0.000032
48975 0.000032
48976 0.000005
48977 0.000021
48978 0.000029
48979 0.000024
48980 0.000009
48981 0.000009
48982 0.000031
48983 0.000008
48984 0.000029
48985 0.000036
48986 0.000035
48987 0.000006
48988 0.000039
48989 0.000028
48990 0.000020
48991 0.000009
48992 0.000011
48993 0.000044
48994 0.000008
48995 0.000009
48996 0.000025
48997 0.000009
48998 0.000018
48999 0.000024
49000 0.000007
49001 0.000017
49002 0.000009
49003 0.000027
49004 0.000024
49005 0.000018
49006 0.000037
49007 0.000046
49008 0.000025
49009 0.000022
49010 0.000007
49011 0.000042
49012 0.000019
49013 0.000008
49014 0.000027
49015 0.000014
49016 0.000020
49017 0.000014
49018 0.000015
49019 0.000004
49020 0.000024
49021 0.000007
49022 0.000025
49023 0.000025
49024 0.000011
49025 0.000023
49026 0.000022
49027 0.000004
49028 0.000007
49029 0.000015
49030 0.000058
49031 0.000008
49032 0.000019
49033 0.000011
49034 0.000028
49035 0.000022
49036 0.000004
49037 0.000006
49038 0.000017
49039 0.000014
49040 0.000017
49041 0.000009
49042 0.000024
49043 0.000024
49044 0.000017
49045 0.000015
49046 0.000030
49047 0.000010
49048 0.000020
49049 0.000036
49050 0.000025
49051 0.000016
49052 0.000024
49053 0.000019
49054 0.000023
49055 0.000016
49056 0.000060
49057 0.000048
49058 0.000050
49059 0.000006
49060 0.000040
49061 0.000020
49062 0.000034
49063 0.000024
49064 0.000043
49065 0.000019
49066 0.000024
49067 0.000007
49068 0.000029
49069 0.000011
49070 0.000008
49071 0.000045
49072 0.000025
49073 0.000024
49074 0.000008
49075 0.000008
49076 0.000016
49077 0.000025
49078 0.000006
49079 0.000014
49080 0.000004
49081 0.000021
49082 0.000012
49083 0.000008
49084 0.000013
49085 0.000017
49086 0.000053
49087 0.000009
49088 0.000016
49089 0.000014
49090 0.000015
49091 0.000019
49092 0.000012
49093 0.000021
49094 0.000022
49095 0.000048
49096 0.000031
49097 0.000011
49098 0.000018
49099 0.000019
49100 0.000025
49101 0.000012
49102 0.000015
49103 0.000021
49104 0.000012
49105 0.000011
49106 0.000046
49107 0.000007
49108 0.000017
49109 0.000068
49110 0.000004
49111 0.000021
49112 0.000035
49113 0.000027
49114 0.000032
49115 0.000005
49116 0.000085
49117 0.000012
49118 0.000013
49119 0.000010
49120 0.000027
49121 0.000018
49122 0.000017
49123 0.000021
49124 0.000021
49125 0.000012
49126 0.000014
49127 0.000026
49128 0.000005
49129 0.000019
49130 0.000017
49131 0.000008
49132 0.000009
49133 0.000004
49134 0.000006
49135 0.000004
49136 0.000022
49137 0.000019
49138 0.000030
49139 0.000007
49140 0.000028
49141 0.000019
49142 0.000012
49143 0.000025
49144 0.000004
49145 0.000042
49146 0.000065
49147 0.000007
49148 0.000004
49149 0.000022
49150 0.000043
49151 0.000031
49152 0.000018
49153 0.000004
49154 0.000008
49155 0.000035
49156 0.000015
49157 0.000010
49158 0.000017
49159 0.000025
49160 0.000021
49161 0.000020
49162 0.000007
49163 0.000009
49164 0.000030
49165 0.000007
49166 0.000012
49167 0.000005
49168 0.000008
49169 0.000019
49170 0.000021
49171 0.000010
49172 0.000015
49173 0.000007
49174 0.000017
49175 0.000019
49176 0.000015
49177 0.000004
49178 0.000023
49179 0.000016
49180 0.000009
49181 0.000012
49182 0.000017
49183 0.000017
49184 0.000007
49185 0.000017
49186 0.000018
49187 0.000020
49188 0.000011
49189 0.000023
49190 0.000014
49191 0.000007
49192 0.000056
49193 0.000004
49194 0.000021
49195 0.000018
49196 0.000024
49197 0.000045
49198 0.000073
49199 0.000011
49200 0.000020
49201 0.000015
49202 0.000019
49203 0.000008
49204 0.000030
49205 0.000016
49206 0.000024
49207 0.000004
49208 0.000031
49209 0.000016
49210 0.000007
49211 0.000040
49212 0.000018
49213 0.000020
49214 0.000026
49215 0.000030
49216 0.000011
49217 0.000021
49218 0.000019
49219 0.000030
49220 0.000022
49221 0.000030
49222 0.000019
49223 0.000011
49224 0.000051
49225 0.000004
49226 0.000064
49227 0.000014
49228 0.000020
49229 0.000019
49230 0.000050
49231 0.000025
49232 0.000007
49233 0.000004
49234 0.000015
49235 0.000025
49236 0.000006
49237 0.000024
49238 0.000010
49239 0.000006
49240 0.000028
49241 0.000032
49242 0.000014
49243 0.000014
49244 0.000016
49245 0.000031
49246 0.000028
49247 0.000032
49248 0.000018
49249 0.000004
49250 0.000021
49251 0.000040
49252 0.000010
49253 0.000006
49254 0.000035
49255 0.000009
49256 0.000028
49257 0.000024
49258 0.000032
49259 0.000005
49260 0.000029
49261 0.000006
49262 0.000004
49263 0.000013
49264 0.000031
49265 0.000010
49266 0.000010
49267 0.000008
49268 0.000007
49269 0.000020
49270 0.000010
49271 0.000008
49272 0.000009
49273 0.000021
49274 0.000016
49275 0.000014
49276 0.000013
49277 0.000025
49278 0.000017
49279 0.000005
49280 0.000005
49281 0.000010
49282 0.000011
49283 0.000013
49284 0.000024
49285 0.000011
49286 0.000020
49287 0.000019
49288 0.000013
49289 0.000018
49290 0.000005
49291 0.000004
49292 0.000020
49293 0.000021
49294 0.000010
49295 0.000020
49296 0.000048
49297 0.000009
49298 0.000019
49299 0.000006
49300 0.000015
49301 0.000004
49302 0.000035
49303 0.000005
49304 0.000006
49305 0.000013
49306 0.000017
49307 0.000024
49308 0.000015
49309 0.000062
49310 0.000014
49311 0.000011
49312 0.000052
49313 0.000023
49314 0.000004
49315 0.000026
49316 0.000011
49317 0.000010
49318 0.000008
49319 0.000028
49320 0.000026
49321 0.000008
49322 0.000019
49323 0.000016
49324 0.000034
49325 0.000015
49326 0.000021
49327 0.000020
49328 0.000023
49329 0.000012
49330 0.000028
49331 0.000040
49332 0.000043
49333 0.000024
49334 0.000011
49335 0.000023
49336 0.000007
49337 0.000031
49338 0.000019
49339 0.000016
49340 0.000023
49341 0.000036
49342 0.000023
49343 0.000058
49344 0.000006
49345 0.000011
49346 0.000031
49347 0.000022
49348 0.000020
49349 0.000021
49350 0.000023
49351 0.000017
49352 0.000010
49353 0.000035
49354 0.000038
49355 0.000014
49356 0.000009
49357 0.000020
49358 0.000013
49359 0.000034
49360 0.000016
49361 0.000021
49362 0.000015
49363 0.000010
49364 0.000017
49365 0.000007
49366 0.000024
49367 0.000021
49368 0.000009
49369 0.000011
49370 0.000045
49371 0.000011
49372 0.000025
49373 0.000008
49374 0.000010
49375 0.000035
49376 0.000011
49377 0.000020
49378 0.000016
49379 0.000016
49380 0.000009
49381 0.000033
49382 0.000018
49383 0.000014
49384 0.000013
49385 0.000014
49386 0.000015
49387 0.000011
49388 0.000026
49389 0.000010
49390 0.000012
49391 0.000015
49392 0.000037
49393 0.000025
49394 0.000020
49395 0.000013
49396 0.000015
49397 0.000009
49398 0.000016
49399 0.000011
49400 0.000037
49401 0.000030
49402 0.000012
49403 0.000004
49404 0.000035
49405 0.000017
49406 0.000007
49407 0.000016
49408 0.000004
49409 0.000004
49410 0.000024
49411 0.000020
49412 0.000004
49413 0.000015
49414 0.000024
49415 0.000027
49416 0.000015
49417 0.000019
49418 0.000029
49419 0.000014
49420 0.000015
49421 0.000033
49422 0.000046
49423 0.000036
49424 0.000032
49425 0.000008
49426 0.000049
49427 0.000017
49428 0.000043
49429 0.000021
49430 0.000061
49431 0.000038
49432 0.000005
49433 0.000010
49434 0.000031
49435 0.000029
49436 0.000024
49437 0.000007
49438 0.000008
49439 0.000052
49440 0.000032
49441 0.000021
49442 0.000016
49443 0.000005
49444 0.000009
49445 0.000042
49446 0.000025
49447 0.000015
49448 0.000032
49449 0.000013
49450 0.000018
49451 0.000012
49452 0.000004
49453 0.000025
49454 0.000040
49455 0.000012
49456 0.000021
49457 0.000014
49458 0.000007
49459 0.000049
49460 0.000006
49461 0.000013
49462 0.000037
49463 0.000005
49464 0.000034
49465 0.000008
49466 0.000030
49467 0.000041
49468 0.000038
49469 0.000009
49470 0.000015
49471 0.000015
49472 0.000004
49473 0.000037
49474 0.000019
49475 0.000018
49476 0.000016
49477 0.000006
49478 0.000029
49479 0.000027
49480 0.000004
49481 0.000009
49482 0.000015
49483 0.000032
49484 0.000005
49485 0.000031
49486 0.000046
49487 0.000006
49488 0.000015
49489 0.000004
49490 0.000021
49491 0.000004
49492 0.000005
49493 0.000007
49494 0.000013
49495 0.000019
49496 0.000027
49497 0.000012
49498 0.000009
49499 0.000006
49500 0.000013
49501 0.000012
49502 0.000009
49503 0.000016
49504 0.000007
49505 0.000023
49506 0.000016
49507 0.000004
49508 0.000026
49509 0.000043
49510 0.000013
49511 0.000008
49512 0.000011
49513 0.000018
49514 0.000014
49515 0.000022
49516 0.000024
49517 0.000025
49518 0.000017
49519 0.000028
49520 0.000015
49521 0.000012
49522 0.000033
49523 0.000019
49524 0.000035
49525 0.000013
49526 0.000016
49527 0.000019
49528 0.000045
49529 0.000036
49530 0.000032
49531 0.000023
49532 0.000017
49533 0.000011
49534 0.000015
49535 0.000036
49536 0.000031
49537 0.000029
49538 0.000011
49539 0.000004
49540 0.000040
49541 0.000023
49542 0.000017
49543 0.000009
49544 0.000038
49545 0.000006
49546 0.000039
49547 0.000015
49548 0.000015
49549 0.000018
49550 0.000049
49551 0.000020
49552 0.000028
49553 0.000004
49554 0.000013
49555 0.000011
49556 0.000014
49557 0.000013
49558 0.000008
49559 0.000039
49560 0.000012
49561 0.000005
49562 0.000012
49563 0.000030
49564 0.000031
49565 0.000013
49566 0.000015
49567 0.000021
49568 0.000027
49569 0.000010
49570 0.000039
49571 0.000004
49572 0.000017
49573 0.000018
49574 0.000060
49575 0.000004
49576 0.000035
49577 0.000019
49578 0.000007
49579 0.000055
49580 0.000014
49581 0.000033
49582 0.000014
49583 0.000012
49584 0.000027
49585 0.000033
49586 0.000014
49587 0.000025
49588 0.000035
49589 0.000016
49590 0.000043
49591 0.000024
49592 0.000030
49593 0.000013
49594 0.000054
49595 0.000014
49596 0.000016
49597 0.000004
49598 0.000023
49599 0.000014
49600 0.000016
49601 0.000071
49602 0.000023
49603 0.000017
49604 0.000022
49605 0.000031
49606 0.000021
49607 0.000019
49608 0.000004
49609 0.000023
49610 0.000005
49611 0.000004
49612 0.000004
49613 0.000018
49614 0.000021
49615 0.000011
49616 0.000017
49617 0.000015
49618 0.000029
49619 0.000012
49620 0.000023
49621 0.000005
49622 0.000028
49623 0.000025
49624 0.000050
49625 0.000006
49626 0.000028
49627 0.000009
49628 0.000007
49629 0.000036
49630 0.000006
49631 0.000029
49632 0.000021
49633 0.000023
49634 0.000021
49635 0.000021
49636 0.000017
49637 0.000045
49638 0.000013
49639 0.000032
49640 0.000038
49641 0.000029
49642 0.000008
49643 0.000009
49644 0.000014
49645 0.000016
49646 0.000019
49647 0.000024
49648 0.000006
49649 0.000005
49650 0.000004
49651 0.000042
49652 0.000010
49653 0.000007
49654 0.000006
49655 0.000018
49656 0.000019
49657 0.000022
49658 0.000019
49659 0.000008
49660 0.000026
49661 0.000024
49662 0.000004
49663 0.000045
49664 0.000007
49665 0.000006
49666 0.000018
49667 0.000010
49668 0.000021
49669 0.000013
49670 0.000019
49671 0.000007
49672 0.000014
49673 0.000021
49674 0.000021
49675 0.000026
49676 0.000026
49677 0.000013
49678 0.000004
49679 0.000012
49680 0.000035
49681 0.000038
49682 0.000032
49683 0.000010
49684 0.000007
49685 0.000005
49686 0.000026
49687 0.000005
49688 0.000007
49689 0.000018
49690 0.000007
49691 0.000022
49692 0.000030
49693 0.000012
49694 0.000012
49695 0.000013
49696 0.000016
49697 0.000012
49698 0.000017
49699 0.000041
49700 0.000012
49701 0.000038
49702 0.000025
49703 0.000005
49704 0.000023
49705 0.000021
49706 0.000030
49707 0.000033
49708 0.000031
49709 0.000024
49710 0.000014
49711 0.000006
49712 0.000007
49713 0.000021
49714 0.000016
49715 0.000010
49716 0.000014
49717 0.000061
49718 0.000017
49719 0.000008
49720 0.000032
49721 0.000023
49722 0.000012
49723 0.000023
49724 0.000010
49725 0.000009
49726 0.000008
49727 0.000013
49728 0.000013
49729 0.000013
49730 0.000044
49731 0.000016
49732 0.000028
49733 0.000025
49734 0.000011
49735 0.000014
49736 0.000017
49737 0.000023
49738 0.000039
49739 0.000019
49740 0.000022
49741 0.000006
49742 0.000043
49743 0.000037
49744 0.000010
49745 0.000037
49746 0.000015
49747 0.000020
49748 0.000015
49749 0.000012
49750 0.000018
49751 0.000021
49752 0.000019
49753 0.000034
49754 0.000020
49755 0.000012
49756 0.000019
49757 0.000058
49758 0.000022
49759 0.000025
49760 0.000009
49761 0.000033
49762 0.000019
49763 0.000009
49764 0.000025
49765 0.000013
49766 0.000066
49767 0.000029
49768 0.000025
49769 0.000050
49770 0.000011
49771 0.000036
49772 0.000020
49773 0.000024
49774 0.000033
49775 0.000016
49776 0.000004
49777 0.000016
49778 0.000027
49779 0.000030
49780 0.000008
49781 0.000010
49782 0.000008
49783 0.000004
49784 0.000013
49785 0.000022
49786 0.000037
49787 0.000018
49788 0.000021
49789 0.000011
49790 0.000019
49791 0.000011
49792 0.000025
49793 0.000038
49794 0.000014
49795 0.000025
49796 0.000004
49797 0.000013
49798 0.000005
49799 0.000004
49800 0.000004
49801 0.000004
49802 0.000036
49803 0.000004
49804 0.000042
49805 0.000017
49806 0.000036
49807 0.000011
49808 0.000004
49809 0.000021
49810 0.000009
49811 0.000028
49812 0.000024
49813 0.000019
49814 0.000025
49815 0.000018
49816 0.000018
49817 0.000008
49818 0.000024
49819 0.000026
49820 0.000047
49821 0.000021
49822 0.000009
49823 0.000005
49824 0.000038
49825 0.000031
49826 0.000007
49827 0.000011
49828 0.000018
49829 0.000004
49830 0.000020
49831 0.000012
49832 0.000011
49833 0.000018
49834 0.000045
49835 0.000018
49836 0.000014
49837 0.000041
49838 0.000027
49839 0.000017
49840 0.000013
49841 0.000012
49842 0.000013
49843 0.000006
49844 0.000018
49845 0.000014
49846 0.000046
49847 0.000023
49848 0.000015
49849 0.000016
49850 0.000007
49851 0.000018
49852 0.000012
49853 0.000013
49854 0.000046
49855 0.000010
49856 0.000038
49857 0.000066
49858 0.000012
49859 0.000011
49860 0.000014
49861 0.000021
49862 0.000014
49863 0.000019
49864 0.000013
49865 0.000039
49866 0.000022
49867 0.000018
49868 0.000022
49869 0.000020
49870 0.000012
49871 0.000029
49872 0.000005
49873 0.000016
49874 0.000038
49875 0.000014
49876 0.000007
49877 0.000009
49878 0.000022
49879 0.000005
49880 0.000004
49881 0.000025
49882 0.000032
49883 0.000029
49884 0.000023
49885 0.000013
49886 0.000022
49887 0.000033
49888 0.000025
49889 0.000010
49890 0.000008
49891 0.000006
49892 0.000043
49893 0.000013
49894 0.000037
49895 0.000014
49896 0.000014
49897 0.000021
49898 0.000071
49899 0.000050
49900 0.000030
49901 0.000004
49902 0.000009
49903 0.000032
49904 0.000005
49905 0.000013
49906 0.000009
49907 0.000041
49908 0.000030
49909 0.000030
49910 0.000022
49911 0.000005
49912 0.000020
49913 0.000016
49914 0.000036
49915 0.000022
49916 0.000026
49917 0.000021
49918 0.000028
49919 0.000034
49920 0.000008
49921 0.000004
49922 0.000047
49923 0.000010
49924 0.000004
49925 0.000012
49926 0.000008
49927 0.000020
49928 0.000015
49929 0.000050
49930 0.000032
49931 0.000026
49932 0.000007
49933 0.000010
49934 0.000020
49935 0.000030
49936 0.000019
49937 0.000015
49938 0.000014
49939 0.000004
49940 0.000041
49941 0.000031
49942 0.000005
49943 0.000005
49944 0.000016
49945 0.000047
49946 0.000007
49947 0.000004
49948 0.000009
49949 0.000035
49950 0.000029
49951 0.000022
49952 0.000027
49953 0.000023
49954 0.000037
49955 0.000013
49956 0.000008
49957 0.000039
49958 0.000050
49959 0.000015
49960 0.000020
49961 0.000092
49962 0.000022
49963 0.000023
49964 0.000035
49965 0.000028
49966 0.000019
49967 0.000010
49968 0.000013
49969 0.000009
49970 0.000026
49971 0.000026
49972 0.000010
49973 0.000012
49974 0.000026
49975 0.000011
49976 0.000026
49977 0.000010
49978 0.000014
49979 0.000023
49980 0.000036
49981 0.000014
49982 0.000029
49983 0.000020
49984 0.000006
49985 0.000013
49986 0.000009
49987 0.000019
49988 0.000019
49989 0.000017
49990 0.000035
49991 0.000014
49992 0.000010
49993 0.000031
49994 0.000033
49995 0.000026
49996 0.000010
49997 0.000036
49998 0.000027
49999 0.000048
Sum of ranks: 1.000000
Iterations: 15
Converged: true
Execution time: 55.148 ms
