Algorithm: Kruskal's MST
MST edges: 
9731 6908 17
5230 3131 23
5579 6199 36
6372 2968 103
80 1038 113
3441 93 119
128 2922 233
9343 3012 244
6374 7202 249
3651 9126 250
1172 4187 275
1907 7440 394
8283 7553 399
3448 347 400
9143 2596 416
6055 9961 458
2794 6023 570
3725 2080 576
726 9477 652
2235 1163 757
6146 1396 780
7131 9361 782
131 3667 853
4873 8425 917
1790 5398 936
5400 4869 980
2830 1432 989
4381 333 1015
7114 9340 1037
5832 4838 1056
3092 1771 1078
386 3731 1089
1933 249 1125
732 3975 1133
5976 1081 1182
5548 1185 1192
9302 698 1279
1750 400 1293
7426 6008 1305
6845 4189 1309
6855 64 1314
3388 8039 1339
933 7119 1354
9021 6590 1460
3098 2094 1465
3483 6000 1475
2329 1673 1499
2820 8286 1566
8695 7803 1584
1782 838 1589
4033 8869 1648
3385 1487 1729
857 6418 1765
9330 6965 1847
675 941 1868
3955 1452 1905
8616 444 1916
3304 8699 1923
6812 4866 1938
9842 8583 1942
49 63 2029
4285 1578 2105
8626 2017 2121
634 2668 2183
9574 7910 2195
293 69 2198
1302 3054 2219
5455 3643 2231
8961 2705 2244
7960 1170 2281
7546 8162 2327
603 139 2463
6463 342 2469
3429 2142 2568
910 3043 2584
7770 5441 2595
1620 1894 2634
8629 114 2653
7395 8244 2723
4514 9570 2773
2279 8669 2788
4983 3220 2851
1321 9480 2897
2680 5993 2930
488 5537 2996
5145 3233 3021
9685 7591 3028
900 1458 3086
731 226 3141
6081 4712 3155
882 7153 3168
514 2750 3207
7389 8494 3208
8508 8801 3274
6302 1141 3308
7150 1692 3344
8400 9377 3359
2107 6044 3422
5128 9669 3484
9720 5149 3496
287 8766 3499
8673 3587 3559
3864 1477 3566
6488 110 3576
3128 6668 3583
4770 1594 3629
561 6476 3637
2101 883 3641
2619 8284 3643
276 610 3708
3378 7271 3711
3902 7639 3715
6762 5936 3776
40 518 3858
8550 4116 3892
5657 7945 3941
1211 4766 3966
2922 5235 3983
4084 4361 4043
2612 4507 4077
1760 857 4133
2421 9918 4193
6717 6984 4238
4575 741 4266
4342 9588 4315
5743 5112 4319
2326 7409 4374
3115 6139 4402
742 2 4410
4042 8281 4415
9045 5551 4424
3145 3515 4468
8265 1346 4478
7622 9467 4479
4140 5927 4493
7414 868 4579
229 1908 4582
4838 1210 4644
9579 5752 4648
4771 8337 4655
9453 7056 4660
6674 2326 4670
224 1274 4739
9339 6528 4744
6869 2438 4751
4007 4750 4781
8127 3579 4800
9777 1971 4826
329 6186 4878
1343 2509 4884
4019 2895 4884
2692 7079 4922
9063 6641 4954
1656 4804 4995
2482 1176 5054
7030 1424 5060
593 5684 5110
3083 2668 5136
9463 6010 5138
373 9994 5155
5889 4409 5256
6786 1747 5268
2747 839 5286
4132 1947 5321
1047 1669 5449
3718 3545 5450
880 1287 5469
923 6950 5581
8449 2733 5692
1851 3203 5697
5294 3559 5712
2170 6360 5728
5077 5373 5780
432 2134 5825
4176 8423 5829
848 938 5912
4802 2258 5959
6184 2034 6021
2598 674 6033
2948 8213 6034
7514 2079 6037
4514 5019 6055
3937 681 6066
4794 2008 6068
4823 1661 6081
182 3012 6210
1839 6831 6270
4617 9615 6288
5883 7816 6290
1344 1190 6293
364 9128 6313
4325 8818 6377
9616 3463 6420
3384 4871 6470
5661 4341 6531
4626 6888 6555
582 9282 6565
1932 927 6612
8499 7177 6616
3959 4701 6622
4919 2114 6660
14 857 6700
3082 9363 6714
665 1541 6829
4905 916 6880
8292 7466 6910
2789 6825 6924
7289 9106 6941
4702 1024 6972
123 5524 6973
39 722 7012
495 434 7014
8566 553 7030
4991 7095 7046
1173 1414 7072
4365 6486 7076
4861 5580 7084
3205 7869 7093
3643 1247 7115
274 2619 7145
2437 5114 7169
2121 1755 7211
2590 1798 7317
3807 7059 7355
7780 5850 7417
9644 6535 7485
6818 5256 7507
6418 1549 7532
7844 5678 7629
217 7477 7641
8881 6500 7692
1775 4086 7696
666 565 7741
6930 8512 7766
4508 7451 7773
3979 2345 7806
6217 9855 7835
7439 8983 7859
6099 6386 7916
433 2602 7947
4874 7180 8071
2496 9429 8078
667 3393 8102
2771 7241 8152
6628 8549 8165
1681 1897 8186
3692 2100 8194
2322 768 8216
1521 6441 8243
2657 6471 8258
4115 1708 8261
757 8211 8271
2807 4037 8290
9334 224 8319
7965 3235 8341
8874 2218 8367
9290 6859 8398
8889 7605 8449
744 1709 8458
19 318 8490
5545 7636 8490
941 853 8493
4811 3882 8533
5728 9946 8552
6777 6662 8574
1371 291 8614
4177 8602 8642
937 1715 8731
3552 7295 8747
5172 2751 8755
6251 1543 8840
2629 2937 8860
781 9650 8900
3492 319 8903
7435 3656 8909
5424 3818 8924
147 997 8964
6007 3497 9028
2996 778 9047
2624 1313 9092
2371 608 9102
2864 2432 9111
2545 1115 9197
7198 6851 9224
2875 2663 9244
884 456 9262
3018 8025 9323
8123 7407 9334
2528 4243 9358
3473 9420 9405
9735 6401 9408
5890 7973 9431
2625 5322 9446
2097 9033 9467
3547 5337 9510
3692 4162 9551
1019 7972 9599
2177 1681 9601
5842 4343 9635
9501 2863 9642
2513 7502 9744
4542 4664 9754
761 5105 9756
5315 6788 9804
3405 1433 9807
613 5533 9813
8299 1125 9824
5808 1275 9871
1470 5816 9879
2460 7722 9898
2196 5330 9899
3339 2862 9939
6688 5676 9994
6529 610 10005
5412 8188 10021
2289 3564 10107
59 68 10114
4610 2562 10123
1662 6 10176
9117 324 10190
4028 4119 10220
1117 1509 10241
5229 7094 10259
6801 4260 10282
4508 6647 10304
7543 5605 10335
257 6320 10365
176 2797 10377
982 4350 10442
9323 9088 10554
6028 8762 10564
8107 7807 10581
2984 358 10621
3502 5564 10683
7422 1802 10701
4479 2966 10724
8057 7081 10746
1346 7047 10776
1480 9156 10872
1537 8236 10964
3789 3388 10998
1983 1218 10999
1097 3471 11009
5817 4558 11037
8446 119 11047
7027 6007 11096
9078 3711 11108
346 8753 11154
9331 7428 11215
1163 954 11273
601 3697 11280
6190 1690 11364
927 1006 11367
6286 2421 11385
1774 6856 11437
6901 1332 11481
6870 3187 11500
4885 9169 11548
1691 1773 11602
231 229 11660
4070 3480 11669
418 2114 11696
1775 8478 11704
7886 8030 11715
9386 5965 11720
1660 1068 11722
1222 1720 11795
8751 4013 11832
6057 3791 11867
5917 3412 11928
5441 4264 12000
4613 4412 12012
4719 2385 12085
6948 1689 12121
5284 818 12124
2722 901 12207
3504 7764 12236
3761 9893 12243
9471 8809 12254
6558 7866 12257
6614 961 12285
6002 9958 12293
8755 7362 12305
27 9422 12336
6128 67 12364
3984 2955 12388
8739 6322 12454
26 2 12480
7284 7605 12507
9559 1407 12507
5647 442 12531
386 5382 12538
1976 808 12548
794 788 12566
813 8346 12572
4206 992 12582
4533 5939 12586
4046 4045 12586
8250 5531 12609
5553 9361 12614
6629 934 12713
8983 2393 12732
3701 165 12793
434 2624 12861
416 5088 12939
546 1074 12976
3331 4284 13013
7302 8129 13021
8099 9579 13136
8829 1776 13136
1305 367 13151
5746 6972 13152
5361 3557 13182
5948 2242 13208
1206 7695 13274
7444 9003 13292
1724 3960 13332
5273 6102 13394
1610 1043 13401
3496 574 13525
4048 2709 13576
6574 4795 13595
8790 3293 13627
8075 5652 13651
2918 3919 13682
8775 9525 13705
1542 8089 13725
6532 7064 13747
6292 2541 13776
2159 499 13818
487 8987 13820
7376 8003 13852
6432 3015 13868
555 412 14011
7895 6714 14020
678 6280 14069
5462 5319 14093
5824 7434 14138
9078 5546 14142
4419 88 14174
284 2964 14244
8734 5926 14327
8741 7296 14404
7795 8354 14559
6168 1783 14571
5386 5434 14593
8328 4319 14743
2038 5341 14765
6304 9162 14768
1532 9205 14792
4075 2849 14793
3478 4175 14815
6272 2658 14825
68 1561 14855
4807 3238 14930
5231 6724 14969
9434 7619 14994
5698 2982 15013
1656 5427 15015
4712 5931 15044
7874 6580 15091
7960 1129 15114
575 4145 15131
3363 7382 15151
7823 8334 15160
888 6322 15199
4724 6582 15236
4586 4472 15245
5499 7843 15255
1230 1047 15298
1488 5199 15388
6783 674 15400
232 4861 15426
7434 60 15443
2840 7022 15457
509 1135 15468
7376 1000 15537
8883 736 15562
4631 5423 15621
6 909 15626
5830 7012 15691
9313 6337 15701
6043 1162 15751
378 380 15783
9278 3871 15847
5658 7484 15871
630 6585 15958
424 1801 15959
8878 7159 15987
5118 6990 16006
8498 4681 16017
597 6691 16063
9803 4438 16098
2035 448 16108
3128 117 16133
4876 9473 16139
1408 2712 16155
9066 7024 16203
5626 473 16380
245 8864 16389
8183 5528 16391
4367 6672 16392
5486 3831 16449
7385 7209 16459
6811 6280 16461
4337 4730 16465
1932 6369 16540
9784 2419 16552
5073 1618 16667
9950 7870 16667
7771 9869 16680
3329 4271 16713
450 153 16749
2419 6694 16756
1463 3030 16762
130 907 16896
9136 9085 16902
2285 4538 16939
1276 1656 16947
3539 5302 16981
7837 1102 16985
982 1784 16987
1567 1245 17050
1738 6692 17061
1736 7743 17074
7989 7904 17106
64 8323 17132
5804 666 17199
2872 9040 17238
7919 5793 17309
5579 7803 17317
4286 9632 17318
8073 5596 17366
9164 3158 17367
5402 3790 17387
5312 3419 17407
3618 5619 17434
8772 6866 17555
8987 2782 17611
9409 7886 17632
3555 2378 17661
9103 8336 17669
2364 4950 17707
9967 1467 17759
5642 4119 17825
5181 2012 17852
6664 6411 17963
4955 347 18011
5032 6426 18069
5069 2985 18169
2615 806 18244
1871 4012 18284
6605 5920 18288
1399 3107 18311
2246 9532 18330
390 5165 18406
13 2962 18484
4804 6500 18489
6270 5169 18497
1301 1283 18521
2144 1917 18594
8528 438 18629
7534 8847 18662
415 2914 18671
6539 3822 18686
725 1713 18698
93 46 18725
5374 868 18761
1644 5966 18872
1345 2597 18996
2004 8280 18996
7400 4878 19039
6039 2516 19071
3821 7967 19074
6458 4003 19229
2916 4629 19287
7554 8294 19294
3617 917 19332
8497 6893 19361
391 6691 19362
6410 183 19384
94 2636 19420
5949 2904 19427
6127 1471 19447
3020 2176 19464
5861 7626 19474
8417 3651 19508
7745 4538 19540
3630 3638 19599
6268 6505 19622
3311 83 19677
4711 3512 19707
8104 5782 19728
1129 1413 19797
7720 2801 19826
5535 3184 19874
3522 4574 19883
6631 785 19884
5305 5551 19912
184 9729 19939
3408 173 19993
3706 5115 20024
245 1199 20045
3946 4011 20055
8004 2714 20084
1998 3207 20104
1770 6187 20128
2514 3094 20149
2184 4782 20217
6158 178 20229
7990 1551 20275
3061 2231 20291
7135 1982 20316
7393 9383 20352
4429 5852 20361
626 1542 20385
3481 7049 20403
8037 733 20433
1630 4243 20472
1626 9073 20541
976 3613 20602
569 519 20622
5386 693 20676
7005 4392 20690
3454 7762 20693
2806 184 20743
1698 3745 20756
2097 5741 20759
6139 4472 20780
7003 9468 20819
834 9694 20862
2373 4226 20927
3778 4306 20928
3576 3348 20932
6138 1225 20942
3702 8027 20966
2067 9419 21040
2850 1277 21062
5239 8464 21070
5649 7477 21081
2086 737 21101
4441 9678 21134
165 4599 21146
2439 4873 21178
4616 9295 21195
7598 4732 21210
3830 668 21235
2460 1879 21249
4620 8235 21256
1708 1977 21363
14 274 21371
515 648 21412
9707 9270 21434
1936 7188 21456
1300 1225 21492
4055 6055 21551
8000 6872 21568
3218 8559 21589
3270 5465 21628
4604 8142 21631
2052 1350 21724
3252 184 21750
2706 3267 21787
495 4792 21809
298 6432 21823
9797 121 21824
6592 867 21843
1121 2129 21850
1623 581 21874
408 3752 21914
9320 3491 21915
7768 1290 21943
3979 5530 22030
4967 4326 22068
2432 1704 22088
3190 2956 22220
9549 3251 22252
776 729 22507
5932 8390 22510
92 402 22529
1315 6544 22553
3946 9366 22572
395 8423 22620
4643 2252 22630
206 235 22634
6183 5002 22655
2859 2672 22721
9662 988 22743
3902 6514 22813
2744 1139 22824
1311 2595 22864
3777 444 22872
9391 5726 22898
9331 7694 22901
6267 7727 22923
3457 7967 22980
5816 3480 23015
7480 9824 23150
1031 9802 23155
4464 7636 23159
5705 641 23176
366 7170 23251
2546 7632 23260
1048 9878 23279
1078 4291 23304
8180 3309 23324
1233 4966 23435
5527 8999 23520
2846 1366 23521
3126 8640 23565
8518 6533 23582
4188 7319 23594
6373 4517 23605
5438 2615 23655
4355 8483 23657
7109 8760 23666
6909 4381 23748
6860 8591 23756
5404 1058 23761
2347 4920 23765
1259 2758 23771
5083 2616 23902
4396 5678 23952
547 3717 23962
1838 4158 24003
2456 4907 24011
810 1695 24034
2106 7555 24074
5651 929 24165
6698 5394 24201
5767 6952 24206
5177 7386 24219
1555 3368 24229
5130 2965 24268
296 9089 24315
186 280 24333
6782 2161 24363
8046 2329 24411
5012 6386 24435
1019 1771 24480
6982 8583 24482
652 9292 24504
6240 767 24511
7151 1363 24536
8865 2724 24557
4990 3540 24564
2170 722 24611
4120 6353 24625
5723 9331 24630
9878 1904 24693
4193 8116 24734
4901 8859 24764
1350 3540 24770
69 179 24801
7812 9171 24810
7347 4406 24923
53 6760 25010
4703 6207 25011
1447 7843 25035
7842 1094 25045
2011 7581 25084
6311 2925 25195
593 1974 25227
1652 1376 25237
2555 9279 25237
9328 8680 25262
6545 3980 25291
9354 6970 25301
2116 403 25339
5855 1532 25450
1255 443 25593
5143 220 25662
5133 8530 25695
1355 5083 25725
2072 5794 25728
1096 4725 25737
2020 1922 25782
8463 5546 25812
3228 6846 25834
6304 7275 25875
876 9107 25978
842 4882 25984
9937 3104 26012
8379 2771 26066
646 1469 26102
7235 8436 26106
9025 3496 26159
8064 4158 26198
7843 28 26206
5191 1324 26216
1695 3201 26224
2270 2814 26225
5709 4827 26229
508 9696 26344
7836 3135 26372
4282 541 26389
5524 9351 26414
768 9619 26481
8200 2169 26482
64 1175 26631
8019 9051 26660
5723 7986 26685
4449 4944 26706
9765 1554 26706
5674 3979 26709
5210 361 26739
4722 5814 26757
1437 9102 26769
2412 8123 26773
926 3052 26861
1743 6792 26883
4293 4746 26911
6059 638 26928
2282 7040 26959
5067 9164 26988
6246 9762 27216
8381 1636 27252
203 9781 27321
7956 1969 27346
7795 3991 27394
1299 5759 27421
2889 5753 27449
4685 5016 27519
5528 5779 27563
8157 1862 27586
4241 467 27587
8959 1218 27604
4455 979 27614
9547 8698 27655
3197 8077 27658
5013 1493 27667
5022 3070 27748
4497 7449 27788
438 5760 27839
2393 9687 27873
6495 3734 27876
2017 8852 27885
2024 2623 27896
2042 377 27944
8790 4810 27960
1849 7598 27968
2633 3090 28036
756 5506 28066
8908 4824 28175
4763 2845 28181
2444 1898 28226
7587 3767 28234
2510 7012 28282
9415 7789 28288
1013 389 28288
5483 8772 28290
5747 5885 28291
1067 8157 28300
3544 3403 28313
87 64 28325
587 138 28393
9315 6303 28435
2519 2218 28437
7214 3509 28440
3308 8157 28444
8193 4566 28472
2211 4847 28490
5159 2067 28505
858 8984 28512
3396 4632 28593
9953 1056 28613
2436 7491 28620
7518 7184 28642
7264 4226 28652
2434 974 28686
1809 2227 28695
9721 3354 28805
4953 4262 28828
9188 6952 28853
3362 4181 28857
7250 4853 28861
2983 7516 29023
8459 812 29023
8782 833 29043
7632 4741 29098
5619 3540 29168
8412 2211 29183
2284 7542 29188
8553 426 29193
5255 7421 29282
4822 3236 29285
8709 7515 29292
613 835 29381
8280 9319 29382
9424 9147 29441
7840 6699 29480
577 8798 29515
7427 2552 29536
9421 1137 29552
7975 4898 29637
4659 1966 29656
8548 7296 29666
3299 7241 29695
3907 3297 29766
5978 7562 29850
5010 492 29914
9291 5593 29929
3920 7397 29948
3918 524 29980
9692 5584 29986
9860 533 30002
6850 3518 30048
4833 5779 30056
6379 6540 30082
7331 2103 30105
3452 3325 30111
7931 3129 30322
1778 9934 30336
5567 7573 30343
6967 2141 30351
3153 9797 30368
762 6613 30422
4622 1673 30429
1726 1846 30446
8890 1585 30463
3061 1901 30480
3292 3826 30508
369 7824 30509
8007 4721 30514
1582 6033 30549
321 8151 30590
8537 3517 30612
1572 1748 30652
8230 590 30678
8618 3442 30679
3960 8695 30691
3313 6015 30779
5242 9045 30779
5528 2723 30791
9511 388 30877
3112 9213 30888
1420 9882 30911
2863 1901 30954
2852 2596 30967
8114 4280 31009
935 4698 31019
9940 1426 31023
298 337 31059
2729 5282 31062
1139 4793 31063
6375 789 31094
3648 8166 31170
879 1095 31172
6644 6682 31274
9628 1418 31280
7888 5912 31308
4502 5967 31330
847 7903 31409
8612 7667 31440
6024 2704 31538
1854 2372 31603
6754 4856 31642
2339 2624 31673
9940 2883 31698
1189 7394 31735
9709 7723 31756
6504 4092 31765
7720 1054 31775
7374 8349 31777
5260 5138 31788
6843 3884 31829
1402 9830 31863
1856 1495 31871
2094 9340 31875
4009 2476 31936
2904 6053 32015
4882 3038 32028
6678 9279 32095
9064 2804 32166
1484 1476 32189
5626 2659 32201
4584 5956 32204
3935 2124 32232
8568 3603 32235
1678 9063 32251
7082 305 32251
145 201 32258
2305 1946 32327
3958 5223 32330
5871 201 32338
1687 7555 32351
4210 6725 32358
5514 2252 32380
9591 2108 32385
374 9512 32444
7793 2264 32518
2836 637 32536
5917 2254 32594
7180 3360 32595
7524 4192 32602
3952 1027 32626
350 152 32646
56 53 32752
7850 2152 32777
9859 8296 32839
3521 2442 32849
6211 2313 32874
1018 8448 32890
1492 5722 32943
4572 9862 32960
1887 3406 32986
2609 2885 32994
1904 2398 33018
3928 7245 33041
9144 6613 33043
1533 5389 33057
1547 6635 33154
5453 5853 33210
555 8387 33248
6952 309 33271
2226 1479 33274
6370 239 33324
7731 2794 33336
9627 2486 33439
1232 3287 33449
151 9142 33463
3557 1811 33464
9737 2091 33474
3309 2721 33544
6046 6073 33584
8237 456 33597
554 2640 33601
5568 9227 33602
4683 6415 33627
8581 64 33641
9916 5047 33649
477 255 33706
6061 1879 33785
5668 1395 33802
21 55 33816
497 3492 33942
1322 6288 33956
5284 3134 33956
7428 810 33996
7102 905 34024
6053 2979 34103
327 6566 34105
6887 7128 34150
4188 4186 34256
8527 4874 34283
7698 8783 34365
166 3732 34395
2777 4461 34434
5649 6648 34475
8948 7433 34560
7424 9629 34561
2368 1874 34608
231 2578 34644
6952 9315 34665
3093 3659 34753
7580 6176 34769
11 647 34776
9747 3032 34801
2723 5961 34858
830 7914 34933
4933 1744 34946
5295 4663 34948
9928 3002 35040
3389 8241 35053
3709 512 35063
8330 553 35073
671 8117 35199
7862 3384 35209
7811 45 35247
744 6146 35268
1892 115 35350
4443 4958 35363
6138 231 35371
154 8938 35432
8949 1966 35452
515 7350 35466
6779 866 35473
4207 7492 35591
3308 7292 35620
772 4056 35624
1643 2015 35642
8283 6272 35659
9304 2933 35698
4324 1828 35712
6225 8877 35735
6230 735 35777
9953 451 35800
4633 9874 35833
9470 3778 35923
7929 409 35969
5840 5988 36022
625 8441 36067
2945 4484 36102
6245 556 36157
4938 4470 36221
8849 1344 36228
6713 2533 36240
3015 462 36275
3708 5233 36340
7317 7548 36352
4793 2443 36379
87 725 36390
2736 2870 36445
514 1369 36505
7750 3510 36519
538 5295 36536
8970 7026 36613
2209 489 36621
1396 1278 36634
1701 9664 36640
6440 5663 36691
1992 6720 36708
481 1765 36751
5774 4485 36820
7994 6019 36856
9953 5998 36875
9312 6801 36952
181 5025 36957
5228 8832 37035
2634 3733 37054
9217 4668 37057
7309 4829 37080
272 1570 37106
7384 3646 37153
1347 9507 37164
7072 6148 37203
2194 6515 37211
5368 9222 37248
2005 5127 37257
2110 5067 37287
8054 3834 37316
7346 1303 37331
5346 1525 37336
2683 3163 37339
3930 9639 37346
5449 4787 37385
1128 9820 37414
236 6318 37481
4361 4798 37493
4083 4368 37501
4157 2106 37511
3647 5702 37517
3274 5677 37565
8493 2412 37614
6005 4183 37625
8503 8233 37649
493 9229 37671
2082 4509 37692
4673 1528 37702
7670 6914 37708
3174 238 37714
3671 8782 37715
8867 6002 37732
6846 3244 37733
2587 4214 37740
6561 9765 37743
748 7291 37777
1573 5979 37789
9069 4344 37822
1005 2058 37834
8807 7077 37863
191 9276 37864
1887 6654 37868
2468 3896 37887
8 4011 37897
7769 3037 37946
5279 9090 37958
6583 4120 37963
1094 1255 37998
9783 3788 38021
2766 460 38065
3733 6945 38100
315 8674 38203
5189 7453 38209
6668 8258 38240
8469 4184 38240
5920 1794 38267
1489 1136 38423
2762 2783 38437
1297 4697 38440
531 289 38459
8034 844 38470
304 6272 38475
5575 5562 38514
838 2804 38518
3249 7738 38676
5934 9105 38702
148 667 38703
9517 4973 38710
9056 3346 38725
1448 8776 38774
5876 8542 38788
5155 7324 38805
1114 3043 38869
6754 1922 38896
7436 7903 38900
372 6306 38902
3650 4761 38965
7692 4586 39003
4033 406 39087
1983 6166 39090
2955 1951 39112
33 1173 39132
4363 4942 39152
1583 8897 39223
7823 6088 39232
5621 3678 39252
1472 7131 39260
3542 5599 39270
3355 3908 39271
9812 2629 39407
3916 367 39417
5414 6073 39422
167 47 39482
7781 5132 39554
5808 779 39560
4736 7954 39661
8636 6812 39678
475 1547 39678
2924 4128 39680
7466 2316 39685
2739 2115 39705
2931 7269 39719
6881 2071 39724
3133 2768 39807
2385 6319 39842
700 384 39859
2002 8922 39913
3134 1973 39919
738 4989 39929
6689 7611 39961
3610 9644 39985
2940 2318 40014
7224 2604 40083
615 8204 40089
9847 1461 40257
6387 8952 40258
8524 8615 40271
114 891 40289
7855 4240 40289
7016 6674 40322
8291 3625 40334
4703 1521 40375
8329 8534 40434
1605 3830 40459
8285 5779 40507
7952 6520 40555
3867 7451 40558
9804 7587 40563
361 4114 40614
2053 992 40617
1907 2942 40692
5968 4894 40712
7709 8347 40756
8730 544 40759
9850 7037 40803
313 7036 40846
5810 5177 40929
7715 5212 41022
7625 7310 41022
1757 4938 41029
3917 2754 41035
7816 3022 41099
4782 7627 41103
4939 3559 41108
4539 9830 41127
158 1055 41147
4073 5598 41214
2929 3876 41229
4671 310 41254
6956 6739 41280
120 6767 41314
105 8407 41356
3989 4777 41360
1022 6717 41433
8074 1850 41478
5770 6235 41495
5750 5882 41530
1558 7418 41602
318 6037 41609
369 7988 41612
359 1454 41658
2665 8629 41663
1216 237 41677
9383 2931 41826
3464 1623 41856
3783 699 41896
1287 1647 41938
6740 6082 41939
1251 1947 41975
8654 4346 42093
8125 6248 42149
258 5351 42211
8350 5980 42251
5297 2990 42265
2257 4472 42290
2352 7162 42305
9618 5034 42323
676 6726 42352
2145 980 42360
2946 3552 42430
251 8639 42457
646 201 42493
3159 4616 42495
758 7994 42514
819 942 42576
7673 3783 42581
8859 3061 42582
2721 1667 42648
8461 7347 42662
410 2780 42696
3656 513 42791
447 3143 42813
7893 414 42827
2193 8233 42849
1920 817 42952
48 5111 42994
561 2006 43016
1958 3174 43130
7656 5608 43132
2629 5311 43135
8932 758 43146
6178 5657 43198
25 328 43198
625 2372 43238
2742 699 43243
6515 6436 43254
5955 3998 43268
1599 2045 43281
7585 8823 43326
2091 5308 43382
8784 4949 43400
1297 867 43416
1033 595 43455
1338 363 43509
4075 9919 43576
5715 7812 43643
9473 8698 43645
5450 5696 43749
796 1428 43780
4200 3100 43789
6888 5221 43803
1120 3333 43820
6476 7580 43953
8748 4826 43992
9652 6364 44056
9707 1578 44059
8076 562 44076
8976 9433 44127
5716 5018 44146
2840 2911 44160
285 2159 44174
4294 4866 44175
9501 9369 44203
617 6675 44226
2585 1504 44254
2295 864 44266
2018 5117 44272
4590 9624 44286
556 4454 44287
524 512 44301
8305 3030 44309
5109 6336 44337
1335 6718 44355
3169 1905 44447
6174 9798 44468
6562 7670 44502
8007 1305 44571
5836 8092 44600
2270 2732 44605
4087 8610 44847
3811 7345 44857
7190 4051 44892
8750 4163 44916
3640 4904 44916
7428 1957 44989
8026 2214 45044
9180 394 45057
8604 8239 45116
2645 1048 45132
3117 8191 45162
1603 3230 45226
2194 8545 45234
4170 1115 45242
1878 2047 45303
194 4232 45317
9904 1935 45327
3929 4764 45360
6675 6313 45380
4416 1882 45394
2827 7217 45432
1595 246 45485
4443 2459 45554
9703 1691 45575
9293 9620 45703
8806 4238 45706
1995 9218 45715
3049 3499 45751
3088 1785 45783
6988 1622 45832
8044 7959 45869
6804 5208 45948
9925 4814 45954
4504 4801 45965
2500 3616 45981
8110 9985 46022
1173 5567 46052
7900 5050 46090
5115 9157 46108
6711 3828 46143
9213 8418 46179
3175 8678 46180
5919 9522 46217
3713 7454 46224
6437 826 46259
1388 3217 46264
1061 4117 46322
8198 5124 46335
5916 7477 46359
461 6454 46389
9750 3439 46439
6005 367 46440
1673 5346 46458
6002 6715 46540
1977 8833 46546
2833 198 46577
5621 1867 46604
1036 653 46668
828 293 46704
2577 7287 46758
8309 7805 46766
1666 196 46777
5737 5087 46780
863 7396 46789
6636 216 46795
6917 4910 46803
7993 4494 46805
8484 235 46835
2814 624 46852
3865 1499 46899
9330 548 46951
504 7788 46988
9125 9490 47039
8212 75 47073
7152 7735 47139
6877 7713 47160
330 216 47171
6377 9767 47191
7774 1643 47204
475 4554 47241
6537 6105 47262
2162 66 47267
6737 8053 47267
1644 2490 47268
6206 5034 47297
6267 2791 47348
430 70 47426
8271 3453 47432
9853 5769 47459
4553 4177 47477
7755 7452 47483
5360 954 47490
7221 4959 47502
1094 698 47507
3182 1710 47539
8924 3433 47561
6269 9309 47568
4031 2396 47578
3377 1557 47593
9776 9856 47618
9901 7943 47623
2676 9322 47704
3319 1137 47767
4123 7082 47768
525 6049 47779
3090 9972 47821
3293 1605 47944
2557 9807 47952
7333 2396 47955
8218 2522 48092
9939 5441 48105
4923 4130 48133
2485 619 48138
2248 1354 48211
8434 741 48277
1946 8116 48289
838 8790 48338
707 2879 48420
5717 6868 48434
2850 3017 48461
8389 2734 48478
2546 1664 48506
150 349 48618
6305 4266 48618
224 7708 48632
321 384 48683
5785 5216 48772
8239 2435 48882
654 631 48900
8622 4801 48973
7206 5291 49000
647 3273 49034
3353 3505 49045
71 3928 49090
5182 8787 49192
1990 1421 49196
2078 1044 49210
4905 1985 49220
5223 4599 49235
7028 9657 49266
1461 880 49271
1928 9177 49283
1584 2513 49289
3210 4187 49300
8424 4769 49329
6689 8567 49435
7197 244 49490
3550 1618 49526
5924 1947 49580
3332 4047 49599
5392 2016 49601
56 5806 49638
5492 4036 49654
8884 8364 49670
7601 4736 49687
1058 1489 49693
6824 8241 49746
1525 7427 49767
2602 6459 49796
7871 41 49825
3385 4019 49868
8055 4012 49871
3951 3785 49872
5073 214 49881
1561 4463 49918
1706 9864 49930
93 7758 49967
7710 7548 50136
3687 3137 50150
5552 4593 50171
413 7511 50174
5531 5214 50201
3599 8644 50206
670 3122 50290
5497 1764 50391
533 552 50420
2021 6813 50422
1467 2876 50431
9132 632 50474
2504 5203 50488
7562 1826 50507
2624 1775 50517
4119 4594 50521
7263 3617 50531
856 647 50538
2010 3116 50616
4544 5241 50668
8996 6139 50684
3606 2237 50723
9945 8291 50729
2336 1076 50730
2784 9072 50741
3087 1898 50745
6630 8154 50808
7824 7751 50869
3629 2265 50873
1156 27 50908
7469 696 50926
6552 3958 50949
8574 9324 50963
1919 1631 50991
8892 4439 51041
5418 4847 51054
4638 7066 51055
8480 360 51060
5175 1127 51075
278 3595 51129
5023 1674 51168
6818 5410 51221
4547 1209 51265
6831 1215 51290
643 6033 51293
259 6494 51308
1786 1713 51374
1310 683 51430
4537 7622 51502
2220 8544 51517
5893 1596 51580
730 3646 51581
2858 1489 51620
6034 8065 51658
1876 2350 51768
1205 417 51783
42 8165 51787
7462 1512 51798
1373 4935 51827
1331 7575 51857
491 591 51858
662 7103 51927
5253 7145 51934
5751 2151 51990
6279 6934 51994
1781 1469 52021
1612 7222 52033
4397 423 52050
7641 5057 52065
8206 3748 52065
6672 8513 52111
7021 620 52150
8193 4372 52169
5497 1494 52261
5604 3679 52319
941 8130 52325
543 4194 52332
6660 4075 52381
6437 7663 52491
5836 6677 52504
5525 9951 52582
497 9755 52617
5533 8988 52667
7455 672 52791
9645 5580 52819
482 4000 52827
6379 1879 52834
1533 2635 52859
8077 227 52897
3644 3121 52897
3756 9647 52900
3019 1046 52919
7695 3067 52944
809 6088 52982
569 1709 53007
7290 1450 53040
2383 2299 53095
4999 7845 53109
522 8007 53142
712 495 53161
7530 1648 53166
9641 296 53183
9049 9488 53189
499 8784 53228
7525 3343 53299
3578 617 53322
8454 1593 53385
199 8 53392
3382 9210 53400
5907 560 53424
2304 5736 53476
1909 6637 53512
713 1331 53586
4944 8598 53590
2456 7083 53650
9004 2911 53662
2831 3393 53667
1703 4377 53768
7134 8047 53799
8995 7484 53808
2599 3216 53830
6709 4572 53861
4759 3331 53930
860 7639 53961
6662 873 53983
9464 6935 53996
1235 848 54152
4420 2687 54169
6674 6956 54213
719 1282 54233
2157 1051 54258
1555 9736 54273
6551 2237 54297
7984 5681 54298
506 5565 54318
3389 7424 54320
5122 6473 54339
3451 9915 54368
1728 7575 54405
1531 4310 54434
4458 1925 54507
3517 5059 54524
1303 8802 54533
1112 7239 54558
8981 649 54647
2180 6284 54651
6752 5104 54708
3534 1543 54710
3005 2920 54811
1602 1775 54911
1721 2682 54963
318 974 54970
8311 5332 55012
1936 1408 55094
2586 9594 55098
8787 1828 55135
660 795 55136
131 4734 55142
2222 3719 55249
4401 9564 55303
2629 5802 55328
2390 6769 55354
8917 9472 55472
5855 9749 55576
1214 9639 55578
178 22 55596
899 3266 55678
9970 8079 55725
5157 2641 55744
5868 5191 55784
3728 4761 55870
3755 9945 55872
410 8093 55910
5361 8135 55952
1952 9055 55970
319 3135 55971
1788 778 56003
8155 865 56020
3637 358 56041
1239 662 56056
1957 239 56083
3747 6438 56094
9691 8340 56125
254 9973 56205
8088 2109 56206
4788 1317 56307
8544 5289 56310
6777 5618 56330
2298 3452 56340
2617 7788 56443
8828 8361 56503
7068 9776 56544
105 32 56579
9474 7270 56630
620 120 56744
951 4429 56756
9230 4171 56766
8364 1971 56909
5760 1294 56914
922 1866 56952
6834 1945 56957
7143 3909 56972
9850 6954 56977
3526 586 57022
2173 4896 57082
3256 6028 57110
5870 7415 57122
882 1168 57197
6699 3168 57202
2566 2554 57230
1579 728 57266
5706 557 57275
6612 4742 57307
7500 2019 57316
3311 2785 57335
5169 9116 57432
7204 9151 57460
267 698 57493
6008 9164 57587
3745 8419 57677
2579 7442 57730
4268 4349 57749
5540 6459 57756
563 6999 57759
9375 7667 57800
5565 9783 57812
9864 8942 57815
8797 4537 57941
4162 1053 57978
1244 2437 58014
1002 485 58132
1880 2494 58191
4213 6737 58284
2822 5896 58285
5153 3101 58293
7266 6829 58296
226 792 58472
165 9155 58473
482 102 58475
5169 9301 58501
2699 833 58515
5763 788 58522
9499 3247 58563
3609 309 58589
7741 8161 58603
7071 2394 58617
835 5972 58646
7345 200 58650
3745 8399 58659
583 7435 58678
2344 1262 58755
8106 3272 58771
8353 8854 58793
374 3693 58795
5364 4361 58860
2557 2225 58877
7843 6456 58912
5855 3777 58965
6540 6759 58977
2819 2048 58990
6749 967 59025
1467 1791 59054
3694 649 59099
4667 4912 59109
1729 842 59112
9786 6398 59167
3246 5500 59304
2310 2540 59341
69 7437 59350
5283 4310 59352
487 6523 59369
334 420 59378
27 4999 59384
7545 9052 59396
3326 991 59458
8137 8335 59495
5424 2453 59499
419 1532 59552
590 1436 59630
4247 7635 59651
5478 7974 59653
9125 4354 59674
4393 854 59740
7264 5429 59746
1498 785 59747
426 939 59894
3727 6590 59917
1157 2263 59920
7127 6137 60034
6127 6123 60071
3080 4144 60077
7351 9691 60128
5745 6929 60138
1894 3074 60233
1171 7282 60259
2017 905 60309
8423 5689 60313
6322 5598 60318
4453 7710 60335
966 306 60372
6842 421 60425
9512 4474 60494
9939 59 60547
2498 4943 60566
1346 2188 60570
2958 1094 60613
9654 9148 60653
891 4173 60728
181 8523 60761
1041 5626 60778
6689 1120 60809
4340 2725 60812
5819 3367 60959
4590 877 60983
7768 4169 60986
3017 3989 60994
6087 34 61090
6023 4308 61175
4596 5200 61197
2554 4351 61202
153 3152 61215
2150 6817 61239
3781 3898 61277
8994 1091 61296
4692 5076 61331
6105 8815 61424
6719 9565 61474
1984 8834 61573
7795 7984 61602
6317 355 61675
758 9558 61747
806 8588 61758
5776 9538 61810
6592 191 61820
9682 9615 61844
6635 2785 61963
1217 915 61973
6541 7872 61984
9924 8904 62024
5628 6624 62029
6998 8493 62062
5660 1587 62070
6228 2409 62119
1299 437 62169
4979 3118 62191
4464 1496 62224
3097 7469 62378
2218 217 62412
1784 4994 62428
2135 2354 62482
6305 2242 62490
4119 4429 62504
6266 9228 62674
3688 2703 62696
4959 76 62721
3065 3893 62734
6860 1864 62744
4306 581 62760
4636 3736 62879
672 1924 62896
9428 8848 62907
645 555 62987
1339 9044 63090
7075 5073 63200
6923 3839 63236
5783 8761 63246
5872 1365 63265
8437 7198 63280
4348 6135 63313
9054 7095 63417
7625 7790 63569
15 1586 63605
9758 9431 63617
3348 8364 63720
8005 8365 63773
6333 593 63774
2866 5541 63793
5899 9474 63826
6141 4672 63850
9165 906 63881
9570 3742 63913
9577 650 63916
6085 7934 63926
8217 9091 64190
9468 9039 64192
4948 2268 64250
199 1550 64250
9063 1529 64281
5687 3765 64316
911 8776 64318
1583 9148 64324
5513 5328 64329
9109 7663 64349
6248 5421 64380
3295 3018 64407
8756 5393 64478
6415 5306 64484
1344 1583 64490
3622 8311 64704
2328 7196 64739
3390 6199 64775
18 160 64790
3310 6991 64806
377 1843 64884
3685 2033 64887
199 359 65048
7582 2828 65066
3599 8520 65069
5963 3506 65128
4876 3562 65185
4072 7680 65264
2522 8405 65282
4172 4439 65349
9283 1806 65362
3484 5944 65369
9883 7610 65406
3359 8802 65414
3555 3644 65474
3461 3353 65564
8530 4711 65667
1147 1122 65715
7360 3466 65738
4530 7020 65758
920 1939 65784
6525 7388 65861
1524 7543 65893
9048 477 65943
3282 827 65959
6260 1247 65967
8804 6213 65997
7497 1953 66025
3411 7009 66111
8931 3762 66141
3580 2186 66167
9035 3837 66173
8218 6594 66177
5770 1031 66178
3787 7942 66440
6827 7239 66440
141 723 66455
7291 3456 66462
7583 1577 66464
3725 1449 66494
9386 2950 66533
3043 1793 66558
5513 7305 66564
3431 484 66627
2957 470 66745
4437 4949 66765
8080 9025 66783
1479 5692 66836
8362 741 66837
5526 7189 66895
1995 563 66903
1579 8760 66922
438 1664 66948
4362 3073 66951
5528 690 66993
2731 9931 66998
1137 782 67007
9808 5666 67009
1713 5019 67030
433 1306 67036
8801 7334 67067
2566 6626 67074
7319 3830 67113
2637 2383 67119
5720 6404 67180
3925 5501 67253
623 6944 67258
3590 1202 67268
8127 8899 67271
6892 7579 67358
448 7736 67420
1705 5140 67487
2664 326 67510
5510 1860 67519
9107 1920 67532
3252 8756 67559
85 198 67564
536 6793 67565
4329 7976 67639
7756 989 67646
960 2649 67653
3112 3018 67684
3402 1068 67718
8487 7064 67724
8696 4623 67828
8866 9389 67929
172 6 67947
5181 8827 67997
2948 2942 68035
2328 883 68060
9982 7883 68063
2481 4447 68096
8605 5820 68123
4974 627 68205
3183 1631 68206
1879 100 68208
295 5116 68210
3957 4105 68219
8930 3582 68268
1366 6900 68277
9888 8656 68306
55 2759 68309
8473 6900 68332
2439 7206 68362
6777 4257 68373
9343 3806 68420
1347 317 68445
7058 7615 68456
7961 9261 68466
4759 1057 68546
7001 6066 68565
398 3062 68569
5714 1196 68599
9768 6970 68609
6072 3667 68683
3728 179 68684
1333 1586 68722
6242 8084 68735
4728 5960 68775
4981 7674 68790
3661 9627 68800
1039 6833 68869
6423 5086 68891
2008 3272 68899
9652 7464 68911
8903 8645 68921
784 1909 68936
3776 9686 68966
7418 3613 68985
4778 8357 69026
7748 5270 69046
8587 4876 69048
243 5813 69064
1685 9011 69202
608 2888 69229
2502 4087 69248
5085 1089 69260
8061 5933 69278
651 121 69281
2257 319 69290
7569 5841 69306
1412 709 69364
6781 1697 69368
9213 6866 69445
1000 4281 69503
9329 9979 69546
1768 474 69555
69 5929 69565
9362 3293 69594
8030 1754 69601
575 996 69650
6113 4888 69656
5228 979 69686
2831 5012 69686
2107 3068 69697
913 1698 69720
7949 333 69734
2676 9937 69737
5774 240 69764
8372 8320 69795
4512 5338 69803
4631 4038 69814
4464 4033 69821
8121 4070 69839
3378 7125 69901
437 12 69919
4840 2970 69922
4676 7964 70083
7043 8434 70095
1909 6575 70138
3883 3892 70146
8129 5404 70147
7236 9917 70167
2129 7613 70270
559 4042 70430
2683 1885 70482
7 598 70605
8992 3200 70653
8477 3097 70654
5196 6268 70692
9657 6055 70693
9779 8130 70768
6532 8810 70819
3512 2123 70857
5934 6470 70859
4253 5029 70864
9790 6050 70880
5805 3502 70973
2149 5641 71063
8349 4715 71068
448 9445 71084
9316 8079 71114
7474 9776 71122
4367 9419 71237
9411 5353 71239
7205 8073 71253
9848 1180 71258
7909 6193 71275
9444 6677 71320
2326 2164 71379
3049 804 71419
3354 6873 71445
9247 7929 71456
3209 3968 71458
5298 9458 71506
7629 6438 71519
960 6849 71565
6625 7812 71615
8592 4332 71635
579 5034 71669
8635 4736 71691
4947 725 71711
5223 6620 71729
4041 4130 71773
3517 8647 71781
2269 8778 71789
2237 561 71826
9689 6147 71830
8599 2419 71864
5660 4138 71876
8207 4293 71903
2671 9347 71910
7667 7875 71910
5528 2766 71943
2817 6149 71974
1493 3557 72040
8875 434 72059
2954 2103 72076
1093 5293 72153
967 8589 72179
3580 954 72246
4209 676 72260
7570 621 72306
5183 3769 72317
6212 9985 72372
5488 9903 72394
7764 8062 72405
7839 5406 72560
2769 587 72570
3737 132 72572
2973 2864 72619
4627 3239 72661
7296 3411 72673
6203 1044 72870
8859 2146 72891
2298 4787 72914
1553 6549 72926
6993 6077 72943
4321 5667 72943
1474 1391 72989
4556 8223 73121
1358 6703 73126
7654 4316 73149
1012 4727 73191
1054 627 73291
2403 2177 73397
7779 3909 73407
7346 1268 73470
961 2689 73480
3858 857 73489
4973 318 73524
8359 354 73532
9951 6503 73610
8878 9641 73645
6414 7013 73662
8232 4970 73716
228 3517 73738
3072 3956 73749
1953 2922 73799
3318 8473 73820
9124 3837 73832
6357 6140 73875
6734 7667 73936
202 67 74079
1631 3329 74090
6343 246 74093
3246 4911 74101
4747 9653 74124
2492 5985 74178
1144 2760 74200
149 7805 74218
4487 3365 74256
1392 13 74388
2745 5675 74414
2819 4658 74422
7908 5387 74470
3266 9098 74474
2112 8907 74504
5751 3651 74538
458 8534 74610
200 3986 74614
6872 1552 74662
5375 5264 74672
1215 4064 74681
5570 5858 74683
2901 6754 74705
3648 2130 74721
341 5106 74777
6052 5957 74824
490 1356 74862
3816 7236 74893
9465 3183 74965
404 7146 74986
7691 3352 75055
1182 710 75079
177 139 75139
3493 3168 75197
8522 202 75200
5841 5052 75241
8203 3568 75247
8929 7127 75270
5143 5912 75340
5554 6064 75397
5574 364 75427
4738 9773 75448
3150 3971 75519
5540 8882 75540
7963 9995 75584
9183 2315 75621
1400 7998 75646
580 9422 75649
9728 9202 75686
5748 9294 75724
7915 6181 75788
2364 4832 75852
3599 3111 75951
3305 2482 75979
4892 8292 76074
6861 5281 76210
6672 4802 76211
3114 80 76308
295 5775 76321
1914 8021 76340
8434 8306 76384
1018 8333 76450
847 697 76504
7607 7001 76504
890 725 76546
6775 5334 76584
8010 4104 76630
96 7800 76632
6778 2151 76666
4661 7062 76710
0 7 76724
4307 8189 76829
1352 2422 76858
7932 8785 76896
1784 4749 76926
9672 8587 76951
2868 4775 76984
6605 5155 76989
8479 2474 77004
2761 1180 77016
9183 4142 77060
8079 8432 77081
391 566 77161
1973 3465 77182
4654 4582 77194
7738 2678 77209
4309 5512 77298
9625 3954 77361
484 2244 77372
1159 9575 77389
163 49 77395
7696 1018 77433
7477 4975 77434
7216 3243 77460
5353 4974 77463
1327 2465 77514
3255 3764 77555
2027 8332 77567
4368 1343 77607
9372 4100 77613
5034 9161 77620
1326 2203 77640
8590 4720 77672
7571 9760 77697
5255 7950 77720
9579 5476 77728
7194 3389 77745
7197 7947 77774
1253 9200 77797
5524 8951 77868
9999 4117 77887
8309 1358 78024
5674 8144 78113
2190 9068 78117
9099 3714 78193
6630 3313 78231
2313 3904 78309
406 8360 78318
3002 1246 78418
2780 1507 78426
3842 4581 78440
310 5249 78484
2160 555 78486
47 1501 78533
3000 1648 78551
4975 4719 78615
7167 175 78639
9036 5330 78754
9991 7599 78772
5992 4064 78793
1124 1003 78794
3706 3291 78808
6047 1006 78856
3845 5265 78877
4332 1726 79120
6882 1434 79122
6483 1551 79131
49 682 79147
1618 7634 79173
5092 4048 79181
117 2947 79197
3187 6700 79209
6061 6831 79214
3560 2148 79219
8599 5566 79246
9488 5639 79292
107 22 79392
4833 5180 79450
575 3638 79464
433 1891 79473
2937 3241 79474
9179 6730 79571
6088 145 79674
5792 4625 79757
481 2636 79759
2970 1820 79809
3515 4927 79920
1647 77 79939
6641 6447 79987
1538 649 80098
3877 522 80109
4850 9446 80123
996 1530 80378
1791 1266 80434
7672 6165 80445
9743 4680 80469
1806 7440 80690
3934 4094 80750
1149 3264 80752
5645 1520 80791
9976 2469 80825
537 7675 80834
4870 2467 80852
5326 5945 80923
261 910 80945
9842 941 80967
6400 3495 81006
7442 4047 81073
5568 2329 81101
388 3597 81110
5814 4040 81134
6904 3397 81170
5519 6925 81192
8070 877 81222
5633 1722 81225
5234 4894 81338
2981 3259 81345
2283 7772 81366
1740 8560 81409
6316 3695 81416
30 85 81417
1376 8255 81490
5300 7074 81537
70 1331 81549
4129 6680 81559
3652 372 81802
3276 5156 81822
9583 4109 81870
9385 5320 81873
7327 2252 81883
2188 2047 81895
8826 5041 81953
5476 6273 81983
5164 4611 82058
440 5126 82060
6543 7733 82081
1841 145 82112
5837 397 82151
4932 5396 82217
8345 6107 82241
329 7567 82293
9721 6381 82308
16 1217 82361
805 5097 82368
1839 6041 82438
5698 3279 82458
6264 6125 82480
5429 9150 82543
928 3060 82595
400 87 82596
6614 1201 82621
9332 3453 82644
9400 7824 82666
9995 2416 82712
3907 1456 82725
133 442 82746
2336 4090 82752
9250 4527 82807
1352 1269 82827
7676 6165 82898
716 1438 82918
2799 4834 82972
7955 7553 82989
341 10 83013
270 6215 83101
4788 2893 83108
4884 4867 83175
4656 2110 83235
134 92 83290
8091 6144 83331
7505 857 83335
7212 9203 83395
7209 7850 83425
5405 7856 83467
5467 9097 83474
3149 2789 83495
7281 6884 83564
489 206 83641
8713 7126 83663
5519 5796 83666
6805 6723 83674
2275 2514 83720
2085 1866 83874
1757 9385 83896
539 860 83919
1617 2506 83935
5842 4714 84073
113 4993 84075
4690 3587 84124
716 8144 84139
8445 7128 84192
8479 8351 84219
5647 3385 84265
9369 4602 84289
8858 3984 84323
4543 1205 84324
379 1558 84327
2555 4190 84379
2090 7010 84385
106 2175 84415
8926 5566 84425
3732 5005 84429
7123 8582 84540
4317 119 84617
5488 5782 84621
1472 5865 84629
7200 5836 84653
698 6470 84712
8989 3416 84743
7502 1765 84788
4399 6223 84840
3465 2297 84850
23 13 84891
1326 8000 84922
739 2150 84940
8121 8582 84989
9868 780 84994
4393 8826 85028
938 6999 85035
661 229 85065
772 4251 85072
1616 7616 85095
7259 674 85135
2165 2328 85142
921 282 85146
46 4675 85196
725 4114 85215
1923 9281 85351
9960 2186 85370
8899 2745 85380
9134 3010 85441
8834 9241 85455
4137 4416 85507
721 69 85583
774 2768 85585
4116 8644 85591
4088 5451 85623
1894 5377 85756
6124 9831 85803
15 24 85883
7630 3954 85927
871 4875 86021
3535 7566 86088
4003 1869 86094
8178 7206 86105
812 6505 86124
5370 3601 86128
6226 4896 86129
1972 273 86198
4537 1255 86293
5713 3338 86334
2136 2048 86392
1642 3141 86399
2511 5151 86427
5478 7783 86477
4096 365 86482
9361 6789 86491
558 7250 86494
5894 5673 86506
2133 4784 86522
7897 6568 86556
6534 441 86567
3316 4320 86573
5824 8780 86638
3346 1953 86671
5835 2351 86795
7457 2447 86837
1646 5368 86856
1426 5797 86857
3661 4100 86890
297 8324 86937
72 266 86964
125 539 86985
9666 5090 87008
1988 118 87022
4327 1154 87095
597 4586 87101
2252 3170 87101
7108 3926 87138
1026 1366 87161
4136 7805 87188
2946 4155 87234
1325 9346 87236
7419 8457 87283
8343 700 87286
6598 3528 87347
4901 2691 87431
9213 1800 87445
4296 993 87485
4768 3675 87520
7523 7209 87529
2767 580 87536
4296 35 87579
6504 6300 87618
180 2635 87708
8364 2050 87725
5271 6665 87754
6296 1623 87768
8151 1210 87848
2628 2797 87858
8303 2691 87885
5586 3904 87989
7508 6003 88017
2184 7164 88061
108 766 88064
3101 2854 88120
6538 762 88122
9115 4649 88124
470 1353 88133
3356 2153 88198
4015 1423 88199
1012 8615 88221
2812 5447 88265
8464 1709 88275
4486 972 88303
5372 3389 88328
8082 332 88384
5163 7478 88461
7212 6901 88505
5962 918 88553
6994 4075 88574
8278 1386 88595
5771 4878 88627
8820 4664 88677
403 216 88692
2765 7535 88725
9380 7059 88733
5087 3294 88757
8137 8095 88798
6856 8496 88817
4434 2524 88820
6867 1013 88848
5763 4461 88849
2862 7739 88863
8013 4495 88879
5969 8784 88901
6415 5933 88910
4911 8398 88952
9745 4870 88959
5270 2628 88969
6532 1250 89017
2937 5080 89071
7912 3312 89084
3568 631 89096
7747 7805 89119
1282 7289 89159
1540 6619 89186
8158 2695 89234
2797 763 89256
9949 6142 89295
3741 425 89305
9685 5738 89307
4133 3364 89311
1045 2769 89383
4257 3878 89438
4774 4327 89451
5803 2288 89487
5988 5794 89490
1034 7012 89527
5308 670 89529
59 7981 89531
7512 9439 89579
1000 9408 89579
4076 742 89639
9369 9774 89710
6310 8609 89752
5210 9527 89762
8854 4353 89769
3715 2237 89796
1813 5452 89821
5709 32 89834
5625 5580 89842
36 19 89919
6149 7698 89930
1563 4815 89946
2389 4354 89978
3639 1872 90040
3198 8757 90058
2521 962 90085
7671 459 90093
3275 9279 90136
2610 6273 90170
9498 881 90227
1794 9436 90242
6039 6282 90243
5102 6898 90245
470 8265 90255
1500 1698 90262
4053 3810 90282
5766 9229 90299
783 1408 90299
4420 7629 90331
5266 568 90339
678 9513 90342
8980 6509 90411
4325 4565 90546
6477 661 90581
3367 2395 90669
1123 8536 90718
855 9351 90724
2736 4420 90794
2504 2402 90831
6489 4353 90832
8505 8409 90871
6232 3817 90894
961 4635 90910
2927 2258 91064
1565 126 91087
1842 6518 91093
6723 1368 91164
1170 647 91175
7424 4074 91236
8199 3802 91388
3016 2160 91414
1330 2372 91421
9029 1895 91439
1229 1242 91439
90 439 91550
2144 1692 91576
5822 1086 91582
5311 8925 91615
196 695 91632
3186 2810 91652
9246 2113 91677
733 8036 91678
7332 7003 91690
4294 5839 91742
3005 5501 91745
1167 6360 91754
5074 2167 91792
2709 2974 91803
5348 3866 91816
2584 4979 91827
2238 1979 91838
894 9377 91872
860 2266 91889
85 1893 91929
6867 497 91956
188 659 91971
6944 6218 92038
2426 4751 92039
9928 3526 92051
5926 1020 92071
6921 9764 92074
3579 9572 92096
1393 9900 92173
133 251 92236
910 6138 92273
5025 7026 92297
6506 1006 92342
573 4664 92380
3812 6210 92428
339 7123 92532
8321 724 92544
1370 8394 92551
1465 6781 92609
9462 3085 92620
3098 6221 92720
273 1427 92870
106 385 92873
2693 6975 92881
3145 3823 92886
4399 648 92887
544 8703 92892
8377 7965 92944
4135 8005 92997
1 30 92999
9101 6873 93041
3278 8651 93046
3930 9829 93069
6215 5165 93116
677 1480 93127
47 513 93131
124 8159 93201
7732 6264 93216
5924 4813 93258
90 24 93281
1928 2841 93281
9955 5928 93308
9811 5005 93404
1826 3350 93437
8338 8818 93445
1805 6119 93473
8079 1252 93487
5220 9534 93547
2210 3119 93603
3977 8403 93630
613 8313 93690
4294 8730 93728
5385 8047 93885
6941 8034 93886
4299 8753 93948
161 21 94011
5417 7376 94047
296 140 94057
2024 8164 94087
1591 4075 94107
1543 1132 94176
3653 2446 94201
4759 2728 94218
1807 1171 94241
8919 213 94260
6735 4771 94281
6121 6378 94281
7353 4219 94315
7954 9542 94334
7527 8856 94337
446 118 94378
609 479 94384
6272 3005 94388
6044 8272 94574
5354 8953 94664
1313 4205 94719
877 4727 94731
2265 5560 94801
5942 9014 94863
3449 3148 94878
3742 112 94916
2679 228 94937
8850 1683 94993
8543 3028 94999
4394 7798 95004
5332 2740 95048
3633 2140 95082
1922 4004 95135
5876 5028 95169
7912 6711 95178
712 5872 95355
8929 8250 95355
8238 2050 95420
4333 4164 95421
3983 3450 95432
3189 3001 95435
4230 7528 95452
8828 6086 95466
3056 3518 95498
6224 5215 95541
4575 8045 95564
429 553 95669
3589 5962 95692
206 5180 95741
552 306 95807
8592 217 95828
976 2554 95835
9878 1638 95902
1008 4603 95938
2375 3695 95948
2454 1303 95961
813 9134 95971
1348 4806 95996
5239 2763 96001
3582 9817 96043
4735 85 96077
4 6 96099
778 5431 96102
1478 1162 96125
65 650 96155
2673 4139 96178
6342 9778 96180
171 2242 96209
6882 3684 96278
1759 1180 96288
4666 3735 96311
100 4001 96319
4940 3599 96365
759 854 96398
106 404 96413
4336 5537 96419
3867 730 96445
7930 9867 96453
6611 3259 96477
53 713 96486
233 500 96582
12 3357 96593
8645 4873 96612
7482 7537 96671
3002 3709 96709
1986 5655 96722
2565 4110 96753
893 4428 96759
6234 6443 96767
9893 8347 96842
2651 9035 96950
1699 114 96969
328 614 97011
8562 6245 97037
103 211 97101
3140 6588 97175
5401 829 97183
4752 3011 97188
7289 9013 97192
3067 6133 97230
3708 3567 97242
8334 3164 97310
7770 1513 97396
5229 8677 97436
7013 6178 97478
8925 2381 97494
3196 1177 97505
4626 7559 97512
3420 1007 97513
901 1799 97570
8143 8713 97597
8254 5418 97688
8457 7796 97711
1721 4750 97743
211 3885 97819
4125 1949 97863
2984 7586 97869
9231 5720 97950
1750 2055 97990
885 3642 97996
6591 6042 98003
1110 9103 98011
8959 8086 98041
4296 2533 98067
4314 3558 98072
7586 8632 98077
395 1444 98150
6192 132 98178
219 232 98181
2416 7997 98218
1619 8297 98221
2274 1348 98235
5071 1733 98295
1151 1889 98318
8207 218 98319
8356 8345 98328
9879 8759 98366
5564 7755 98398
4111 3264 98515
3578 2318 98566
3588 3819 98568
236 7345 98572
6658 2669 98573
4630 8822 98595
1648 318 98625
2401 3632 98635
6110 6314 98639
7466 596 98778
2721 5870 98784
2227 6356 98839
4792 2809 98860
223 8795 98882
31 907 98962
7896 1822 98988
1943 2781 99039
221 8993 99075
7258 9719 99094
9969 8218 99113
2835 9629 99132
1383 238 99133
586 8963 99138
28 4849 99216
1697 2120 99293
3282 5596 99301
3310 4500 99305
5003 4675 99358
3973 1008 99368
5263 9490 99444
6026 7343 99445
9392 889 99486
8882 566 99488
9365 2926 99521
8360 3101 99558
1217 2154 99580
1587 2483 99600
8803 491 99628
2310 8890 99697
4961 1159 99715
4913 8023 99754
6034 3564 99914
4399 7002 99968
7521 464 99999
9695 1386 100049
8845 3992 100125
9792 4355 100142
2106 7043 100242
4652 5 100325
7845 4539 100392
9640 2270 100444
1096 9531 100490
4137 3526 100514
885 2304 100525
4915 3664 100569
7612 9287 100603
5933 4529 100618
6268 6497 100688
9878 9006 100690
3509 3676 100721
9229 474 100736
2690 1538 100750
8037 3797 100769
8649 1262 100838
8979 4107 100953
4402 3809 100967
8899 9558 100992
8923 4930 101110
8291 7714 101140
1454 2402 101159
9441 9822 101162
1492 1329 101323
2058 7806 101335
601 309 101370
8561 7291 101379
6607 5590 101405
2067 1328 101420
658 9755 101424
9516 414 101442
2522 983 101457
1316 4134 101469
6375 6660 101502
5 3751 101561
267 227 101588
3030 7206 101588
5700 8177 101588
7339 213 101601
9297 4846 101612
1483 8789 101655
1167 891 101709
5641 5019 101718
4052 8283 101739
3161 8787 101770
2498 8324 101801
1946 2743 101864
1451 738 101892
2190 483 101945
6476 5785 101993
4824 116 102006
238 3401 102018
447 5729 102078
4576 1503 102085
2746 3410 102088
9340 5270 102126
3076 3343 102148
3272 5453 102153
717 770 102196
4570 7181 102208
4000 7084 102220
3237 1517 102220
6690 613 102269
3392 2355 102290
267 636 102339
1194 5802 102442
8968 1167 102480
116 241 102480
9295 7346 102489
1683 6482 102537
6522 9592 102539
1790 376 102581
1880 4826 102593
2315 4353 102626
3986 2418 102647
413 3271 102649
2541 4763 102651
9006 7430 102668
6101 4755 102682
8026 5289 102852
1210 6628 102868
3171 2313 102895
7586 1332 102997
5970 4126 102997
3564 2312 103036
7379 4917 103061
0 2025 103084
1223 1308 103101
6086 6703 103132
6305 2613 103156
4188 2424 103175
1496 240 103210
2872 2718 103295
7901 7706 103298
1655 5170 103346
3835 3143 103352
6708 3225 103380
5317 4806 103391
5639 6808 103393
4752 6848 103399
8250 6030 103440
7304 92 103477
3897 4037 103491
216 8887 103539
1806 7012 103625
4477 3049 103643
14 5153 103664
192 3976 103677
7170 169 103691
4794 327 103697
185 449 103733
4627 2359 103733
6308 4902 103894
9957 8066 103897
5256 5143 104000
4505 5556 104001
1501 310 104032
6035 3462 104121
6143 1746 104228
2184 4482 104286
3000 4694 104289
4907 3728 104332
1161 7561 104355
260 919 104362
1278 3671 104439
6725 3431 104539
7165 9040 104545
8796 269 104644
6606 5144 104689
7657 3817 104714
8405 7974 104749
4172 3673 104757
256 2801 104806
3492 9784 104891
2027 565 104893
3346 4910 104919
2422 5101 104946
8481 2034 104951
6315 7487 104973
7375 2275 104980
4534 7894 105044
4952 7907 105057
885 5722 105072
7005 8138 105198
626 61 105205
8624 841 105216
7099 3067 105250
3142 3836 105313
6028 881 105314
9094 8652 105448
1956 2688 105460
6536 8789 105468
1841 9418 105493
6068 7173 105557
4887 7025 105607
4098 7655 105639
1152 9450 105723
2669 4734 105769
4633 916 105808
9701 1995 105835
1796 1085 105836
273 1694 105902
1277 1059 105905
3677 4188 105986
6534 6091 105986
1296 5959 105997
8744 3921 106011
8894 6785 106089
456 879 106118
5591 8623 106126
4639 9853 106171
6805 1475 106205
2462 4838 106299
1102 3073 106301
8853 8184 106335
5849 9467 106400
3695 1700 106419
7165 8595 106421
5981 230 106512
6724 8616 106532
1144 2246 106545
9222 1704 106563
5699 8148 106609
8466 6844 106627
240 728 106636
2439 4485 106687
3995 15 106722
6434 7517 106756
8011 6424 106780
1360 7 106844
5033 8399 106872
7393 2618 106899
6338 5657 106901
9646 2664 106909
3772 2019 106950
4131 5299 106958
4955 2556 106983
6543 583 106993
6452 4220 107006
8634 5457 107072
6115 5734 107075
7717 603 107083
8833 7875 107110
4577 7063 107228
59 2393 107275
3285 2571 107314
7096 8367 107322
3778 5766 107339
2962 8116 107357
4454 4121 107360
603 5691 107386
2393 1403 107389
3506 9912 107473
7938 2409 107495
6569 1075 107508
4661 5944 107508
7463 9533 107565
84 366 107587
4249 2278 107603
9400 7253 107623
37 2356 107715
7999 6147 107731
2231 995 107761
6316 7403 107881
9405 1537 107902
4693 4424 107911
1683 72 107918
8672 988 107940
5502 7967 108018
9118 574 108022
7795 6004 108068
1450 573 108098
3496 8344 108129
1635 3002 108184
5813 1711 108227
6080 1551 108228
1175 7666 108229
2404 1679 108247
2408 4044 108262
7466 1566 108309
7629 6513 108336
2334 9561 108376
5280 297 108453
5906 8367 108463
2808 2214 108536
6501 5459 108537
6701 5316 108557
5080 2955 108610
271 2117 108685
6293 4864 108713
6910 4320 108750
7460 6138 108805
4206 2459 108891
2376 7592 108911
797 552 108918
3854 4780 108941
6309 9612 109056
9153 7420 109117
3859 5081 109145
422 1747 109164
9040 459 109178
1047 9635 109259
5814 454 109299
5385 6054 109373
7207 7482 109383
2376 8387 109408
3451 8920 109431
6013 5018 109551
2036 1232 109634
8284 6499 109639
5470 7807 109696
5146 4133 109738
2924 2644 109817
4502 5202 109834
3711 762 109949
3156 419 110070
206 7519 110073
2898 4742 110078
5106 3933 110083
6139 7481 110099
386 5503 110173
4991 6541 110243
4031 5108 110249
2729 7283 110291
2804 4461 110318
6372 6719 110325
8574 6593 110325
3646 2314 110357
5839 8465 110360
8320 3508 110379
1870 7117 110526
8051 1780 110560
3311 5338 110575
1848 3939 110586
4744 8733 110660
4334 4598 110681
1844 1798 110737
2772 7710 110780
6333 8807 110828
4153 6705 110863
1130 8750 110864
9114 6286 110884
6026 3244 110915
7720 4869 110919
1005 5378 110925
83 54 110955
7410 9437 111034
3191 3580 111065
5888 3211 111068
3131 4713 111152
1845 5363 111158
822 1677 111168
7268 599 111187
8740 4330 111271
8702 6942 111286
2097 1878 111358
5683 3798 111376
9362 1530 111490
2655 1767 111515
77 65 111601
1837 4464 111631
958 955 111673
3782 9299 111687
4525 3016 111689
8276 1478 111695
2589 4371 111779
507 6017 111799
9145 1315 111822
8031 471 111868
6448 7651 111899
8484 3219 111901
1889 9386 111908
9622 8539 111930
568 1030 112009
3786 5190 112052
2992 6475 112063
6427 4161 112077
4074 3065 112080
4399 3037 112115
1596 7949 112222
587 640 112227
4834 7604 112238
560 2180 112263
1545 3098 112301
1689 3298 112307
9380 5954 112333
9914 7870 112380
1635 5487 112422
3991 2050 112459
1737 2301 112506
7668 8125 112599
1473 1107 112655
4434 367 112661
7599 926 112662
3783 1162 112687
336 57 112692
6548 585 112743
4904 3074 112761
7031 1947 112800
1932 512 112871
3785 5527 112881
1029 7283 112956
1851 5866 112969
3232 1205 113012
1964 3855 113089
5847 3322 113151
992 732 113154
699 1197 113162
7284 693 113163
315 8301 113167
7167 5184 113222
5297 9973 113243
486 7171 113271
7368 9405 113317
2256 7735 113319
8447 8587 113324
644 6784 113375
8537 1311 113388
498 3832 113523
8214 7612 113563
1454 7192 113594
4078 4644 113600
1411 5307 113656
8935 5213 113675
1527 1131 113676
2925 2260 113679
2277 2276 113777
5579 8834 113819
7100 8073 113825
4473 4966 113831
3961 3909 113894
6387 2389 113901
4839 328 113901
2790 2753 113927
3461 5455 113929
2496 2333 113933
1616 4670 113959
4264 6017 114007
4315 191 114035
1792 4260 114059
2695 2268 114095
123 196 114125
694 357 114147
6794 3055 114263
5069 116 114274
1785 241 114274
2134 7202 114274
6585 3354 114377
9954 9698 114401
7623 5265 114456
641 586 114472
2506 7322 114518
8624 5205 114519
4987 1164 114555
831 2375 114563
5707 4250 114601
453 2997 114687
3884 7705 114690
7674 1891 114706
4766 7686 114740
6065 1671 114776
7544 1295 114781
2330 8386 114801
285 3545 114820
208 660 114880
5997 3281 114889
5780 6842 114912
9792 5340 114922
122 1802 114981
506 73 115029
4537 6447 115033
5660 122 115129
7911 6303 115170
3692 1262 115200
4832 2960 115247
9426 8490 115277
6704 2378 115302
4990 4961 115371
6766 2923 115380
6755 7283 115389
2300 3748 115414
5138 6533 115483
8872 620 115543
5768 9034 115552
9974 7310 115583
1288 4628 115621
7358 2676 115693
2573 1249 115804
1330 7301 115809
250 5302 115899
5851 5978 115934
1161 413 115961
6565 4869 115974
4773 8299 116014
1606 3607 116081
1611 1276 116086
1977 5123 116107
4902 9433 116115
942 6300 116149
1487 550 116150
5493 4391 116159
815 211 116249
7416 3552 116249
1093 9725 116315
386 8393 116343
4023 7607 116409
2538 1189 116423
5090 6624 116457
4202 8412 116514
1188 8564 116526
166 8198 116549
6891 3206 116617
6645 1844 116626
5788 8110 116679
319 6541 116740
8023 3781 116783
8911 6405 116807
2972 9416 116826
8140 8809 116828
9048 5886 116830
3243 6824 116893
3731 1182 116917
5349 4683 117069
4963 1753 117100
6669 4501 117112
7584 3597 117128
5984 9187 117164
1606 1039 117191
2584 2517 117206
394 2120 117213
5238 6000 117270
230 4280 117326
6012 9450 117378
6319 914 117392
4020 9108 117402
345 187 117413
4832 507 117421
1903 5099 117455
5603 3964 117457
8765 6433 117525
7437 4589 117552
1555 6109 117587
1070 40 117607
792 4194 117621
7234 824 117656
4445 7628 117671
1010 2612 117676
1605 4339 117703
97 8531 117715
5568 1010 117787
3889 5212 117803
6860 1612 117857
4752 8895 118004
7949 591 118051
9713 1643 118093
2986 776 118118
3588 2668 118177
1591 2395 118185
6377 6033 118191
3613 7180 118222
4479 4687 118249
2402 3979 118289
6425 348 118328
2219 5489 118337
5416 5849 118370
7149 6158 118421
655 5304 118431
9826 3229 118479
8667 2670 118483
811 5185 118573
774 3723 118658
17 32 118677
7664 3939 118680
3813 1526 118681
5402 2159 118695
8070 3475 118707
824 686 118724
8985 6373 118787
9206 3053 118862
7942 3994 118873
3248 6513 118904
2145 2856 118937
9750 9130 118969
2320 6442 118973
2072 7252 119001
2683 3580 119008
6096 4259 119008
9184 6415 119010
7253 9761 119042
78 6550 119106
5356 2501 119118
7669 4279 119176
1459 3903 119182
3689 8069 119183
2968 3346 119205
1851 4666 119385
2981 996 119406
6944 1168 119408
1297 4327 119421
9252 6202 119429
5128 1753 119444
4980 1180 119491
22 4991 119536
9594 100 119553
3911 3151 119584
8409 629 119680
5708 1199 119784
774 2492 119804
1503 6635 119833
9940 6160 119883
6305 436 119888
6505 4735 119957
3999 2194 119967
1231 1723 119970
7728 7362 119971
229 1551 120010
4697 3524 120051
7167 2414 120092
6930 986 120116
5048 1744 120122
848 1329 120224
8745 7937 120251
6133 3204 120291
6054 51 120319
427 4526 120329
4722 4763 120372
7386 5655 120398
5827 936 120439
2190 2305 120440
906 1026 120442
3191 8860 120446
2440 5779 120449
7990 1801 120469
1632 6230 120484
7299 4976 120559
4508 4260 120578
3571 4904 120605
6156 2891 120616
8292 5754 120616
551 5759 120718
4443 5895 120718
3027 983 120722
5186 6467 120769
7450 4872 120896
8422 579 120967
4036 5107 120976
511 830 120977
7690 2966 120997
7902 7461 121002
4170 3966 121020
3686 3554 121023
8379 6034 121033
2550 1012 121102
9994 9950 121126
8834 5751 121137
2087 4063 121143
9571 9299 121170
7386 7423 121172
1119 6912 121207
942 1040 121207
5098 5608 121223
6537 9143 121245
4755 6358 121258
9026 971 121262
1954 605 121311
2919 5415 121412
7894 4314 121418
115 74 121436
1922 7450 121454
7203 9073 121471
1928 5401 121481
2017 3315 121631
229 1744 121644
9177 957 121653
818 9178 121684
7500 352 121704
282 8525 121705
7584 8841 121712
7491 5920 121717
2487 8310 121743
9808 2986 121843
3879 2207 121843
6264 791 121849
7125 293 121855
8661 523 121918
8599 6257 121968
3680 3460 121982
9192 9138 122016
9350 2122 122047
6364 8187 122093
7392 3702 122105
1388 6267 122150
8041 780 122226
2224 5107 122240
1243 7685 122261
2458 9060 122279
2426 4678 122287
9794 8101 122349
8673 3071 122349
1366 5643 122365
382 9022 122477
7555 4439 122487
2872 4818 122524
274 6341 122527
508 48 122560
5087 3759 122575
920 1140 122620
9146 6012 122672
2971 6403 122720
6942 7775 122750
2832 5805 122765
9373 7933 122792
784 8015 122834
4266 3751 122859
8985 8910 122873
2012 8162 122873
8396 3673 122888
9019 3345 122956
1894 9967 122976
418 6046 123032
107 1330 123051
1263 3243 123064
100 217 123113
8511 9167 123131
3702 3535 123145
1957 6612 123237
4531 8348 123318
4787 9686 123329
7070 5 123341
7151 2060 123372
1578 8965 123403
3252 1497 123468
9232 6894 123469
917 5512 123491
272 4715 123517
5041 4514 123525
4269 8052 123579
9920 7554 123609
1752 4542 123613
1227 2870 123638
2110 9155 123674
1821 4450 123688
805 4375 123697
5071 5327 123761
4945 504 123881
5279 7194 123886
9184 3797 123923
530 225 123970
230 521 123995
9324 6049 124041
4942 8995 124146
3852 1524 124215
5441 8732 124279
2072 450 124281
9192 3036 124316
4896 3241 124324
73 171 124329
816 3127 124332
1708 1683 124348
5785 8862 124353
3307 2608 124454
5759 6590 124472
2350 1158 124518
6996 6322 124549
3019 8664 124625
6624 5445 124629
6455 1581 124694
2728 9373 124696
7238 4501 124699
849 4802 124701
2024 9638 124719
5622 647 124754
1950 2399 124772
1101 2440 124827
1747 8643 124843
562 8060 124858
9830 9973 124860
8861 5667 124869
9498 8525 124906
1832 628 124935
5823 3086 124975
6743 6417 124979
2428 9656 125002
8489 5394 125008
3213 678 125021
3652 9754 125027
1102 2009 125135
1531 8020 125150
3873 6002 125276
5134 2450 125291
8377 9666 125305
9692 5502 125316
1788 3776 125362
1830 2539 125363
2490 6905 125366
5724 3473 125416
243 2326 125552
105 827 125575
3794 5818 125587
8315 26 125607
3482 7944 125618
4731 2386 125691
8128 3674 125696
4119 6535 125725
6929 1474 125734
6598 1362 125743
6525 6068 125764
344 2328 125798
5286 6344 125861
7644 3726 125872
4820 7463 125938
1590 2216 125980
6756 3950 126003
9503 3810 126005
4584 9047 126028
8258 2834 126082
8856 8680 126087
7436 1016 126097
530 3246 126112
5485 1506 126155
3620 6034 126176
9978 9106 126183
2131 2989 126185
2711 581 126209
1158 6196 126217
6695 6246 126242
7530 3442 126250
5287 2187 126292
438 3624 126315
5525 6451 126363
4282 5012 126369
2777 304 126403
2002 8846 126421
9438 3275 126431
4952 6797 126534
5609 7684 126626
1043 5669 126707
3145 2347 126752
7697 8198 126765
8357 6963 126824
6263 5365 126837
4393 9054 126905
6286 2765 126916
7090 9053 126936
7352 498 126941
2035 6934 126941
6344 411 126991
5250 3919 127034
1832 1758 127085
9898 6240 127185
508 2259 127230
3192 3796 127273
8484 2093 127303
4165 9130 127346
902 8081 127375
4409 1519 127377
9930 3643 127378
2854 130 127381
3834 4504 127404
5634 8917 127419
5881 1557 127489
7856 4478 127543
8935 6577 127580
4296 8634 127602
6720 3999 127608
1881 1137 127626
7431 914 127671
7181 4142 127691
4444 2572 127730
5956 4219 127737
5799 8350 127750
725 982 127808
5414 1775 127809
105 139 127854
865 9022 127989
5868 6734 128023
954 857 128072
9026 9938 128076
3138 8875 128089
2088 5143 128103
3956 5559 128174
6376 4199 128192
2585 6258 128252
632 479 128270
2538 268 128326
1062 5630 128388
9429 5729 128394
3353 5363 128406
883 6463 128456
5681 8439 128470
4717 2741 128487
9726 8676 128490
2386 4123 128495
9745 4105 128496
4259 6370 128533
3512 4170 128557
317 4199 128582
3312 3801 128590
6049 5557 128638
4961 5363 128662
5246 7868 128696
772 2307 128716
9997 9966 128793
1427 8641 128839
6053 347 128842
3811 6550 128874
5835 6914 128879
2075 538 128884
8527 2413 128895
4570 5333 128921
3538 3443 129149
2740 6254 129279
4027 8893 129353
4385 815 129503
7314 8849 129552
2143 1033 129568
2055 8554 129599
613 6277 129602
7736 678 129617
9236 9439 129619
3853 1292 129623
973 4409 129640
884 6035 129641
7383 5517 129658
4033 3650 129659
8541 7750 129667
6836 57 129689
3035 441 129704
8854 653 129705
8790 239 129725
3675 3319 129733
6837 718 129733
1286 8294 129739
7442 2356 129775
6292 35 129819
8416 1402 129820
524 5916 129853
1313 14 129856
6253 6057 129856
1322 6121 129884
1647 656 129939
3410 2546 129965
6451 8332 130007
6914 7024 130031
3849 2512 130086
1532 1339 130130
159 298 130147
1418 4417 130188
6007 9553 130239
210 6681 130250
4967 5193 130279
7474 2571 130336
6249 6865 130349
9631 2021 130354
46 28 130441
636 9213 130475
6343 5296 130486
6107 7177 130495
2469 9627 130518
8185 6068 130588
9906 1877 130601
492 7494 130610
6578 9022 130614
3800 7352 130651
5328 9462 130714
826 8470 130731
3819 1262 130828
5955 7325 130885
8129 6311 130901
559 1402 130946
7325 1323 130989
606 1158 131036
3082 1546 131063
3126 3699 131068
4723 807 131095
2443 412 131108
9263 5629 131124
5204 4934 131147
3497 9317 131156
9817 8698 131236
350 819 131290
4179 3328 131312
4850 5957 131324
6953 6107 131359
8205 2021 131383
1308 9896 131386
5643 7546 131392
3381 8170 131406
3360 5678 131413
9439 7237 131426
1362 110 131427
5754 4872 131428
7265 6684 131429
2144 5026 131441
2335 5013 131478
9516 4036 131478
2483 5285 131509
3192 1125 131574
1834 2614 131648
6312 7031 131669
467 1106 131720
2257 9679 131769
9624 3521 131791
7262 377 131853
7664 8255 131873
9561 6092 131944
7438 6127 131988
351 2009 132001
3256 96 132004
7731 8516 132077
401 9459 132078
377 6986 132082
3929 5632 132108
5976 355 132162
2872 1033 132191
3226 1357 132191
9163 2301 132198
409 559 132234
5070 5426 132309
4036 9762 132349
3883 5959 132466
3656 1372 132473
4989 3360 132514
7748 7386 132527
721 3656 132535
8737 6066 132689
3540 9248 132770
3819 3361 132799
5759 2441 132870
8821 729 132872
3114 7990 132902
2327 3760 132998
401 936 133093
4947 7310 133095
3357 5942 133098
7235 7948 133117
1045 5247 133148
6532 6251 133165
5137 7933 133187
2754 562 133235
7327 4984 133321
1678 1261 133350
3157 7168 133432
4596 8076 133458
4522 8768 133462
1843 8747 133487
6029 4404 133557
3937 4184 133574
3452 6112 133585
4743 2412 133625
2493 3165 133629
5591 332 133692
2841 136 133713
7121 8713 133730
485 526 133744
706 9466 133788
3406 6105 133847
8987 659 133860
1537 5530 133948
1631 6145 133986
1464 6286 133997
5964 92 134042
8865 986 134059
4519 3271 134072
8505 1209 134076
4294 6215 134118
6204 4766 134231
6772 4155 134235
2828 7445 134329
29 5140 134362
4999 7961 134368
1390 5874 134385
5373 6518 134407
8467 1874 134412
2794 1442 134433
1889 2294 134450
6266 4164 134451
4134 8749 134490
1421 9980 134518
4833 1895 134536
7412 5260 134556
1133 512 134603
9591 1007 134610
3822 4371 134634
9736 422 134636
4639 1648 134652
477 1940 134778
4589 917 134866
1759 9737 134872
3029 342 134886
4988 6728 134910
4724 9569 134927
978 2199 134941
3816 6829 134959
5970 5519 134978
7817 4356 134999
7038 3664 135029
7154 6202 135096
3601 1712 135136
7794 4762 135144
136 1354 135159
9637 6761 135175
4614 6155 135176
1206 5978 135180
4749 7405 135249
7390 7036 135295
8262 9754 135297
8199 5853 135350
3752 5387 135405
4979 3730 135441
6023 833 135498
473 1181 135527
1320 4022 135529
2773 4759 135533
8291 4657 135725
8739 302 135817
6902 6925 135818
1022 4450 135830
649 486 135836
2365 7817 135913
9385 8230 135929
13 8 135976
9982 3133 135994
1380 7745 136026
7622 9830 136049
7663 8252 136084
4727 5656 136141
578 1644 136191
3158 1390 136198
5331 3254 136264
6660 9877 136328
4331 1345 136350
6505 2578 136401
615 3076 136404
6069 8431 136427
8391 6123 136454
1051 888 136465
1203 6781 136496
4480 9934 136505
206 1383 136545
8733 2278 136562
7548 1377 136570
2832 5164 136590
4220 6343 136606
3648 8461 136613
5280 3784 136668
7178 8541 136673
5421 6198 136701
7679 1355 136704
4873 7213 136714
60 478 136773
7684 6360 136815
6990 1733 136819
4922 8826 136851
980 302 136948
2949 6708 136994
6829 6609 137031
1783 503 137066
1142 1525 137122
805 303 137134
7461 9142 137172
692 371 137276
9134 5575 137320
3105 1462 137328
491 771 137362
5465 6258 137416
8914 3265 137417
7319 3039 137536
5182 6350 137574
920 842 137626
5671 5674 137629
6761 8104 137634
3957 8332 137639
9257 9797 137674
5616 1655 137720
8964 6206 137726
6660 56 137740
3483 2244 137775
6823 9765 137789
668 7973 137817
1689 1258 137825
4225 3313 137888
9745 3184 137995
6960 8889 138057
6707 623 138082
3962 8550 138114
3898 107 138139
2165 3790 138141
9425 3787 138212
9418 1087 138238
6464 4812 138251
9004 6485 138277
6186 6184 138384
9833 2233 138422
5219 1687 138460
4906 3562 138493
3586 835 138543
7496 8724 138615
3989 223 138633
6667 2354 138720
2139 4491 138734
6653 4118 138745
8251 2042 138788
2681 1866 138855
3311 1570 138903
5516 3696 138916
2309 8563 138932
9051 9215 138997
3831 637 139029
670 1292 139037
6003 6092 139040
6744 7500 139040
5930 4608 139074
3833 2838 139107
331 249 139153
9292 2271 139155
923 8473 139181
1527 6757 139186
8977 4007 139220
6615 2968 139230
2407 1815 139256
528 1945 139316
1544 4833 139344
6919 3111 139373
9724 3141 139394
3491 9922 139398
3304 1165 139411
196 243 139415
2607 2379 139443
4841 4740 139457
373 8224 139502
6190 280 139502
1765 4695 139541
1017 665 139580
500 5310 139600
4197 581 139624
184 7696 139664
324 2005 139665
3266 4893 139692
4101 9814 139764
6097 1096 139835
3408 4056 139861
3401 1951 139906
9381 1681 139912
8073 9796 139970
449 103 140020
6325 1308 140024
891 1027 140049
4684 621 140072
5160 3468 140083
9898 3685 140160
8988 9144 140219
7689 1123 140251
1314 616 140254
8843 3487 140292
6487 384 140303
5779 4516 140308
4691 4296 140396
9302 369 140407
9886 3497 140417
9827 51 140427
4266 5812 140444
8857 1668 140448
7166 3796 140452
3020 9676 140499
1555 8536 140502
415 4346 140520
4330 4475 140613
6940 8006 140622
1553 570 140676
842 8890 140765
6724 5500 140793
6559 1399 140817
5090 8533 140825
349 8761 140828
415 7405 140856
2595 431 140863
1114 1043 140883
163 1981 140898
4831 8253 140901
2625 1264 140908
5559 4990 140924
1164 2324 140926
5043 4403 140972
4278 62 140979
9747 7528 141002
4169 1947 141086
6453 831 141092
8997 3544 141123
4283 6381 141124
4248 861 141218
370 73 141287
9506 1518 141319
9428 1357 141356
8236 577 141405
116 1535 141434
4024 9998 141469
4524 741 141484
8161 9474 141519
2376 1794 141531
2083 7041 141542
1784 3450 141547
2785 647 141549
6786 5684 141551
7022 8582 141556
5386 6250 141559
7167 1737 141626
1747 6704 141632
7468 5619 141662
9548 1181 141709
2041 2879 141722
895 3413 141756
5488 2227 141802
5717 4229 141809
541 9017 141845
6923 8415 141851
8987 7089 142012
3437 2669 142102
4062 1940 142126
3422 9777 142170
8148 6120 142192
5454 4219 142352
6625 6652 142362
809 3574 142414
34 2413 142435
699 278 142455
3514 602 142483
6074 5992 142550
2111 1357 142651
3513 648 142755
5712 5114 142780
2135 4629 142791
8401 9318 142814
4001 9647 142873
4080 8554 142878
5996 4954 142956
953 2200 142989
2119 7439 143026
5471 9658 143026
3054 701 143032
3897 268 143060
945 6104 143125
3752 3412 143130
4540 3530 143154
1780 868 143169
4932 55 143224
7230 8728 143286
3804 6795 143292
558 6944 143298
6094 860 143353
3384 8822 143414
2763 3022 143415
3292 9338 143427
20 9639 143475
3042 5610 143488
3604 7250 143553
2446 6530 143586
7852 5155 143591
182 397 143594
8961 9640 143642
468 6702 143659
657 545 143718
9120 4914 143723
8902 1158 143729
6872 3351 143760
3568 6986 143769
4284 9966 143781
671 24 143812
3231 1801 143837
4085 804 143848
1780 5652 143891
7986 1260 143892
61 3767 143910
9817 7838 143935
936 2251 143942
7448 9804 143993
4743 9574 144045
999 619 144055
7280 9004 144060
6621 8102 144094
2126 3694 144112
865 3220 144124
6060 2238 144168
6972 4327 144197
6435 3214 144261
4060 3503 144321
7912 8507 144370
4080 7420 144400
2572 9569 144440
4513 8324 144465
2692 3080 144470
154 5130 144495
5630 5576 144502
831 4168 144653
5657 6277 144667
4808 9277 144698
1865 568 144717
2989 3445 144828
865 4218 144966
2238 3909 145009
1675 9592 145034
5262 992 145113
2555 1441 145133
7830 8126 145193
1740 1590 145225
7149 4938 145233
2862 4789 145307
1644 1472 145322
6406 4848 145344
2764 7045 145354
2251 1360 145370
1013 1209 145443
1055 6054 145471
8912 6543 145480
1212 5728 145484
4632 3942 145504
5239 6774 145587
701 1464 145629
5848 8119 145646
8857 1858 145667
948 1041 145677
3159 5208 145709
6753 7544 145793
3674 3440 145798
3002 3162 145814
7353 8297 145832
2804 7659 145836
3415 1768 145843
6430 6456 145853
1876 5262 145861
7660 6522 145924
841 3338 145936
9079 4546 145943
2235 5392 145950
1668 3802 145951
5989 838 145984
1343 7621 146019
5110 9747 146029
7287 6911 146089
1782 5762 146135
944 1721 146138
3737 5160 146144
426 2975 146177
4770 2338 146195
1225 6281 146229
8998 66 146242
7685 8330 146257
6012 2632 146263
2333 7484 146263
3530 2376 146280
7313 3349 146364
2002 79 146463
765 4037 146497
7659 4768 146527
150 104 146569
594 8172 146599
3110 1578 146763
9204 40 146768
7038 3477 146863
3546 9726 146879
738 8163 146886
1006 533 146902
6962 3136 146916
5211 3902 146917
4095 7530 146948
672 2347 147017
6905 2360 147045
7530 5251 147061
9987 3526 147062
7312 5795 147075
7534 4427 147106
6686 3722 147125
3789 3988 147128
3485 5062 147134
2109 3783 147150
3128 8541 147152
2024 170 147192
282 7843 147222
1296 1703 147279
1739 8314 147305
4302 1816 147310
8773 6038 147315
252 5379 147368
9028 3195 147439
2549 1315 147440
4573 818 147451
3304 4380 147497
4764 2651 147578
9386 1634 147601
8067 7909 147631
5084 1201 147718
9323 635 147740
3232 5804 147741
9932 2119 147754
2214 1238 147775
4648 3713 147826
4718 7082 147897
8809 9960 147915
1477 6778 147926
861 2817 147934
2402 4204 147988
5662 1800 147996
57 8273 148033
7137 9441 148049
334 1289 148066
1426 2944 148096
7126 6945 148106
6340 821 148123
4344 7388 148142
2286 3177 148152
3461 9498 148199
697 842 148246
2249 424 148306
9589 4179 148401
2775 8780 148408
3611 313 148417
983 201 148437
5603 2675 148445
7111 4524 148518
4714 9955 148540
7531 608 148715
1532 4850 148736
9531 9818 148742
5948 2285 148777
4011 166 148817
9638 3261 148854
8169 616 148858
7144 6229 148865
8039 4851 148868
7464 9799 148911
1288 904 148916
1061 4460 148944
6320 4647 148960
6961 8492 148974
7409 7690 149013
6375 8510 149034
4495 775 149055
1211 4205 149075
1951 8849 149104
4997 1322 149162
9614 2928 149168
7188 8129 149185
1438 977 149269
9003 5522 149373
9613 306 149397
202 2997 149436
2234 2196 149455
8641 9351 149461
621 5313 149482
823 26 149492
2749 2949 149508
2400 2905 149542
6941 3418 149581
2103 3091 149595
3425 7071 149611
2105 2301 149647
4205 3008 149700
7787 3934 149712
6611 3804 149764
7219 6489 149799
6775 8310 149850
5978 3077 149865
5847 5284 149871
487 1020 150089
5213 8453 150106
3148 8034 150157
394 978 150169
8409 6443 150178
4650 9228 150262
8098 1702 150376
7515 2470 150390
8969 5438 150397
1564 7730 150424
473 4856 150485
5751 4420 150527
9120 5868 150542
7794 7620 150578
3513 8104 150599
9755 9938 150743
8689 1706 150792
5147 8042 150803
9233 2081 150830
3143 1981 150842
3380 4237 150953
55 658 151010
6690 4487 151035
8939 3365 151036
2431 2560 151040
268 208 151046
6056 1845 151114
5248 5521 151122
2614 1097 151208
4212 8141 151288
5291 2590 151304
4679 4668 151344
2574 2629 151376
8502 3482 151402
406 2148 151411
6516 166 151467
5778 4042 151473
3329 4959 151481
5194 5459 151499
1063 289 151553
8440 3069 151611
8425 7406 151654
9097 7921 151685
9109 6788 151729
2624 1270 151771
1100 5007 151786
5178 8846 151860
3272 6540 151891
5752 154 151910
7181 9322 151964
5744 1513 152030
4067 7731 152031
4826 3279 152059
551 246 152119
9349 7423 152160
5037 8306 152172
800 239 152173
3270 9943 152174
9746 2753 152181
3495 6127 152190
167 2080 152223
5013 2359 152245
6052 8374 152245
5331 3473 152255
2787 7924 152255
8378 6708 152315
1668 6561 152322
8526 3269 152326
7009 6397 152350
9057 6920 152387
7137 9225 152422
3368 3195 152425
1829 9698 152450
197 714 152459
1543 5607 152497
3410 3564 152518
707 6121 152587
345 5083 152627
4571 3755 152644
5725 7981 152697
1882 1778 152754
2753 187 152762
1324 1097 152781
6358 8786 152828
2922 2066 152843
5759 7783 152852
4917 5289 152858
3759 4483 152946
2793 7093 152965
6772 2239 153013
588 1132 153020
5733 3172 153053
7011 6984 153098
5987 9019 153125
9165 3212 153163
2953 2649 153178
2028 7890 153195
6441 7302 153212
4598 4090 153231
4037 6151 153248
1024 8400 153253
807 4979 153260
7192 3734 153286
1164 3003 153336
8372 1048 153354
1333 1899 153454
829 4439 153492
7726 3868 153534
5856 5349 153558
5007 8192 153634
6445 8783 153648
8463 7150 153692
1036 8722 153712
7333 7179 153785
5588 7646 153871
5719 7311 153871
6155 2376 153962
8109 5872 154003
5677 1189 154027
4325 9747 154047
1779 2666 154053
6631 9429 154056
4450 9004 154075
4945 14 154079
2742 1184 154083
8317 1880 154123
7319 5049 154270
9301 668 154274
3314 8870 154283
8302 9792 154303
5577 3715 154345
6999 8477 154398
1875 7108 154416
11 460 154420
5802 8158 154421
126 4668 154438
4027 4704 154463
9667 3773 154507
8811 6138 154588
371 6047 154689
2224 3707 154736
153 127 154755
1468 1280 154856
5221 5614 154911
1412 627 154975
3365 848 154978
9735 4731 154984
9149 9903 155000
5760 3685 155062
4861 8531 155071
3528 7073 155107
6916 9256 155115
1097 864 155124
1320 8388 155184
8412 8184 155204
6530 153 155218
2510 1654 155250
2326 4833 155267
4305 3128 155286
9943 7175 155300
2633 2820 155392
3695 2920 155439
6885 4272 155470
7745 5369 155493
376 6353 155495
2603 7698 155540
2132 1694 155571
370 9061 155577
8511 2765 155627
4847 6063 155666
5857 2740 155679
4756 3631 155683
8150 2792 155693
1180 5216 155704
6657 12 155721
9775 1181 155767
3149 4749 155771
8373 3433 155797
7161 2849 155837
6058 2243 155993
6848 800 156009
3629 5617 156019
2032 8563 156039
3966 8279 156054
2415 5606 156068
9864 1710 156083
7230 5005 156101
4740 197 156104
9597 4321 156159
4899 3848 156215
9162 5971 156246
6160 4078 156252
206 1874 156302
8920 3526 156306
5541 3901 156341
9007 8778 156382
2499 3013 156406
2713 3989 156420
170 13 156429
1742 4013 156470
898 1278 156480
374 4543 156528
712 6887 156534
4864 774 156636
3511 1449 156693
7373 6237 156699
5379 6619 156738
2720 737 156789
3659 3458 156918
2170 4071 156960
5082 6954 157057
3426 3035 157061
3905 3697 157075
9017 9630 157086
1356 9579 157091
4157 4462 157109
5507 3010 157186
230 1423 157225
1265 831 157262
3072 2804 157272
9871 5501 157306
5521 3310 157328
6802 7683 157389
1942 2468 157392
601 9827 157411
4139 8111 157416
1201 5007 157449
2806 8758 157535
333 5416 157589
8437 4589 157589
5637 34 157598
7257 2622 157620
6001 7090 157643
9565 7286 157683
4134 8010 157771
5872 8181 157785
6015 9204 157821
6543 3215 157824
4748 5456 157827
6005 2803 157845
4398 3797 157946
1849 1515 157946
3762 6653 157970
5739 8799 158039
2548 9500 158053
7633 92 158081
314 2772 158088
6324 1388 158098
4469 417 158098
2530 9163 158162
5134 4071 158183
1872 9376 158192
5648 4532 158231
1594 7396 158261
8606 3411 158287
37 54 158297
7109 2291 158304
9271 2607 158308
253 438 158338
290 1073 158361
1567 8329 158361
1640 623 158412
952 6007 158500
1843 5374 158502
6597 534 158509
1563 1 158530
637 5315 158584
4922 2904 158606
3163 3277 158614
4874 73 158618
9521 7876 158619
3302 2946 158642
1894 8528 158674
6199 6189 158745
1885 1712 158763
801 5506 158789
4522 5305 158797
2215 2061 158799
5399 1102 158806
6221 2333 158812
9680 9281 158813
262 5580 158836
6831 9924 158907
47 7904 158908
9724 7272 158935
2433 4777 158955
1898 4079 158984
8961 2896 159035
2424 3473 159071
3962 9421 159080
3568 8793 159120
6985 3428 159178
5313 3447 159191
7139 435 159232
555 1825 159234
2393 7309 159243
1841 5203 159260
9598 1196 159270
6997 4534 159275
334 8252 159346
4186 2775 159386
1231 3132 159420
7181 2850 159510
6894 6178 159559
1340 4066 159570
4685 2292 159585
5435 556 159590
2532 5337 159680
5800 3454 159709
8025 6733 159799
6858 5025 159812
347 7989 159846
7661 4253 159857
3845 9660 159875
3761 2606 159901
7243 9155 159970
6405 6019 160018
3095 6847 160019
682 9301 160037
502 6880 160070
1622 3203 160095
1613 7780 160147
4364 5073 160222
3703 351 160266
6436 258 160276
4933 5576 160284
1687 9240 160292
181 662 160293
6045 5649 160293
2726 3107 160306
5048 2734 160319
7571 5201 160325
9175 1319 160329
862 2396 160340
9776 6998 160372
1804 1060 160372
742 1425 160399
3688 4566 160411
2903 5330 160418
1271 9310 160434
1301 7773 160471
8376 2147 160497
333 1754 160510
8878 4964 160566
9673 5959 160576
6467 3869 160619
1184 3059 160682
6999 8782 160721
7625 9340 160729
308 268 160734
8350 433 160735
6647 5659 160756
3744 2320 160760
87 102 160762
4760 2516 160765
6207 6673 160828
9959 6039 160901
4043 8948 160930
6186 7254 160960
8387 1574 160962
9567 8658 161024
4053 6064 161036
8040 1402 161038
6732 2549 161054
9041 8752 161059
3381 6272 161090
601 1585 161109
5737 5598 161128
2149 6305 161186
3835 4403 161223
1777 4859 161270
3062 3761 161280
3461 3922 161318
720 3934 161336
8289 4474 161385
3818 1723 161463
533 7631 161488
2432 896 161498
1960 7666 161532
3800 2101 161562
1684 508 161594
2720 7357 161606
6194 424 161651
940 2389 161654
3373 9365 161664
3604 1727 161707
127 98 161730
4215 1982 161746
501 3570 161773
1636 6570 161852
7797 5119 161914
6386 6194 161963
4990 6219 162210
649 3735 162233
7498 5042 162242
270 5052 162311
8588 6935 162334
1022 8796 162346
7709 3837 162346
4512 4974 162395
4145 8419 162470
1537 9829 162517
9467 7103 162594
6850 9123 162611
197 3117 162626
3600 7761 162668
6044 8535 162716
6375 836 162731
1693 2510 162894
3335 3050 162897
6553 901 162917
5323 2246 162959
6423 5624 162992
1008 1549 162999
5359 9800 163064
7929 2077 163085
4555 3973 163101
789 9949 163184
9054 4355 163191
4758 9477 163222
1067 480 163222
417 551 163244
2474 815 163249
3528 1854 163276
5102 8906 163307
85 6185 163341
413 104 163357
9184 3655 163368
281 8968 163389
7461 2781 163464
3599 9644 163478
4808 3549 163543
1762 4212 163550
2550 7479 163586
6459 5055 163602
499 1496 163605
7817 1603 163682
1786 5056 163773
8981 5293 163774
4876 3665 163825
8310 7675 163843
7866 288 163857
6956 4803 163866
3 21 163882
1086 4448 163959
3772 4104 163962
8312 3297 163993
4916 2154 163998
5802 7460 164017
4642 6391 164035
9124 8461 164127
8175 6638 164146
3849 3926 164156
5261 7661 164212
7449 95 164230
994 9054 164230
9846 1472 164233
3831 9665 164256
9440 5307 164277
5920 5833 164284
7905 4078 164295
2385 4121 164333
9250 1013 164468
8682 7229 164502
3125 2097 164539
6529 964 164644
9032 6973 164646
5312 794 164715
6856 4293 164718
1181 5970 164768
4578 4389 164823
5684 6016 164853
6663 3392 164882
387 9860 164890
9356 7389 164900
5081 2480 164900
6174 6703 164914
3038 3153 164941
8253 3611 164986
302 7407 165036
3138 3013 165097
4878 6907 165130
2156 8224 165141
1450 1632 165207
8791 9909 165211
5686 2542 165211
8700 5083 165239
8358 8005 165258
1340 3804 165268
8955 159 165341
8377 9094 165367
2636 5109 165379
3463 4242 165392
2718 7030 165425
9773 6116 165464
1264 199 165473
3776 5427 165491
4003 623 165495
8652 4375 165505
2623 3388 165513
5100 3300 165520
485 5036 165534
1245 4462 165560
1421 6252 165564
3250 6247 165591
9674 595 165605
241 8414 165678
4882 5011 165704
8389 1672 165757
7401 5912 165759
68 533 165764
4991 2298 165777
2562 2480 165777
7557 2908 165820
1229 215 165823
6747 88 165826
8750 7602 165838
1239 4121 165882
8555 7906 165925
3797 7364 165991
1172 2709 166013
3294 7216 166032
4038 4618 166062
3562 1177 166131
1949 1853 166336
4396 3375 166337
8511 2732 166399
8525 4740 166415
6976 9150 166459
5504 3211 166464
2756 3723 166473
265 235 166525
4000 8665 166567
152 4500 166578
619 3244 166616
2403 2397 166711
3995 9993 166723
8141 4813 166771
9174 6065 166805
9897 8989 166833
2293 4852 166892
5411 2699 166910
1573 2825 166918
6659 1848 166920
302 698 166926
3700 647 166940
9310 3921 166951
7114 1415 166975
5571 8885 166984
1153 2258 166998
6445 9424 167000
103 7096 167005
7156 96 167072
7119 5479 167199
7514 1435 167321
7589 4523 167343
3028 2495 167357
610 1207 167413
5416 8263 167477
5085 1879 167510
4045 1095 167576
5826 1822 167667
5432 5989 167741
946 4391 167797
2525 992 167809
3394 2530 167835
2448 6670 167837
9119 104 167947
8553 4550 167977
6909 9499 168013
1443 1057 168060
3502 4249 168107
7583 885 168168
3353 9767 168263
4143 3444 168279
9521 3696 168312
6261 5327 168369
6655 391 168409
2403 7297 168414
5024 1956 168433
5775 1420 168486
1304 3686 168519
7920 7733 168549
8782 1703 168553
7929 9123 168561
3998 7444 168599
9585 9497 168636
3043 9403 168676
4350 5997 168693
392 2138 168756
9505 7563 168779
7768 5330 168814
4203 1344 168853
6834 6157 168881
2699 8903 168951
598 108 168953
2717 5006 168958
2754 9985 168962
383 2677 168965
5627 442 168982
279 1982 169004
7706 6004 169076
859 1090 169108
5784 9190 169118
2304 9320 169150
3159 8220 169388
3004 9876 169402
2666 1781 169428
7199 5532 169473
3878 80 169496
319 2625 169551
343 2761 169559
4980 517 169565
5765 6168 169593
3535 6739 169687
8289 5452 169689
7789 4222 169690
2207 236 169754
5146 7311 169864
1865 6896 169914
8244 9279 169979
7301 4395 169988
6965 8112 170012
275 5383 170018
6886 6358 170026
2073 235 170051
6698 2948 170101
846 3912 170115
8919 5187 170152
2646 8909 170177
5341 1093 170230
5337 7654 170398
7673 9124 170422
567 1126 170526
9863 7098 170538
6820 633 170546
3746 7351 170615
5268 5873 170650
3076 8415 170766
5306 4399 170796
1601 4026 170805
2147 1609 170874
6365 9777 170891
3950 2928 170946
8491 6655 170973
1253 3685 171011
2561 8253 171040
2399 4232 171065
1952 4140 171211
4091 3494 171242
1466 1915 171250
9938 7280 171266
1297 1415 171314
1428 7640 171381
4897 2876 171391
7820 5996 171403
6775 3790 171421
113 3127 171441
644 6564 171478
7408 9263 171640
2585 2393 171661
5181 5268 171683
3546 6219 171689
3076 4557 171696
1051 553 171719
8362 7379 171765
3360 8384 171787
8693 727 171810
6149 3382 171812
2529 4326 171832
4303 4169 171880
6014 9757 171912
5177 5150 171927
3327 3896 171931
1009 7592 171936
3132 3218 171939
2650 8211 171964
6057 9431 171971
7402 5080 172005
4612 1110 172164
2701 1363 172190
2176 1775 172207
8810 7685 172266
1848 2208 172292
440 8730 172409
7975 4946 172461
9293 3208 172545
4694 9997 172566
2559 24 172594
6245 6217 172642
8319 1435 172642
5750 4807 172712
4045 952 172723
3362 4741 172735
2467 7545 172783
3925 4196 172816
7875 2669 172828
6529 7081 172845
1307 749 172850
7110 3729 172853
358 2365 172884
7539 3288 172895
2199 5164 172925
6098 5013 172927
6260 5941 172967
1681 3362 173050
5621 686 173059
8831 8828 173102
211 473 173114
715 8364 173132
4765 2609 173272
3181 1743 173321
3435 9181 173340
4247 3399 173458
2562 7622 173538
1312 8830 173738
2626 2485 173792
3407 235 173856
8768 6739 173911
8382 5598 173957
4646 3335 173972
3050 6579 173981
1278 3673 174007
3974 8603 174032
9409 8909 174043
8186 9788 174066
315 562 174110
5300 6395 174115
431 7612 174135
1818 9285 174140
2049 1002 174143
8827 4589 174171
1058 3576 174264
7933 1541 174307
5597 9803 174316
941 8353 174323
5245 6058 174396
6103 943 174437
1549 5271 174530
6711 9857 174535
400 3267 174550
3589 2244 174585
1986 7077 174625
8414 8964 174717
3204 2504 174799
7378 7874 174803
6300 5714 174812
7557 1391 174837
3402 382 174846
680 1861 174904
7599 6862 175021
4 9284 175032
164 1377 175056
1454 2989 175199
919 948 175206
4680 6946 175210
9789 3938 175258
8258 3576 175305
3424 2161 175390
7304 6620 175396
8413 4979 175417
5573 6176 175442
7103 3124 175469
5160 5809 175481
2260 490 175557
2060 7597 175598
2892 5662 175647
2444 6562 175664
1001 5468 175673
16 1810 175685
3663 159 175690
6598 710 175753
5442 8706 175783
597 1403 175795
8532 9124 175798
8844 3571 175830
1147 363 175847
8888 334 175905
8518 7994 175906
1876 9239 175944
1409 8653 175972
1763 2463 176003
40 2050 176114
3192 6291 176124
6554 8336 176129
4280 7018 176131
2182 7026 176152
666 8501 176167
2761 4347 176184
8521 1386 176190
4516 1025 176197
9554 1497 176223
1164 4902 176288
6635 6341 176294
6799 5424 176324
7859 7323 176330
6995 8847 176363
9953 7901 176394
9442 7094 176400
9121 2459 176404
4843 9712 176453
9661 2233 176463
6608 5879 176561
4089 2876 176613
9948 7141 176647
9501 5089 176664
6958 7955 176761
6434 2518 176894
4393 1566 176925
397 7692 176974
2090 9810 176978
9008 6426 177062
4867 4872 177080
8452 8585 177089
2474 6491 177163
6742 5024 177190
5578 9753 177266
5624 1694 177288
8188 9651 177296
4040 7820 177400
5902 7886 177485
5729 608 177500
9604 3933 177505
535 106 177515
8035 2971 177589
8059 6585 177621
3738 1066 177661
740 668 177690
5144 4252 177700
2148 9552 177732
6068 3462 177774
7046 7287 177781
464 1227 177863
150 8778 177914
1048 723 177932
1609 6211 177951
6952 2525 177980
7496 2598 178034
4807 3697 178039
3775 3024 178092
9401 9559 178110
112 155 178141
4020 4011 178159
6698 6652 178170
6496 1528 178186
1040 7842 178186
1488 9941 178198
4622 5021 178222
3628 8970 178226
3895 7774 178235
8823 6193 178320
4309 4235 178360
2869 1400 178370
1315 8232 178422
3641 8511 178435
10 16 178472
9670 9178 178519
5056 4085 178695
8735 2323 178710
952 416 178816
7156 1590 178824
5208 7448 178843
7280 7148 178844
34 602 178915
7032 7445 178930
6130 1684 178949
39 112 178974
6349 3812 178975
2500 8423 178984
1491 3356 179036
2282 3390 179055
5017 6217 179105
2990 4417 179107
854 7704 179114
2334 1124 179231
266 4928 179232
1835 298 179273
2132 8450 179327
9001 3138 179341
1452 7085 179383
8683 1562 179390
8449 2573 179410
2378 7970 179481
1634 737 179512
6447 6601 179514
4402 903 179543
4295 1742 179661
8216 5328 179697
5931 9199 179713
1505 5767 179721
2078 2367 179749
440 6578 179754
5256 915 179782
4179 6263 179806
8707 7978 179811
2982 2606 179823
4936 9515 179865
2210 1537 179946
7778 504 180016
6834 3381 180038
4098 5411 180097
3696 1501 180128
1399 6227 180128
3578 3697 180142
3001 7064 180164
8301 1072 180166
1166 5701 180172
6618 6373 180276
4477 248 180279
9419 4594 180292
1081 1760 180296
7628 4467 180342
8382 9558 180356
7543 8077 180415
221 2096 180554
4804 5726 180564
3286 8140 180574
7239 4402 180601
3451 3255 180616
9543 4441 180686
6496 5997 180751
6060 523 180761
5896 7571 180833
7505 9782 180878
614 6227 180889
1937 8558 180921
7401 1496 180981
5635 4261 181012
1831 6141 181044
116 8241 181059
2792 8634 181166
7071 2085 181182
4673 7594 181210
5828 3522 181219
2076 8793 181256
3019 1325 181267
8069 1108 181359
5877 19 181364
3347 5513 181414
5238 3729 181473
1471 2735 181490
8116 1045 181530
911 465 181585
1444 7148 181633
1750 3090 181681
4680 1168 181689
1038 8298 181725
5140 8177 181726
3951 8296 181739
4014 7133 181784
7177 1771 181816
9082 84 181836
983 4908 181839
2546 4359 181859
7276 4053 181912
8880 6939 181938
7432 3475 181944
4529 4931 181947
9528 3469 181978
8641 871 181988
4860 43 181996
5408 6227 182007
6852 4261 182029
4137 9948 182054
634 9379 182097
3460 7223 182120
1992 7015 182132
7835 3907 182183
2314 7203 182196
1156 6693 182215
6642 2801 182215
459 6629 182223
3258 1888 182228
3414 2332 182260
743 2968 182262
1355 7927 182314
4674 9764 182319
7340 6230 182327
8882 4962 182337
4913 8561 182400
5597 8654 182403
5542 5820 182489
9634 9292 182529
8800 9468 182549
7102 3379 182563
8973 9265 182572
1651 4727 182694
5580 5579 182740
6690 1472 182744
7087 2563 182781
2403 484 182782
5590 2942 182787
6046 321 182798
2443 2976 182827
9692 1450 183002
3188 4425 183045
2408 1602 183054
497 9605 183126
2312 251 183141
4986 9875 183148
6884 6282 183152
9483 7526 183228
6295 5578 183268
5861 672 183301
3059 5380 183361
4731 6154 183361
1715 3394 183365
3876 2772 183380
3597 3559 183406
6356 1894 183433
2467 4164 183448
2845 8719 183490
7551 2405 183569
4788 4809 183598
5072 5834 183627
743 4530 183633
573 3032 183639
147 756 183682
2849 5067 183696
5583 9518 183700
6093 1820 183713
2806 2945 183732
5368 8260 183745
2425 2390 183790
3302 9432 183816
2525 2858 183837
2449 8391 183845
1485 1033 183862
8457 735 183865
1272 5451 183878
8355 3396 183885
5189 8471 183912
7697 8610 183946
4161 163 183975
3423 2636 183999
3668 7645 184009
9066 2506 184065
3469 7223 184066
6060 1524 184073
6232 2665 184082
303 3419 184135
3019 3838 184218
1533 5086 184230
3194 163 184250
34 57 184255
6499 8512 184279
2447 3291 184294
5140 6098 184304
1207 3773 184464
1528 9908 184491
3978 3407 184494
4761 7630 184510
6654 2522 184538
4106 444 184541
7163 3514 184555
7932 944 184581
6744 4080 184686
9943 1679 184687
2525 7812 184713
4899 1153 184736
2952 3783 184747
8580 7373 184785
3494 5476 184809
7554 224 184889
7197 2864 184898
8942 7045 184915
5251 9313 184932
1326 2787 184937
7218 3579 184953
8692 4769 185034
5615 9921 185097
1943 2410 185104
387 7464 185147
8028 6170 185212
1805 2137 185219
374 118 185222
2257 7513 185235
4186 4394 185273
9767 7822 185330
632 8007 185354
3458 2046 185372
5248 1073 185379
1495 5990 185411
7600 3389 185422
1138 2974 185427
5920 168 185435
9829 4726 185447
9651 4072 185540
534 512 185560
6545 1267 185569
4374 8498 185617
3862 6071 185629
1056 2519 185632
795 3773 185633
2967 1085 185633
7971 8189 185670
8023 2720 185739
1069 5995 185914
9632 3860 185918
638 1193 185923
6712 4926 185954
6259 1231 185956
33 116 186003
6809 329 186019
748 5806 186032
5170 6481 186071
4583 166 186094
9162 3780 186109
3301 3337 186132
4126 1232 186135
784 66 186139
9319 8590 186149
1911 7513 186159
685 488 186166
8659 2918 186207
6870 1175 186215
389 9106 186229
6231 9135 186304
7962 6239 186363
4986 3012 186385
231 3902 186388
6414 5152 186469
2557 9968 186509
2677 2929 186520
2882 5707 186558
1808 3457 186627
5967 2635 186653
4914 7049 186659
2201 9341 186690
5541 927 186757
200 7030 186762
3467 9778 186768
4918 6992 186858
8514 5435 186894
2553 2631 186906
6126 3448 186913
1085 6294 186988
9376 7389 187006
942 9914 187059
2251 3422 187122
6633 4144 187127
9039 7287 187156
3308 972 187167
8045 6385 187167
141 6807 187191
6310 5200 187316
78 1718 187334
551 6901 187364
5646 3335 187485
6499 3636 187489
1324 6152 187518
5569 4739 187610
2788 8353 187630
9625 2061 187646
5395 7286 187664
1550 9496 187713
162 1417 187799
4589 822 187808
7293 3193 187846
7416 7893 187863
7935 5926 187875
9383 8135 187898
3944 1052 187925
3630 2443 187947
5781 9507 187969
9124 8342 187992
6634 5692 188005
7099 4855 188120
8222 2080 188143
7839 2191 188152
3111 5743 188153
9028 3604 188162
1433 4962 188201
5277 9089 188228
8400 5613 188262
2104 852 188265
5261 2870 188283
8018 3571 188340
5598 7086 188371
8531 9359 188414
989 1749 188456
9477 6857 188532
3112 875 188570
3566 2856 188698
3470 3565 188717
7546 9069 188761
1143 1918 188857
2103 2354 188887
7085 8504 188903
4872 5947 188915
4410 8998 188964
9213 4921 189003
2648 7036 189020
9880 6358 189053
3711 7598 189070
1801 7210 189076
2668 5214 189086
3990 1444 189091
5685 1777 189136
4944 1582 189214
5761 72 189215
2125 2894 189234
9858 6419 189235
2861 3603 189263
7719 1671 189296
2354 3119 189382
4832 5221 189444
8148 5363 189444
3212 8455 189447
5435 9488 189459
9047 5085 189484
9737 5602 189541
3078 7375 189589
2249 9816 189597
3398 4988 189599
4014 2437 189600
1295 5320 189613
1316 3834 189678
8013 3682 189699
5955 3468 189704
9408 9862 189782
4024 504 189796
8632 7049 189806
7104 9374 189820
3296 4533 189847
8428 8005 189896
6354 8706 189994
2400 1113 190026
5002 2072 190051
4247 1583 190126
1322 2289 190138
4649 377 190192
1913 8988 190196
7668 6209 190280
1518 2767 190281
6771 204 190405
630 610 190469
2531 8708 190539
1623 1938 190553
4553 1359 190710
7222 9753 190731
4754 1257 190747
3187 3428 190749
5502 3916 190768
752 8265 190821
2758 4434 190880
6553 3779 190895
9030 1002 191011
3320 4959 191025
4465 4380 191030
2091 2072 191075
3758 8482 191096
1845 6949 191101
6253 4897 191113
4635 490 191138
2867 6592 191145
293 545 191248
2183 7911 191265
2761 9986 191271
3470 6844 191377
7520 4176 191385
9506 7348 191403
838 6291 191403
1868 4181 191411
956 2155 191419
1820 8121 191424
5673 8997 191499
3563 7513 191504
5266 2655 191521
3795 9985 191539
298 1084 191589
3197 8084 191594
2800 2146 191712
9906 2423 191912
3335 4861 191912
4436 1499 191957
4168 5129 192004
9771 2668 192014
7798 9633 192015
8485 1530 192029
6761 3742 192048
1724 9724 192100
6080 6410 192119
3110 1285 192135
1644 3173 192171
1070 2141 192202
743 7584 192245
8847 39 192260
4394 4831 192267
8293 1145 192337
2276 3415 192345
3182 3020 192377
7934 7885 192413
9559 674 192450
1931 8653 192452
5417 6763 192569
5361 8991 192579
2348 227 192606
9765 5174 192639
4440 6516 192640
175 489 192640
6272 6650 192670
6749 8350 192699
1183 8 192721
5882 5954 192760
5409 3289 192770
7723 549 192776
3703 3626 192855
9526 7353 192893
114 104 193061
4478 5124 193080
8936 5915 193087
6681 298 193104
309 4901 193104
2106 1812 193129
6323 1855 193145
5630 8175 193146
5815 2728 193148
1851 7226 193288
1103 713 193376
6610 1693 193378
474 456 193382
6910 6323 193433
8805 2194 193519
4940 2228 193631
619 2384 193667
2979 4558 193673
4708 436 193675
4552 2165 193724
8170 7865 193740
1564 9980 193768
319 169 193796
4003 3125 193846
8121 1037 193849
647 2754 193912
8609 6189 193959
4669 9478 193973
5024 4728 194001
9472 4959 194035
9657 9759 194051
8490 8464 194123
8403 5044 194144
3603 9105 194158
3383 2776 194199
2426 8975 194220
5970 5419 194340
5864 9767 194374
9696 722 194404
684 175 194460
4128 9068 194498
9477 3793 194590
9863 3496 194648
3326 6475 194665
1196 5393 194667
5239 6685 194776
5036 8313 194819
4702 8428 194845
1271 1633 194888
4562 5434 194899
357 4855 194996
1023 9206 195011
2579 2660 195029
1269 1343 195033
6180 5218 195066
3669 238 195102
3195 4368 195117
4689 6715 195170
6240 4379 195204
8735 7132 195307
947 1198 195307
1649 9045 195323
770 1882 195366
588 6872 195378
9166 7258 195390
306 2868 195473
6194 6292 195484
9679 1377 195486
2992 8212 195488
1474 3549 195508
6500 5659 195509
6544 9231 195523
9616 0 195524
8491 1994 195569
6210 3852 195663
695 9034 195674
5636 7535 195693
4223 8327 195721
1607 399 195842
3716 9748 195847
5258 8559 195859
613 6335 195905
5450 3043 195927
9441 2658 196019
1307 7474 196064
6121 2283 196082
5209 7904 196133
727 6428 196213
4384 5549 196316
8391 6345 196379
3193 9396 196391
5526 2171 196399
1262 937 196506
2396 225 196609
1902 5874 196672
4139 3159 196687
7369 1137 196711
370 7673 196725
9047 8214 196798
2282 7833 196856
6570 3197 196862
1787 1015 196951
5177 2705 196963
6181 1388 197204
4685 2340 197209
3474 3599 197264
9733 4295 197273
9672 3897 197286
3158 7220 197290
1611 2783 197290
792 4798 197290
9612 4133 197308
6163 1957 197313
5349 1370 197396
8014 5394 197424
5250 2803 197466
5235 96 197519
8673 4892 197566
5067 8604 197593
7974 6750 197653
6413 2804 197660
3333 4221 197681
136 3739 197711
7444 9173 197759
1536 836 197767
5179 1164 197894
8727 9201 197906
7927 6622 197962
9072 5326 197992
2999 2691 197997
818 673 198092
421 5668 198140
8692 21 198303
3403 556 198435
1145 9797 198451
6998 5557 198500
3695 5829 198501
2233 5306 198566
3623 4757 198575
5703 3218 198653
9088 7350 198705
2781 160 198747
2939 7096 198988
5563 7136 199011
7240 2078 199036
6433 6732 199061
5441 7607 199066
6838 3860 199126
3971 9833 199151
2251 6366 199165
7673 6853 199174
5554 7035 199200
5495 4915 199268
3712 1096 199277
5105 9503 199277
7922 7263 199299
6441 7247 199316
3370 902 199317
509 1270 199366
8165 1709 199400
4819 1735 199422
8117 7104 199435
9306 9407 199444
9646 5355 199496
5537 195 199496
757 6416 199514
9251 7556 199581
8200 3762 199582
1430 2795 199584
979 1184 199619
6142 2543 199629
7715 2776 199713
6335 4031 199715
9571 5473 199724
7356 1706 199724
6098 9583 199896
2681 4268 199949
4678 9631 199996
142 619 200013
6028 4579 200054
5563 5014 200064
274 1115 200078
5057 1623 200135
2273 5612 200148
5245 9977 200151
3359 4305 200152
6997 9368 200225
5844 589 200274
5229 5 200278
4698 6836 200299
6622 9957 200347
4047 8590 200404
5497 2478 200412
3437 6600 200424
7678 1621 200540
5265 8563 200615
2548 6198 200622
4322 2392 200630
7256 9711 200634
2426 4330 200679
7118 4776 200708
1285 5157 200721
3180 9432 200734
7018 9513 200774
2730 8201 200789
5003 7775 200803
2677 7370 200811
8846 1503 200819
1166 601 200838
919 2853 200853
7794 8450 200928
5043 3645 200929
4513 3507 201009
2716 3604 201075
862 2064 201106
3970 5381 201112
8974 3338 201117
6438 5216 201142
4027 4783 201165
5284 9050 201168
8173 5201 201184
511 7816 201207
2880 6180 201210
6038 2214 201211
1058 1445 201315
1216 9332 201335
7971 6769 201348
7409 1512 201358
9929 9988 201429
1307 8608 201448
317 8221 201524
1491 2313 201554
2198 5780 201571
3887 9515 201716
631 597 201736
1434 6727 201751
4814 3559 201811
8953 8607 201824
7268 7764 201885
672 4841 201889
2239 6966 201896
9491 8542 201911
5237 4261 201960
865 1219 201992
3872 1491 202045
8622 4009 202070
1019 2178 202111
2526 1563 202113
8195 5091 202161
6533 7832 202286
4655 9134 202288
582 5251 202302
6425 5277 202330
3005 7801 202340
448 4324 202359
2230 1191 202397
689 19 202415
4142 6880 202437
6666 9110 202456
2994 5772 202488
5253 8117 202574
8584 5943 202665
275 8301 202757
3590 4778 202780
4146 6354 202799
3598 6147 202864
5927 2978 202875
7079 8091 202925
2119 6426 202977
2924 2521 203034
2597 2360 203040
2733 7100 203064
644 3181 203088
4881 8491 203112
8107 5262 203168
887 2088 203211
3821 7894 203212
1483 562 203213
6344 4435 203243
8142 4139 203310
3617 9132 203329
3503 6169 203418
8295 1887 203490
9543 5349 203550
2244 4037 203624
2502 3627 203663
4523 620 203674
3338 9481 203685
7270 2672 203719
9251 3500 203737
6799 3713 203763
1578 28 203767
9708 4886 203800
5243 8449 203841
9678 2936 203899
5599 296 203909
3733 8894 203944
9439 9345 203974
1176 487 204049
8479 6235 204116
3584 2406 204127
3330 3031 204174
8448 1452 204180
4538 3465 204213
3395 3598 204220
5673 8994 204252
3866 3572 204268
1861 7410 204306
3450 6926 204331
4176 6090 204360
5136 568 204417
353 8581 204466
2220 8736 204478
36 3869 204484
8210 9579 204485
8028 3589 204497
2362 6889 204589
6715 3768 204613
2838 6864 204745
1287 2383 204768
5461 4061 204938
8952 8271 204940
3668 1464 204942
576 3344 204943
2198 688 204966
8813 6391 204966
3253 9749 204967
489 9133 204974
7134 3818 205028
6684 7896 205079
3734 3068 205155
2297 8703 205239
2299 481 205260
5843 3350 205286
9038 5885 205295
5691 9564 205300
9049 5682 205307
6607 4408 205339
4934 2131 205408
389 4151 205419
52 181 205426
7229 5981 205450
3189 5753 205457
8434 2243 205469
6594 1741 205527
1439 2710 205583
3601 9559 205589
5733 3704 205678
2187 3585 205713
3785 286 205713
4081 4660 205728
6626 1648 205765
269 2951 205772
2364 9563 205779
9495 9666 205795
294 40 205905
3458 9233 205973
2286 4486 205980
378 3470 205985
661 4383 205996
9887 3606 206093
7197 2977 206109
6759 8233 206113
1490 1666 206157
3229 2586 206181
5669 5113 206303
5930 5057 206348
52 8653 206385
8067 5412 206410
2376 4969 206412
9462 7049 206449
9383 79 206484
2356 2352 206487
1811 2694 206508
2536 1593 206557
3275 4093 206591
289 78 206606
4055 7038 206719
5207 7577 206866
4271 2619 206879
7065 6499 206890
4155 4662 206903
1431 80 206904
8779 5532 206906
8662 49 206923
8982 1674 206928
2593 5838 206953
6160 9838 207007
5492 2725 207014
194 1511 207080
9970 6764 207110
3672 7451 207123
1143 1505 207144
5816 825 207153
4704 1799 207181
6133 6355 207199
1997 4399 207200
4968 1122 207233
5300 9488 207319
7892 266 207372
2826 2735 207450
6289 1187 207455
7913 5346 207471
5954 7759 207517
8117 8467 207519
9457 7261 207538
2039 4594 207569
2823 5578 207631
4306 9740 207633
9212 9344 207675
878 654 207694
8460 9632 207744
253 94 207754
5472 237 207834
4424 1470 207941
6559 528 207964
7114 3854 207992
5239 1357 208044
3855 4025 208070
5933 9062 208073
7529 1110 208106
588 4526 208136
9042 4795 208289
5550 7121 208310
2090 7893 208314
5486 9356 208314
3816 883 208328
3894 9536 208329
3769 2839 208376
5687 4237 208467
3253 9968 208496
2462 8470 208501
1795 5921 208694
2818 5409 208696
3794 5068 208731
590 844 208853
1696 3113 208945
2358 1367 208999
1208 3765 209040
4544 364 209062
8908 9043 209084
2419 1615 209101
294 320 209122
1263 487 209133
5209 3364 209133
1050 850 209201
2256 146 209203
1071 377 209204
7605 1456 209274
346 9460 209285
8385 3304 209288
5414 5748 209304
6259 6835 209312
9801 2402 209312
9046 3841 209315
9665 6989 209374
6990 2560 209419
3241 2906 209443
6435 8592 209447
3710 9326 209453
5340 2084 209472
6279 1113 209563
2938 5484 209568
949 1580 209620
5466 4223 209635
9642 2681 209671
2682 8460 209671
9903 6542 209752
1150 9184 209769
9044 5187 209775
6623 2770 209809
2955 3315 209846
7048 4212 209866
5600 843 209885
8351 1069 209992
2279 7336 210051
7185 2002 210108
3574 6201 210109
6038 2969 210155
1538 2348 210210
4760 9659 210234
1874 1651 210293
2960 5879 210355
1981 5758 210389
886 1302 210440
469 4636 210473
6816 2729 210593
1680 1512 210721
9703 1226 210746
814 6045 210768
4997 3765 210789
396 1841 210823
9153 8209 210830
4380 4024 210856
8742 1941 210865
6561 7610 210893
5923 3772 210977
5346 2578 211006
5554 3571 211035
5359 37 211040
6895 4795 211093
3967 847 211101
495 2913 211119
9362 9510 211123
4541 4421 211124
4047 1947 211126
1180 162 211131
3457 3714 211178
4157 3740 211248
4778 6241 211308
4436 7357 211406
3520 1555 211427
5429 8581 211516
8501 7858 211548
8630 4562 211709
2873 1744 211717
7459 3851 211719
3972 9769 211727
7071 8972 211778
9831 7199 211907
242 1215 211932
9923 4242 211940
8340 4897 211976
9550 8936 212004
4236 3244 212024
2830 4064 212050
1159 2336 212091
9772 5110 212228
2088 1179 212357
6401 9237 212423
7776 3468 212481
2003 1098 212557
9766 7484 212569
9666 9256 212592
6387 4830 212601
4488 1972 212604
8281 3157 212647
4012 2276 212663
9955 3854 212726
7556 705 212799
4243 2162 212832
7859 6918 212905
6273 5425 212936
8814 9799 212987
3726 4444 213139
1973 2560 213152
6345 8568 213190
9882 4406 213204
6307 7264 213244
6316 2338 213290
4243 4722 213291
6258 7119 213294
3593 4478 213297
1589 6999 213323
1278 8928 213380
4786 1729 213382
4459 4115 213526
3238 8259 213558
1092 433 213604
4574 7459 213636
6560 7653 213643
6394 6918 213674
1731 8031 213775
2363 3462 213802
3702 7556 213891
1026 4559 213900
3013 6602 213940
622 9812 213960
1463 5141 213977
9555 4611 213983
8156 9100 214022
9578 3338 214025
3517 5077 214029
8291 8295 214030
2498 4805 214067
9694 3899 214079
5298 7939 214101
2552 2799 214239
2067 5680 214268
8547 9193 214274
9246 9496 214311
4797 3973 214322
6102 7763 214370
9836 8588 214374
4809 4350 214381
8507 7976 214444
2797 1822 214604
8760 7766 214616
8135 7739 214624
1110 2516 214740
5882 6810 214761
4320 9198 214812
7653 8413 214832
419 1976 214833
6993 3028 214848
5459 4824 214851
6467 7204 214857
1347 2193 214859
283 462 214894
5162 9297 214931
6071 5282 214931
8995 4167 214978
7155 7899 215011
7785 9985 215057
9463 4916 215235
1663 323 215275
3951 8718 215307
1744 5384 215316
93 2971 215320
2168 3006 215356
1047 306 215378
8948 1713 215391
2349 4453 215421
6662 3881 215428
434 4618 215480
787 7255 215538
5875 8171 215579
5464 2714 215590
8733 3890 215672
1989 7218 215685
2320 1802 215726
1925 4225 215754
4291 3437 215973
1395 156 215978
7450 3904 215989
3223 8907 216027
2226 6614 216058
9798 222 216117
6071 7603 216173
681 3697 216241
7756 7854 216251
9759 8737 216266
777 305 216342
4585 639 216346
1030 631 216370
4188 2044 216380
335 24 216390
7677 6811 216413
4696 7658 216418
3786 9750 216531
8435 549 216557
4195 5249 216632
8698 149 216657
4579 7962 216673
9005 3338 216684
5801 3918 216691
3146 686 216715
9156 8535 216804
8107 6079 216845
100 6569 216883
7470 4681 216950
7615 2996 216969
8795 5733 217060
5535 7819 217105
8888 6817 217132
9613 1629 217248
1104 4250 217254
4334 5709 217319
7671 362 217331
8985 7161 217339
227 5993 217462
2638 5817 217467
4040 4017 217514
2665 4051 217519
277 5191 217562
479 194 217581
8421 8564 217590
4699 3369 217697
1196 3398 217710
38 9 217749
9686 6280 217814
2019 6284 217881
1188 335 217925
1374 4895 217982
518 7953 217986
9747 3935 218018
3233 3417 218105
6765 2984 218139
7678 4308 218262
5741 7005 218289
5398 4228 218299
5752 4236 218300
2170 2407 218354
5717 8667 218369
2945 3543 218412
1803 2305 218465
7509 6194 218500
9637 3200 218589
1426 2524 218598
3271 2302 218604
362 327 218716
921 9075 218805
5351 7221 218827
1289 1088 218837
817 4128 218972
715 736 218998
9542 5695 219020
2269 9310 219043
283 3388 219077
7553 3193 219085
7258 4382 219119
5297 109 219120
8544 3841 219131
9606 3000 219163
1387 9010 219176
8588 9913 219309
4177 8316 219351
3265 7842 219427
141 886 219468
5135 4855 219473
5091 1050 219575
9711 4154 219595
642 7671 219626
1379 4396 219659
6724 764 219797
444 6202 219835
1042 8190 219852
9427 9613 219853
1193 1979 219914
9365 755 219927
5851 3633 219953
3060 2831 220041
7333 7853 220054
6278 7333 220080
1032 8285 220131
4150 4304 220160
7811 4557 220242
9394 6834 220296
2123 4231 220343
3406 4122 220380
732 4868 220629
880 585 220669
6195 288 220756
9723 9495 220812
350 1628 220824
1638 5206 220845
2275 5536 220846
2676 8431 220889
1694 441 220983
9874 2423 220987
6513 9819 221004
1044 6923 221104
8050 537 221119
1094 5348 221133
7682 9665 221135
5121 7969 221141
7566 7589 221152
2081 4609 221187
1933 5230 221192
4576 3236 221192
8151 2241 221196
9719 2587 221211
852 1247 221343
2983 5545 221358
1935 1532 221378
4257 6422 221421
145 3216 221426
5895 8954 221443
2054 2854 221498
252 9422 221572
7153 4977 221590
9699 8799 221634
7012 4125 221657
2686 9794 221758
7624 2014 221815
5269 4084 221826
158 2750 221915
6207 899 221945
8916 5110 222067
375 2888 222182
2649 9238 222246
8319 9667 222265
5899 5729 222279
2320 9903 222370
7087 7384 222431
2832 558 222447
1176 1226 222450
1942 585 222458
6745 5852 222526
4095 4819 222548
685 8121 222588
4177 4831 222663
6049 8134 222676
619 1108 222680
74 7669 222705
2614 9355 222762
1753 642 222841
8348 6958 222876
9019 6215 222929
2113 4984 222959
3223 1054 222996
9017 8243 223022
7847 8260 223035
2991 4953 223069
3088 6390 223102
763 2030 223156
4043 6772 223157
5969 5742 223209
8768 3679 223210
3687 5732 223267
7928 3528 223279
5987 1892 223284
9245 2812 223331
4395 9275 223366
9634 7823 223383
4562 6274 223458
7817 9710 223551
2230 2976 223604
249 344 223611
5042 874 223669
5548 5966 223681
7667 2134 223692
2327 3206 223717
205 9964 223740
3916 7219 223752
5246 5395 223766
7777 242 223871
6350 1476 223875
6742 5029 223918
4129 9287 223931
6287 3924 223951
4412 3055 223958
1642 7524 223973
4660 598 223988
7739 7738 224043
474 6621 224075
2682 6072 224086
8584 5530 224110
5979 5035 224201
8987 1823 224209
2973 5861 224242
543 1029 224256
435 965 224303
378 3804 224335
618 7824 224342
2175 8216 224388
4962 6180 224428
5901 4238 224433
517 3525 224531
4071 4718 224580
7727 612 224615
6809 8136 224637
3847 465 224647
9010 9663 224661
3985 4672 224701
7565 1722 224709
5704 4247 224747
8145 8513 224799
2330 5159 224869
8557 809 224955
5755 5414 224963
896 5887 225017
3161 9273 225019
9669 8058 225119
2968 9195 225191
7934 3474 225215
7688 3257 225238
8288 8547 225396
1163 5295 225411
3099 703 225497
9312 5732 225503
5149 2610 225521
9110 9057 225553
3552 5240 225584
2423 496 225693
9990 4821 225730
6050 4527 225786
1627 4651 225878
6282 5644 225906
6435 5104 226028
2374 2402 226126
5222 8503 226153
1963 6090 226195
6420 7109 226215
2105 1441 226276
8006 9358 226284
2652 6617 226305
2613 7866 226358
7246 7360 226474
449 7792 226603
6734 8656 226640
1859 4263 226644
9330 4578 226721
4376 3594 226728
3317 1646 226734
5336 8106 226956
9349 4676 227054
1456 5722 227063
5845 6167 227144
2269 4002 227186
7580 1274 227201
1792 7371 227274
9332 7523 227310
7019 432 227343
2203 5192 227383
4500 8225 227475
78 3468 227483
5178 9134 227558
4564 402 227559
9569 4599 227600
9202 4910 227614
894 2131 227642
395 1930 227664
168 751 227695
4464 2018 227753
3386 1218 227819
2807 5205 227850
850 2083 227886
7974 4265 227886
4883 6112 227969
307 7454 227992
1013 6075 228000
897 3513 228042
8119 2541 228173
1632 3647 228220
458 5589 228268
2221 6272 228269
2068 2276 228284
1116 2578 228348
5012 2656 228445
8034 7721 228452
5233 1863 228547
7653 1199 228608
872 8979 228697
2358 5318 228728
2294 7117 228733
4258 5868 228891
1942 1663 228921
547 210 228935
7668 9360 228974
1923 9015 229242
2485 5471 229257
5026 7658 229353
2959 3111 229354
3820 2240 229374
166 2303 229410
894 9655 229493
5828 2395 229514
2622 6274 229558
111 632 229576
619 1548 229652
8291 792 229731
5210 5463 229763
408 6979 229772
9925 7342 229778
6718 3072 229786
2118 8806 229799
9610 3816 229801
9977 8580 229917
4274 5826 229929
6892 1236 229951
8648 2585 230030
1906 3054 230160
7133 9848 230160
5511 3889 230226
491 772 230257
3044 4825 230268
4560 411 230318
922 8999 230336
9169 4832 230464
9648 5471 230579
9794 6383 230595
2581 230 230648
7849 1503 230676
1184 3607 230698
4654 2297 230726
765 8861 230748
1484 9769 230905
6200 115 230932
5239 5917 231050
71 226 231051
5775 7009 231063
1838 9701 231099
3051 7713 231141
8496 3971 231213
9266 7649 231265
186 263 231296
4591 6012 231384
1028 146 231450
7517 5464 231454
2668 7873 231528
5780 3478 231572
2062 3262 231579
8261 5739 231620
6906 4577 231730
3269 3730 231800
7688 9498 231806
6444 213 231820
4800 8722 231822
3284 2746 231839
8800 4334 231842
376 1909 231866
2698 4589 231930
521 746 231934
9936 4215 231957
2256 9271 231975
8508 2872 231991
2516 3028 232031
3214 7255 232102
2675 539 232121
6293 1444 232179
3439 1665 232275
4499 57 232350
8236 6837 232388
506 338 232520
462 6743 232552
9905 1974 232572
2854 2881 232611
3149 5199 232639
9989 6582 232707
1491 9524 232789
1050 6709 232845
6562 5202 232969
7235 5530 232994
3054 3084 233048
4883 1288 233169
9988 2424 233196
9727 9770 233211
1876 1066 233228
5788 1028 233278
527 489 233318
9152 5946 233365
9159 5604 233368
9363 6806 233434
975 1648 233440
7766 7839 233443
5074 5369 233467
2188 8670 233499
6048 7686 233539
2774 4077 233545
3459 4838 233553
1597 8290 233570
9986 6937 233606
9151 6225 233714
2926 995 233719
3344 4979 233853
2004 9497 233864
2411 6174 233907
9807 3786 233957
7995 2019 234078
1771 5722 234102
119 8191 234128
9939 3549 234221
72 970 234269
2326 4005 234300
8078 7058 234322
2685 401 234376
2925 1186 234389
5311 8246 234400
3965 3903 234404
7340 2721 234421
704 6 234445
1059 3105 234459
6193 1391 234470
5868 1003 234485
9551 1137 234542
8754 2264 234694
7330 4279 234698
1704 5730 234726
8579 7234 234768
6841 382 234783
7591 804 234787
2309 5332 234818
5670 8004 234855
3163 6871 234915
9050 4518 234917
1875 8828 235010
4361 5534 235147
9406 1532 235171
9444 4513 235202
6703 3021 235300
2928 350 235313
6741 7806 235399
8785 5018 235412
3275 9297 235515
9330 9968 235515
9332 2230 235633
8738 3031 235705
2933 3548 235778
5458 2474 235803
3301 6214 235827
2806 4345 235856
4430 2531 235857
655 5473 235898
3427 8225 235912
479 1517 235933
7855 4416 235956
2125 4527 236033
9435 1152 236111
9727 9724 236169
1327 799 236175
377 2565 236249
188 264 236284
3532 676 236289
5964 9492 236312
8844 5608 236381
5514 9263 236393
3205 6813 236442
3705 2576 236525
1577 1527 236594
7359 9434 236630
2371 8146 236653
5269 3342 236677
3078 367 236706
7991 8834 236770
6285 2852 236836
3756 4765 236854
261 99 236878
3099 3621 236913
7255 8204 236925
393 1476 236931
3736 9226 236984
2801 5298 236998
6323 4802 237037
7887 1911 237115
8837 8827 237229
8482 7165 237275
3478 6743 237500
802 2561 237558
292 148 237569
2117 6846 237610
3954 1363 237719
1040 5468 237845
3441 1021 237954
9876 252 237961
3042 5508 238050
6704 7215 238055
3224 4763 238292
4113 1862 238320
9989 4349 238388
1863 8778 238427
6383 3131 238480
8770 8166 238488
8976 3889 238588
354 1138 238665
1435 6617 238789
2521 6803 238815
4075 299 238925
7770 7234 239016
4878 4946 239033
2981 6295 239055
2818 5293 239066
277 468 239184
1372 9732 239260
2217 4118 239271
3602 368 239273
5292 3785 239338
8383 6312 239463
1065 7957 239686
866 656 239795
8257 6069 239840
599 7431 239850
3647 916 239877
7013 6687 239995
5612 9953 240087
3070 6594 240115
5860 5423 240142
2206 7130 240177
499 3009 240371
747 9969 240418
2601 191 240461
9293 3085 240518
4887 9220 240671
3669 3420 240715
9056 7256 240811
5428 2776 240920
7725 7809 240944
897 4952 240964
2092 623 241008
2155 5560 241022
5302 5326 241026
2272 1992 241029
7354 6316 241072
521 2824 241115
1318 2447 241153
4535 8878 241164
1675 812 241255
3539 2625 241310
5866 5569 241355
3499 3798 241374
8900 695 241410
5681 6166 241518
1808 3730 241531
8670 7648 241775
7860 3644 241814
5618 9408 241819
7106 3876 241867
3414 4563 241873
5397 3927 242008
993 571 242035
7539 7617 242081
6077 3828 242097
3654 6542 242123
3840 5277 242147
3346 5303 242148
8244 1382 242174
7000 8652 242336
4918 6941 242353
8239 3532 242385
3760 1421 242387
4898 628 242447
7920 6321 242559
5175 2819 242606
3948 3977 242635
6470 3178 242804
3705 313 242817
7716 9267 242904
5834 4504 242968
5532 3391 243013
6347 3776 243031
5849 3129 243033
5603 5198 243160
8943 5672 243167
463 456 243190
6116 447 243207
1766 1664 243288
3089 9788 243360
5001 8853 243444
5714 4497 243515
4091 4101 243571
1953 6454 243572
7869 5309 243649
3340 2718 243652
1731 5397 243665
2592 5145 243694
227 4546 243701
7760 3741 243757
1067 1249 243897
3296 3235 243907
4129 8331 243911
9323 4505 243967
8597 5286 243979
6623 9467 243996
8515 9820 244094
5153 8013 244119
4619 7772 244129
9209 7173 244158
5491 1158 244169
5176 8097 244228
4256 2733 244240
3514 3165 244262
181 9756 244338
8270 366 244543
2829 5978 244650
7586 5795 244678
9650 7576 244746
9836 8844 244798
5700 6885 244815
4452 700 244820
6865 5183 244912
7467 6736 244926
1388 8397 245062
8705 9327 245195
4318 1331 245226
1756 7318 245227
8651 9888 245325
8124 9987 245379
2969 9854 245481
8528 4370 245523
9837 8045 245540
2342 4894 245591
2216 9659 245603
7584 1242 245627
1890 4908 245658
3154 313 245754
3725 4953 245778
1559 5632 245912
205 1996 245925
2292 1044 245970
2707 1002 246012
1188 5397 246058
3307 3523 246112
7672 9511 246146
5094 6714 246153
1252 186 246240
9560 3724 246447
214 8179 246530
590 708 246565
590 8094 246597
4889 5721 246734
62 5180 246741
7121 9289 246742
1854 1702 246788
720 1162 246793
3492 1686 246832
1363 4509 247021
5772 9790 247022
1514 5489 247069
7877 1582 247122
5860 8056 247136
865 7808 247153
6819 3790 247181
313 4413 247193
4338 2998 247281
3754 4647 247286
6449 5048 247350
2073 5197 247352
5302 329 247353
3220 7711 247372
727 1957 247385
8491 4890 247385
1016 2747 247419
1393 5231 247460
9806 1170 247485
8430 5418 247606
2007 2433 247613
8440 4034 247703
779 3680 247707
4404 6671 247749
2704 6245 247830
2706 5878 247843
1805 691 247902
5319 2725 247902
3873 2818 247948
9089 2091 247991
7581 4128 247996
4840 5355 248041
613 4641 248074
3192 8775 248079
8498 1326 248245
4319 2254 248289
5465 2815 248295
212 4085 248406
6304 5360 248439
7308 4448 248448
1208 8982 248489
2443 5173 248516
8146 7480 248716
3899 1328 248721
229 7536 248736
818 5593 248847
5836 1365 248899
2046 1773 248910
5913 9016 248939
7739 5620 248942
9867 8576 248962
643 1969 248976
5172 7563 248988
7806 5460 249025
3941 2798 249029
7897 7469 249110
1258 2193 249165
1539 7642 249176
9962 5532 249191
1916 2418 249198
7027 5232 249275
4170 3575 249283
9513 3743 249360
7733 9230 249360
26 522 249468
3626 4077 249519
3241 9791 249524
1240 789 249540
9404 5668 249569
9253 6669 249729
5440 8668 249776
9235 2018 249803
8433 2113 249955
6125 5675 249974
6187 6603 249977
8794 6429 249982
740 1613 249982
8962 1907 250009
5016 4923 250050
6494 8369 250085
3799 791 250170
9496 4852 250190
9805 7826 250207
1128 9646 250274
4946 658 250348
5863 5799 250360
2346 7824 250442
2526 160 250571
3278 6213 250605
7495 9432 250639
2497 9925 250659
6076 5090 250672
2122 6355 250675
661 3240 250839
4447 795 250840
1783 6935 250862
2717 1222 251060
6707 8211 251106
276 4679 251197
4566 2267 251253
219 1284 251276
6678 8664 251277
8909 6306 251287
5113 9480 251291
5003 1805 251350
5918 3260 251361
4013 2061 251367
2327 7332 251420
4823 3154 251432
4684 5933 251492
2482 5350 251512
8746 6663 251516
811 9120 251532
6829 5509 251581
7742 6711 251652
990 5770 251659
4055 8113 251734
3985 155 251778
8101 9896 251872
3641 1572 252035
6097 7275 252042
1925 9880 252147
6081 6084 252233
5731 9365 252249
2653 9171 252461
9288 6623 252503
3300 5848 252560
6561 4757 252619
4554 9936 252784
3371 672 252809
529 3714 252861
3377 8180 252862
6643 1087 252889
6840 327 252894
8986 5858 252939
6661 9421 252989
3779 542 252999
2995 8668 253018
7315 5125 253028
380 1991 253054
1807 1834 253142
858 439 253173
409 6256 253193
3728 3782 253310
3052 5616 253408
806 8714 253510
9539 4473 253575
2005 2915 253578
1586 956 253624
6429 2690 253875
7897 5793 254055
8196 3045 254121
8790 9100 254191
104 2551 254390
2661 8612 254468
221 89 254495
8839 6334 254653
849 2322 254678
9363 3300 254740
311 6642 254829
6643 7560 254891
9516 6409 254902
1680 3186 254925
4128 7577 255003
6814 1049 255083
2781 8366 255234
1919 4035 255329
2179 6468 255333
8821 1277 255348
7067 2081 255361
6798 4390 255564
1257 792 255593
2695 7618 255660
3454 5101 255783
1565 6857 255850
1430 5954 255854
2900 45 255855
3254 5175 255858
8813 80 256007
7593 7526 256148
9834 5407 256205
5464 6049 256210
7816 7765 256243
6471 1051 256252
9903 7044 256379
8808 8555 256384
7363 6805 256415
172 6318 256439
3421 5265 256442
1341 4662 256461
3719 5769 256472
1978 141 256473
9367 5903 256484
2098 2039 256588
6689 5915 256612
7878 7898 256649
1291 60 256653
4640 517 256789
3631 3794 256830
8107 2115 256916
5232 2324 256941
151 2748 256956
7703 1732 256982
7992 2508 257190
773 3261 257227
1025 411 257247
2527 9157 257345
2936 8799 257395
6721 9359 257562
7826 48 257593
5661 2406 257768
1004 8702 257833
7946 1104 257849
6290 9020 257867
2998 8366 257903
332 4204 257944
7923 280 258039
7380 8398 258117
9656 9959 258134
27 1738 258153
4029 3881 258288
4224 5312 258461
6874 9192 258472
2506 7184 258581
145 2361 258634
3439 2171 258678
8886 8633 258699
9 14 258706
7773 3371 258739
5407 3173 258769
3995 5665 258793
180 9865 258831
7786 7446 258841
567 193 258987
3155 805 259017
8836 7640 259039
9410 7868 259066
4991 9367 259105
3619 6854 259303
230 2855 259394
9994 8044 259415
7714 7848 259459
8149 3133 259561
87 9011 259582
3404 7950 259583
4759 3903 259625
2675 2921 259698
6784 2506 259704
3225 3624 259718
9650 7899 259734
5585 1323 259870
8012 9208 259881
3855 6650 259906
4389 9695 259980
7165 1105 259996
4481 6728 260101
5686 1495 260144
1611 9300 260177
6102 4350 260196
6162 1262 260212
1818 1586 260267
9093 9096 260413
5958 9846 260467
1117 9264 260527
8471 6455 260548
5550 254 260609
2037 129 260649
3720 9221 260673
6579 3366 260696
3612 8172 260721
5690 3871 260735
3782 6751 260744
261 9602 260747
5337 616 260793
4088 2168 260931
2396 7938 260944
2205 1117 260961
2813 4946 261027
9964 3125 261045
2019 6169 261120
5593 9352 261169
7627 3081 261267
3981 5476 261277
3519 5836 261303
8363 1936 261363
3857 6479 261423
895 49 261724
9902 447 261797
1173 3080 261831
8184 8605 261832
8822 2448 261912
2660 4146 261959
5195 3870 261960
6822 1820 261981
7294 2000 261999
1565 8118 262192
1835 3976 262194
2809 4772 262347
186 2455 262354
4843 6678 262358
2200 4350 262403
3503 798 262427
8485 8637 262444
955 1543 262453
5542 3872 262501
6877 67 262614
8862 4239 262626
737 4404 262692
7311 4567 262693
726 9995 262706
2754 9095 262801
8893 5380 262870
3974 5037 262952
9513 9522 262965
124 893 263003
9119 8432 263005
5134 67 263101
3140 3591 263144
8043 5417 263148
6821 7528 263167
230 6980 263184
1199 6876 263193
4061 6309 263233
4291 7936 263303
3038 7854 263304
2491 214 263353
7208 676 263501
4238 618 263504
1090 102 263595
2070 7350 263672
6997 9371 263900
2124 2696 263967
3622 8935 263986
1897 9764 264055
9097 4858 264145
9336 5122 264217
312 7433 264259
812 3605 264271
9110 570 264279
6324 5935 264308
1141 7714 264362
4886 2665 264384
9931 8369 264387
7647 6341 264429
3082 3120 264479
4752 3931 264512
3245 1648 264522
1106 7702 264538
8949 8936 264596
3812 8196 264612
2039 405 264637
3387 3490 264664
9674 1280 264678
2264 5769 264749
7473 5163 264758
6906 8820 265086
777 6826 265098
3507 1060 265169
614 4473 265196
1927 562 265264
9589 4113 265395
5838 2204 265483
8169 3953 265530
6403 8472 265547
7116 7302 265579
4819 2608 265730
5095 7852 265788
6484 9649 265866
8855 7491 265921
2236 1286 265939
539 2438 265954
3326 9276 265955
257 4091 265976
2161 5602 266008
9390 3953 266044
9247 6827 266052
345 4222 266167
2274 2548 266167
8564 7072 266266
5678 3924 266287
8616 7472 266341
3391 9367 266392
5654 3237 266430
8278 1147 266494
7772 3657 266594
479 1042 266629
2205 3195 266686
5504 1703 266724
221 7089 266737
1605 6893 266749
4805 4492 266953
6594 6832 266978
2541 6110 267101
6099 9963 267257
4160 4319 267263
2247 4214 267441
4244 3588 267455
5886 4069 267468
7590 9867 267470
2217 6618 267473
8134 7446 267537
2592 877 267542
6134 2220 267566
6119 5635 267737
1375 8930 267785
3124 8133 267935
5035 2943 267991
4063 8332 268029
5808 2722 268057
342 2069 268060
2458 7957 268133
313 7366 268153
4637 1117 268248
6644 2011 268312
6487 7383 268669
1561 4912 268760
7039 5812 268806
1448 4200 268825
8729 4080 269006
523 6813 269098
4962 3288 269113
5460 8799 269189
6042 4486 269260
8602 5082 269293
4219 5376 269294
4407 2867 269478
5962 7728 269489
5914 3006 269524
1171 7057 269547
3768 3139 269620
3300 8886 269687
8334 6627 269692
2457 2608 269740
7014 3413 269834
6154 7510 269846
2204 654 269894
3621 5170 269922
5386 4550 270050
7341 1565 270086
7399 7505 270129
7782 1029 270239
7055 7530 270266
3501 1895 270356
4678 3033 270482
5906 5274 270491
8609 4879 270515
8151 8712 270597
4705 7997 270609
8967 8435 270705
428 2323 270753
1449 1848 270843
2174 1424 270846
8322 2869 270925
5963 5092 270937
9017 4806 271004
1798 5352 271051
1789 2174 271096
7980 6690 271264
4998 3050 271293
1500 7122 271362
702 8542 271449
2727 959 271523
6388 5357 271580
2288 5975 271691
3071 9698 271710
4561 4234 271742
1615 2095 271784
9730 2740 271805
6169 234 271809
4237 8906 271819
1098 3389 271961
8678 6804 271983
5477 4692 271992
3708 8697 272090
2358 5050 272289
1215 4782 272459
979 2430 272508
3727 7977 272520
155 594 272528
2057 1735 272545
421 399 272657
3198 73 272678
1401 1582 272682
6549 1755 272694
3341 4253 272763
8344 9768 272785
7195 4365 272798
4736 8681 272942
2444 7172 272984
2185 490 273083
9576 171 273094
9746 3120 273200
8201 6773 273206
7522 8568 273289
1510 6674 273301
4569 2698 273365
6669 5028 273394
9455 5496 273524
4214 9179 273525
9780 8619 273538
5037 3583 273538
325 9382 273552
4994 6977 273635
8532 4246 273689
4390 7787 273708
5558 1682 273775
5114 2005 273793
9692 8403 273941
3600 4729 273946
2375 6539 274014
1676 8538 274184
7848 1987 274185
9219 2275 274226
3007 6556 274383
972 6457 274477
1658 2665 274525
7308 562 274881
9719 8670 274953
1352 4877 274988
410 8163 275007
9659 4712 275011
5919 7683 275192
520 281 275269
5777 7688 275358
7093 498 275415
9455 186 275493
8341 4499 275518
2613 3376 275543
9610 124 275617
5337 8712 275617
8596 1860 275682
3094 8227 275696
1959 8532 275716
749 2798 275881
9388 6900 275973
7236 6847 275994
7506 2205 276178
1616 1320 276197
6572 4883 276257
7857 2673 276261
295 340 276285
5910 4488 276289
6106 4558 276361
7224 8313 276461
7758 5631 276504
9321 7687 276511
2710 9168 276529
4424 8669 276529
9025 2175 276662
484 540 276722
9499 7978 276724
5854 4356 276774
1171 9595 276937
2263 1844 277038
3260 1271 277084
3433 2315 277139
3062 4273 277171
3185 3091 277198
6843 820 277251
4811 4614 277368
6510 9615 277442
9476 5354 277452
5970 3556 277637
9584 3447 277639
9753 5818 277693
9453 4914 277701
2176 8767 277717
5189 3849 277730
7828 2495 277745
7131 4536 277849
9266 4203 277917
3076 2015 277924
4142 9454 277983
7761 2988 278117
3690 922 278119
6758 1429 278268
5770 1152 278301
3531 3934 278396
6427 8038 278406
5252 3039 278432
7361 8600 278450
8815 8168 278498
111 1411 278597
8288 935 278608
1405 2262 278659
4829 1281 278867
3506 6562 278996
1384 5749 279006
1814 1785 279038
2095 1929 279125
3970 7262 279172
2786 1472 279213
5270 2337 279382
7881 7626 279383
4107 4091 279523
9602 8085 279672
7455 3440 279700
5171 5048 279706
6362 4884 279780
7160 2761 279809
1206 5529 279815
69 6922 279952
5856 4587 279975
2553 1362 280036
1923 4638 280212
3135 9423 280327
7359 3169 280426
3106 8991 280478
2116 7707 280504
3433 7564 280996
260 9027 281052
7878 6314 281066
5913 6676 281291
4930 4013 281361
7773 4737 281380
1687 6440 281416
6416 6406 281440
1149 9336 281601
8990 4701 281608
4871 3796 281680
3947 1636 281931
375 4263 282011
2419 7237 282018
2186 9979 282167
6769 5322 282268
8322 230 282319
43 119 282401
7365 5814 282511
9023 2488 282517
2300 4328 282718
8041 5365 282810
5896 2862 282864
7130 7134 282899
5475 4357 282908
605 1596 282945
9632 1336 283089
9012 967 283251
1400 9002 283257
80 5329 283542
5506 2623 283552
6445 1552 283560
7367 1567 283697
2717 9300 283798
4701 3817 283801
514 6889 283856
5340 2138 283878
6111 4435 283891
205 189 284132
6949 3915 284395
9682 8916 284401
2731 1513 284474
9563 4117 284475
1650 9435 284482
9067 3750 284497
1327 1985 284545
2802 3338 284559
8006 8344 284601
7737 8936 284663
3063 1031 284683
7889 3772 284728
8653 7609 284746
1195 9206 284861
5918 5323 284896
4203 9085 284971
3637 4776 285014
4241 6938 285112
1087 2630 285199
886 900 285270
7171 4925 285317
3559 8197 285449
6448 379 285511
536 2207 285772
3522 1900 285812
2181 2429 285824
1053 2779 285848
9141 4478 285933
7558 5490 285963
8991 7504 285974
7079 5498 286089
6447 9392 286100
1637 2942 286135
3438 3811 286200
5580 9752 286325
1776 866 286384
9348 9977 286391
9869 2465 286424
2642 6282 286485
902 643 286545
44 9731 286658
1020 6546 286879
7453 1293 286923
7258 9387 286932
1588 8846 286968
7825 2105 286978
7803 9621 287070
3948 7359 287077
5905 1000 287129
2475 7389 287130
8694 7619 287158
4328 7112 287232
9888 4515 287532
3268 550 287559
6382 2443 287647
373 8406 287666
6664 9522 287683
8298 2447 287712
7097 5651 287718
8658 5005 287749
3315 5234 287774
3863 2133 287867
6340 1284 287889
8012 1036 287923
5415 5942 288028
7533 6388 288174
5572 9203 288282
5096 1187 288368
7831 875 288418
291 9685 288503
4075 1387 288554
5274 8476 288560
2077 6805 288564
225 364 288568
1439 7120 288848
3287 1763 288860
3166 4670 288900
5335 3225 288907
3073 4617 288948
6797 3874 288985
8542 6585 289002
6385 7251 289140
7503 567 289141
1886 4288 289227
208 2201 289258
2621 6668 289331
2269 5734 289354
240 1601 289422
5176 8748 289443
796 4978 289605
2544 2399 289618
9023 5773 289635
2194 2932 289656
6701 5084 289657
2675 6531 289946
4353 9111 289956
1946 9084 289992
3827 421 290024
5281 6522 290040
2929 5213 290129
4820 4237 290156
3467 3355 290198
8905 7474 290231
2439 7476 290349
4820 3108 290459
3861 9870 290534
8079 5226 290582
2657 2877 290651
4801 7681 290770
2853 6519 290793
5484 150 290834
6006 4871 290919
3071 5711 290987
7744 7918 291003
7850 7232 291007
4858 9984 291026
1625 5894 291077
4283 1657 291117
4461 2719 291232
6103 6453 291299
7018 8863 291312
4191 5034 291354
9215 3627 291558
4423 3172 291619
1852 4610 291626
5602 9127 291644
4016 1750 291646
8689 2837 291661
1259 8851 291684
232 846 291703
7954 8187 291711
3571 9990 291792
2732 3774 291903
5845 590 292085
9593 7010 292099
5166 1104 292272
5448 5038 292402
8171 2740 292424
2350 7458 292465
5004 8955 292538
1676 1299 292554
1688 659 292554
3780 2620 292558
4541 1477 292669
7700 6419 292690
2727 7701 292821
8879 6910 293105
4006 9873 293161
3334 6615 293182
9042 5305 293271
271 604 293285
182 1614 293339
2387 6664 293358
1570 2357 293521
491 711 293529
3800 9303 293673
2907 483 294101
1772 7186 294131
2875 2869 294152
2883 6150 294206
4404 7338 294302
353 3176 294497
6683 1823 294637
5581 5641 294777
6262 4295 294864
4015 4957 294956
1315 692 295232
27 9092 295250
301 454 295355
7007 4455 295401
6749 5031 295528
8844 3813 295529
637 1847 295536
5900 3309 295603
5305 5188 295621
3573 3562 295633
7517 7899 295666
554 4954 295785
5388 9503 296029
3309 157 296107
4912 7207 296187
1730 1676 296240
7999 5181 296259
8095 5814 296293
3022 5718 296372
8208 1925 296408
3743 9201 296424
2803 1670 296502
7791 7726 296541
8872 9722 296561
2050 5594 296721
2002 5467 296774
5232 8300 296859
8126 658 297039
2419 204 297160
2860 5513 297247
163 8655 297327
2286 3292 297337
2278 9260 297366
5617 1204 297476
5615 5605 297506
5015 6921 297600
785 6299 297609
6685 7193 297633
8836 2496 297641
4556 816 297713
2804 1361 297754
8691 466 297816
5871 9947 297859
859 4442 298001
6589 846 298034
4241 9257 298227
1597 7834 298347
685 2899 298552
4964 8576 298553
8946 3102 298657
2382 8759 298673
9202 7707 298752
8978 4014 298767
8980 467 298813
1701 7061 298915
4553 4888 299076
8502 120 299114
9741 5296 299140
7303 6074 299244
2290 2695 299255
736 2388 299261
4314 4778 299306
8595 7417 299486
4536 6329 299497
9402 6574 299521
3487 7221 299604
5086 2267 299717
5296 8480 299742
977 1080 299756
4844 5674 299882
9286 9818 300030
2570 406 300128
738 9347 300454
5178 4425 300699
5764 2803 300733
3182 7278 300754
7851 1153 300804
3583 6796 300865
279 2253 300973
1802 8539 301033
1410 8697 301188
7073 1085 301420
1987 2355 301427
3105 472 301728
2473 3695 301819
1224 3340 301951
3561 5328 301976
4405 2858 301991
8895 7273 302126
5343 9766 302225
1734 5418 302327
215 3096 302409
7401 3771 302468
2311 7734 302565
1751 1449 302718
5922 279 302731
3774 7643 302990
9493 2812 303015
4580 4606 303031
9206 4930 303050
2486 1998 303147
3434 3719 303197
4838 7734 303241
5090 3209 303299
6089 6800 303332
9706 9890 303379
5100 7382 303422
6255 5594 303424
9342 4678 303477
9912 1014 303760
7510 9083 303808
2734 7054 303873
8033 1009 303911
6714 9639 303946
6290 1660 303969
4215 9093 303986
2632 8443 304166
4221 771 304281
8488 4151 304322
3189 5103 304455
5757 3501 304537
5552 4415 304639
945 693 304640
982 5791 304718
9139 6649 304802
6863 4572 304863
4122 3048 304892
9268 4061 304900
9399 7456 304959
4833 1310 305047
4664 8022 305136
1079 2881 305136
8468 3353 305185
4423 9244 305195
7341 4682 305551
8069 4131 305634
4388 7532 305675
4828 3418 305700
3490 2510 305710
5050 5905 305742
9221 2417 305824
6501 9839 305875
5898 5978 305933
6918 919 305947
2727 9152 306150
8966 6908 306187
3642 4112 306210
287 174 306246
7067 3314 306276
5205 8429 306753
8621 7678 306797
7157 7684 306863
49 9041 306873
3937 9328 306893
2479 6420 306944
7383 4400 306962
4341 6239 306968
4919 9038 307071
8080 6159 307156
8666 8652 307226
9780 561 307314
669 2421 307399
9382 6021 307414
9137 7401 307497
1966 5070 307498
3769 9702 307641
9397 5149 307815
2469 7939 307925
2192 3239 307993
1267 748 308037
1857 3672 308037
8764 408 308097
3003 7507 308175
7421 7299 308287
2760 1241 308365
9493 5906 308395
2197 8653 308401
542 6327 308446
5287 3693 308461
1869 2667 308539
7004 6989 308581
3075 9656 308940
2029 208 308945
6706 5862 309130
6051 1435 309143
2607 2452 309362
6175 4651 309414
9680 7354 309434
6493 2757 309554
6485 1453 309594
8956 6792 309623
6284 4213 309686
1069 7183 309726
5909 3796 309854
8229 6614 309873
3928 9437 309922
8262 8944 309930
8127 2684 309946
4081 6899 309956
6363 908 309994
5683 1539 310100
7187 489 310102
5001 1883 310305
2917 1169 310374
3843 1031 310412
5888 6179 310419
3566 455 310481
3891 4381 310756
4505 4108 310840
2279 1975 310880
9251 5859 310909
4301 3414 310927
8856 8725 310956
1228 5530 310998
6468 1545 311086
3213 8788 311178
7201 4707 311380
8672 9676 311443
5481 3066 311623
3896 6131 311787
532 9428 311790
6830 5725 311803
5892 5467 311826
2907 3042 311846
2591 7823 311994
7608 738 312114
6486 2985 312188
4456 24 312192
9417 8965 312256
4369 3752 312373
447 9911 312479
8271 4903 312515
7383 2255 312527
1308 2045 312528
7571 1717 312546
9974 8946 312666
8855 9080 312711
190 1989 312713
232 6247 312719
9191 263 312862
4673 6108 312966
4402 3993 312992
48 82 313011
5452 3352 313015
7804 1075 313057
9349 9965 313158
3870 8188 313338
6883 4591 313461
8016 23 313502
6481 7646 313578
5884 8977 313637
1025 3324 313650
7879 2389 313710
4419 9947 313831
5310 6921 313897
2023 7233 313935
5258 5288 313981
9395 7795 314184
2571 4895 314397
570 5366 314403
5236 2650 314454
8680 1888 314482
4653 4047 314768
5510 738 314898
5800 9505 314955
8681 5600 314959
2317 3297 315035
5683 9327 315167
6062 4504 315176
7344 1704 315230
3556 2752 315392
7425 159 315498
2491 2844 315515
1689 2890 315634
582 3923 315743
8082 4891 315767
9728 8617 315917
9466 6606 316049
3699 4467 316066
2827 7505 316203
2639 9411 316245
6904 4271 316283
5571 3015 316549
7949 7593 316598
3290 5431 316667
8852 8842 316684
9792 4625 316792
2457 91 316925
5061 7547 316985
7701 3678 317032
1562 1615 317104
6581 8904 317207
17 1460 317371
2311 8950 317504
8242 2114 317565
8572 9095 317576
4250 6269 317743
1948 6089 317768
5038 1766 317859
2871 292 317904
1726 592 317973
3888 4491 317998
5193 4382 318162
8968 1272 318179
9176 1949 318325
2145 2001 318329
2245 9320 318373
1548 2600 318484
5244 101 318611
5776 2105 318734
5900 425 318739
9224 6726 318891
1615 4140 318981
8306 2828 319080
6324 7870 319153
1967 4506 319313
342 9916 319416
6727 3101 319418
2362 2941 319429
8971 677 319475
8648 9059 319510
9382 1258 319527
5951 6117 319619
4727 6780 319675
9751 9931 319700
3736 1555 319996
6188 8885 320062
9418 5891 320151
2826 5060 320259
706 9609 320550
8013 2415 320591
2989 3140 320635
4532 6488 320703
8676 8267 320868
8631 9760 320927
5505 9348 321000
5784 2780 321090
3732 9031 321103
9364 33 321138
8962 7377 321180
3662 6219 321388
6512 1420 321417
6508 1197 321518
6919 1155 321538
6549 4984 321571
4057 5394 321681
6547 4198 321733
5198 5439 321863
5339 5052 321963
412 4189 321966
8600 5810 322149
7958 3203 322202
6971 2752 322346
9400 8611 322413
6339 4960 322481
1086 3720 322490
5717 926 322535
6473 8443 322556
7017 8774 322701
8989 3724 322825
692 3064 322903
7893 4207 322911
2158 365 322962
2102 6 323020
7199 9835 323032
1440 8698 323215
9514 8666 323229
2166 3296 323233
2635 6862 323633
501 6237 323895
6147 8660 323901
7080 8338 324142
6913 1265 324250
6865 7058 324256
2414 3369 324364
1392 5475 324433
7321 7389 324522
4971 3856 324600
3936 2214 324618
3658 1177 324754
5532 5477 324760
3691 2176 324813
4373 2852 324936
7550 9568 325048
9074 219 325117
4107 8454 325290
3237 9131 325415
5984 8662 325708
1691 1725 325771
1312 1791 325801
7574 6220 325896
6569 3911 325910
9776 1064 325926
7374 8223 326081
8103 413 326203
7017 1213 326233
6804 8573 326286
6013 5938 326456
7454 9223 326631
2813 4030 326640
7326 8827 326815
8356 1519 326838
4164 4982 326942
3650 2580 326963
5661 4211 326993
2510 5869 327000
4311 6123 327003
4505 1569 327016
7581 207 327036
1224 3750 327105
5435 3123 327161
9267 1242 327338
7693 8841 327353
2089 8921 327377
6736 167 327431
6772 4836 327443
6885 9742 327509
3130 2057 327563
7986 1967 327604
8487 203 327833
7120 3025 327842
6187 4020 327910
175 584 327917
2256 5446 328001
968 3159 328157
2583 1281 328187
1961 1236 328201
1104 9100 328252
7884 2113 328384
3023 7264 328631
4288 7210 328692
1610 2558 329031
60 6563 329239
9170 565 329582
9119 3202 329781
9344 4507 329811
121 137 329824
3463 6790 329873
1900 9809 329990
866 4099 330005
6640 993 330087
4068 5315 330195
8901 6602 330221
354 2377 330280
3443 8032 330338
5344 1759 330342
9197 8165 330437
5277 1940 330667
9301 8891 330728
911 24 330940
5688 7076 330961
2738 2174 331019
6472 3519 331039
7916 6697 331061
4379 1337 331073
3620 6731 331240
1999 3917 331528
7662 3452 331643
1130 217 331760
8231 3647 331814
9249 1266 331816
9007 8495 331835
7237 3372 331837
946 4878 331988
3527 5829 332049
1392 5811 332073
7552 6080 332163
509 1980 332328
8050 2662 332461
7255 5063 332520
4290 1732 332541
9778 8450 332837
8968 3945 332944
5314 3824 333050
6175 7462 333106
5940 8259 333182
1304 2778 333273
2218 9081 333395
9672 8321 333446
2051 4306 333446
2842 6283 333460
7261 1122 333576
1948 9976 333769
4236 5217 333967
3036 4184 334043
4332 4430 334068
6657 8898 334089
437 8685 334116
4549 3364 334161
3171 7182 334228
6547 4764 334238
9525 2547 334245
8390 1387 334285
1495 9233 334389
39 365 334445
4702 6722 334464
8458 2788 334541
4531 6766 334554
832 1934 334556
3963 6724 334612
1955 9606 334883
4245 1653 334969
346 8 335099
1035 8359 335278
2156 1600 335283
6640 3943 335394
6676 8090 335466
4463 2240 335599
2230 3787 335640
4732 1941 335655
4812 5837 335663
7478 4302 335671
129 470 335697
9476 2012 335713
8194 4249 335791
1884 2281 335822
1745 1757 335890
4470 8759 335939
6746 8556 335988
8499 2649 336013
2210 7174 336018
7042 4856 336024
3820 6679 336090
5173 7061 336164
7101 3211 336202
8399 4709 336311
6147 6815 336405
1884 4947 336638
7334 7813 336762
6729 6156 336771
5342 610 336772
665 8824 337120
7840 414 337571
8592 9280 337622
5109 1118 337680
6216 697 337743
2483 8314 337775
5829 4412 338010
8671 1760 338164
1082 4144 338366
4168 7075 338520
368 125 338548
2405 770 338551
4645 932 338673
2510 9933 338737
4633 6924 338922
3488 9055 339069
7478 5867 339099
3082 5549 339278
8710 3601 339489
2370 5639 339531
7616 8787 339564
8256 4999 339754
4011 4422 339767
8189 8290 339841
3400 7607 339910
9981 6406 339960
7306 3400 340163
5186 2445 340279
8234 1646 340299
7815 6556 340330
5790 7984 340468
8663 4459 340484
8596 2647 340574
4561 5240 340578
1556 9212 340613
7092 8513 340771
5781 5390 340923
4784 4530 340956
5333 5638 341038
2071 1214 341256
5045 7854 341269
5791 1169 341274
3833 7221 341284
5420 5390 341331
9825 5851 341346
6478 5167 341389
21 4290 341420
5315 3436 341442
2788 5371 341558
4015 9189 341559
1840 8584 341736
8840 7519 341770
6132 9602 341814
6171 1294 342010
4474 1873 342014
6571 2496 342104
6416 9717 342276
3432 7140 342678
769 1856 342684
5452 4466 342684
2882 8812 342689
1986 9508 342953
1494 1892 343020
3059 9534 343165
1575 2977 343193
7402 4431 343323
1437 1948 343500
3538 5525 343500
6892 3270 343580
7494 1753 343880
9590 9051 343886
9597 4058 344038
56 58 344073
2588 830 344080
9523 6403 344256
4414 5636 344260
9162 3396 344266
2127 627 344344
4457 4719 344482
1326 6424 344813
4816 7731 344853
7191 4801 344868
4658 6939 344929
9906 750 345131
177 2284 345144
2821 747 345189
6951 2685 345524
7568 5037 345542
4582 5158 345588
150 7485 345628
3486 7450 345631
1910 2445 345649
7725 514 345997
2909 785 346048
7378 1833 346100
5507 5672 346213
5897 1123 346233
1482 1528 346376
6587 6828 346396
3964 5144 346476
9502 9295 346556
8444 4407 346648
2851 4914 346797
527 9935 346800
8966 2132 346875
3199 1155 347054
1215 1592 347064
2219 552 347095
2740 423 347152
4216 7704 347262
2886 5832 347279
9553 5544 347417
4717 3117 347450
9942 5615 347466
8687 3674 347606
6009 4220 347898
6197 1791 347912
9515 4105 347971
9071 7376 347983
7473 8494 348007
1397 9198 348040
465 1119 348103
5925 5319 348115
9063 7387 348240
4697 7550 348281
6934 6040 348331
3136 1272 348497
433 5139 348570
1794 2306 348949
1720 7411 349189
540 607 349190
5244 2115 349220
523 4747 349264
1998 950 349360
4082 2947 349520
355 1077 349551
81 5746 349615
9801 1797 349721
6520 2342 349977
6653 7966 349995
3749 3816 349995
9874 5272 350063
3393 1722 350150
5352 8701 350208
6957 9658 350346
7443 3676 350408
4511 2256 350668
937 2212 350677
5602 5000 351125
358 6555 351128
9443 6372 351239
2468 3283 351252
5583 7471 351265
6776 9677 351274
5538 1746 351487
284 216 351531
1838 9845 351543
436 7744 351563
7078 1590 351628
1388 4445 352036
5611 1673 352220
6067 3560 352363
1213 8321 352386
3485 2644 352433
6069 7378 352562
4185 1163 352671
7335 8334 352725
20 2489 352770
9487 3163 352818
3386 6407 352995
567 2702 353022
5447 5555 353162
3683 1016 353241
3969 8141 353416
5257 7033 353878
7116 6480 353886
2244 5982 353942
9671 7834 354035
2896 3868 354277
3432 5931 354428
803 7845 354525
7592 4985 354591
7796 8352 354698
4208 3401 354710
3888 788 355342
2484 4225 355412
8075 5325 355422
9688 717 355449
4532 4018 355639
815 4426 355990
1493 8519 356032
1462 8628 356162
9897 4287 356254
5225 4901 356325
7905 2674 356530
5664 6702 356552
9787 6763 356727
4460 7447 356920
3594 4332 356957
5653 3416 357136
4607 2133 357191
2331 4022 357206
7277 2086 357216
9494 9025 357230
1298 1115 357439
9680 1608 358194
7288 2119 358259
5413 5836 358266
676 5314 358361
5515 4632 358413
3999 2884 358634
9461 4333 358660
6714 987 358792
1665 5951 358857
8646 6835 358888
1857 8679 358989
3739 6791 359323
9265 1153 359335
322 3930 359345
6878 3929 359369
2884 3850 359485
7518 7328 359575
9580 6451 359636
1911 1761 359799
4219 3906 359801
5749 1838 359967
582 7983 360005
6289 9665 360139
4708 3748 360220
3057 6333 360469
759 1015 360553
2471 2772 360583
2935 3348 360603
1149 5290 360637
6968 7150 360718
8437 209 360946
4691 2582 360996
9 9556 361043
1121 324 361149
7456 401 361172
7298 9691 361241
50 144 361308
5637 9996 361323
2902 1548 361336
4064 8474 361381
3675 2023 361542
2287 5454 361754
7356 4103 361812
3770 4713 361875
9098 6402 362072
2572 2507 362209
716 1466 362436
5123 3262 362464
4561 5786 362487
6114 8811 362504
9135 483 362655
1758 9738 362710
6082 4930 362739
8042 5709 362820
4733 9911 363220
1658 1516 363311
6246 6928 363410
9413 3626 363606
4481 9891 363633
5789 2005 363635
2811 1221 363683
6461 6419 363989
1530 5422 364104
7091 9746 364262
4677 7209 364289
9899 4508 364289
3814 486 364823
2099 3853 365056
4392 4951 365056
4240 2700 365178
2755 3130 365409
7906 9222 365580
6954 5706 365988
8214 1830 366122
4182 1447 366355
7158 7636 366540
3263 1412 366743
4900 4947 366789
9038 2878 366798
788 6839 366806
2680 7285 366807
5587 5520 366819
8432 5142 366829
8745 3417 367010
6490 9635 367147
5636 7993 367299
8354 3553 367359
7718 7766 367520
5598 3982 367553
3040 6977 367755
2119 5595 367776
5533 5547 367818
8726 8385 367830
8715 6786 367832
6371 1809 367840
2972 470 367957
8032 2369 368097
7142 5186 368480
7514 2380 368495
7246 1101 368538
2789 1212 368892
9354 9211 369217
1573 1996 369274
6908 7784 369310
9482 434 369352
471 9975 369470
6573 8265 369582
4563 5035 369627
6168 6214 369644
9216 2541 369709
9852 8740 369837
2010 895 370075
3592 1378 370169
112 2511 370626
946 7260 370745
760 6362 370901
1598 9742 371050
5373 8675 371133
193 20 371134
6408 2680 371404
2710 5374 371601
476 5054 371746
5132 6682 371922
9024 7716 371940
9700 8467 372045
1074 4241 372585
6278 4845 372601
8191 2420 372853
3608 4675 372978
3600 5495 372981
8328 6334 372986
326 1506 372998
8858 8186 373066
8451 4401 373199
6920 5283 373217
4710 2554 373246
6595 2906 373546
9546 28 373633
1455 1182 373649
7037 3940 373915
1568 8133 373933
1681 1279 373944
8392 1260 373988
8896 9063 374013
7741 7943 374221
7829 5877 374380
8068 5350 374395
3854 8565 374589
2005 3686 374599
4654 7313 374715
9290 870 374743
3533 3179 374823
6014 8693 374932
5362 7445 374990
1099 2069 375130
2391 109 375149
9486 9065 375267
9840 9700 375365
8746 5650 375457
4791 353 375471
9074 9065 375643
4521 4930 375914
9548 9086 375927
2862 5075 375994
2887 9627 375995
5440 4132 376065
9680 4971 376073
7493 5579 376099
9562 4344 376194
2654 1319 376278
5125 9921 376331
3629 2501 376640
9727 745 376658
6687 5494 377176
4127 3105 377474
66 5079 377797
6196 7318 377823
6678 4388 377894
2730 7003 377957
6205 8323 378009
7244 520 378035
9789 3379 378221
1922 7982 378357
2429 9504 378799
4980 2930 378810
7320 1122 378840
2987 5821 378921
4429 9337 378954
9412 7642 379004
8688 154 379308
7307 7763 379340
5547 4148 379654
125 3763 379685
7941 907 379892
8965 5276 380137
6445 5148 380689
929 554 380702
633 1967 380771
5253 6461 380879
9389 878 381086
1616 6182 381242
8956 6556 381393
1354 8304 381403
2503 3737 381482
4753 4689 381495
4089 9370 381750
2778 6974 381880
5358 3650 382174
5240 7596 382273
6527 4422 382307
45 4178 382361
924 7139 382598
4289 9094 382640
7926 8502 382647
5544 7729 382688
4496 3175 382782
2429 4147 382803
2432 2515 382814
3581 9391 382877
9393 1133 383034
7138 74 383309
1772 5912 383349
2745 7740 383584
8705 4322 383937
9361 3446 384002
8426 145 384003
1968 2993 384071
6140 8122 384153
4693 4411 384288
2049 9549 384420
2444 8427 384493
6478 396 384723
7095 7861 385201
2980 2113 385316
9069 9681 385388
7842 8219 385572
3766 6890 385825
1256 2292 385843
832 2592 386095
1101 9617 386130
4745 4297 386205
3914 9313 386408
8824 3775 386522
4237 6351 387390
4132 5994 387546
2390 3614 387629
4799 2812 387754
3429 6367 387855
6070 2970 387879
4615 968 387955
1522 4014 388215
5582 5373 388394
1385 1122 388439
6253 6156 388622
8382 2142 388634
41 3511 388688
8392 6599 388998
8713 5694 389030
1609 5518 389235
1429 9043 389318
4054 7829 389355
2601 3722 389391
1709 7951 389455
9588 3177 389624
4296 845 389627
3861 5671 390111
9307 4384 390300
1422 8827 390645
3505 7211 390966
8233 5787 391040
4292 1411 391063
3190 1638 391256
7445 8072 391268
9983 1912 391446
8152 4566 391499
9808 7421 391532
9372 2063 391666
830 7488 391670
747 4854 392412
483 505 392485
6211 7391 392494
2364 7107 392651
7201 8998 392828
2937 4387 392834
9371 6676 392977
9872 2291 393033
837 3276 393122
435 7472 393159
2890 6639 393179
3193 1817 393468
3724 3684 393633
4703 9832 393968
9448 8182 394182
1374 9484 394278
9361 9823 394385
4516 5773 394435
2464 4837 394733
6640 4223 394772
11 6646 394850
3787 4255 394859
4588 5178 394915
6220 5531 395028
2862 7890 395032
1653 2277 395088
7076 4885 395142
764 5443 395527
9495 1827 395540
7078 2202 395601
4702 86 395689
6142 8569 395925
5638 3825 396003
695 1334 396134
992 9586 396362
1198 6343 396479
416 663 396652
1092 2520 396808
4965 1017 396837
8529 815 396988
9638 2022 397143
1746 3104 397195
1052 1792 397429
7511 3103 397453
1398 2260 397549
4424 6584 397620
7650 6230 397689
4151 7023 397718
5956 8115 398265
7867 5310 398350
9873 6655 398619
3957 8556 398982
8300 8167 398997
8299 7483 398997
1481 1109 399191
1358 5474 399335
1766 3996 399377
4133 5721 399625
4386 1074 399965
133 1273 400254
8282 1912 400381
5382 2575 400386
1174 745 400455
6493 4234 400476
5609 2805 400869
6712 642 401000
3615 2805 401224
2343 1805 401437
9204 8132 401445
1433 5983 401775
1309 4234 401917
8307 4458 402195
4995 3739 402277
9156 5119 402358
8160 6940 402525
3008 7538 402557
338 611 402653
5101 7147 403028
3524 9478 403092
4492 7051 403178
7572 5152 403442
5154 1096 403506
4277 2314 403527
2482 4152 403641
9688 8217 403823
7614 8951 404098
1308 7033 404228
1560 2288 404272
5324 7897 404421
6586 9592 404708
621 356 404743
9626 1175 404943
7239 2461 405050
7490 7461 405385
9479 6878 405436
7709 9535 405465
2059 7236 405516
4588 9234 405573
3949 836 405776
3397 4489 405794
7957 4197 405916
165 2477 405958
7483 6361 406008
3096 2874 406054
4592 6583 406158
9743 8838 406553
1231 5798 406594
8240 486 406647
1903 294 406718
8844 4021 406809
1777 9095 406872
1696 6402 407096
1489 1011 407258
2976 4992 407263
2043 4371 407413
5078 5638 407506
7129 7712 407833
5438 4825 407916
7247 754 407996
7624 1137 408032
4857 4353 408288
9172 4276 408662
8063 9096 408747
3109 2093 408948
5366 6412 409015
2466 1967 409028
9683 7961 409164
2470 8596 409241
1765 9690 409390
607 9844 409455
3433 4600 409516
4191 1850 409713
2897 7495 409803
3331 2933 409905
2534 4537 410153
572 5427 410237
597 9821 410736
476 1512 410846
6363 8816 411144
5929 4143 411171
5978 7724 411316
3546 9469 411527
2215 1523 411606
3792 1572 411615
3753 699 411775
1725 8401 411912
5490 3724 412249
4593 4243 412518
3541 1394 412571
1441 7115 412769
9983 7721 412889
6302 9489 413381
6776 3428 413731
8845 970 413752
120 143 413778
4688 4209 413976
2910 8100 414066
9280 6604 414130
2058 8475 414195
2747 7465 414313
8721 6526 414505
69 963 414838
8174 7014 414970
4493 5137 414974
892 1237 415053
6359 901 415459
6425 5904 415490
9884 7447 415569
7916 4432 415573
2796 9472 415655
7069 3349 415854
6915 2772 416163
7602 8176 416328
6933 8203 416398
3435 6015 416407
5066 5335 416679
6332 1724 416707
6502 4224 416749
8208 6465 417484
5316 9907 417556
4512 7329 417768
565 3222 417842
6906 7588 417862
9246 9053 418360
4366 4828 418626
6651 3263 418760
9254 7975 419061
4357 5345 419664
1707 7776 419681
8318 1636 419780
3502 3509 419971
7029 7219 420029
3409 5320 420091
2195 1074 420286
4956 6748 420405
9581 7868 420484
650 664 420557
4924 2218 420584
9918 4623 421007
3913 4208 421027
5862 1648 421040
584 3430 421094
8253 7818 421099
3544 5543 421152
9269 4420 421158
5278 8495 421489
5991 1605 421896
7749 9601 422076
8593 4953 422220
937 1107 422677
4663 5693 422693
5627 6236 422713
8220 7749 422779
2255 247 422814
2949 3886 422930
8614 3475 423538
4862 9844 423577
8486 7496 423676
3330 3676 424272
6398 7877 424609
8763 1550 424745
7242 2307 424766
1926 2172 424774
5030 8373 425160
8988 3066 425241
7794 5064 425517
9719 4471 425558
6276 8442 425628
7429 9489 425808
7489 252 425863
4444 6975 426039
790 129 426362
2164 7699 426675
5645 4894 426679
2910 9655 426810
4648 5570 426852
7940 1965 426942
7316 4338 426965
5676 4454 427082
249 9243 427191
5354 8825 427263
2962 9357 427630
4378 7813 427637
9451 6231 427684
9839 5911 427944
9242 5163 428005
5193 7372 428091
295 5803 428160
6086 8731 428225
3049 4634 428459
9018 9692 429749
2971 1795 429762
6981 3197 429953
8624 820 430002
6859 2732 430205
4520 2350 430290
2115 3757 431097
7211 1404 431191
1562 8723 431521
1703 3306 431677
2969 6931 431807
300 3031 431829
7215 9339 432134
3670 7284 432202
494 3735 432648
2098 5523 432901
5697 7211 433092
2770 7228 433124
2993 1492 433134
8657 2926 433457
8008 7292 433728
5632 1234 433992
4947 6632 434099
5014 9358 434182
4749 9154 434366
8639 8506 434392
9176 3086 434467
3939 4102 434528
3678 7499 434550
4305 4665 434582
1279 8274 434968
6252 9077 435163
1991 9384 435230
8921 8013 435308
5061 9106 435507
1109 7458 435620
3533 8673 436268
1238 9828 436517
6389 8239 436686
4316 6380 436747
7808 3537 437365
1419 2020 437596
1603 9866 437618
1614 5558 437623
3234 2076 437729
8717 3755 437776
3536 2710 437853
4651 4159 437939
2451 6085 438020
3147 6678 438255
1111 606 438418
5909 9214 438557
1351 4231 438778
4453 9536 438957
4348 2208 438966
1339 7746 439496
2032 7006 439659
5198 2535 439747
2523 4902 439915
6768 9688 439969
7517 8586 440111
5448 930 440550
9941 8625 440741
4433 303 440947
5412 4049 440971
8594 3462 441018
6474 5548 441085
9832 3592 441165
8395 7081 441171
2854 9274 441311
6083 4765 441367
2848 5555 441458
1113 7349 441569
327 4548 441626
5567 7757 442418
7469 4010 442467
8140 6018 443061
6955 3436 443090
6140 3102 443140
3738 3871 443260
3698 1915 443293
4669 516 443387
3014 5846 443571
6479 7908 443781
5564 7891 443892
3024 1200 443965
90 4620 444057
4779 1615 444148
8819 7158 444562
6557 499 444687
4267 6668 444812
89 2262 444855
9668 4358 444882
2643 5768 445095
7835 7052 445194
564 454 445228
2380 4595 445534
9557 4634 445945
6301 4505 446039
8268 1234 446278
9258 7045 446284
9036 985 446497
4418 9232 446646
7486 6475 446679
9705 8311 446773
6656 9747 446801
457 275 446970
4601 131 447095
2627 2943 447109
8769 1609 447356
5480 8818 447428
6903 7961 447697
6331 3046 447992
2031 1137 448315
7754 2735 448829
150 4275 448830
992 1146 449278
6222 6309 449360
3498 3066 450327
5120 5099 450471
9910 1947 450580
9014 8411 450973
6788 144 451183
3069 1275 451186
1659 620 451197
4923 3276 451240
4410 2842 451310
9807 9009 451442
5520 4062 451579
4674 9122 452111
8758 8871 452143
7878 1571 452516
9548 3142 452520
9447 5546 452621
4700 1117 452726
954 1714 452886
6751 7337 452951
8696 2000 453179
1405 9607 453295
8249 3999 453439
1237 183 453522
4300 2552 453576
9992 645 453931
4730 1542 453993
8452 3227 454016
8320 8215 454195
9587 9056 454414
1736 245 454535
4365 3280 454678
4421 9763 454682
1561 9892 454905
4357 2811 454924
8933 1547 455111
4843 8934 455225
1077 5008 455226
8644 7723 455842
4989 6439 455886
1324 6943 455887
3331 4661 455906
4632 6587 455911
7491 8368 456270
2078 9194 456280
7118 1645 456453
5378 7501 456521
8804 4568 456558
6382 3551 456754
2508 2559 457264
2843 1721 457304
4153 4105 458690
1916 5437 458760
1624 2472 459142
6710 1105 459152
3170 8585 459421
8083 4737 459798
737 3026 459867
4312 7534 459969
2654 953 460189
9363 6330 460876
4503 1264 461233
6429 9596 461330
8232 4937 461536
1580 8026 461955
6559 3323 462046
998 8215 462047
5403 6097 462160
8684 4255 462389
18 3681 462413
3358 3261 462532
7763 8601 462555
3806 5846 462600
3380 9037 462940
6696 8814 463066
9338 8720 463703
7113 2213 463866
3553 9540 464808
8017 9954 465045
3768 2250 465371
4545 7205 465450
1944 540 465612
21 734 465685
7712 8314 465954
9885 4610 466036
6498 8520 466065
6393 9286 466156
1178 4078 466468
874 9323 466765
4008 7009 466768
5131 599 466814
2680 6348 466892
2472 1106 466965
3805 7429 467015
9852 4358 467626
5999 2623 467754
1623 4597 467841
9684 9592 467848
4137 5121 468007
9643 5413 468240
3622 6100 468678
3167 2482 468697
5990 9333 468706
4185 1381 468726
5301 5400 468977
8024 8304 469066
6738 1479 469417
1137 3079 469462
8147 3160 469693
6814 5321 469706
5702 6229 469755
5168 2210 469872
7279 4781 469922
8087 1752 470066
9749 8153 470164
2158 3846 470214
7184 8868 470273
4097 220 470713
9430 9945 470718
8182 6603 470821
2934 1663 470981
9851 8166 471584
1824 6430 471653
3529 5847 471937
4839 4865 471957
7355 3790 472133
359 6396 472154
2022 2505 472196
9600 1298 472717
5430 7326 472721
3881 7050 472852
356 793 473033
5065 2550 473277
8945 7175 473402
9039 8575 473494
9158 7976 473663
3815 5308 473993
6691 8766 474285
5831 1805 475235
6032 9285 475438
7665 6928 475492
3221 2530 475541
419 1349 475548
1716 7789 475644
4298 7004 475701
7397 4224 475867
8245 4700 475938
7533 6392 476351
9193 7846 476372
5979 9112 476657
5936 6055 476948
1373 390 477050
7463 7864 477432
6238 9070 477511
4420 9308 477512
2617 6399 477544
2866 2605 478217
9056 3596 478250
9552 9504 478499
7739 7471 478898
7351 8927 478898
8002 2121 479065
1079 5264 479339
8120 4584 479570
2829 679 479980
3841 600 480119
7034 3164 480198
8556 6208 480675
5227 1258 480897
22 4790 480946
3426 4254 481192
1017 7578 481434
7841 8006 481436
4714 9305 481459
1911 6233 481991
6431 1182 482097
3187 9087 482233
1406 3932 482243
8711 1207 482281
7541 2303 482337
8473 7652 482422
2477 7979 482612
8947 5029 482638
2532 2280 482811
4605 7637 483071
4273 4909 483153
1148 3319 483944
2341 9868 484583
6025 8405 485037
7381 4421 485176
4510 4283 485753
3569 5163 485892
1926 3051 486165
6981 9182 486621
4284 5161 486748
1641 2451 486828
2128 4217 487010
5224 846 487150
5053 2337 487391
782 4201 487436
9603 4637 487864
6224 9515 488299
8248 8107 488613
9608 3489 488990
381 453 489542
3465 6446 489779
931 3134 490000
9541 2812 490784
8571 6177 490954
4672 6697 491283
8915 7377 491753
1639 5147 492173
166 5735 492177
94 9129 492359
9649 6799 492489
7752 9597 492961
2752 2427 492995
5009 4342 493504
9544 8673 493538
2417 9849 493749
3901 7940 494598
1286 6511 494805
5532 5433 494977
8297 5321 495051
9353 7756 495061
4313 2392 495779
152 4781 495877
4972 460 496022
4162 3987 496057
8855 1769 496301
8517 5388 496761
8650 1305 496837
4563 9573 496938
5977 1452 497361
9560 5756 497775
8325 7294 498183
4276 9436 498609
7159 3303 498663
1819 2403 499157
9825 2963 499451
7227 5873 499816
6353 4141 499934
6897 9235 500106
5248 6276 500123
7225 2712 500167
9257 8686 500939
1507 9599 501057
1776 5444 501592
9475 2848 501714
6318 7441 502621
9196 6966 502847
1389 8166 503165
1611 3716 503288
420 5046 503594
8021 1745 504265
6692 8277 504273
7549 8538 504429
1861 4748 504483
4510 1406 504612
1192 8622 504671
5692 6339 504963
5735 9452 505346
3180 9326 506629
3900 1835 506842
5457 2697 507178
2243 6517 507819
7255 8627 507963
1502 5829 508711
6462 5852 508891
9311 5173 509446
6122 3275 509635
9554 510 509874
5020 2778 509894
3489 9403 509951
4159 4796 510267
3766 9089 510899
4245 8546 511516
9053 969 512076
1364 468 512755
3808 3104 513233
786 9937 513596
4503 6036 514016
3635 8458 514038
6368 2473 515215
1292 7105 515496
4929 611 515899
1155 639 516414
7053 2929 516778
6244 9417 516922
2448 1254 517291
7882 70 517800
646 7404 518148
6964 4943 518415
4580 2407 518946
3275 466 519509
6980 9140 519669
5950 4899 519803
3336 6572 519897
236 4227 519924
1184 3577 520391
6164 8113 521091
5054 7996 521677
7025 108 521901
6031 5064 522149
739 7300 522500
9437 6078 523472
8426 2223 523603
2915 9734 523610
1508 7512 523643
9530 2008 523718
4686 2868 524488
5782 8139 524681
4358 2987 524956
3581 4451 525033
6835 8228 525109
4375 9636 525135
6118 3193 525787
6328 473 526133
1671 2441 526230
641 452 526264
6148 8492 526305
3554 4771 527021
5740 9162 527131
2072 8704 527334
4645 5545 527337
1516 5986 527936
1556 4360 529109
1027 9139 529113
464 2568 529278
3041 8254 530338
9420 9207 530824
4269 4697 531048
9889 4944 531662
7730 3721 531671
4039 2135 531689
9368 8131 532104
9843 552 532132
6122 6947 532420
8721 6909 532509
7323 4149 532656
7326 7008 532669
8047 8817 532685
1564 6177 533134
8463 5275 533144
7533 1774 533572
1863 7267 535645
1730 5937 536165
7753 280 536363
8638 8108 536479
1329 9298 537010
7217 4217 537065
5259 5705 537537
1896 821 538689
9819 5058 539169
7509 5367 539864
167 2065 540092
7821 795 540540
6879 1935 541690
6716 4673 541735
9714 1694 542079
8913 251 542635
1144 2564 543519
4837 3434 543773
7880 4463 543995
9099 9956 544304
6466 3453 544805
3374 2859 545694
1293 4490 546184
9519 6592 546289
7595 1431 546634
6315 1185 546721
2189 176 546819
8295 4150 547110
3803 9701 547747
103 912 547749
9509 3678 547846
5728 2366 547999
5254 3938 548276
9894 1470 548877
7256 1446 548895
6983 7484 549342
4551 2757 550289
6978 4850 550435
2282 2163 550828
407 633 551481
7707 8275 552242
4647 8105 552306
9221 3160 552340
3746 6298 552965
3844 3607 553111
4335 153 553805
7612 9321 554061
6347 7249 554091
8096 2737 554437
5880 9082 554678
4625 1083 555676
5267 2887 556299
493 5436 556929
4880 342 557120
6782 7637 557121
135 1594 557644
4835 8570 557671
3985 9259 558026
7522 1719 558399
8771 2644 558464
7863 2069 558918
5920 8918 559697
4758 7917 560238
2041 4785 560708
5297 3321 561406
4716 5327 562121
3738 6969 562141
6136 6378 562322
6191 192 563176
6243 1093 563223
2191 8509 563693
6020 6987 563922
8551 352 564256
5496 6770 566035
5710 8911 566216
516 9693 566262
4941 8958 566574
2715 1861 566729
2899 3472 569949
2223 840 570109
154 851 570512
8835 6208 571082
8735 750 571151
4134 589 571206
4482 5601 571490
7248 4578 572122
8248 8941 572944
9378 7945 572968
2912 2767 573548
4287 9744 574157
8247 942 574391
1077 2611 574839
753 2662 575080
1758 9160 575537
7968 5654 575738
5238 2040 575981
1050 4032 576119
5679 5778 576207
3824 6616 576880
8071 3426 576948
9186 3679 577559
7141 3619 578504
7810 3667 579062
4065 9412 579297
7005 9909 579629
2548 6973 580227
6853 4476 581094
6346 4876 581100
8994 4180 581366
9414 4118 582197
7814 7584 582252
9841 895 583264
9677 7176 583796
5051 462 584306
2541 4621 584383
8362 9716 584687
7016 8048 585493
9881 811 585560
3789 7985 586136
5973 5042 586253
5825 4370 586457
4745 610 586763
9718 2081 586785
5737 9952 587283
1484 3047 587345
1993 9621 587915
2737 7761 588077
3476 405 589142
8404 2233 589311
6877 4270 589396
5093 4036 590807
3766 8960 590970
3547 1576 591270
1727 9325 592669
7088 1577 592669
9785 333 593755
5391 4407 594070
8108 104 595092
2931 9623 595098
82 8408 595173
620 2261 595423
390 7398 595928
1806 6927 595950
1097 6932 596622
4270 8226 598764
2838 7540 599146
981 953 599643
3361 3058 599650
1520 6027 599697
4059 2537 599956
5823 2708 601154
3034 6036 602384
4956 4300 603276
6944 8287 603466
6524 7239 604402
5908 1797 605364
8091 8781 606548
8570 5122 607132
8957 9097 608435
6728 6875 609458
8264 1469 609882
5560 6020 612271
875 7799 612661
7796 4767 613378
7802 1683 613428
6022 18 614703
2057 2537 616763
8816 2669 616791
6352 1308 617884
3541 6100 618336
5120 2325 618516
6153 4397 619236
8471 9104 619254
2615 8009 619890
4323 3400 621965
6214 8540 622214
6591 9449 622737
4050 3731 623833
6238 6022 623862
3660 2220 624317
2229 1858 624615
4694 7413 625507
9985 9058 626341
7744 6492 626596
2847 2273 627034
3483 1921 627333
6163 9485 627420
2297 2816 627972
7865 6384 629311
8620 6640 629606
9582 3558 630030
9529 1512 630664
4498 5439 630858
1828 2567 630994
846 4863 632199
1495 7638 632890
9076 9087 633323
6161 5999 634147
5862 5952 634195
4856 9456 635924
9739 4722 636802
8370 597 637064
7606 7186 637169
5953 2866 637238
8613 7867 638036
3164 445 638361
6767 6936 640127
7475 2429 640763
8708 6129 641201
1447 2074 641331
8558 6168 643240
3479 8244 643299
6271 7588 645157
969 8777 645444
2291 9306 646090
8385 9262 646857
187 3242 647625
1463 984 648115
5076 4941 648134
480 6172 648640
9987 6567 649868
5040 845 650476
7231 3481 650694
4706 3796 651981
4233 4156 652253
8716 6844 652346
579 2026 652972
7502 8308 653200
8680 8410 654551
2254 1342 656423
4233 2932 657214
4996 6239 657901
2209 6469 658728
3909 9815 660437
1084 6265 660459
1700 6011 661319
6173 1297 661490
8029 5466 661534
6208 8577 662664
4624 259 662719
1719 9545 662831
474 4446 663808
1666 9537 665338
1571 5807 668994
4799 2013 671318
6752 3649 672612
6712 9113 672797
5938 2961 673144
6780 9890 676775
265 9520 678061
540 9566 679842
1948 5347 682686
6450 2762 683567
6297 1802 683937
5695 1970 684644
160 1220 684912
9185 9079 685303
5321 1836 685911
1486 1857 690686
5222 8420 691680
3376 9296 692069
4174 2432 692551
5088 8456 693776
1604 7453 694532
2462 9675 695820
8690 1339 696131
4923 5469 696555
5894 8326 697864
8375 6956 698114
5623 4916 698460
6275 7537 698615
9314 5451 698655
2806 6331 698778
6460 4648 699405
218 1248 700766
2569 425 701241
5592 1795 701245
7928 9611 702252
8642 1026 703279
1643 6576 703631
3529 7060 704464
2308 9432 705871
8937 3005 706106
7767 7176 707710
7113 206 708565
4124 4865 709829
8380 612 709958
2996 6095 710195
1160 840 710660
2319 3953 710835
6230 8876 710895
1161 2865 711486
4268 3666 711599
2379 8743 712751
8873 7648 713369
5456 9793 714668
8402 1122 715675
3437 8049 716996
9286 3632 717981
8115 8202 720719
4817 3544 721834
3646 8792 722217
9520 2594 725440
4528 362 725474
7827 5858 726681
6959 3020 729100
3649 7987 731057
1962 4413 731551
821 2321 738787
925 606 740094
9697 1280 741048
5539 878 741130
9498 1134 741611
6830 4842 742953
6787 3084 747877
1218 5039 750253
8020 3880 751060
8062 9272 751581
2953 3910 754009
9130 2056 754204
6421 6651 754324
2479 3875 755288
869 1919 756140
279 8269 756512
2107 3634 758713
1534 425 761902
6326 1882 765119
1457 9736 770420
7925 7123 774911
8500 2650 779474
8266 9273 780188
2089 8438 780669
3997 3738 781871
3829 3349 784390
4109 9944 784520
8339 4564 784690
608 7274 788537
8940 6160 789679
6596 8872 798056
6741 9895 800287
9398 1336 817318
1147 4352 817575
9191 5482 817931
2857 3863 818460
4166 511 820934
7113 6521 824345
9715 2905 825307
2353 602 829965
2500 1416 830612
4468 290 830968
5836 9704 833775
3144 803 842164
5640 9993 843256
9920 3516 847399
8371 1476 847694
9795 7858 848574
945 9335 852758
506 9000 854875
161 316 855785
7124 6963 857337
8001 471 862640
6091 5974 873816
438 9927 882056
5027 4173 882906
62 2232 889349
7875 2296 893232
8458 9255 898464
8427 687 903661
3455 2587 914118
8901 7169 917401
9813 4763 923372
5561 3300 929601
6507 3570 957278
9861 3038 960080
8733 9971 968499
8552 668 972685
7955 8462 975460
3842 438 975576
4171 5727 975815
8273 8578 976068
5841 9926 986224
Total MST weight: 1975160223
Execution time: 25.6948


Algorithm: Prim's MST 
MST edges: 
0 1 227671
0 3 256765
0 7 76724
0 259 887308
0 863 314792
0 1269 680324
0 1356 277174
0 2025 103084
0 2909 922785
0 6677 342853
0 8935 540199
0 9616 195524
7 8 736008
7 17 825228
7 20 296651
7 60 358441
7 81 884660
7 118 424098
7 194 224630
7 432 346679
7 598 70605
7 967 224331
7 1360 106844
7 2514 685682
7 6565 938586
7 7454 823560
7 8081 987583
598 108 168953
598 831 235440
598 915 633421
598 1203 597171
598 4634 537113
598 4660 223988
598 5326 637007
598 5829 448491
598 6390 973684
2025 225 944269
2025 495 971463
2025 2079 785800
2025 4156 802354
2025 9764 305916
1360 1513 780840
1360 2251 145370
1360 3832 980976
1360 4493 915391
1360 5954 251929
1360 6734 589248
2251 288 886848
2251 936 143942
2251 3422 187122
2251 5567 536439
2251 6366 199165
2251 8594 459689
2251 9151 269906
936 401 133093
936 2823 274585
936 3715 783933
936 4490 907102
936 5827 120439
936 6249 721205
5827 1052 413659
5827 2681 722875
5827 4708 480244
5827 6516 732060
5827 9661 445538
401 145 562823
401 424 912795
401 645 404219
401 1086 709398
401 1423 343266
401 2685 234376
401 2795 807247
401 3111 196360
401 4484 493087
401 4741 343147
401 7456 361172
401 9459 132078
9459 2154 645460
9459 7591 987263
9459 8102 562017
9459 8967 512720
9459 9027 992022
108 48 206493
108 133 677212
108 199 732633
108 766 88064
108 6783 892295
108 7025 521901
108 7643 628852
766 521 365892
766 1158 278000
766 2149 246699
766 2237 604132
766 3561 514118
766 8483 802172
3422 437 566407
3422 2095 341978
3422 6943 609436
3422 7624 782957
3422 8805 232848
3422 9777 142170
9777 238 570468
9777 1971 4826
9777 2704 643629
9777 6365 170891
9777 7118 527377
9777 8833 696670
1971 59 728485
1971 182 905903
1971 4504 838190
1971 5390 443911
1971 7492 871389
1971 8364 56909
1971 8819 467770
8364 715 173132
8364 2050 87725
8364 3348 63720
8364 5452 542954
8364 8812 504292
8364 8884 49670
8364 9360 716993
8364 9427 615270
8884 3387 957981
8884 4575 782986
8884 6394 624785
3348 2935 360603
3348 3267 817400
3348 3576 20932
3348 9848 512782
3576 1058 174264
3576 2019 600449
3576 6858 359441
3576 8258 175305
3576 9033 389838
2050 40 176114
2050 3127 890357
2050 3991 112459
2050 5594 296721
2050 5711 955390
2050 8122 618898
2050 8238 95420
2050 8682 786718
8238 4840 809149
8238 5511 283256
8238 6552 219465
3991 590 645486
3991 5392 186092
3991 6757 331637
3991 6797 867131
3991 7320 820545
3991 7795 27394
3991 8282 482718
3991 8603 273415
7795 1248 999304
7795 2921 890236
7795 5423 580775
7795 6004 108068
7795 7984 61602
7795 8354 14559
7795 8536 728337
7795 9395 314184
7795 9589 352935
8354 3397 458974
8354 3553 367359
8354 4050 654497
8354 6553 343869
7984 2629 900334
7984 5034 294723
7984 5681 54298
7984 5790 340468
7984 7986 332825
7984 9802 269964
5681 44 979778
5681 6166 241518
5681 6543 654191
5681 8404 995632
5681 8439 128470
5681 8866 447656
6004 653 996184
6004 3954 244378
6004 4124 843482
6004 5319 821760
6004 6855 873886
6004 7099 280225
6004 7706 169076
6004 8762 429177
6004 9229 255082
8439 6456 396592
7706 287 588075
7706 6564 263234
7706 7901 103298
7706 8654 405236
7901 2047 482285
7901 3182 611757
7901 4074 309847
7901 5680 654864
7901 6729 790424
7901 7368 637551
7901 7772 650233
7901 9953 176394
6365 1389 699954
6365 1498 974221
6365 2107 912979
6365 2577 646851
6365 4441 221043
6365 5514 665125
6365 6413 858122
6365 9891 908021
715 488 240242
715 545 217981
715 736 218998
715 2829 901009
715 3921 363534
715 8396 496168
715 8979 391069
1058 246 982569
1058 789 451258
1058 1445 201315
1058 1489 49693
1058 4373 599683
1058 4563 505794
1058 4869 522043
1058 5158 656913
1058 5404 23761
1058 8394 920326
1058 8453 908836
1058 8834 640435
1058 8839 554621
5404 1707 978085
5404 8129 70147
5404 8504 649739
5404 9803 990269
1489 1011 407258
1489 1136 38423
1489 2492 518947
1489 2526 774951
1489 2858 51620
1489 2868 890948
1489 3447 355457
1136 477 423843
1136 2118 483371
1136 4265 709759
1136 7744 508960
2858 2525 183837
2858 2701 716542
2858 4405 301991
8129 6311 130901
8129 7188 149185
8129 7302 13021
7302 420 442591
7302 447 863683
7302 6441 153212
7302 7116 265579
6311 96 429352
6311 525 455431
6311 2925 25195
6311 4064 413591
6311 5293 225675
6311 6503 367668
6311 6983 627837
2925 1186 234389
2925 2260 113679
2925 2825 488271
2925 3703 553656
2925 5803 753729
2925 8089 495618
2260 490 175557
2260 1398 397549
2260 4815 235296
2260 8827 570398
7188 1141 467648
7188 1936 21456
7188 7172 920882
1936 1408 55094
1936 8363 261363
1408 783 90299
1408 1187 753140
1408 1945 694990
1408 2712 16155
1408 7170 400698
1408 7931 399834
2712 6663 854309
2712 7225 500167
783 148 574206
783 1361 815373
783 6115 937238
783 7829 847385
783 7866 962470
783 8329 598374
6441 935 733158
6441 1521 8243
6441 1842 232820
6441 5338 344773
6441 5660 330890
6441 5739 563628
6441 7247 199316
1521 1024 667346
1521 1747 993120
1521 2324 750019
1521 4703 40375
1521 7933 586501
4703 76 836314
4703 6207 25011
4703 6298 879774
4703 7959 646474
4703 8798 506019
4703 9832 393968
6207 298 701980
6207 450 671657
6207 899 221945
6207 5105 428988
6207 5179 710854
6207 6673 160828
6207 6698 490049
6207 7009 939437
6673 3795 693170
6673 3999 807552
6673 4374 942352
6673 4760 263550
6673 6579 866175
6673 7243 425838
6673 9362 589032
8258 725 357031
8258 1046 679856
8258 2834 126082
8258 5482 860461
8258 6668 38240
8258 9366 932453
6668 651 933201
6668 1132 673029
6668 2621 289331
6668 3128 3583
6668 4267 444812
6668 4334 540519
6668 5677 840963
3128 117 16133
3128 2033 858949
3128 2177 716758
3128 4305 155286
3128 5280 600686
3128 7126 793301
3128 8541 147152
117 51 382938
117 762 193310
117 818 998422
117 2947 79197
117 3957 284703
117 4384 470591
117 8748 569635
2947 559 842209
2947 4082 349520
2947 5219 872036
2947 6076 959890
2947 8379 556315
2834 1925 410578
2834 4458 999288
2834 5607 845798
2834 6702 677961
2834 7075 642138
8541 2347 824032
8541 3082 784800
8541 4272 407900
8541 4721 491456
8541 5566 916431
8541 7178 136673
8541 7750 129667
7750 1855 927093
7750 3510 36519
7750 4372 721489
7750 6034 792070
7750 6272 319198
7750 6488 270408
3510 2477 945591
3510 8126 742093
3510 8469 595978
3510 9620 912914
7178 326 445053
7178 1917 861640
7178 3003 773053
7178 9783 995455
4305 632 548741
4305 2341 932899
4305 3359 200152
4305 4665 434582
4305 6295 685144
490 810 632340
490 1447 401497
490 1535 508841
490 2093 541500
490 2185 273083
490 4635 191138
490 4983 814132
490 8612 545123
40 26 411555
40 294 205905
40 518 3858
40 1070 117607
40 1702 601772
40 9040 289286
40 9148 692457
40 9204 146768
40 9758 820773
518 634 331286
518 1387 407573
518 1929 677138
518 2178 833626
518 2903 496968
518 4185 710571
518 4464 645586
518 4908 719128
518 7953 217986
1070 2141 192202
1070 7281 721745
1070 8385 421074
1070 9670 438369
9204 1908 713208
9204 2853 755851
9204 4479 319225
9204 6015 157821
9204 7371 547138
9204 8132 401445
6015 3313 30779
6015 3347 501520
6015 3435 416407
6015 3604 246111
6015 7103 972030
6015 8195 323998
3313 1294 514337
3313 2053 497122
3313 2346 269064
3313 3117 682533
3313 3889 878617
3313 3927 442310
3313 4225 137888
3313 6630 78231
3313 7458 835386
6630 546 989488
6630 4018 576228
6630 4838 617446
6630 5593 786644
6630 7072 824086
6630 8154 50808
8154 734 565534
8154 2908 678191
8154 3971 740247
8154 5838 930516
8154 9021 757517
4225 2484 355412
9953 451 35800
9953 1056 28613
9953 1261 905600
9953 1278 817732
9953 5612 240087
9953 5998 36875
1056 731 515487
1056 2519 185632
1056 3637 386645
1056 6319 550804
451 184 959513
451 1023 563266
451 1359 328685
451 1920 893264
451 3634 918009
5998 1039 378304
5998 2457 691889
5998 3007 457895
5998 3578 585734
5998 4795 319271
2525 281 329100
2525 992 167809
2525 1665 387554
2525 2861 311153
2525 6952 177980
2525 7812 184713
992 323 749266
992 732 113154
992 1146 449278
992 4206 12582
992 5262 145113
992 7671 500391
992 9586 396362
4206 2459 108891
4206 9877 895586
2459 2456 787209
2459 4443 45554
2459 5285 449388
2459 8390 443519
2459 9121 176404
4443 418 721737
4443 1485 361768
4443 4958 35363
4443 5895 120718
4443 9322 956969
4958 212 631811
732 25 468906
732 410 618126
732 1088 631860
732 3975 1133
732 4654 241989
732 4868 220629
732 8092 934278
3975 50 492447
3975 7568 871748
5895 976 923516
5895 3045 366080
5895 3418 493819
5895 6703 736707
5895 6738 981373
5895 8208 409663
5895 8954 221443
5262 1876 145861
5262 8107 203168
1876 97 467621
1876 1066 233228
1876 1464 425218
1876 2350 51768
1876 4562 814187
1876 7168 530241
1876 7769 911038
1876 8786 663013
1876 9239 175944
2350 4520 430290
2350 7429 435353
9239 1153 843855
9239 1840 489924
9239 1951 295327
9239 2192 864169
9239 2975 671462
9239 6634 229797
9121 657 940677
9121 4320 826004
9121 7767 904631
6952 309 33271
6952 2880 421751
6952 5600 983292
6952 5767 24206
6952 6428 519690
6952 7994 231290
6952 9188 28853
6952 9315 34665
5767 1505 179721
5767 2653 889039
5767 7534 593571
9188 3338 325944
9188 6179 520853
309 265 475162
309 601 101370
309 962 529066
309 1685 626802
309 1952 831474
309 2188 207704
309 3171 264641
309 3609 58589
309 4901 193104
309 7296 632015
309 9480 428761
9315 609 335343
9315 6303 28435
6303 3346 245449
6303 3697 333239
6303 7911 115170
3609 77 846057
601 913 674073
601 1166 200838
601 1585 161109
601 1731 734669
601 1807 643886
601 5947 917351
601 9827 157411
7911 1051 449002
7911 1507 579571
7911 2183 191265
7911 9806 255609
9827 893 352405
9827 2874 428846
9827 6038 918861
9827 6050 800520
1585 1758 593531
1585 2029 955288
1585 2849 294440
1585 3354 512142
1585 3701 936217
1585 4982 745053
1585 5597 260547
1585 5625 271493
1585 7737 602095
1585 8890 30463
8890 842 140765
8890 2152 455943
8890 2310 99697
8890 6107 772962
8890 8466 298866
2310 1724 475940
2310 2485 678368
2310 2540 59341
2310 5470 546210
2310 8146 641019
2540 1057 442408
2540 7540 827564
842 448 917683
842 697 148246
842 920 137626
842 943 361922
842 1729 59112
842 4882 25984
842 5955 342386
842 8797 873616
4882 3038 32028
4882 3902 291221
4882 5011 165704
4882 9271 848957
3038 1078 566840
3038 1819 648633
3038 2848 659690
3038 3153 164941
3038 3841 642688
3038 6043 524488
3038 6133 855485
3038 7096 739085
3038 7854 263304
3038 8236 924465
3038 9861 960080
1729 4786 213382
1729 4821 925946
1729 8592 389388
920 1112 367290
920 1140 122620
920 1939 65784
920 6836 975290
920 7676 407905
920 9888 826458
1939 1828 815796
1939 6682 805481
1939 6740 778150
1140 1307 636766
1140 2751 338037
1140 5943 707749
1140 9659 745334
697 486 632594
697 847 76504
697 1935 623257
697 3647 975771
697 6216 337743
697 6246 469935
697 8416 596949
697 9457 617838
847 583 965994
847 1215 783892
847 1847 405974
847 3083 641384
847 3343 408685
847 3868 524372
847 3943 483738
847 3967 211101
847 4121 904293
847 4168 555840
847 5023 602073
847 6558 834004
847 6781 362170
847 7903 31409
847 9977 253880
7903 615 362499
7903 1467 916320
7903 7436 38900
7903 8529 707244
7436 1016 126097
7436 4974 718025
7436 5794 778644
1016 524 264259
1016 2747 247419
1016 2999 485609
1016 3030 265622
1016 3683 353241
1016 3684 450284
1016 4646 626901
1016 5573 927568
1016 7209 634219
1016 8008 880480
1016 8393 624635
3153 585 954530
3153 1184 340610
3153 1332 540595
3153 3381 541714
3153 5663 807639
3153 9797 30368
9797 121 21824
9797 1145 198451
9797 4163 975862
9797 6080 750079
9797 6629 410680
9797 9257 137674
121 69 971525
121 137 329824
121 4107 565859
121 4250 713689
121 6418 214826
121 8309 580898
121 8922 570934
9257 2406 713353
9257 3011 913045
9257 4146 931426
9257 4241 298227
9257 8007 854932
9257 8686 500939
5011 1979 327293
5011 2133 925894
5011 2290 750143
5011 2596 275243
5011 4599 282414
5011 6727 830620
5011 9061 376038
1505 1143 207144
1505 2899 554917
1505 3780 508042
1505 5483 314204
1505 6150 474939
1505 7277 714773
7812 3796 428976
7812 5715 43643
7812 6625 71615
7812 9171 24810
9171 85 494657
9171 2450 236302
9171 2634 720875
9171 4019 281958
9171 6202 718319
9171 9408 408188
5715 1632 894052
5715 1692 773309
5715 2078 802943
6625 3224 493026
6625 3774 972844
6625 5176 640754
6625 6609 571288
6625 6652 142362
6625 7928 986201
6625 9175 732089
6652 977 938653
6652 1540 619862
6652 2305 724990
6652 4378 548621
6652 6556 711782
6652 8656 610904
2519 1177 975224
2519 2218 28437
2519 8165 554090
2218 217 62412
2218 493 737205
2218 2082 899655
2218 2356 505597
2218 2904 972395
2218 4924 420584
2218 7705 787701
2218 8874 8367
2218 9081 333395
8874 4217 946238
8874 7462 302806
8874 9839 495062
217 100 123113
217 1130 331760
217 2166 982252
217 4434 873706
217 4627 939488
217 5501 558381
217 7284 652765
217 7477 7641
217 9581 794588
7477 2076 610042
7477 2234 650342
7477 2561 367622
7477 4975 77434
7477 5649 21081
7477 5916 46359
7477 9096 341422
5649 1779 787276
5649 2766 896260
5649 2870 473041
5649 5812 985326
5649 6045 160293
5649 6648 34475
6648 2497 372879
6648 3711 713901
6648 5196 928057
6648 5557 846682
6648 9979 747492
5916 1494 719033
5916 1919 990665
5916 4517 691219
5916 6726 650560
5916 9064 354898
4975 1104 369065
4975 4719 78615
4975 5476 781461
4719 2299 981917
4719 2385 12085
4719 4457 344482
4719 4803 530101
4719 9101 361448
2385 439 519026
2385 1167 277424
2385 1801 522811
2385 2720 987568
2385 4211 806855
2385 5754 441221
2385 5828 559090
2385 7068 783205
100 28 245566
100 905 289824
100 1161 662622
100 1879 68208
100 4001 96319
100 4046 544330
100 6569 216883
100 6646 957651
100 9377 395009
100 9594 119553
1879 898 580953
1879 2460 21249
1879 3912 837495
1879 5085 167510
1879 6061 33785
1879 6379 52834
2460 3562 633446
2460 7722 9898
2460 9434 826991
7722 92 586916
7722 2100 447810
7722 5933 441764
7722 7442 278204
7722 7989 965155
6061 6831 79214
6061 7551 759918
6061 9498 831044
6379 1425 992636
6379 1478 520976
6379 3319 234365
6379 4178 802182
6379 6540 30082
6379 6795 836177
6379 8659 945809
6379 9276 617575
6540 3272 151891
6540 4319 797535
6540 6546 324083
6540 6759 58977
6540 6820 692001
6759 3215 533136
6759 7550 678009
6759 8233 206113
6759 8813 905544
6831 1377 858386
6831 1839 6270
6831 2043 739934
6831 3238 240842
6831 8365 373227
6831 9210 371107
6831 9924 158907
1839 356 641756
1839 694 743764
1839 5836 427521
1839 6041 82438
1839 6519 959533
1839 7299 610257
1839 8667 702666
6041 252 576678
6041 5061 644209
6041 6576 742935
4001 469 919078
4001 8474 592705
4001 9647 142873
9594 2586 55098
9594 3076 272987
9594 5718 751720
9594 6387 351407
9594 9856 464908
2586 2030 782377
2586 3229 206181
2586 4155 630678
2586 7444 549679
9647 1783 725964
9647 3756 52900
3756 1616 786075
3756 4765 236854
3756 5195 813586
3756 6414 964856
3756 8561 430144
3272 2008 68899
3272 2608 561465
3272 3125 406566
3272 4470 759202
3272 5453 102153
3272 7056 603352
3272 7518 329405
3272 8106 58771
8106 2721 929726
8106 3573 548898
8106 5336 226956
2008 652 400111
2008 980 444536
2008 1982 933787
2008 4794 6068
2008 9530 523718
4794 327 103697
4794 2066 978767
4794 4780 852684
4794 5411 945715
5453 3231 537261
5453 4456 973765
5453 5853 33210
5453 6572 995317
5453 6819 295133
5853 3463 563355
5853 3979 353575
5853 7046 705148
5853 7663 466992
5853 8199 135350
327 274 554400
327 362 218716
327 596 583961
327 830 814945
327 4548 441626
327 6127 534479
327 6566 34105
327 6840 252894
6566 2179 992330
6566 2281 513341
6566 6101 352788
6566 6948 990020
8199 313 803482
8199 1020 261428
8199 3802 91388
8199 3987 668551
8199 9939 890101
3802 183 248419
3802 1668 145951
3802 4218 477199
3802 8488 529678
3802 8882 815404
1668 125 498849
1668 2407 475012
1668 6561 152322
1668 8857 140448
8857 1858 145667
8857 5582 472716
8857 5978 485832
1858 155 897067
1858 312 482265
1858 2229 624615
1858 6851 463338
1858 7379 292977
1858 8225 898062
6561 152 776471
6561 1076 867337
6561 4757 252619
6561 7610 210893
6561 9765 37743
9765 1554 26706
9765 3462 215689
9765 3857 514566
9765 5174 192639
9765 5510 698127
9765 6823 137789
9765 7210 467043
9765 7858 364134
1554 222 834804
1554 1527 463899
1554 2637 356756
1554 4172 943491
1554 8077 588511
1554 8335 512306
1554 9417 455722
6823 2631 385319
6823 9240 272103
6823 9564 760180
9924 1034 347155
9924 1336 558462
9924 5100 695377
9924 8904 62024
8904 4469 573101
8904 4648 840515
8904 5650 561114
8904 6581 317207
6045 814 210768
6045 4189 868564
5085 1089 69260
5085 3956 324379
5085 5535 180535
5085 6547 549143
5085 9047 189484
5085 9882 444550
1089 360 795972
1089 1208 913696
1089 3057 468578
1089 7019 610428
1089 9535 495741
5535 3035 879399
5535 3184 19874
5535 5156 650465
5535 7819 217105
5535 8121 765062
5535 9676 305062
3184 1902 609313
3184 2285 240338
3184 4928 524612
3184 9745 137995
9745 4105 128496
9745 4870 88959
9745 6348 657314
9745 6710 917281
4870 2467 80852
4870 3263 773226
4870 5809 381582
4870 7754 667138
4870 8033 778274
2467 1895 250707
2467 4164 183448
2467 5784 982031
2467 6574 990432
2467 7545 172783
4105 704 627896
4105 2135 946076
4105 4153 458690
4105 5376 711950
4105 6964 751330
4105 9515 347971
7545 1304 928719
7545 1367 918768
7545 5348 935356
7545 6349 936118
7545 6621 464426
7545 6997 682549
7545 7164 970449
7545 9052 59396
9052 523 440179
9052 6361 425566
9052 6907 875010
9052 9933 654819
4164 769 755796
4164 4333 95421
4164 5846 881583
4164 6266 134451
4164 8995 807404
4333 815 675101
4333 966 720797
4333 9461 358660
6266 1102 530593
6266 6491 970653
6266 6611 932549
6266 9228 62674
9228 4650 150262
9228 8161 947856
9228 8502 844477
9228 8533 712532
4650 2022 837110
4650 4428 351036
4650 8910 642248
5392 1850 726812
5392 2016 49601
5392 2235 145950
5392 7426 189347
2016 1258 879417
2016 9644 570256
2235 1163 757
2235 2833 336440
1163 555 594776
1163 954 11273
1163 1183 464568
1163 1285 409655
1163 4783 596778
1163 5295 225411
1163 8711 919737
954 857 128072
954 1714 452886
954 3580 72246
954 5289 735191
954 5360 47490
954 7541 591352
5360 3386 410087
5360 4522 573369
5360 5370 564899
5360 6304 248439
5360 6482 427667
5360 7166 293648
5360 9472 591046
3580 2186 66167
3580 2683 119008
3580 3191 111065
3580 3241 755584
3580 3403 299913
3580 3736 513246
3580 4735 496595
3580 9630 868197
2186 1893 647973
2186 2334 902804
2186 2420 674113
2186 3532 768061
2186 7500 923628
2186 8802 544269
2186 9960 85370
9960 1642 550417
9960 4891 941347
9960 6739 597615
9960 8809 147915
3191 454 512412
3191 5598 707223
3191 6231 790203
3191 8860 120446
2683 1238 422275
2683 1315 633889
2683 1885 70482
2683 3163 37339
2683 3626 803449
2683 9479 700498
3163 1608 388026
3163 1897 505143
3163 2606 294575
3163 3277 158614
3163 6066 812879
3163 6871 234915
3163 9487 352818
1885 547 940918
1885 1712 158763
1885 3001 521638
1885 3835 392370
8860 2137 924747
8860 9036 561043
857 14 6700
857 1612 941579
857 1760 4133
857 3244 239342
857 3858 73489
857 4567 344207
857 7505 83335
1760 1081 180296
1760 1174 673333
1760 2587 780040
1760 3631 843972
1760 4370 496477
1760 7561 253846
1760 8671 338164
1760 9781 928209
14 9 258706
14 18 846967
14 95 571770
14 249 919684
14 269 826180
14 563 427446
14 1313 129856
14 1949 864495
14 2835 554336
14 4945 154079
14 5153 103664
14 6968 582072
3858 6106 509813
3858 9747 388914
7505 2827 316203
7505 5928 213197
7505 6531 552385
7505 7399 270129
7505 8907 262701
7505 9782 180878
5153 2153 682622
5153 3101 58293
5153 8013 244119
3101 366 982854
3101 2738 531039
3101 2854 88120
3101 5225 905169
3101 6398 513427
3101 6974 721194
3101 7014 684423
3101 8360 99558
2854 130 127381
2854 2054 221498
2854 2881 232611
2854 9274 441311
8360 406 78318
8360 5277 995165
8360 6917 674365
8360 7576 588137
8360 7774 577990
406 611 824166
406 1005 901630
406 2148 151411
406 2486 447378
406 2570 300128
406 4033 39087
4033 838 333680
4033 1512 698918
4033 2263 589993
4033 3572 905866
4033 3650 129659
4033 6138 423700
4033 6393 632334
4033 7507 739940
4033 8869 1648
8869 1033 314815
8869 5637 352759
8869 6934 886158
130 247 892969
130 907 16896
130 926 841675
130 2436 867668
130 5178 437138
130 7165 946257
130 9072 844612
907 31 98962
907 1027 831177
907 1059 805931
907 1127 955163
907 1516 727145
907 2678 607490
907 2997 575194
907 3008 560449
907 3825 649609
907 4966 509707
907 7941 379892
907 9740 750353
31 35 847684
31 227 385914
31 1465 345675
31 1888 868817
31 2199 304617
31 7892 867492
31 9468 460479
3650 215 534869
3650 1223 771877
3650 2446 634877
3650 2580 326963
3650 3635 744019
3650 4036 629619
3650 4761 38965
3650 5358 382174
3650 7180 714176
4761 201 562335
4761 624 298887
4761 1407 328097
4761 3728 55870
4761 3934 763649
4761 4831 779613
4761 5096 383732
4761 7401 416525
4761 7630 184510
4761 8931 650172
3728 179 68684
3728 2109 836631
3728 3782 253310
3728 4907 104332
3728 6670 521098
179 6716 931137
179 7670 760261
4907 2976 292102
4907 8069 407122
1313 1216 615838
1313 2478 511941
1313 2624 9092
1313 2822 864073
1313 4205 94719
1313 6807 611681
2624 434 12861
2624 435 458481
2624 1270 151771
2624 1344 557980
2624 1775 50517
2624 2339 31673
2624 2743 654734
2624 5559 272266
434 428 816465
434 1191 471100
434 1566 927683
434 3582 686788
434 4287 644404
434 4383 568312
434 4618 215480
434 8875 72059
434 9482 369352
2339 228 330528
2339 3611 992352
2339 4964 333899
2339 5645 964745
2339 5648 664628
2339 5940 989274
2339 6636 332914
2339 7748 540383
1775 1055 963829
1775 1602 54911
1775 2176 172207
1775 3446 583031
1775 4086 7696
1775 5414 127809
1775 8478 11704
4086 1620 316592
4086 5022 587969
4086 8666 722072
8478 143 943214
8478 528 216731
8478 1484 237487
8478 4758 256118
1602 1693 719044
1602 1916 835536
1602 2105 782591
1602 2408 183054
1602 7930 817430
1602 8085 684137
8875 512 427717
8875 568 301477
8875 3138 128089
8875 9093 600021
4205 411 674747
4205 1211 149075
4205 2745 510548
4205 3190 630965
4205 3409 722526
4205 5356 435028
4205 7156 786817
4205 8908 273642
4205 9117 756984
4205 9760 709718
5414 2240 498381
5414 5581 860841
5414 5599 549408
5414 5748 209304
5414 5755 224963
5414 6073 39422
5414 6615 667395
5414 6962 514354
5414 7600 605937
5414 7787 323852
6073 1675 273778
6073 4688 854471
6073 5533 188875
6073 6046 33584
6046 321 182798
6046 2067 419243
6046 3331 889204
6046 3394 315878
6046 4014 404969
6046 5274 593168
6046 7432 251203
6046 7533 825888
6046 7749 706417
6046 9755 471402
3138 146 552083
3138 3013 165097
3138 4836 569180
3138 9001 179341
8809 268 513425
8809 1543 435150
8809 3587 808955
8809 6763 301189
8809 8140 116828
8809 9471 12254
8140 1660 847241
8140 3286 180574
8140 4776 359767
8140 6018 443061
1211 577 969332
1211 4766 3966
1211 6774 796694
1211 6825 902337
1211 7951 803004
1211 8016 877940
1211 9394 576214
4766 1462 774135
4766 3963 941402
4766 6204 134231
4766 7686 114740
7686 6048 233539
6204 3785 279807
6204 4161 834477
6204 4980 583119
6204 7981 510103
2148 233 489826
2148 1667 256065
2148 3560 79219
2148 7417 873730
2148 9552 177732
3560 1701 487065
3560 2792 485417
3560 4038 599245
3560 6067 352363
3560 6802 999307
1270 509 199366
1270 2809 578900
1270 3415 216633
1270 3806 424356
1270 9860 902132
4945 504 123881
4945 3060 734927
4945 5758 220114
4945 9230 997015
504 491 603008
504 1551 286224
504 2126 605161
504 3333 999197
504 4024 189796
504 4662 816859
504 6097 949261
504 7732 861135
504 7778 180016
504 7788 46988
7788 2617 56443
7788 2993 826144
2617 1418 797248
2617 2059 991321
2617 2274 437431
2617 6399 477544
3277 3821 634429
1712 1108 708019
1712 3601 135136
1712 3793 400794
1712 4386 541584
1712 4787 969863
1712 5256 718449
1712 5775 996947
3601 302 779023
3601 8710 339489
3601 9559 205589
3013 2499 156406
3013 2872 313123
3013 3050 468277
3013 6602 213940
3013 6622 841665
3013 9531 597317
2499 1852 750871
2499 4133 923257
2499 4991 650370
2499 5633 425992
2176 1838 291352
2176 2042 598998
2176 3020 19464
2176 3103 971508
2176 3691 324813
2176 8721 635956
2176 8767 277717
3020 1182 285289
3020 1961 928174
3020 6959 729100
9552 7301 984680
9552 8636 664174
9552 9504 478499
9552 9800 901134
9001 1362 761690
9001 4475 893731
7778 3450 863689
7778 6887 825961
7778 8415 652246
1081 1355 403278
1081 1454 407676
1081 5976 1182
1081 6764 689338
1081 8019 532273
5976 355 132162
5976 8770 367801
355 156 991911
355 1077 349551
355 2806 346282
355 3254 859267
355 3768 976569
355 6317 61675
6317 3382 524314
6317 4751 671673
6317 6762 912536
3286 6236 560483
9782 1015 453342
9782 5089 611903
321 104 207866
321 384 48683
321 864 839457
321 1532 816955
321 2038 250985
321 2246 915261
321 2970 576780
321 4679 333250
321 8151 30590
8151 1210 87848
8151 2241 221196
8151 3175 889830
8151 4492 847581
8151 8712 270597
384 63 570186
384 700 39859
384 853 725572
384 2523 545303
384 5426 883077
384 6487 140303
384 7057 999207
700 3678 760225
700 4452 244820
700 5242 783056
700 5932 514960
700 8343 87286
700 9123 471658
700 9446 436339
700 9496 545879
8343 6850 679867
8343 8733 599202
8343 8911 479451
1210 2618 573034
1210 3152 819111
1210 3253 956546
1210 4943 301481
1210 6628 102868
1210 7275 993982
1210 8157 484828
1210 9789 695782
6628 1776 586613
6628 4280 578158
6628 7135 426157
6628 8180 265177
6628 8510 726242
6628 8549 8165
6628 9058 694345
6628 9087 553162
8549 5791 765726
8549 7620 872097
8549 7905 505845
6487 2302 471555
6487 6545 780598
6487 7383 268669
6487 7584 871406
2408 2946 371344
2408 3200 297909
2408 4044 108262
2408 8619 865805
2408 8640 819531
4044 476 716973
4044 4406 268718
4044 4959 238766
4044 5646 356891
4044 7906 768047
7630 4596 837704
7630 9212 776961
7630 9329 374766
5533 613 9813
5533 1395 429537
5533 2926 867137
5533 4293 780690
5533 5005 298192
5533 5547 367818
5533 6761 947616
5533 8988 52667
5533 9231 485599
613 94 483251
613 395 636774
613 835 29381
613 1658 487329
613 2733 657278
613 4279 357422
613 4641 248074
613 5339 527826
613 6277 129602
613 6335 195905
613 6690 102269
613 7511 344284
613 8313 93690
835 3586 138543
835 3891 756247
835 5521 411570
835 5972 58646
835 6035 711598
835 6986 525210
835 7233 389931
8988 1913 190196
8988 3066 425241
8988 4938 751693
8988 9144 140219
8988 9658 730565
5972 293 412336
5972 4910 425652
8313 5036 194819
8313 5112 255976
8313 5621 951075
8313 7203 285222
8313 7224 276461
6690 1472 182744
6690 2175 782572
6690 4487 151035
6690 7924 668597
6690 7980 271264
6277 256 498611
6277 1043 646498
6277 5657 144667
6277 5667 869756
6277 6310 634742
3586 126 648595
3586 9652 876323
9144 1199 612957
9144 6261 574895
9144 6613 33043
9144 9517 948548
6613 2922 342350
6613 4625 434537
6613 5211 419195
6613 7799 929187
6613 9137 583477
5657 4715 690976
5657 5260 913657
5657 6178 43198
5657 6338 106901
5657 7945 3941
7945 3654 335381
7945 8326 780574
7945 8944 976499
7945 9378 572968
7945 9951 706487
6178 3201 746197
6178 4899 547641
6178 6894 159559
6178 7013 97478
7013 6238 979827
7013 6687 239995
7013 6842 989397
7013 6860 887371
7013 7306 988431
7013 7587 203564
4487 1291 704231
4487 1437 599207
4487 3365 74256
4487 9669 653111
3365 848 154978
3365 2959 463676
3365 4135 920309
3365 6789 232811
3365 7131 531077
3365 7682 268918
3365 8863 700021
3365 8939 151036
3365 9103 858282
3365 9625 453069
8939 7269 586840
848 938 5912
848 1235 54152
848 1329 120224
848 5232 602943
848 7380 501414
938 1312 510571
938 1751 433793
938 2096 475298
938 6999 85035
1235 1898 631770
1235 3491 233708
1235 4147 952968
1235 6098 825438
1235 8203 874417
6999 1589 213323
6999 8477 154398
6999 8782 160721
1329 1492 101323
1329 7264 997672
1329 8279 907309
1329 9298 537010
1492 929 837768
1492 2312 359472
1492 2449 516553
1492 3169 351180
1492 5722 32943
1492 7081 897910
1492 8281 584729
5722 885 105072
5722 1456 227063
5722 1771 234102
5722 1942 223310
5722 4676 298259
5722 7536 994019
5722 8968 353694
5722 9157 434845
5722 9579 265567
885 608 360846
885 749 463190
885 2304 100525
885 2687 700576
885 2798 773458
885 2920 479788
885 3642 97996
885 5341 274703
885 7583 168168
3642 904 849214
3642 1337 556631
3642 4112 306210
3642 5025 992268
3642 6725 448105
3642 7791 490116
2304 2098 866313
2304 4278 986939
2304 5736 53476
2304 9320 169150
5736 2041 794855
5736 2046 854789
8477 3097 70654
8477 8252 627225
8477 9152 953196
3097 782 778861
3097 1969 950809
3097 2415 968701
3097 2708 715105
3097 7469 62378
7469 696 50926
7469 1284 855372
7469 4010 442467
7469 5614 375712
7469 7897 249110
7469 9570 665120
696 329 621189
696 2068 842388
696 4603 624430
696 5010 789250
6894 4509 249887
6894 4720 276883
6894 5530 219587
6894 7173 482513
6894 7976 588947
6894 8035 754228
6894 9232 123469
9232 1064 889592
9232 4418 446646
9232 7139 858461
9232 7654 500571
9232 9018 944495
8782 833 29043
8782 1703 168553
8782 3671 37715
8782 5308 857755
833 168 716645
833 2699 58515
833 5629 954448
833 5904 653514
833 6023 135498
833 9854 337264
3671 478 905866
3671 2995 990304
3671 4696 229676
3671 5875 397452
3671 7923 474718
3671 8616 450944
2699 211 513351
2699 2198 573107
2699 2469 580704
2699 6674 228612
2699 8903 168951
6023 1881 191986
6023 2794 570
6023 4308 61175
6023 6505 551767
6023 6678 647759
6023 8761 951833
2794 1442 134433
2794 2670 438766
2794 5553 361886
2794 7731 33336
2794 9940 704471
7731 4067 152031
7731 4816 344853
7731 7239 705417
7731 7880 882315
7731 8516 132077
7731 8856 632650
4308 3300 277665
4308 4651 819153
4308 5851 649705
4308 6316 489571
4308 7678 218262
4308 8703 692128
8516 1892 331410
8516 2607 512496
8516 4165 962558
8516 7835 437416
8516 8518 642193
8516 9673 559731
1442 21 341781
1442 1229 988303
1442 6197 526695
4067 2248 696989
7583 1577 66464
7583 7942 507164
1577 3583 817603
1577 7088 592669
1577 7308 366807
1703 1296 147279
1703 3306 431677
1703 4377 53768
1703 5504 266724
1703 9340 326814
4377 1606 952168
4377 2448 425077
4377 4472 303752
4377 4874 942038
4377 7354 507658
4377 8116 275759
1296 647 306050
1296 1475 493807
1296 1786 716607
1296 1948 841861
1296 2264 870639
1296 3933 287802
1296 5959 105997
1296 6938 397989
1296 9618 437613
5959 940 746837
5959 3883 132466
5959 9887 822620
3883 3892 70146
3883 4227 543693
3883 9409 374670
3892 3511 758286
3892 3855 533648
3892 8719 603605
8903 1610 654515
8903 1638 343814
8903 2968 602506
8903 3149 737114
8903 7037 998591
8903 8645 68921
8645 2314 764037
8645 3965 284288
8645 4580 929102
8645 4873 96612
8645 5438 603529
4873 2439 21178
4873 3421 813558
4873 3865 300284
4873 4963 330428
4873 7213 136714
4873 7683 541427
4873 7784 502451
4873 8182 618084
4873 8425 917
4873 8472 716664
8425 1874 820356
8425 4442 783280
8425 6995 884582
8425 7406 151654
2439 862 351212
2439 4485 106687
2439 5024 636650
2439 7206 68362
2439 7476 290349
2439 8716 690487
7206 2967 983027
7206 5291 49000
7206 7973 864602
7206 8178 86105
7206 8796 265146
7206 9886 986210
5291 1142 662955
5291 2590 151304
5291 3953 573899
5291 5389 639969
5291 7826 544145
5291 9445 592430
8178 5204 977962
8178 7862 720135
8178 7910 935021
8178 9773 621074
4485 1382 458253
4485 3274 244800
4485 5774 36820
4485 6438 951514
5774 240 69764
5774 3596 845593
5774 4003 461961
240 112 780752
240 728 106636
240 1496 103210
240 1515 723241
240 1601 289422
240 2980 950370
240 4175 369928
1496 499 163605
1496 502 698198
1496 7026 304345
1496 9735 809075
728 200 689290
728 570 863101
728 1579 57266
728 3608 713590
728 4177 385312
728 4314 375000
728 4887 725630
728 7064 734516
1579 721 974201
1579 1173 958210
1579 2487 400052
1579 5626 943890
1579 6373 954383
1579 8760 66922
8760 2012 539455
8760 2955 651176
8760 7109 23666
8760 7766 214616
8760 9008 706017
7109 2291 158304
7109 3585 739843
7109 6346 916060
7109 6420 226215
7213 2739 754075
7213 4668 907416
7213 5729 681935
7213 6376 922161
7213 7242 839953
2590 1798 7317
2590 2527 701251
2590 5365 517229
1798 1844 110737
1798 4858 818168
1798 5352 271051
1798 5873 457875
1798 5896 712287
1798 7674 633724
1844 1750 925477
1844 2020 257084
1844 2236 462561
1844 3801 859263
1844 6645 116626
1844 8342 381794
6645 975 319827
6645 2905 612227
6645 3052 743589
6645 4704 401370
6645 7266 637514
6645 9143 517375
7406 136 918604
7406 142 439148
7406 2230 559264
7406 2364 766881
7406 2713 453718
7406 8301 279204
2291 4120 266702
2291 4674 510363
2291 5064 705035
2291 5716 603885
2291 7581 675619
2291 9120 314548
2291 9306 646090
2291 9872 393033
499 351 383802
499 2159 13818
499 2566 509682
499 3009 240371
499 3279 756422
499 4113 777913
499 6225 436648
499 6557 444687
499 8784 53228
2159 285 44174
2159 1449 811021
2159 1528 536909
2159 2173 841900
2159 2376 448782
2159 5402 118695
2159 5950 778933
285 1958 908939
285 2254 471238
285 3545 114820
285 4091 224116
285 5524 591040
285 5930 986223
8784 4949 43400
8784 5307 728962
8784 5969 88901
8784 6643 889221
8784 7114 627573
8784 7664 385334
8784 9949 635591
4949 1711 276043
4949 4437 66765
4949 5494 805675
4949 9168 563435
4437 4182 544336
4437 4917 428268
4437 5525 615654
4437 6472 379492
5969 5742 223209
5969 9111 910564
5969 9392 711184
3545 3718 5450
3545 8491 567584
3718 887 360674
3718 3964 913734
3718 6468 832530
5402 3192 876890
5402 3790 17387
5402 4935 910505
5402 7424 785277
3790 2165 138141
3790 6406 374451
3790 6775 171421
3790 6811 566740
3790 7355 472133
3790 8485 273491
3790 8660 460800
2165 1730 930442
2165 2328 85142
2165 3289 585188
2165 3521 417138
2165 4381 337750
2165 4552 193724
2165 8423 224765
2165 8976 736564
2328 344 125798
2328 883 68060
2328 7196 64739
2328 7818 593680
7196 7823 473569
883 599 655088
883 1400 698658
883 2101 3641
883 2666 732435
883 3167 961086
883 3764 925138
883 3816 208328
883 4363 604223
883 6463 128456
2101 462 917107
2101 1998 347581
2101 3800 161562
2101 4683 643280
2101 6388 552751
2101 6407 711693
2101 8696 715598
2101 9460 444088
344 191 425529
344 1009 465403
344 1293 749526
344 1928 657048
344 2862 474700
344 9351 312432
6463 342 2469
6463 5182 616806
6463 5628 755348
6463 5751 296389
342 82 575132
342 2069 268060
342 3029 134886
342 3303 580451
342 3509 667720
342 4880 557120
342 9916 319416
3029 2474 589889
3029 8877 465999
3800 3412 596298
3800 6235 515393
3800 7074 768930
3800 7352 130651
3800 9303 293673
7352 498 126941
7352 9532 602797
498 2216 246482
498 2684 491823
498 7093 275415
9320 2245 318373
9320 2750 797573
9320 5879 613514
9320 9778 946469
6775 1477 409290
6775 5334 76584
6775 7194 878835
6775 8310 149850
5334 2132 643955
5334 4416 209824
5334 5579 830548
5334 6003 282875
8310 412 943639
8310 1605 286333
8310 7675 163843
8310 8985 364739
7675 537 80834
7675 946 999171
7675 4547 284138
7675 7567 862094
7675 7642 498133
7675 7925 905746
537 1614 753221
537 8001 884823
537 8050 221119
537 8602 681417
537 8790 894279
1472 931 859318
1472 1644 145322
1472 2786 279213
1472 3131 794705
1472 3522 978742
1472 4231 416211
1472 4301 711423
1472 4694 399672
1472 5294 892884
1472 5865 84629
1472 7374 712380
1472 9846 164233
5865 3121 993395
5865 3124 218071
5865 6538 878153
1644 11 680918
1644 578 136191
1644 2490 47268
1644 2517 606983
1644 3173 192171
1644 3492 945873
1644 4324 457919
1644 5966 18872
1644 8758 411280
5966 5548 223681
2490 6905 125366
6905 2360 147045
6905 4043 709647
578 701 375659
578 7237 915004
578 9533 329375
2360 397 905728
2360 2597 203040
2360 2767 565852
2360 3867 740863
2360 5072 668423
2360 5560 788012
2360 6723 568272
2360 7095 637626
9846 2985 890628
9846 5958 260467
9846 6998 603451
9846 9657 860684
7426 1970 742254
7426 6008 1305
7426 7926 746281
6008 748 230457
6008 6120 205968
6008 6500 943402
6008 7613 423098
6008 9164 57587
9164 3158 17367
9164 5067 26988
3158 1317 643742
3158 1390 136198
3158 7220 197290
5067 359 773605
5067 1054 374061
5067 2110 37287
5067 3913 429560
5067 4590 340061
5067 7961 638855
5067 8604 197593
2110 102 826048
2110 4656 83235
2110 9155 123674
2110 9251 585145
4656 90 251975
4656 157 514163
4656 7814 683302
9155 165 58473
9155 391 573604
9155 1745 796152
9155 2992 583706
9155 6430 716852
9155 7585 966467
9155 9910 744996
165 787 911137
165 1493 844445
1390 484 988640
1390 2303 895606
1390 3628 449989
1390 3745 425647
1390 5874 134385
5874 3032 208399
5874 4806 988694
5874 7325 977891
5874 8635 840675
5874 9057 631855
5874 9419 376254
9047 1670 695427
9047 2003 840558
9047 4584 126028
9047 4744 913469
9047 8214 196798
9047 9750 502003
4584 283 881914
4584 1552 896396
4584 5826 570143
4584 5956 32204
4584 8120 479570
5956 4219 127737
5956 7528 548859
5956 8115 398265
4219 1560 668129
4219 2401 722096
4219 3906 359801
4219 5454 142352
4219 5578 733136
4219 6896 484823
4219 7353 94315
7353 173 915410
7353 874 481711
7353 4005 767000
7353 8297 145832
7353 8930 523174
7353 9526 192893
5454 140 729240
5454 2287 361754
5454 6383 422535
5454 8277 810104
8297 1553 407377
8297 1619 98221
8297 2362 924506
8297 3818 793722
8297 4632 868359
8297 5321 495051
8297 7562 311527
8297 8692 739632
1619 543 390649
1619 3506 875395
1619 4906 582597
1619 5975 671767
4024 2987 998433
4024 4380 210856
4024 6172 650619
4024 9998 141469
9998 353 930108
9998 8188 935905
4635 280 598187
4635 961 90910
4635 3324 766447
4635 4473 813104
4635 7914 529771
961 54 787628
961 520 559513
961 1091 831310
961 1473 509517
961 2689 73480
961 6614 12285
6614 1201 82621
6614 2226 216058
6614 6606 880891
6614 8229 309873
6614 8579 848260
6614 9898 409790
2689 7635 450176
1201 702 793350
1201 5007 157449
1201 5084 147718
1201 6532 916439
1201 7016 861767
1201 8317 662438
1201 9556 643404
1201 9875 654811
5084 3132 713234
5084 6701 289657
5084 6921 576639
5084 9865 997235
5007 1100 151786
5007 1341 575116
5007 5720 569643
5007 8192 153634
1100 1318 584931
1100 8071 799898
8192 1277 997300
8192 9975 404942
2183 407 844785
2183 2796 763844
2183 3693 344832
2183 6747 459599
1881 1137 127626
1881 1635 602835
1881 3959 351390
1881 4755 719079
1881 4883 712539
1881 7527 476238
1881 8170 374827
1137 682 953654
1137 1597 607614
1137 2031 448315
1137 3079 469462
1137 4220 978849
1137 7052 642555
1137 7369 196711
1137 9421 29552
1137 9551 234542
9421 3962 159080
9421 6661 252989
3962 243 481464
3962 3452 277485
3962 6205 784181
3962 8130 963056
3962 8550 138114
8550 2493 910141
8550 3520 744610
8550 4116 3892
8550 8825 927182
4116 1463 832305
4116 3095 748313
4116 5658 482195
4116 5703 953580
4116 8644 85591
8644 1834 406528
8644 3599 50206
8644 5382 387210
8644 6137 821156
8644 6294 963548
8644 7723 455842
3599 1886 547406
3599 3474 197264
3599 4940 96365
3599 6617 893911
3599 6898 289330
3599 8520 65069
8520 1673 818486
8520 3307 484580
8520 6498 466065
8520 9066 264632
4940 1391 598904
4940 2228 193631
4940 3741 743602
4940 5049 950225
4940 7922 991370
3173 626 270761
3173 933 251688
3173 3820 758380
3173 5407 258769
3173 6291 772757
2141 2659 294670
2141 3567 617547
2141 6967 30351
2141 7450 908174
2141 7801 981578
2141 8270 738299
6967 4158 480635
6967 7341 502325
6967 8018 804112
6967 9165 835081
6967 9931 917400
5174 1768 678770
5174 4546 992843
5174 9149 310179
9526 6949 885600
4901 2604 736101
4901 2691 87431
4901 8422 632146
4901 8630 587344
4901 8859 24764
8859 2146 72891
8859 3061 42582
8859 8991 932473
3061 1901 30480
3061 2231 20291
3061 4435 780372
3061 8715 660902
3061 9334 617592
2231 995 107761
2231 3529 714789
2231 5051 588806
2231 9826 709757
1901 163 621368
1901 1175 860251
1901 2863 30954
1901 7529 502837
1901 8276 394702
2863 8097 683164
2863 9501 9642
9501 6692 423079
9501 7414 410523
9501 9369 44203
9369 606 614979
9369 3518 422504
9369 4602 84289
9369 9774 89710
2146 1234 739264
2146 2800 191712
2146 5890 855333
2146 6105 507586
4602 1794 295718
4602 4642 750775
4602 8070 512099
4602 8434 383452
4602 9585 552021
2691 914 723484
2691 6233 701394
2691 6250 703856
2691 8303 87885
8303 1045 946893
8303 3178 929715
8303 6664 497981
9774 6599 411152
9774 9643 580618
995 422 204008
2800 1151 238787
2800 3404 882281
2800 5145 540506
2800 9078 963646
762 1193 741459
762 1426 309896
762 8198 663009
762 8543 949788
762 9932 457714
2228 5429 442830
4552 332 529254
4552 1008 418590
4552 1595 882659
4552 3357 439244
5036 485 165534
5036 2002 817876
5036 7104 654495
485 170 947341
485 526 133744
485 1002 58132
485 2332 593982
485 2513 339153
485 4707 775896
1002 2048 347815
1002 2049 174143
1002 2707 246012
1002 9030 191011
2049 159 237684
2049 8441 818471
2049 9549 384420
9030 3376 574474
9030 4276 591577
9030 7063 745871
9030 9903 447454
9616 2167 603409
9616 8392 737671
9616 9749 673907
6335 2006 519944
6335 4031 199715
6335 6699 349309
3111 174 913929
3111 2424 621119
3111 5743 188153
3111 5889 487025
3111 6006 830767
3111 6919 139373
3111 8045 355394
3111 8138 892195
3111 9544 802892
6919 1155 321538
6919 2361 436773
6919 3423 706426
6919 4644 333699
6919 5655 190281
5743 1330 534983
5743 1818 386205
5743 1986 641597
5743 4315 942188
5743 5431 662896
5743 6913 336081
5743 9273 406396
5655 7386 120398
5655 7847 422064
7386 5177 24219
7386 7423 121172
5177 2705 196963
5177 5150 171927
5177 5569 253708
5177 5634 796691
5177 5810 40929
5177 7509 374181
5810 1904 750636
5810 7393 398434
5810 7938 737927
5810 8232 775347
5810 8600 322149
7423 6171 596895
7423 7575 495138
7423 9349 152160
9349 4781 743372
9349 7932 846547
9349 9965 313158
5150 3496 731574
5150 3873 574634
5150 9786 997301
7369 387 204358
7369 441 979489
7369 1180 678064
7369 1256 460599
7369 7641 853952
7369 9751 466648
8214 1830 366122
8214 2910 501790
8214 7612 113563
8214 9365 826982
7612 431 174135
7612 851 692461
7612 1863 256891
7612 2781 641573
7612 5676 956284
7612 5820 560964
7612 9287 100603
7612 9321 554061
9287 87 270338
9287 4129 223931
9287 5924 272173
431 105 948678
431 223 573799
431 556 892025
431 642 888162
431 1335 572042
431 2595 140863
431 2845 763776
431 5258 396255
431 6481 683272
431 7526 498984
431 7871 812749
2595 1311 22864
2595 2769 435889
2595 4332 234571
2595 6395 531378
2595 7463 627140
2595 8256 474864
2595 8545 573603
2595 9855 527240
1311 695 371777
1311 3292 637484
1311 3888 655734
1311 4223 448532
1311 5765 825195
1311 6466 989413
1311 8537 113388
1311 9432 521925
8537 4 959205
8537 1028 234225
8537 1490 213137
8537 3010 753354
8537 3517 30612
8537 3899 957699
8537 6501 715684
3517 1633 906522
3517 2530 232555
3517 5059 54524
3517 5077 214029
3517 8647 71781
5059 5855 713976
5059 7048 274956
5059 7659 744032
8647 531 231976
8647 1678 643530
8647 5818 627870
8647 9961 476185
2705 586 664052
2705 3916 523951
2705 3928 588821
2705 7163 918446
2705 8961 2244
2705 9359 414183
8961 2896 159035
8961 6695 470051
8961 9640 143642
9640 2270 100444
2270 812 399300
2270 2298 463405
2270 2732 44605
2270 2814 26225
2270 3063 774808
2270 5401 743137
2814 1409 955952
2814 3189 592831
2814 8887 375867
2732 672 696085
2732 4009 832020
2732 6700 423267
2732 6859 430205
2732 8400 466185
2732 8511 166399
2896 5572 476732
2896 5980 682657
2896 9361 959311
8511 2765 155627
8511 3641 178435
8511 5732 488503
8511 7645 961603
8511 7703 565365
8511 9167 123131
9167 1474 491049
9167 8584 260327
2765 1455 860047
2765 2892 886139
2765 3206 438200
2765 3391 709830
2765 4390 807738
2765 6286 126916
2765 7535 88725
7535 279 842152
7535 5636 195693
7535 7440 513813
6286 172 579188
6286 1788 798566
6286 2421 11385
6286 9114 110884
2421 385 944157
2421 669 307399
2421 2916 379683
2421 5316 883713
2421 9918 4193
9918 901 464964
9918 4623 421007
9918 7381 803129
9114 850 451636
9114 3119 911182
9114 3156 935608
9114 6165 941949
9114 9136 636012
3641 1572 252035
3641 3535 345549
5636 779 965344
5636 4414 344260
5636 5021 378488
5636 5723 706022
5636 7993 367299
5636 8899 994168
3474 3442 793715
3474 7934 225215
7220 3458 860820
7220 3783 399057
7220 4034 913427
7220 7241 751028
7220 9874 845963
8604 8239 45116
8239 821 755613
8239 1609 490078
8239 2435 48882
8239 6389 436686
8239 9619 576188
2435 2775 715671
2435 4667 614431
1145 726 974429
1145 4881 669914
1145 8293 192337
1145 9906 407370
8293 3194 204785
8293 4212 504372
6366 2063 813940
6366 4894 490988
6366 7628 760487
6366 8040 332762
7247 139 871075
7247 754 407996
7247 1767 447278
7247 4453 745628
7247 5638 869123
509 124 540729
509 698 841558
509 1135 15468
509 1980 332328
509 8191 232498
509 9085 805372
1135 382 275053
1135 1816 625788
1135 9667 461664
4031 2396 47578
4031 5108 110249
2396 1792 240093
2396 3588 939613
2396 4209 261763
2396 7333 47955
7333 2113 569217
7333 6278 220080
7333 7094 774245
7333 7179 153785
7333 7853 220054
5108 712 586523
5108 1239 819833
5108 1700 367503
5108 6340 948633
5108 6976 884742
7179 239 689706
7179 2476 355295
3359 1310 701491
3359 8328 722913
1166 2864 778731
1166 4857 453826
1166 5701 180172
1166 5993 346793
1166 7724 445653
1166 8683 916927
5701 419 273876
5701 1483 641712
5701 3222 851966
5701 6591 689529
5701 9671 799103
5701 9736 238938
1445 6396 948541
1445 9060 843220
2597 1062 984787
2597 1345 18996
2597 3291 866707
2597 7039 844215
1345 944 256782
1345 1856 451199
1345 3322 734188
1345 4331 136350
1345 9945 992691
4331 2256 238084
4331 3185 407520
4331 4170 928185
4331 7776 356016
8107 2115 256916
8107 4235 283961
8107 6079 216845
8107 7688 839118
8107 7807 10581
8107 8248 488613
8107 8742 491413
7807 1715 274956
7807 7992 493829
7807 9059 835157
7587 3767 28234
7587 8919 461171
7587 9804 40563
3767 61 143910
3767 5854 897844
9804 345 706193
9804 1628 523883
9804 4180 938544
9804 5886 351610
9804 7448 143993
9804 7639 589950
9804 7735 356329
9804 8513 304491
61 38 904745
61 1817 833042
61 1877 774181
61 1891 994599
61 2878 582575
61 5091 496745
61 7157 401870
61 9754 958278
7448 2516 526688
7448 2638 400752
7448 5208 178843
5208 1316 387504
5208 3159 145709
5208 6533 999528
5208 6804 45948
6804 213 285215
6804 1742 639737
6804 8426 851360
6804 8573 326286
6804 8678 271983
3159 797 683842
3159 968 328157
3159 2762 861590
3159 4139 196687
3159 4616 42495
3159 8220 169388
4616 2252 915032
4616 6321 501943
4616 9295 21195
9295 470 926399
9295 4228 370032
9295 7346 102489
9295 9502 346556
7346 404 845369
7346 421 696585
7346 1268 73470
7346 1303 37331
7346 6448 362011
1303 958 791949
1303 1320 988241
1303 2454 95961
1303 4922 457841
1303 5859 368741
1268 852 817626
1268 964 881233
2454 986 254542
8220 3309 312961
8220 3838 320368
4139 2673 96178
4139 5330 385584
4139 7023 888730
4139 7684 499489
4139 8111 157416
4139 8142 203310
2673 1157 905646
2673 1640 266019
2673 1894 688876
2673 7857 276261
2673 9388 441106
8111 3374 780950
8111 7655 785718
8111 7927 870480
8142 3698 805079
8142 4604 21631
8142 8135 243524
8142 9190 948046
4604 4262 554955
4604 6996 286421
4604 7525 701262
422 906 747639
422 7032 734299
422 7743 848675
387 244 736323
387 7464 185147
387 8588 275968
7464 67 584500
7464 1769 992305
7464 2203 810784
7464 9054 741321
7464 9799 148911
9799 4698 945208
9799 5359 340316
9799 8814 212987
9799 9908 494844
9799 9911 962959
3194 4032 793054
3194 7848 439742
9559 674 192450
9559 5485 873632
9559 8261 871772
9559 9401 178110
9559 9576 823694
9401 1909 616591
9401 3645 639355
674 2598 6033
674 3126 602868
674 3489 988712
674 7259 85135
674 7721 460620
674 8359 443110
674 8704 910635
2598 2945 811910
2598 7496 178034
2598 7990 783354
2598 8207 633559
7259 5897 995670
7259 6536 220836
7496 1663 368843
7496 4245 724060
7496 7174 707899
7496 8014 742217
7496 8486 423676
7496 8690 880047
7496 8724 138615
7496 8973 843612
8724 266 351065
8724 3993 657517
8724 4666 541359
8724 7287 364437
8724 9241 413902
294 320 209122
294 1903 406718
294 7877 792680
6120 738 698513
6120 2320 625583
6120 5446 697926
6120 8148 142192
8148 5363 189444
8148 5699 106609
5699 877 529968
5699 1281 997459
5699 5911 943396
5363 1845 111158
5363 3353 128406
5363 3563 639778
5363 4961 128662
1845 928 498568
1845 1314 964578
1845 1591 871610
1845 6056 151114
1845 6584 518422
1845 7956 477505
3353 3461 65564
3353 3505 49045
3353 6719 998329
3353 8468 305185
3353 9767 168263
3505 522 683149
3505 916 286665
3505 6857 334898
3505 7211 390966
3505 8723 627481
3461 53 856965
3461 3922 161318
3461 4077 320102
3461 5455 113929
3461 7171 443812
5455 987 902987
5455 1289 390954
5455 3643 2231
5455 7108 803238
5455 7516 251505
3643 1247 7115
3643 5247 507339
3643 9930 127378
1247 805 700565
1247 4872 408637
1247 5095 690234
1247 6260 65967
1247 8753 958190
1247 9317 735843
6260 5651 554105
6260 5878 473715
6260 5941 172967
6260 7245 470041
9930 234 644865
9930 4194 952360
9930 7278 973124
4961 1159 99715
4961 2373 922872
4961 4990 115371
4961 6693 669031
4961 7055 760057
4961 8349 852975
1159 637 440389
1159 1526 500027
1159 2336 212091
1159 9415 280868
1159 9575 77389
1159 9988 767016
9575 2709 855571
9575 8879 467404
9575 9742 876580
4990 2722 573814
4990 2856 464857
4990 3540 24564
4990 5735 962054
4990 6219 162210
3540 1207 947726
3540 1350 24770
3540 5619 29168
3540 9248 132770
1350 2052 21724
1350 4273 894843
1350 8324 483717
1350 8632 718750
5619 538 374005
5619 2147 356006
5619 2253 617968
5619 3618 17434
5619 7468 141662
3618 1831 521861
3618 4025 675619
3618 4785 671270
3618 7704 669680
9248 4137 836071
7468 1624 571112
7468 7459 246842
7468 7607 876890
7468 7789 774390
7468 9795 903892
6056 6567 720585
3922 588 806674
3922 1103 402529
3922 4263 816439
3922 4534 445441
3922 6047 872512
3922 6234 865109
6219 3546 171689
6219 3662 321388
6219 7153 356869
9767 57 468847
9767 5545 711466
9767 5864 194374
9767 6377 47191
9767 7822 185330
6377 3115 722798
6377 6033 118191
6377 8445 977626
6377 9605 247677
6033 643 51293
6033 1582 30549
6033 4770 995235
1582 1401 272682
1582 3025 724613
1582 3778 954017
1582 3942 794566
1582 4944 189214
1582 8166 413804
1582 8435 924266
1582 8849 623677
643 296 504096
643 683 445994
643 902 286545
643 6514 396449
643 8169 734681
643 9794 781122
3546 1038 512482
3546 9469 411527
3546 9726 146879
9726 2024 533804
9726 6359 793247
9726 6810 680737
9726 8676 128490
9726 9116 512891
9726 9122 740120
8676 510 557328
8676 7177 858980
8676 8267 320868
5941 3093 526724
7822 2021 522693
7822 4677 787176
7822 9278 805184
4944 729 946501
4944 4449 26706
4944 5730 887665
4944 7152 534865
4944 7831 985408
4944 8598 53590
4944 9889 531662
4449 4923 620621
4449 5536 750420
4449 6217 209967
8598 1331 653659
8598 5030 568592
8598 5529 993280
8598 6374 779283
5864 5018 363859
5864 7838 284942
8233 453 507220
8233 1630 826385
8233 2163 585796
8233 2193 42849
8233 2793 316947
8233 4710 933365
8233 5787 391040
8233 7850 361999
8233 8503 37649
8503 471 842373
8503 3627 740585
8503 5222 226153
8503 6113 350155
2193 1347 214859
2193 3058 688073
2193 5824 534449
2193 7646 468047
2193 8596 983613
3229 4812 410426
3229 5129 257301
3229 7727 936708
48 398 468934
48 508 122560
48 635 926555
48 735 892182
48 1590 277704
48 3636 742850
48 5111 42994
5111 3162 468367
5111 7865 398535
5111 8618 634215
508 894 748890
508 1684 161594
508 2259 127230
508 2746 401513
508 4087 846986
508 9696 26344
9696 722 194404
9696 3350 424247
2259 122 336767
2259 389 226550
2259 1997 940165
2259 3071 742806
2259 8428 597562
1684 1042 402402
1684 1664 932911
1684 5988 698400
1684 6130 178949
1684 7318 917854
1684 9403 980454
1684 9503 802480
6130 2717 563841
6130 3280 517785
6130 4459 775772
6130 6679 666450
6130 9238 460149
722 39 7012
722 1021 943358
722 2170 24611
722 2458 827843
722 4601 685351
722 6415 572817
39 236 232349
39 365 334445
39 970 532722
39 1265 592546
39 3805 851741
39 8847 192260
2170 1719 863483
2170 1825 299488
2170 1835 756722
2170 4071 156960
2170 4574 675096
2170 5719 682116
2170 6360 5728
2170 8557 887204
2170 8872 888959
6360 430 830029
4071 4718 224580
4071 5134 158183
5134 2663 668378
5134 5786 365888
5134 6189 210259
5134 6655 783902
5134 7870 576249
8847 5229 365044
8847 5298 708553
1143 1918 188857
1143 4876 870201
1143 5912 775163
1143 9324 445993
1143 9689 545989
1918 3734 271806
1918 7733 918829
1918 8123 657563
1918 8608 281512
2188 1221 894845
2188 1346 60570
2188 3086 549047
2188 3615 909910
2188 3897 613310
2188 4737 415502
2188 6220 946781
2188 8670 233499
1346 1036 427363
1346 5312 729062
1346 7047 10776
1346 8210 884298
1346 8265 4478
8265 284 380272
8265 752 190821
8265 6573 369582
7047 3085 995506
7047 7085 708134
752 129 672651
752 1262 735169
752 8124 645963
104 114 193061
104 138 513533
104 150 146569
104 413 163357
104 2551 254390
104 3470 268700
104 4274 775686
104 5015 494196
104 6961 560559
104 8108 595092
104 9035 383231
104 9119 167947
150 349 48618
150 381 573852
150 2471 402806
150 2740 357991
150 3142 536575
150 4275 448830
150 5484 290834
150 6830 319335
150 7485 345628
150 8778 177914
349 496 795619
349 8222 633063
413 3271 102649
413 5696 660468
413 8103 326203
3271 4519 134072
3271 6990 791867
3271 8377 323737
3271 8583 806771
4519 1661 594078
4519 4762 228360
4519 5653 565475
4519 5942 804471
4519 7494 547641
4519 7875 350737
4519 9447 799367
9119 707 879615
9119 1334 396753
9119 3202 329781
9119 7741 542461
9119 8432 263005
9119 8746 936253
8778 1576 990713
8778 2269 71789
8778 4680 862458
8778 6549 356803
8778 6586 535628
8778 9007 156382
2269 1073 248451
2269 3828 416896
2269 3852 356628
2269 3969 834515
2269 4002 227186
2269 5512 242228
2269 5734 289354
2269 8597 320126
2269 9310 219043
9007 7777 238273
9007 8495 331835
9007 9252 560247
114 52 940646
114 891 40289
114 1699 96969
114 2399 257668
114 7101 612032
114 8629 2653
8629 2665 41663
8629 4919 238923
8629 8515 947816
891 207 616599
891 2639 963807
891 3624 886879
891 4173 60728
891 4531 927036
891 7845 820903
891 9614 618742
2665 4051 217519
2665 4886 264384
2665 6232 184082
2665 6697 652250
2665 9262 856619
4173 5027 882906
1699 1399 704073
1699 1482 801266
1699 3663 529251
1699 3729 296137
1699 5248 576931
1699 6510 867018
1699 7962 396692
1699 9236 951975
6232 3817 90894
3817 3265 967853
3817 4701 283801
3817 5300 790132
3817 5432 374012
3817 5843 630522
3817 6877 301464
3817 7657 104714
7657 639 904598
7657 1388 685118
7657 2654 815129
7657 3150 664448
7657 4186 741041
7657 7679 509657
7657 9588 573501
3816 3749 349995
3816 5707 881202
3816 6829 134959
3816 7236 74893
3816 9404 515719
3816 9610 229801
7236 6847 275994
7236 7083 742096
7236 9917 70167
9917 4321 722999
9917 4559 749166
9917 7205 587354
6829 386 866325
6829 924 512165
6829 5509 251581
6829 6803 262338
3032 573 183639
3032 1250 501819
3032 3932 925788
3032 5039 891058
573 1450 108098
573 2911 429035
573 3372 853798
573 4664 92380
573 5669 617291
4664 1014 928787
4664 2205 579660
4664 2503 765902
4664 4542 9754
4664 8022 305136
4664 8820 88677
4664 9354 900519
4664 9611 854603
4542 1752 123613
4542 3065 465660
4542 3687 890113
4542 9202 956571
8820 6906 265086
8820 9915 815760
1450 989 746748
1450 3614 394767
1450 7290 53040
1450 7813 713265
1450 9692 183002
7290 449 305377
7290 856 529888
7290 3652 797192
7290 3657 365640
7290 3775 442291
7290 3981 326593
7290 7190 714243
1752 1681 799607
1752 1833 803704
1752 8087 470066
9692 5502 125316
9692 5584 29986
9692 5627 263084
9692 7775 419578
9692 8403 273941
9692 8745 598868
5584 224 773835
5584 1992 266120
5584 8060 967692
5584 9477 484583
5502 2953 719024
5502 7967 108018
7967 3457 22980
7967 7825 787064
7967 9198 299886
3457 670 265461
3457 1808 186627
3457 3714 211178
1808 571 733200
1808 3717 295177
1808 3730 241531
1808 5768 882518
1808 8355 643876
1808 8942 279297
1808 9176 806933
320 322 868518
320 1637 869589
320 2661 827349
320 3901 362347
320 6085 750448
5748 3160 570490
5748 5746 801401
5748 9294 75724
5748 9991 441108
9294 1682 902854
9294 5907 401941
4416 1882 45394
4416 2723 518521
4416 6746 691391
4416 7855 235956
4416 9612 339779
1882 346 509523
1882 770 195366
1882 1508 841200
1882 1778 152754
1882 5284 894769
1882 6326 765119
1882 6979 875882
1778 2331 779942
1778 3428 705149
1778 3918 224293
1778 4149 677914
1778 5868 501458
1778 7752 635103
1778 9934 30336
9934 339 177818
9934 4480 136505
4480 1417 988814
4480 5152 496327
339 335 353337
339 368 605314
339 409 954648
339 627 197276
339 922 454855
339 7123 92532
339 8190 629283
7123 4956 669506
7123 5060 708446
7123 8582 84540
8582 3146 653798
8582 7022 141556
8582 9990 885277
7022 566 708940
7022 607 856984
7022 2840 15457
7022 5678 201535
2840 2730 615316
2840 3926 901323
2840 4339 321085
770 41 734226
770 717 102196
770 2397 447416
770 2405 338551
770 5811 382145
770 6490 504109
770 9453 882223
717 6270 995020
717 9688 355449
627 1368 504526
627 1412 154975
627 1542 960198
627 2127 344344
627 6642 195148
1412 709 69364
1412 3920 547731
1412 4283 784354
1412 9568 894917
709 1370 969772
709 2728 559104
709 8861 768690
6642 311 254829
6642 2801 182215
6642 6812 386788
2801 895 587776
2801 1212 466660
2801 3129 498084
2801 4607 968211
2801 7720 19826
7720 2726 785955
7720 6013 564652
7720 9050 414473
5678 740 230635
5678 3360 131413
5678 3924 266287
5678 4396 23952
5678 7051 648142
5678 7844 7629
7844 393 969998
7844 2560 780443
7844 3876 602382
7844 7471 573801
4396 1379 219659
4396 2275 546791
4396 3375 166337
3360 795 984852
3360 2981 645996
3360 3275 436206
3360 4989 132514
3360 5243 257915
3360 8384 171787
4989 764 682514
4989 1063 839145
4989 3494 745703
4989 6439 455886
4989 6989 270303
3375 610 810692
3375 1697 405327
3375 4705 455896
3375 5080 677114
8384 9761 235457
6217 5017 179105
6217 6245 172642
6245 7685 514742
6245 8562 97037
6245 9092 879901
8562 655 710275
8562 1427 352907
8562 2676 684798
8562 7335 511527
5017 811 559210
5017 1194 768510
5017 2018 458124
5017 5688 508402
6189 3744 291824
6189 5413 893264
6189 6199 158745
6189 8609 193959
6199 3390 64775
6199 6732 466987
3390 2282 179055
3390 7495 342650
3390 8850 660563
2282 875 661172
2282 3944 813032
2282 7040 26959
2282 7833 196856
2282 8074 968100
2282 9768 732455
7040 4539 878279
7040 6320 474736
7040 7212 895036
7040 7832 215337
8609 1671 578319
8609 4879 270515
8609 5104 725249
7833 5141 753026
7833 6782 469776
7833 7538 758252
7833 9261 663428
814 24 867304
814 5733 514423
814 7221 425378
814 9358 931215
814 9914 360723
4380 2832 699772
4380 3304 147497
4380 4465 191030
4380 5297 538487
3304 1165 139411
3304 1960 854118
3304 2710 850208
3304 6874 705787
3304 8413 622681
3304 8699 1923
8699 4620 756893
8699 5893 701145
8699 7968 782840
1165 4996 699998
1165 6223 333938
4465 3789 828762
4465 6454 339878
4465 6530 496149
4465 6666 656095
4465 6982 246188
4465 7304 451728
4465 9217 721201
7610 4433 830007
7610 6612 287309
7610 7514 653977
7610 9883 65406
9883 2357 868007
3714 529 252861
3714 7336 808837
3714 9099 78193
9099 4232 832923
9099 5844 907313
9099 9956 544304
2336 813 613403
2336 1386 746728
2336 4090 82752
2336 5448 663609
2336 6504 513003
4090 3074 488072
4090 4145 711209
4090 4598 153231
4598 911 737442
4598 1546 879533
4598 5830 455245
8814 2295 515700
8814 3315 486842
8814 3833 613333
8814 6696 463066
1490 115 866565
1490 1666 206157
1490 3259 623826
1490 5029 259308
1666 196 46777
1666 333 927300
1666 3557 217849
1666 6190 863432
1666 9537 665338
1666 9993 528772
196 123 114125
196 277 875960
196 1099 451627
196 8648 689241
123 219 674616
123 264 793086
123 517 276844
123 1867 524583
123 5327 958476
5928 5467 499636
5928 7770 705958
5928 8639 886322
5928 9955 93308
9955 3854 212726
9955 4714 148540
4714 2615 659570
4714 4723 731998
4714 5842 84073
4714 7531 492764
4714 9305 481459
5842 4343 9635
5842 8559 578763
4343 3935 387679
4343 3983 541008
4343 5016 318506
4343 5167 850189
4343 7950 447433
3854 2611 815244
3854 2996 756785
3854 8565 374589
1589 1198 842106
1589 2411 559817
1589 2650 456306
1589 4451 971932
4786 773 532185
6602 1403 378010
6602 2128 692935
6602 4048 644087
6602 8901 330221
5077 5373 5780
5077 7058 395439
5373 6518 134407
5373 8255 362414
5373 8675 371133
6518 950 504064
7766 1164 755913
7766 2329 274390
7766 7443 730851
7766 7718 367520
7766 7839 233443
6418 1549 7532
6418 1621 656384
6418 4407 890424
6418 7611 852120
6418 9199 838487
1549 677 526341
1549 1537 404932
1549 2197 462179
1549 5168 882058
1549 5271 174530
1549 6633 549227
1549 7879 319101
1549 9203 397579
5271 5166 996180
5271 6665 87754
5271 9790 332883
6665 4844 496477
6665 8620 639845
1347 317 68445
1347 425 590382
1347 9507 37164
9507 3938 601305
9507 5671 398201
9507 5781 187969
9507 9836 597734
317 994 379936
317 4199 128582
317 5457 660735
317 8221 201524
317 9440 707320
4199 3155 992367
4199 8273 825222
5781 2111 881740
5781 2398 643459
8221 6375 625281
8221 6623 382949
7832 3408 411866
7832 7768 796433
7832 9615 748487
4618 1861 716099
4618 4788 859926
4618 8280 889343
4618 8344 957016
3462 2363 213802
3462 4692 593733
3462 6068 177774
6068 2496 792696
6068 3388 860489
6068 5731 844989
6068 5994 955620
6068 6214 697281
6068 6525 125764
6068 7569 522771
6068 8185 130588
6525 4536 442027
6525 6156 654101
6525 7388 65861
7388 4344 148142
7388 8926 200329
8185 263 787217
8185 3612 584862
8185 5892 532558
8185 6958 977088
4344 2106 684790
4344 2506 972570
4344 7746 731125
4344 9069 37822
4344 9562 376194
9069 839 986725
9069 3674 303641
9069 7546 188761
9069 9393 470085
9069 9681 385388
7546 5643 131392
7546 8162 2327
8162 1469 520279
5643 1366 122365
5643 1636 796389
5643 5183 431923
5643 6555 957980
5643 7816 684576
1366 1026 87161
1366 2846 23521
1366 3996 523733
1366 5672 861248
1366 6900 68277
2846 4790 912485
2846 6911 900078
6900 5816 609263
6900 6029 688983
6900 8473 68332
8473 923 139181
8473 3260 690733
8473 3318 73820
8473 3544 547527
8473 7652 482422
3318 1372 863082
3318 5235 681991
1026 1725 701029
1026 2034 882300
1026 5683 326947
1026 6433 361859
1026 7246 647761
1026 8642 703279
923 1071 862622
923 6436 834208
923 6950 5581
6950 4176 484388
6950 6755 685222
8926 530 305007
8926 3393 523357
2363 1510 725435
2363 2413 903881
2363 3552 372724
2363 3851 230524
2363 8177 715849
2226 759 657500
2226 1479 33274
2226 3195 821488
2226 3351 342842
2226 6469 828422
2226 7020 249422
1479 5692 66836
1479 7035 234911
1479 8475 891583
5692 897 336491
5692 1910 421610
5692 6339 504963
5692 7876 614992
3415 2168 790642
3415 2276 192345
3415 8479 891959
2276 376 629320
2276 2277 113777
2276 4012 212663
2276 4973 584498
2277 1653 395088
2277 1989 441463
2277 9712 656405
4012 581 793732
4012 1871 18284
4012 3536 728172
4012 8055 49871
1871 58 736655
1871 2702 555812
8055 3417 902536
8055 5708 983246
528 99 934618
528 737 483468
528 1094 402787
528 1200 867681
528 2642 331400
528 2734 946927
528 6074 890683
528 6559 207964
528 9838 796615
6559 3323 462046
6559 6313 584332
6559 8362 699641
6559 9129 808318
6559 9632 361410
6079 5328 342199
6079 7027 814208
6079 9553 934487
6569 1075 107508
6569 3911 325910
6569 8275 933809
1075 3077 981259
1075 7030 488439
1075 7804 313057
1075 9244 695344
7819 1349 978791
7819 1448 406925
7819 9197 814833
4051 2787 644922
4051 4006 652469
4051 8332 326059
3557 1811 33464
3557 4518 954551
3557 5361 13182
3557 6367 725369
5361 4207 517018
1811 618 662722
1811 2694 206508
1811 3298 783927
2694 2579 939794
2694 2589 533111
2694 2879 773211
545 3483 359918
3124 1522 404974
3124 6341 354757
3124 8133 267935
7678 8621 306797
362 4528 725474
362 9337 838203
736 2388 299261
736 3753 420014
736 8883 15562
8883 2431 557306
8883 9300 554932
9310 1271 160434
9310 2695 854041
9310 6852 591349
9310 8219 690303
1271 1169 821646
1271 1529 543155
1271 5801 723317
1271 7122 991967
6552 3958 50949
3958 3293 593403
3958 4864 801701
3958 5223 32330
5223 4258 653050
5223 6620 71729
6620 8844 848674
5530 1228 310998
5530 2574 662125
5530 7079 375270
5530 7235 232994
1379 1217 421607
1379 5395 317170
1379 5492 343746
1379 7530 863573
7853 1109 537937
7853 6155 642053
7853 7598 936793
7853 7859 779197
7853 9201 846789
7853 9812 798241
7853 9966 981441
6278 4845 372601
6278 8262 558431
5758 1981 210389
5758 4489 735472
1981 3143 150842
1981 3770 650496
1981 4777 612782
1981 9034 663524
3143 4789 835550
3143 6196 905486
3143 7909 331152
4868 5159 893068
6536 4307 647471
6536 5143 353569
6536 8789 105468
8789 153 214241
8789 350 366032
8789 5230 510280
8789 5609 249178
153 127 154755
153 4335 553805
153 9527 279292
127 98 161730
98 248 466719
98 612 635046
98 1570 368070
98 3145 613405
4441 8490 559534
4441 8622 699064
4441 9543 180686
4441 9678 21134
9678 2936 203899
9543 5268 387499
9543 5349 203550
9543 8246 702836
9543 8322 973015
9543 9013 434977
5349 5856 153558
5856 3436 947205
5856 4587 279975
5856 8921 559432
2936 2605 997378
2936 5685 686994
2936 6805 770542
2936 8799 257395
2936 9925 442748
8050 2662 332461
8050 3090 648085
8050 8868 680846
2241 1385 929727
2241 7837 946953
8954 3945 442420
8954 4461 795573
8954 7070 588649
8954 9091 700938
2054 829 338922
2054 2682 607451
2054 4035 377364
2054 8751 576448
899 507 367105
899 3266 55678
899 3648 481155
3266 1626 792029
3266 2536 636210
3266 2758 771284
3266 4893 139692
3266 9098 74474
3266 9983 989740
9098 459 976729
9098 2394 341649
9098 3433 779197
9098 3872 719866
9098 5721 911835
9098 6402 362072
4893 1586 775280
4893 2214 321519
5742 3507 901335
5742 3978 709006
5742 5519 329956
1942 1956 543903
1942 1987 662599
1942 2468 157392
1942 4073 432305
1942 4224 490403
1942 4743 945252
2468 3283 351252
2468 3896 37887
2468 4507 475746
2468 9683 672710
3896 3327 171931
3896 6131 311787
5548 1185 1192
5548 6474 441085
1185 776 872575
1185 1196 810513
1185 2187 573178
1185 3223 855401
1185 3568 232782
1185 4083 973805
1185 5128 988988
1185 5589 407579
1185 6315 546721
1185 8080 406228
1185 9211 751894
1185 9645 810298
4129 6680 81559
4129 8331 243911
6680 7160 311914
4660 1206 699516
4660 2971 799196
4660 4081 205728
4660 4422 572368
4660 5500 668856
4660 8623 696760
4081 1290 795191
4081 6273 342998
4081 6899 309956
4091 257 265976
4091 306 312030
4091 4101 243571
4091 5082 480944
4091 5332 957179
4091 8828 737119
3918 567 376630
3918 6084 567742
3918 9753 539130
967 235 706185
967 3757 513297
967 6749 59025
967 8589 72179
967 9012 283251
967 9928 962491
6749 5031 295528
6749 7656 884589
6749 8350 192699
8589 1369 807989
8589 2262 966472
8589 7207 820602
8589 9978 708313
8350 433 160735
8350 5799 127750
8350 7595 861906
5799 799 887194
5799 3012 248118
5799 5863 250360
433 162 788664
433 750 801402
433 932 648406
433 1060 957348
433 1092 213604
433 1150 239409
433 1306 67036
433 2602 7947
433 5139 348570
2602 2890 382229
2602 6459 49796
2602 6888 822690
6459 5055 163602
6459 5540 57756
6459 7084 387016
6459 7307 449233
5540 3481 546409
5540 9405 513513
5540 9703 910174
5055 8531 549801
1092 560 333674
1092 2520 396808
1092 3252 823594
1092 6148 965439
4718 2677 610341
4718 7082 147897
7082 305 32251
7082 4123 47768
7082 6149 647365
7082 7972 468449
305 204 861204
305 777 216342
305 2451 861588
305 3122 533965
4123 921 520143
4123 2386 128495
4123 2952 350728
4123 9884 479139
2386 1650 415774
2386 2377 846742
2386 4117 548222
2386 4731 125691
2386 5570 991700
2386 7803 543767
2386 9849 827435
4731 616 838060
4731 3704 538219
4731 6154 183361
4731 7661 596286
6154 6350 452868
6154 7510 269846
6154 7677 480749
777 1563 501009
777 2797 501207
777 5741 322736
777 6524 775428
777 6826 265098
194 479 217581
194 1511 207080
194 3471 316970
479 1517 235933
479 5580 839876
8423 2500 178984
8423 5689 60313
5689 2174 770783
5689 4000 661728
5689 4393 947119
2500 1416 830612
2500 3445 271380
2500 3616 45981
2500 4749 392031
3616 9864 716196
5755 6095 932289
7934 1202 495004
7934 5386 477819
7934 6031 665641
7934 7885 192413
7885 6257 549811
7885 7621 614834
5295 1726 796605
5295 4663 34948
5295 8046 533827
5295 9225 758027
4663 5693 422693
5293 1093 72153
5293 2818 239066
5293 4686 827021
5293 8981 163774
1093 6243 563223
1093 9725 116315
9725 4354 644797
9725 4804 524014
8981 649 54647
8981 1072 725343
8981 8285 646874
8981 8738 822047
649 1538 80098
649 3694 59099
649 3735 162233
649 5456 575558
3694 37 578600
3694 820 848324
3694 4675 525588
3694 7860 464018
1538 1133 648502
1538 2348 210210
1538 2690 100750
1538 3519 705076
2690 757 660784
2690 5869 547657
2690 6429 253875
3735 494 432648
3735 4800 264874
3735 6799 415507
3735 7599 612890
2348 1139 450800
2348 8113 438079
5222 5556 366517
5222 8420 691680
5222 9006 644458
6420 2479 306944
6420 9714 572439
389 272 762621
389 1013 28288
389 1190 827210
389 2316 927826
389 2876 814649
389 4151 205419
389 8039 969575
389 9106 186229
1013 1209 145443
1013 3961 340333
1013 6075 228000
1013 6867 88848
1013 9250 164468
6867 497 91956
6867 959 657551
6867 7031 718425
497 367 917539
497 8454 351592
497 9051 566585
1209 889 690392
1209 2741 587487
1209 8505 134076
8505 3523 341144
8505 8409 90871
8409 629 119680
8409 1662 403996
8409 1799 585544
8409 4068 995997
8409 4138 604553
8409 6443 150178
629 2249 900265
9250 4527 82807
4527 2125 236033
4527 3493 423563
4527 8433 788297
4527 8489 245952
9106 6028 451259
9106 7289 6941
7289 1282 89159
7289 5213 381444
7289 8143 968651
1282 719 54233
1282 1319 470688
1282 1749 448720
1282 9023 838614
1282 9867 953152
719 178 430139
719 1065 707725
719 3226 510167
4151 42 846343
4151 1124 645286
4151 6226 838842
4151 9937 250059
5336 1545 782468
5336 3441 588337
5336 4118 709618
1456 816 987334
1456 1573 387073
1456 3907 82725
1456 7605 209274
1456 9648 557572
3907 3297 29766
3907 5397 477201
3907 7805 640401
3907 9899 466475
3297 2045 721797
3297 2317 315035
3297 3255 530307
3297 8312 163993
8312 880 468148
7605 2601 596827
7605 4094 610282
7605 7280 628609
7605 7334 467487
7605 8889 8449
8889 6960 138057
8889 7589 449103
8889 8316 317963
6960 3000 916858
6960 5041 966610
6960 6325 532601
4002 1018 905330
4002 2124 899146
4002 3041 877132
4002 7501 714504
4002 8484 814794
1 2 314465
1 22 504352
1 30 92999
1 444 637583
30 79 886461
30 270 709864
30 4525 514679
6075 1435 959214
6075 7996 562073
4762 3067 712221
4762 3797 214065
4762 3952 291076
4762 7794 135144
7794 8450 200928
8450 808 615039
8450 5234 616965
8450 6768 806559
3797 1912 969660
3797 4394 676441
3797 4398 157946
3797 7364 165991
3797 8037 100769
3797 9184 123923
8037 733 20433
8037 1802 458102
8037 9509 555282
733 527 340349
733 741 439373
733 2696 534875
733 4937 884506
733 6832 847565
733 7240 355179
733 8036 91678
733 9323 445178
8036 4861 356801
8036 7873 314110
9184 415 955516
9184 503 918807
9184 3655 163368
9184 7412 246809
9184 9593 988576
9184 9841 673087
4398 1598 951479
3655 2983 278160
7364 3140 656543
7364 3804 594272
6674 2326 4670
6674 3639 651903
6674 6956 54213
6674 7272 253258
2326 654 997494
2326 2164 71379
2326 2658 546077
2326 4833 155267
2326 5444 910462
2326 6753 704826
2326 7409 4374
7409 4410 751129
7409 5202 407039
7409 6209 495362
7409 7690 149013
6956 325 996616
6956 8375 698114
2164 7699 426675
7690 2966 120997
7690 5450 344170
7690 6848 618901
2966 551 901037
2966 1954 692917
2966 3931 672679
4833 1544 139344
4833 3053 679234
4833 4427 611351
4833 5180 79450
4833 5779 30056
4833 8099 449003
4833 9701 491086
5779 636 278248
5779 2440 120449
5779 4494 543743
5779 4516 140308
5779 5528 27563
5528 690 66993
5528 7360 783425
5528 8183 16391
8183 5840 340257
8183 7329 504768
690 47 728241
690 2301 556416
690 7251 478864
5180 62 246741
5180 206 95741
5180 7779 712468
206 489 83641
206 1383 136545
206 4078 522701
206 7113 708565
206 7519 110073
489 175 192640
489 2209 36621
489 2342 844718
489 4286 344485
489 6604 773202
489 7187 310102
489 9133 204974
2209 713 612170
2209 5726 601237
7519 3037 349003
7519 6281 338452
7519 8840 341770
2440 1101 124827
2440 4506 335688
2440 5495 672083
2440 6198 666103
2440 7548 727807
1101 2532 970321
1101 5797 437141
1101 9617 386130
1544 1327 659158
1544 2812 930713
1544 4111 357263
1544 5283 769279
1544 9284 736438
4516 1025 176197
4516 5773 394435
4516 6228 947635
175 255 382269
175 584 327917
175 684 194460
175 1739 781474
175 5419 962543
175 7167 78639
7167 1737 141626
7167 2414 120092
7167 5184 113222
5184 2140 582801
5184 6064 493670
5184 7603 794942
5184 8114 339798
2414 3369 324364
2414 5709 419958
1737 5710 832660
684 6639 640529
9133 3779 443475
9133 7273 630451
9133 9892 727615
4696 2725 904287
4696 7658 216418
7658 557 504748
7658 5026 229353
5026 2144 131441
5026 2698 277208
5026 4141 510305
5026 4711 737963
5026 6876 688375
5026 7499 709484
5026 8708 795927
2144 3633 709227
2144 6853 474732
2144 7849 479286
6634 5116 805434
9610 1428 508415
748 231 199916
748 1267 308037
748 2261 794808
748 5806 186032
748 7291 37777
748 8595 883691
748 9075 548089
748 9868 906897
7291 2380 842491
7291 3456 66462
7291 5317 846622
7291 8808 947346
3456 688 265071
3456 7359 708661
5806 56 49638
56 128 332664
56 1518 527690
56 2391 654322
56 6660 137740
6660 4075 52381
6660 4128 445601
6660 7416 644584
4075 299 238925
4075 1686 365905
4075 2403 331741
4075 6994 88574
4075 9850 319741
4075 9919 43576
9919 310 670332
9919 3217 362127
9919 4931 692319
9919 7256 389193
231 229 11660
231 354 395601
231 443 802661
231 2578 34644
231 5001 973947
229 119 587714
229 565 839313
229 589 695140
229 661 85065
229 1744 121644
229 3401 757814
229 3937 564852
229 9301 357173
2578 197 637881
2578 1116 228348
2578 4016 946737
2578 4569 753410
2578 5346 211006
2578 6090 726543
2578 6560 778044
2578 8004 635025
661 3240 250839
661 5193 718864
661 6477 90581
661 8662 752977
661 9280 812717
6477 5074 832156
1744 2873 211717
1744 4127 840764
1744 4933 34946
1744 5048 120122
1744 5384 215316
1744 6185 473734
4933 181 646879
4933 1181 332474
4933 5576 160284
5048 5171 279706
5048 6449 247350
5576 5630 144502
5576 6224 773702
5630 8175 193146
8175 1030 221661
8175 1131 859862
8175 6638 164146
8175 6706 462511
5346 1144 472940
5346 1525 37336
5346 7564 721757
5346 7913 207471
1525 3480 753471
1525 7427 49767
7427 2552 29536
7427 7430 373643
7427 9902 851573
2552 692 786651
2552 1946 879431
2552 2799 214239
2552 4300 453576
2552 6227 569574
2552 8614 541631
7913 369 406013
7913 3214 578337
7913 7637 914943
7913 9894 754071
2873 9483 499527
2799 4728 387509
2799 4834 82972
2799 7840 764474
2799 9814 663643
4834 801 468162
4834 1410 678138
4834 7604 112238
7604 3531 919938
7604 3726 657876
7604 5705 507104
7604 9014 742483
1030 631 216370
1030 3440 712697
1030 8029 736795
631 597 201736
631 5568 505963
631 8734 885032
631 9341 862564
597 595 612307
597 1225 977874
597 4586 87101
597 6253 420766
597 6691 16063
597 8370 637064
597 9037 515439
597 9821 410736
6691 7625 749704
6691 8766 474285
6691 8807 928442
6691 9195 549221
6691 9680 380142
4586 7692 39003
1116 826 995944
1116 1406 892465
1116 2755 935846
1116 4979 723693
1116 7974 457218
3851 4550 577200
3851 9082 387166
3851 9631 798192
740 668 177690
740 778 744046
740 1470 572822
740 1613 249982
740 4746 935170
740 7226 870465
668 1333 687596
668 3830 21235
668 8552 972685
668 9973 369798
3830 4994 755043
3830 7319 67113
3830 8257 350640
7319 3039 137536
7319 4188 23594
7319 8079 291127
4188 2044 216380
4188 3677 105986
4188 4076 483737
4188 5172 511695
4188 6988 239350
4188 7121 823242
3677 135 660230
3677 6288 863901
3677 9491 289565
3039 331 534019
3039 2535 542173
3039 5252 278432
2044 2056 905621
2044 3317 566204
2044 5130 658267
2044 6878 935835
2044 8909 744146
7994 758 42514
7994 6019 36856
7994 6445 815604
6019 6405 160018
6019 9722 990309
758 84 953896
758 2582 465742
758 5138 493581
758 8932 43146
758 9558 61747
8932 1471 525276
8932 3165 326489
8932 5313 590677
8932 5697 653581
8932 6307 718358
9558 4513 801785
9558 4884 269459
9558 8382 180356
6405 2538 231115
8382 2142 388634
8382 3414 885466
8382 4328 619231
8382 6667 440492
8382 7328 409045
2538 1189 116423
2538 1338 408149
2538 3629 515972
2538 3968 425192
1189 3707 686452
1189 7394 31735
1189 9399 607847
7394 209 679214
531 289 38459
531 2657 821844
289 78 206606
289 343 620242
289 2918 329419
289 3094 636875
289 6152 505797
289 9999 348257
78 27 659659
78 91 650870
78 300 494758
78 1557 746551
78 1718 187334
78 3468 227483
78 6550 119106
6550 3811 128874
3811 132 264284
3811 3392 758113
3811 3438 286200
3811 5499 908785
3811 7345 44857
3811 7395 253201
3811 9200 627102
7345 3364 433375
1718 640 389867
1718 2557 311388
1718 9019 448260
3468 3328 787270
3468 4736 774755
3468 5160 140083
5160 3737 146144
5160 4282 431905
5160 8284 692993
3737 3994 927661
3737 8829 842697
3737 9561 296149
236 2207 169754
236 6318 37481
6318 2266 324326
6318 4131 508358
6318 6845 636054
6318 7340 717401
6318 7441 502621
6318 9694 778241
2207 536 285772
2207 3879 121843
2207 8709 775237
3879 458 992887
3879 4389 479355
3879 6158 747764
2530 1592 380531
2530 3221 475541
2530 7140 626040
2530 8740 343806
2530 9163 158162
2881 1079 305136
2881 2548 812870
2881 3508 971752
3568 7616 536919
3568 8793 159120
8793 1781 506655
8793 2130 336267
8793 2367 907051
8793 5543 668413
6789 5800 961505
6789 6289 867627
6789 7073 834464
1842 1720 379040
1842 2502 999657
1842 9424 317960
8805 423 414642
8805 2194 193519
8805 5762 721017
8805 7755 769819
2194 1943 732078
2194 2932 289656
2194 6495 968658
2194 6515 37211
6515 974 289792
6515 9706 750473
7235 1680 880460
7235 5604 705016
7235 6427 801034
7235 6923 719809
7235 7948 133117
7235 8436 26106
8436 2625 387907
1066 3738 177661
1066 4793 710205
1066 9146 380012
3738 1837 903943
3738 3871 443260
3738 3997 781871
3738 5012 837393
3738 5292 746489
3738 6969 562141
7839 2191 188152
7839 3133 243982
7839 5406 72560
7839 5682 372499
5406 858 585412
5406 2565 585086
5406 5200 590700
5406 5224 590844
5406 8068 383085
2191 232 706399
2191 8509 563693
8670 1074 607672
8670 7648 241775
8670 8507 490082
8670 9584 853594
8670 9719 274953
6048 4825 892645
6048 8941 952529
3491 1631 530789
3491 3059 539004
3491 3727 978907
3491 8971 652566
3491 9922 139398
9922 6800 699269
1771 1019 24480
1771 1115 461915
1771 3092 1078
1771 9169 396754
3092 4264 838860
3092 9386 484252
1028 158 406665
1028 2753 501781
1028 5788 233278
1028 9042 901682
1028 9685 869240
5788 492 688511
5788 4691 866427
5788 5481 592877
5788 6168 863693
5788 8110 116679
5788 8853 262679
8110 9985 46022
9985 2754 168962
9985 4349 259554
9985 6212 72372
9985 7785 215057
6212 3610 341000
2754 562 133235
2754 3917 41035
2754 6111 572004
2754 9095 262801
2754 9769 681431
3917 1999 331528
3917 4918 870272
3917 5372 701919
3917 7669 500750
562 315 174110
562 724 469458
562 1927 265264
562 2221 556385
562 4543 682679
562 8076 44076
315 176 836088
315 1813 329609
315 8674 38203
315 8788 986956
8674 2674 946445
7785 481 487449
7785 747 244624
7785 9746 357109
3319 1148 483944
3319 2978 613251
3319 3675 129733
3319 9525 840600
3675 1082 812279
3675 2023 361542
3675 4768 87520
3675 5813 236261
4768 3482 838198
4768 9808 563831
2685 1695 933932
2685 4408 647407
2685 4947 882381
2685 6951 345524
1186 5062 693556
9551 8658 980942
4332 3594 356957
4332 4430 334068
4332 7311 353975
7035 5554 199200
7035 8412 822127
5554 3571 211035
5554 3788 297299
5554 5862 745938
5554 7702 744483
5554 8357 305859
5554 9335 897496
3571 1806 950451
3571 3670 957456
3571 4904 120605
3571 6709 879683
3571 8212 627675
4904 3640 44916
4904 6118 871867
4904 7151 856433
4904 8058 444689
3640 1123 646991
3640 4481 268480
3640 8851 844359
6871 250 988899
6871 1627 425710
4815 273 361975
4815 3885 810920
4815 6054 379453
831 2375 114563
831 3894 957260
831 5126 447110
831 6453 141092
831 7435 501825
2375 3695 95948
2375 6539 274014
2375 7337 752726
2375 7474 453144
2375 8500 862533
3695 2473 301819
3695 3296 736653
3695 3750 843967
6453 4914 206674
6453 6103 291299
6453 7260 614987
6453 7483 666403
6453 7488 782766
4914 2851 346797
4914 6792 314903
4914 7049 186659
4914 7270 669174
7049 1242 434696
7049 1796 950085
7049 8330 203182
7049 9462 206449
8330 553 35073
8330 3777 664131
8330 5253 238535
8330 6931 629850
553 429 95669
553 8566 7030
8566 1921 822518
429 569 446779
429 3048 408235
429 7559 499632
429 7889 779347
9462 6112 622512
9761 7253 119042
9761 9191 323678
7253 8955 828805
7253 9400 107623
9400 473 821306
9400 3740 752276
9400 7824 82666
9400 8611 322413
9400 9538 763234
7824 7751 50869
7751 1348 841740
1517 3237 102220
1517 3850 907810
1517 5639 697995
3237 337 636429
3237 4167 413389
3237 5654 266430
3237 9131 325415
7855 3042 795901
7855 4240 40289
7855 7952 479377
4240 2700 365178
4240 4532 866042
4240 5704 264480
2125 535 676869
2125 2894 189234
2125 3069 513334
2125 7982 797172
2894 3925 972297
5813 2162 307637
2450 519 854664
2450 2549 682826
2450 3751 390440
2450 4846 843630
4765 2609 173272
4765 2748 646538
4765 6083 441367
2609 2233 727621
2609 2885 32994
2609 5056 701806
2885 2646 620396
2885 5412 981929
1484 558 469500
1484 1476 32189
1484 3047 587345
1484 9348 752582
1476 1655 631289
1476 4079 660770
1476 8371 847694
159 111 256302
159 1646 848287
159 7425 315498
2256 4511 350668
2256 5250 637225
7777 242 223871
7777 1870 771945
242 19 462679
242 245 372759
242 370 221211
242 869 969683
242 5198 370021
242 9181 871652
370 73 141287
370 1044 777590
370 5425 426185
370 7673 196725
73 34 392459
73 141 888703
73 171 124329
73 506 115029
73 1441 672902
73 3198 272678
73 4639 976020
73 6744 212317
73 7332 634574
73 9043 964378
506 338 232520
506 4200 503369
506 4609 882675
506 5565 54318
506 9000 854875
5565 5763 618071
171 532 602515
171 665 559067
171 843 600407
171 1822 679939
171 2242 96209
171 3591 526432
171 9964 498351
2242 5948 13208
2242 6305 62490
2242 8494 615977
5948 3856 913533
5948 4216 352820
5948 6925 257400
5948 7898 746455
5948 7954 809113
6305 436 119888
6305 2613 103156
6305 4266 48618
6305 9958 452099
4266 1593 765415
4266 6589 478765
4266 6590 928968
4266 7719 976024
4266 8314 409538
2613 1657 608501
2613 7667 392192
436 5371 597344
7673 841 574174
7673 9124 170422
9124 177 293676
9124 2626 241576
9124 3837 73832
9124 4438 339663
9124 6627 836855
9124 8094 396049
9124 8461 164127
9124 8532 175798
3837 1967 972895
3837 4261 948635
3837 7709 162346
3837 8465 937526
7709 8347 40756
8347 4745 952433
8347 9893 96842
9893 3761 12243
9893 6300 535587
3761 3062 161280
3761 4801 980365
3761 6522 329602
3062 5917 649534
8461 945 606923
8461 2844 788026
8461 7347 42662
7347 881 336900
8532 1735 841744
8532 1959 275716
8532 2934 658062
8532 4246 273689
8532 4699 989200
8532 4808 937804
8532 8302 631195
6744 3679 690430
6744 4080 184686
6744 8017 964984
4080 2204 509886
4080 7420 144400
4080 8554 142878
4080 8729 269006
4080 9178 594823
4080 9574 375365
8554 2055 129599
8554 8966 527922
2055 4122 626104
7420 9065 418474
7420 9153 109117
9153 4302 800154
9153 6343 349205
9153 8209 210830
8209 2190 504934
338 825 419570
338 7570 580058
5253 1993 977732
5253 6461 380879
5253 7145 51934
5253 8117 202574
7145 3579 950030
7145 3725 464963
7145 7258 399978
7145 8965 678953
8117 671 35199
8117 8467 207519
671 1762 966768
8467 9700 372045
4959 2524 905292
4959 3320 191025
4959 3329 151481
3329 1732 885203
3329 4271 16713
4271 2619 206879
4271 3822 990658
4271 6904 316283
4271 9414 792342
3320 4729 511742
2619 4256 647962
2619 4802 907131
2619 7912 718944
2619 8249 998804
1151 554 576511
1151 1889 98318
1151 3776 203177
1151 9823 758735
1889 572 685159
1889 2294 134450
1889 2529 612440
1889 4860 509507
1889 9071 651513
2294 10 532378
2294 2912 773985
2294 3681 670890
2294 7117 228733
3776 5427 165491
3776 6347 243031
3776 6672 800790
3776 9686 68966
9686 2442 467347
9686 2718 827935
9686 4645 915348
9686 6280 217814
9686 9438 590687
5427 1656 15015
1656 1276 16947
1656 5458 371135
1656 6485 439362
1276 45 320957
1276 1041 992139
1276 1611 116086
1611 1588 953741
1611 2783 197290
1611 3021 330579
1611 3716 503288
1611 9302 368109
2783 1738 440424
2783 4361 518909
6280 678 14069
678 663 692194
678 882 973575
678 3213 125021
678 3411 625808
678 4049 681555
678 7736 129617
678 9513 90342
9513 828 580971
9513 3743 249360
9513 4089 533753
9513 7018 200774
9513 9522 262965
9513 9523 606250
3213 2804 623939
3213 5870 997564
3213 8049 929846
7736 2489 461450
7736 4366 534012
7018 4072 494447
7018 8687 665923
7117 3113 930125
4919 2114 6660
4919 9038 307071
4919 9132 677388
2114 8242 317565
299 202 648945
299 675 355009
299 3015 540454
299 3209 714001
299 5473 763003
299 5588 534176
299 9384 813242
9736 1457 770420
9736 1555 54273
9736 3569 974176
9736 6170 513029
1555 3368 24229
1555 5835 970742
1555 6109 117587
3368 5054 906147
6109 1204 431951
6109 1452 748290
6109 3881 491571
6109 4772 835347
6109 6657 690487
2818 2534 697756
2818 4621 778789
2818 5409 208696
5409 785 743844
5409 2938 765616
5409 6785 686290
3244 619 166616
3244 2155 829150
3244 4236 212024
3244 6026 110915
3244 6846 37733
6846 2117 237610
6846 3228 25834
6846 5218 472877
6846 9375 586454
3228 3887 622804
6026 7343 99445
7343 1297 744442
7343 7632 700075
7343 7647 564577
619 794 696775
619 999 144055
619 1548 229652
619 2384 193667
619 3341 383202
999 1171 649406
999 5075 999126
2384 723 958663
2384 5574 323475
2384 6935 315620
4236 984 796418
4236 4290 454102
4236 5217 333967
4236 5752 218300
4236 6517 582788
4236 7433 962176
4236 7623 476553
5752 154 151910
5752 910 745319
5752 5695 557944
154 681 923977
154 1083 878710
154 2119 803402
154 8688 379308
154 8938 35432
8938 6849 491444
8938 8067 652220
1548 2600 318484
1548 2902 361336
1548 5216 275920
2117 271 108685
2117 1503 377396
2117 3186 825725
2117 4613 949407
271 166 293570
271 604 293285
271 2345 604080
271 3174 725997
6988 64 804145
6988 1622 45832
6988 2169 988682
6988 7991 807593
1622 151 704194
1622 3203 160095
3203 1260 445480
3203 1851 5697
3203 2327 997217
3203 7958 322202
1851 1458 501250
1851 2062 960034
1851 2789 327595
1851 5866 112969
5866 1865 462563
5866 3992 813694
5866 4114 479072
5866 5526 683735
5866 6087 677516
1150 2533 704131
1150 7161 221989
5612 2273 200148
5612 9381 696743
2273 2847 627034
2273 4565 417705
2273 7402 419514
1792 2084 583142
1792 2969 392606
1792 4260 114059
1792 5058 791848
4260 4508 120578
4260 6801 10282
6801 9312 36952
9312 4285 524587
4508 6647 10304
4508 7451 7773
4508 8030 577030
4508 8118 636635
7451 3672 207123
7451 5551 210498
6647 5659 160756
6647 7292 417957
6647 9499 993174
5659 3784 298433
5659 9866 782118
3672 1857 308037
5551 587 897636
5551 5305 19912
5551 7691 967955
5551 9045 4424
9045 1649 195323
9045 3528 623436
9045 5783 413561
9045 8011 445376
5305 5188 295621
1649 1286 758595
1649 4084 720279
1649 7230 323207
1649 9130 793676
488 685 186166
488 803 586516
488 5498 839013
488 5537 2996
488 8974 337030
5537 195 199496
5537 4070 515273
5537 4336 96419
5537 6132 811120
4336 3874 849542
4336 3948 902106
4336 5759 427985
4336 7543 502018
195 75 716035
195 4856 449686
2285 107 343384
2285 4538 16939
2285 5391 924956
2285 5585 402086
4538 2323 591264
4538 3465 204213
4538 7745 19540
7745 1067 672105
7745 1068 424491
7745 1380 136026
7745 5369 155493
1380 1280 680239
1380 2244 828604
1380 4495 296990
3465 1973 77182
3465 2297 84850
3465 6446 489779
1973 865 361948
1973 3134 39919
3134 6016 288089
3134 6174 830490
2297 2816 627972
2297 4903 997258
3009 3281 419315
3009 5929 480132
3009 8131 898287
3238 4047 623750
3238 4807 14930
3238 8259 213558
3238 8963 904904
4807 5750 172712
5750 1429 646957
5750 4385 990241
5750 5882 41530
5750 9607 878185
5882 3157 630168
8259 8065 741081
6166 1734 532984
6166 1983 39090
6166 5901 482901
6166 6676 962223
6166 8196 737385
1983 1218 10999
1983 3512 865406
1218 703 609098
1218 2071 398246
1218 2239 677685
1218 2715 663750
1218 7997 287013
1218 8959 27604
8959 8086 98041
8959 8725 750380
8086 4823 805649
8086 5622 352386
3730 3269 231800
3269 4008 868637
3269 4192 730217
3269 5301 476341
3269 8361 785981
3269 8526 152326
8526 4196 738228
8526 5887 708558
8526 6778 577987
8526 7738 868660
2626 9713 403694
7648 3513 525563
7648 4061 276346
7648 8873 713369
4654 4582 77194
4654 7313 374715
4582 1029 709832
5512 917 123491
5512 3853 669780
5512 4309 77298
5512 6496 207537
5512 8241 831221
4309 5383 704694
917 83 693227
917 3617 19332
917 4325 966275
917 4589 134866
917 5632 230142
917 9115 555477
3617 689 978402
3617 7263 50531
7263 3748 623163
4589 822 187808
4589 6368 797521
4589 7437 117552
4589 8437 157589
4589 9142 948402
7437 8084 766130
7437 8418 338884
8437 7198 63280
7198 214 544211
7198 3690 694422
7198 8886 964621
7198 9604 522817
822 1003 823202
822 1634 602718
822 1677 111168
1677 1571 919199
1677 2378 904895
1677 3314 987502
1677 4125 525822
1677 4810 648034
6496 5997 180751
6496 8205 499988
5997 2070 443663
5997 4350 168693
5997 6478 514674
5997 8156 526973
4350 982 10442
4350 2200 262403
4350 4809 214381
4350 6102 260196
982 1784 16987
982 4400 828966
1784 3089 817978
1784 8493 446184
4809 9571 833752
5632 1559 245912
5632 3929 132108
3929 1415 235700
3929 2171 933768
3929 4764 45360
4764 2651 147578
4764 5991 494544
2651 2541 334458
2651 7711 509353
1415 4030 406850
1415 5445 836639
1415 6435 818685
6347 4577 808564
6347 4652 313864
6347 4716 652310
6347 5776 737416
6347 5964 955301
6347 7249 554091
8135 5214 964336
8135 7739 214624
8135 8054 307397
8135 9383 187898
9383 2931 41826
9383 9954 759935
2931 4827 781573
2931 6711 875406
2931 9623 595098
7739 5620 248942
7739 8010 635787
4101 1547 825048
8331 3301 466928
8331 5433 983267
3133 2768 39807
3133 8149 259561
3133 9982 135994
2768 774 85585
2768 2504 386568
2768 9017 888189
774 319 551751
774 3547 345927
774 3723 118658
3723 2756 166473
9982 7883 68063
7883 2930 876408
2756 1119 542319
2756 3712 273770
2756 4342 615222
2756 7573 315544
8013 1991 685438
8013 2807 614153
8013 3682 189699
3682 3542 339876
3682 4682 956015
3682 5605 926059
3954 1363 237719
3954 1880 885164
3954 6583 632992
1363 550 692277
747 347 808616
747 788 644136
747 873 566721
747 2821 345189
747 4854 392412
747 6416 809553
747 9969 240418
9969 208 448788
9969 1923 667450
9969 8218 99113
8218 2522 48092
8218 4230 534992
8218 6594 66177
8218 8204 331104
2522 983 101457
2522 3973 928989
2522 6654 184538
2522 8405 65282
2522 8408 736251
8405 4483 488656
8405 6025 485037
8405 8387 681733
6594 1741 205527
6594 3070 240115
6594 9336 806778
983 3027 120722
983 7002 193551
983 9070 980309
3027 746 833960
3027 4318 423439
3027 6184 417614
3027 8891 412568
3027 9528 355078
6654 1887 37868
1887 1488 823094
1887 2392 847856
1887 3406 32986
1887 5396 355247
1887 7434 967242
1887 8295 203490
1887 8993 599007
3406 1170 383344
3406 3819 216564
3406 4023 866188
3406 6924 830741
7002 949 526632
7002 3106 557763
7002 4399 99968
4399 648 92887
4399 5272 986832
4399 5306 170796
648 267 365610
648 515 21412
648 8757 359143
515 1168 865670
515 3154 541276
515 7350 35466
7350 1197 910194
7350 7644 579079
7350 8202 842615
7350 9088 198705
9088 3592 787254
9088 4303 895303
8295 4150 547110
8295 6893 890559
8295 8291 214030
1741 2790 322375
1741 8034 658882
1741 9731 916967
8291 792 229731
8291 3625 40334
8291 4657 135725
8291 7714 101140
4657 3018 904573
4657 5789 788040
4657 7134 974120
4657 8278 544716
3819 3361 132799
3361 3860 308317
3361 7884 823426
792 226 58472
792 1257 255593
792 4222 663046
792 4798 197290
792 6444 716949
792 7771 703601
226 71 231051
226 3399 773905
226 8186 439663
4798 8680 754111
71 1154 576704
71 1411 320779
3070 4551 663941
3070 8429 375416
3070 9567 327369
3274 5465 293032
3274 8211 546591
4452 3524 657757
3346 403 467102
3346 1118 600951
3346 1953 86671
3346 3514 662943
3346 5303 242148
3346 9056 38725
3346 9207 865350
9056 3799 862531
9056 6865 723690
9056 9587 454414
1953 483 471536
1953 2632 593229
1953 5949 748671
1953 7497 66025
1953 8193 618421
7497 7618 735702
7497 7971 800254
5303 6036 973812
28 46 130441
28 1578 203767
28 4849 99216
28 7638 937227
28 7843 26206
28 9546 373633
7843 282 147222
4849 6381 283101
46 36 369921
46 49 569341
46 93 18725
46 371 877991
46 4092 402282
46 4726 660582
46 7407 776523
93 120 412209
93 7758 49967
7758 3302 397467
7758 5631 276504
282 221 831018
282 2014 675686
282 8525 121705
8525 4740 166415
8525 8006 334779
4740 4841 139457
4740 6237 335138
4740 6975 471580
4841 6161 675562
4841 6588 790059
4841 7698 649412
4841 7985 652711
4841 8269 783658
1578 761 830925
1578 2883 232683
1578 3110 146763
1578 8164 579079
1578 9707 44059
9707 552 269546
9707 3960 763062
9707 5113 849059
9707 6529 311997
9707 9270 21434
9270 1568 697990
3110 4848 792556
3110 7384 422086
2883 29 503721
2883 9970 584207
1559 1035 962615
1559 1468 562516
1559 4523 560781
8489 5394 125008
8489 8864 552210
5394 455 634979
5394 849 258029
5394 4057 321681
2707 8150 365940
2707 9159 564286
3604 1727 161707
3604 2716 201075
3604 3584 640829
3604 5953 676644
3604 6452 770356
3604 7250 143553
3604 8999 698593
3604 9028 188162
7250 3731 677028
7250 4853 28861
7250 9995 605874
4853 6336 689678
4853 6570 332510
4853 9641 307353
1727 2103 761887
1727 3227 478939
1727 4600 940549
1727 5189 514696
1727 6412 488665
1727 9325 592669
9028 6164 649465
2716 2007 323421
2716 2322 918351
2149 5181 882940
2149 5641 71063
2149 6136 935762
5641 5019 101718
5019 380 437721
5019 1713 67030
5019 4514 6055
5019 5076 843069
5019 7615 622456
4514 7150 400626
1713 730 757801
1713 1147 337074
1713 8948 215391
8948 3950 439048
62 103 985947
62 2232 889349
62 4198 657186
62 5337 613568
62 9187 975995
62 9691 547238
7459 2688 794545
7459 6918 786825
6449 334 755912
6449 8260 546237
2747 7465 414313
4641 487 578905
4641 5098 747011
4641 7730 613682
3012 4986 186385
3012 8144 281220
3012 9343 244
9343 3208 407980
4986 3905 661137
4986 5164 834421
183 1237 453522
183 5586 222056
183 6410 19384
5586 375 306802
5586 1652 962492
5586 3904 87989
5586 4450 693348
5586 9396 681904
3904 809 802677
3904 2313 78309
3904 4065 963281
3904 4898 828895
2313 1491 201554
2313 5310 790673
2313 5491 817105
2313 6211 32874
6211 7391 392494
1491 955 810075
1491 2085 607929
1491 2865 794069
1491 3356 179036
1491 3746 522561
1491 6511 933738
1491 9524 232789
3356 1643 495078
9524 9815 886918
6304 2088 319375
6304 5065 680872
6304 9162 14768
9162 3396 344266
9162 5740 527131
9162 5971 156246
9162 7781 861203
5971 400 832645
5971 3130 644101
5971 3724 625607
5971 8345 812803
1073 290 158361
1073 4579 213416
1073 5795 984236
1073 7125 424088
290 513 806975
290 760 426146
290 2011 454513
290 4468 830968
290 8027 647675
5620 6352 962397
7897 2311 932310
7897 5324 404421
7897 5793 254055
7897 6058 974047
7897 6502 596456
7897 6568 86556
7897 8992 745934
5609 2805 400869
5609 5192 821944
5609 5201 567122
3743 7716 404618
7020 4530 65758
4530 743 183633
4530 834 395576
4530 2309 296603
4530 2438 761881
4530 3556 419952
4530 4784 340956
743 501 491174
743 3379 485703
1613 1963 565402
1613 3713 480293
1613 7780 160147
7780 3380 363080
7780 3623 755697
7780 3810 275428
7780 5850 7417
5850 9389 623466
9937 786 513596
9937 3104 26012
9937 3334 457079
3104 1746 397195
3104 3249 990767
3104 3808 513233
3104 4545 592945
3104 5210 762992
5863 1031 912643
1895 2724 960267
1895 3501 270356
1895 3976 267011
1895 9029 91439
9029 8568 867630
3240 6551 712585
2038 6194 822259
2038 7590 917536
7432 686 973019
7432 3475 181944
7432 4775 642265
7432 7631 390112
3475 2815 889848
7516 505 765880
5509 2268 960762
5509 5459 345012
5509 7949 686059
933 7119 1354
7119 5304 312056
7119 5479 167199
7119 6258 213294
5479 2860 438166
5479 3444 455775
5479 4069 410137
5479 7162 974905
5479 7626 528418
5479 9830 323838
6258 2585 128252
6258 3477 817767
6258 8440 893066
2585 1504 44254
2585 2393 171661
2585 3230 658373
1504 417 814401
1504 855 914076
1504 1587 382367
1504 4685 989529
2393 2222 281731
2393 2545 219927
2393 7309 159243
2393 8983 12732
2393 9687 27873
8983 3310 496485
8983 6718 799383
8983 7439 7859
7439 2145 940894
7439 6385 440602
9687 8237 216751
7309 2941 735279
7309 4829 37080
7309 7756 349815
4829 361 502824
4829 7665 712538
8237 456 33597
8237 5486 915102
456 463 243190
456 474 193382
456 871 729759
456 879 106118
456 884 9262
456 1706 335556
456 4988 246254
456 9234 733042
884 2112 715075
884 5489 967523
884 9534 981841
879 1095 31172
879 1241 816553
879 2172 751019
879 2770 749217
879 5276 909068
1095 2289 602703
1095 4045 167576
4045 952 172723
4045 3342 538919
4045 5244 964533
4045 5345 501777
4045 6644 698149
4045 7265 949806
4045 9791 642627
952 416 178816
952 3109 720452
952 6007 158500
952 8508 478893
6007 3497 9028
6007 6239 879583
6007 8187 518056
3497 3107 412340
3497 8556 959411
416 68 419530
416 3088 822235
416 4934 508775
416 5088 12939
5088 2238 569040
5088 8456 693776
474 1487 740546
474 2090 373451
474 4446 663808
2545 4497 559327
463 1342 692201
463 9141 479854
4988 3398 189599
4988 4583 491877
4988 6382 946316
4988 6728 134910
6728 6528 616363
6728 6875 609458
3398 4402 944918
3398 5527 328769
3398 6720 300515
3398 7582 328720
5954 1430 255854
5954 7759 207517
5954 9314 819904
5954 9380 112333
9380 6248 834522
9380 7059 88733
9380 8460 790717
7059 3807 7355
7059 8881 247343
3807 2757 708033
7759 192 452714
8881 4243 764879
90 673 465268
90 4952 381035
1572 1748 30652
1572 3792 411615
1572 3974 842696
1748 972 562653
1748 3930 777905
4757 603 534302
529 1402 620063
529 6051 922595
529 6724 551783
6661 2813 476302
6661 3427 807047
7395 7138 489917
7395 8244 2723
7395 9592 720633
8244 3479 643299
8244 9279 169979
9279 292 960152
9279 2555 25237
2555 4190 84379
4190 633 456806
4190 1868 713277
4190 5606 466472
7272 4210 870247
7272 8263 600898
7272 9495 470153
7272 9724 158935
9724 1444 654253
9724 3141 139394
9724 9727 236169
9724 9844 529475
3141 4626 437250
9727 745 376658
9727 7868 567442
9727 9770 233211
3782 5687 606039
3782 6751 260744
3782 9299 111687
9299 3495 983599
5569 4739 187610
4739 644 400462
4739 5590 349992
4739 7864 642286
7561 7633 908556
7561 9829 332393
6429 8794 249982
6429 9596 461330
8794 7262 360888
9977 3758 452424
9977 5245 200151
9977 8580 229917
8580 2065 563789
8580 4355 767304
8580 7373 184785
7373 8015 359637
5793 7919 17309
5793 9436 863413
5793 9921 956255
7919 1791 758942
7919 1934 551749
2551 1414 519990
2551 3951 320163
2551 8673 517467
2551 9489 612160
986 1421 305340
986 5343 708272
986 6071 941049
986 6930 120116
986 8865 134059
6930 88 570822
6930 8512 7766
8512 876 616780
8512 6499 184279
8865 2462 599044
8865 7508 660259
6499 1691 825237
6499 7065 206890
7065 314 661008
311 1309 637423
311 2315 522360
9229 2443 875851
9229 2838 626577
9229 5766 90299
9229 8052 698653
5766 2219 504610
5766 3043 277147
5766 6610 380001
5766 9744 795017
1257 4754 190747
4754 8655 519491
1430 3188 846569
1667 622 360749
1667 9810 907826
4758 3453 786069
4758 7154 829332
4758 7917 560238
111 6473 567049
3 186 351721
3 807 984537
3 2620 310094
3 7649 471902
944 1032 769253
944 1486 828712
944 1721 146138
1721 2359 584003
1721 2843 457304
1721 4750 97743
4750 2991 532954
4750 4007 4781
4750 6163 250446
4750 6637 423576
4750 8800 554213
4007 2432 635701
4007 5154 577303
4007 8977 139220
8977 5884 313637
8977 9076 852612
8977 9913 567817
6163 1957 197313
6163 6423 558427
6163 9485 627420
1957 541 524989
1957 727 247385
1957 1766 426570
1957 7428 44989
1957 8775 827032
7428 7537 308478
7428 9331 11215
9331 1810 741272
9331 3702 691621
9331 7694 22901
727 711 694686
727 1152 656882
727 6263 741652
727 8693 171810
8693 2225 381741
8693 6014 374932
1863 2554 448622
1863 2556 977413
1863 2850 576471
1863 5233 228547
1863 7267 535645
5233 890 768544
5233 3708 36340
5233 7036 395736
3708 8697 272090
2115 5278 901934
2020 1419 437596
2020 1922 25782
1922 1110 547455
1922 3970 290728
1922 4004 95135
1922 6754 38896
6754 2901 74705
6754 6391 338880
2901 1896 605749
2901 3515 326218
2901 3946 260572
2901 4927 739612
2901 7191 598543
2901 9879 798184
4004 2470 904720
5129 3593 551573
8799 5460 269189
8799 9699 221634
6925 6902 135818
6925 7228 945774
6925 8009 907589
6902 4316 971820
6902 4889 951065
6902 5497 933152
6902 9481 348474
6902 9690 528721
2399 1950 124772
2399 2544 289618
2399 7760 969559
1950 605 873592
1950 4839 860105
5243 8449 203841
5243 9563 551039
8449 2573 179410
2573 1249 115804
1249 1087 786141
1249 2013 891483
1249 5014 993748
1249 9080 502270
849 2028 873683
849 5936 573114
849 9807 386448
9 65 502750
9 7086 928240
9 7377 758489
5407 7920 522775
5407 9834 256205
9834 4588 728244
5029 4253 70864
5029 4684 863972
5029 5350 706059
5029 6486 536705
5029 6742 223918
5029 7726 667604
5029 8947 482638
4253 3168 461206
4253 6470 294406
6742 2081 500859
6742 9467 452956
4349 4268 57749
4349 9989 238388
4268 3362 987932
4268 3661 879738
4268 3666 711599
4268 9352 273318
4268 9609 527417
9989 6582 232707
6582 4724 15236
4724 9569 134927
9569 2572 144440
2572 372 719598
2572 2032 895052
2572 2507 362209
2572 4444 127730
4444 1375 300649
4444 2667 387827
4444 7856 812855
8149 8534 890962
6102 3605 500362
6102 5273 13394
6102 7763 214370
6102 9289 523685
5273 1509 472412
7763 7024 439515
7763 8601 462555
8584 4110 289682
5958 3151 931394
5958 5798 951553
5958 9941 644468
5597 6972 745861
3946 4011 20055
3946 4637 632739
3946 4890 912763
4011 4020 178159
4020 6187 327910
4020 9046 788644
4020 9108 117402
1020 4496 929411
1020 5926 92071
5926 3823 923075
5926 7935 187875
7935 1574 977463
7935 7404 893460
4209 676 72260
4209 7975 369710
676 4695 338371
676 5314 358361
676 7208 263501
6803 2521 238815
6803 4690 795708
6803 7498 484091
2521 2924 203034
2924 2644 109817
2924 3667 219224
2644 1084 410137
2644 3485 352433
2644 4291 716624
2644 8771 558464
2644 9277 819225
3667 131 853
3667 6011 990635
3667 6072 68683
3667 7810 579062
131 32 265858
131 4734 55142
4734 1790 469801
4734 2669 105769
4734 5296 224030
6072 1224 810470
6072 2366 601851
6072 2610 531635
2669 3437 142102
2669 5462 602022
2669 6658 98573
2669 8816 616791
3437 6600 200424
6600 8986 892024
6600 9221 889775
5296 8480 299742
5296 9741 299140
2200 953 142989
2200 9367 488698
953 981 599643
953 6193 420477
953 6471 823914
8853 352 911406
8853 8184 106335
8853 8987 608611
8184 2243 710002
8184 4237 847954
8184 8605 261832
8605 4832 690231
8907 662 738207
8907 2895 995596
8907 7223 805168
8907 9451 972027
9095 1777 406872
9095 5451 933842
9095 6060 979381
9095 8572 317576
9522 5919 46217
9522 6903 865560
5919 3064 432214
5919 9511 516516
8432 5142 366829
5627 442 168982
5627 716 914108
5627 8960 717939
442 2831 882240
442 3234 498913
442 5647 12531
5647 3385 84265
5647 5611 847643
5647 6342 538379
3385 3773 357383
3385 4254 836810
3385 8044 932102
6564 8728 774685
7854 5045 341269
7208 5311 454946
4760 1433 254096
4760 6827 822801
1433 3405 9807
1433 4962 188201
1433 5983 401775
3405 6766 425356
4962 3288 269113
4962 3824 498531
4962 5269 580383
4962 5903 747289
4962 6180 224428
4962 9189 448955
6180 8587 984643
524 4102 883456
132 66 342190
132 6192 98178
132 6593 764618
132 6760 660102
6192 2583 513542
6192 3022 628328
4886 4713 603119
4886 9708 203800
5704 4247 224747
5704 9247 815610
4247 1583 190126
4247 3273 520151
4247 3651 346502
4247 7482 978175
1583 2340 455131
1583 8897 39223
8897 1288 983809
8897 8768 419274
9066 1966 520007
9066 2887 475114
9066 8665 704025
3171 7182 334228
3171 7362 539499
4800 5205 763904
4800 5977 593224
4800 8722 231822
8722 2121 530934
688 620 372370
688 859 762043
6906 89 330751
6906 4226 658367
6906 7588 417862
6826 4769 302894
6826 6649 784723
6826 6704 531699
8796 1022 162346
8796 1231 213658
8796 8000 554614
1022 3554 930981
1022 4252 453195
1022 5834 372454
1022 6717 41433
1022 9621 347882
6717 218 611785
6717 5357 617303
6717 6984 4238
6984 7011 153098
6984 7067 784336
6984 7695 234869
7011 2000 504321
7011 5532 974912
7011 5885 856244
1231 1723 119970
1231 5290 616694
1231 6259 185956
1723 919 666476
1723 2211 631126
1723 3337 620393
6259 5644 959322
6259 6835 209312
6259 9385 881442
6835 6843 981512
6835 8228 525109
6835 8646 358888
7695 6070 875488
8180 3377 252862
8180 9591 885305
3377 2898 351059
3377 4095 320414
1927 8672 357006
1927 9227 707470
670 1292 139037
670 5043 293955
670 5187 355650
670 6088 327058
1292 7105 515496
7116 5996 813481
7116 6480 353886
3030 8305 44309
3030 9015 968062
8305 1955 598294
8305 3861 649877
32 5550 732088
257 220 777766
1640 623 158412
1640 2001 662000
1640 4892 248011
1640 5602 584852
1640 6256 776777
623 134 328191
623 1962 736137
623 2092 241008
623 6707 138082
623 6944 67258
6944 6218 92038
6944 8287 603466
6218 106 846667
6218 4346 545244
2092 6285 703727
4892 6010 372960
4892 8292 76074
8292 699 855784
8292 7466 6910
8292 7520 588195
8292 8179 940867
8292 8311 613451
8292 8912 221481
7466 6940 921443
7466 7146 360664
7466 7614 561041
7466 8698 860630
8912 1495 972302
1992 641 377510
1992 2272 241029
1992 2498 268495
1992 2988 377549
1992 7015 182132
1992 9798 830273
7015 2419 356542
2272 872 836081
2272 3555 279608
3924 6140 473104
3924 6287 223951
3924 7963 305234
6287 836 895298
5654 3699 367164
5654 6292 427937
5654 6332 791499
4120 4499 979553
4120 4622 923196
4120 6353 24625
4120 6451 777488
4120 6601 387278
4120 8764 402070
6353 2061 788959
6353 7106 546639
5504 3211 166464
5504 8835 777542
3211 2940 397431
3211 3400 900553
3211 5888 111068
5888 9009 746321
3976 9646 323782
8133 1343 802200
8133 3527 950170
2069 1120 999524
2069 3278 621659
2069 7863 558918
4481 963 442718
4481 1965 824048
4481 6475 497837
4481 8245 826258
2498 2837 778456
2498 3923 604298
2498 4805 214067
2498 5583 668054
2498 6892 760305
2498 8591 360386
2498 9297 393071
4805 996 498087
4805 3914 413442
7383 2255 312527
7383 2764 641288
7383 5517 129658
7383 5679 854302
3470 378 205985
3470 3565 188717
3470 5738 466204
3470 6844 191377
3470 8643 961046
3470 9016 503032
3565 4606 665388
3565 9881 970401
6844 6431 722618
6844 7834 544294
378 1279 467553
378 1800 487322
378 5282 677740
378 6351 603451
4406 340 916837
4406 9475 986154
7682 3742 256902
7682 5169 319231
7682 9665 221135
9665 3831 164256
9665 6363 685012
9665 8570 751687
3742 3500 228052
3742 5845 434432
3500 1883 375873
3500 2652 812718
3500 4659 552223
3500 8736 393764
3500 9943 489764
8729 1069 890706
8729 5013 844255
8729 5706 737394
2346 1531 519927
2346 1823 945212
2346 4987 966431
3288 1519 692699
3288 7539 172895
7539 7617 242081
7617 1705 980725
7617 2308 896048
7617 3017 778401
5460 4702 984113
5460 6274 944479
5460 7798 957906
5460 7806 249025
7806 2058 101335
7806 4358 884461
7806 4792 706801
7806 6741 235399
2058 4387 607676
2058 9127 818116
6741 2212 824767
6741 9895 800287
4884 1804 981993
4884 4867 83175
4884 6362 279780
4867 988 420058
4867 3112 860952
4867 6458 490320
552 533 50420
552 600 914687
552 1213 459522
552 2428 368040
552 2495 442492
552 2954 712034
552 3449 306395
552 9843 532132
533 1006 146902
533 2563 740076
533 4608 449513
1006 927 11367
1006 6506 92342
927 1932 6612
927 5038 760881
927 5541 186757
927 9732 719826
1932 941 608440
1932 6369 16540
1932 7100 773777
1932 9550 953865
6369 2867 920990
6369 4972 870658
6369 9196 656175
6506 4159 921569
6506 4259 948217
6506 5136 898863
5541 363 553096
5541 2866 63793
2866 9817 475427
7510 1866 580465
7510 9083 303808
9151 2679 856162
9151 7204 57460
7204 6467 214857
6467 3869 160619
6467 5186 120769
5186 1000 298607
5186 2445 340279
5186 7142 368480
5186 8482 858320
3869 4897 978990
3869 8867 462209
9802 9852 432866
7399 4560 501041
7399 6910 652625
7399 6957 505530
7399 9787 818412
6989 5344 515865
6989 7004 308581
87 6806 721634
87 9011 259582
9011 9224 401845
3501 1736 678987
3501 1815 957649
3501 1849 414317
3501 4356 815551
3501 5757 304537
6488 110 3576
6488 3355 758625
110 1524 615523
110 2210 447568
626 2202 713321
626 4395 275853
626 5808 979651
626 7185 819157
626 8523 638995
5352 8701 350208
7980 1205 338310
3445 2648 922502
3445 2989 144828
2989 582 942584
2989 2131 126185
5625 1049 729585
5625 8769 974592
3734 1481 979086
3734 3068 205155
3734 7192 153286
3068 3218 811936
8678 660 459682
8678 4429 880613
8678 6743 581518
8697 7045 594858
9240 303 784674
9240 1687 160292
9240 4820 779720
9240 6817 618480
1687 6440 281416
1687 7555 32351
1687 7893 884198
1687 8352 510131
1687 9536 726268
7555 4439 122487
4439 8892 51041
5924 1947 49580
5924 4813 93258
5924 5761 349962
1947 1251 41975
1947 1761 647415
1947 4132 5321
1947 4169 141086
1947 4409 815240
4132 3295 913605
4132 5068 310998
4132 5440 376065
4132 6837 667333
1251 399 901064
1251 6182 549559
1251 6653 977212
1251 9710 321023
1251 9962 677675
4813 1931 989828
4813 4257 690526
4813 8141 166771
4813 8389 356254
4169 1298 888075
4169 7342 700460
8141 5463 237594
5463 2466 660910
5463 3903 992528
5463 7937 809095
5463 8852 842858
5559 2645 271023
5559 6159 542666
5559 7419 821016
2645 1048 45132
2645 2015 437946
1048 1420 823196
1048 6901 245019
1048 8372 153354
1048 9878 23279
9878 5443 986158
8372 1097 935746
8372 3262 674660
8372 8320 69795
8320 500 598936
8320 4357 501118
8320 8215 454195
8320 8463 938182
8320 9215 570633
3198 2488 532974
1401 3282 594907
3076 4557 171696
4557 301 979750
4557 4401 578916
4557 6358 896175
4557 7811 220242
7811 7886 508273
7811 8953 542103
2185 6450 819499
2185 7195 702606
8603 2777 278964
8603 3419 357875
8485 440 940632
8485 1530 192029
8485 8637 262444
1530 2628 583660
1530 4337 457607
1530 5422 364104
8637 33 422477
8908 4649 790519
8908 4824 28175
8908 6392 856711
4824 116 102006
4824 5385 824668
4824 8854 231776
116 241 102480
116 2773 789744
116 3765 318505
116 5069 114274
116 8803 371220
241 307 467616
241 1785 114274
241 2349 421943
241 4340 863917
241 8025 665670
241 8414 165678
1785 1814 279038
1785 5231 744638
1785 8743 975549
5069 1728 289101
8414 2950 793719
8414 5436 782175
8414 6040 946918
8414 7891 820883
8414 8964 174717
8414 9418 264879
8964 6206 137726
8964 7460 554674
8964 8689 629222
8964 9452 579887
6206 4412 646328
8854 4353 89769
8854 5441 758423
8854 8353 58793
8353 2788 187630
8353 3420 674252
4353 6489 90832
6489 6861 854392
6489 6953 910630
6489 7219 149799
7219 7029 420029
7219 8338 458370
2788 8458 334541
9418 1841 105493
9418 5891 320151
1841 396 210823
1841 5203 159260
1841 9410 943686
396 304 946300
396 630 952057
396 9792 486903
4246 461 793562
4246 2839 776646
3712 1096 199277
3712 5668 881867
3712 5995 333777
3712 6908 790517
3712 8464 752487
1096 4725 25737
1096 9554 704135
1675 4570 294128
1675 4954 402636
1675 7565 783741
419 467 388249
419 1976 214833
419 3287 750887
419 7110 936643
1976 2102 930700
1976 4554 614479
8403 3977 93630
8403 5044 194144
5044 2417 634105
5044 4097 880007
5044 4549 659037
5044 5946 688516
6539 2441 627301
6539 3980 690887
2329 5101 970166
2823 5393 426115
5341 2714 459377
5341 8607 482883
9719 4471 425558
1715 937 8731
1715 1596 401229
1715 2886 644311
1715 5833 848936
937 278 398554
937 1107 422677
937 1340 738771
937 4027 964106
937 5081 293672
937 8522 694797
382 3402 174846
382 4541 590848
382 6841 234783
382 9022 122477
382 9255 931076
9022 6296 518491
9022 6578 130614
9022 7936 654076
6578 6114 802212
3402 2889 824598
6841 2871 389500
6841 6715 314075
6841 8334 968416
2596 2852 30967
2596 8064 458245
2852 4052 887050
2852 5664 545671
7093 6345 674977
3810 3425 922884
3810 3794 695428
3810 4053 90282
4053 2452 402951
4053 4978 503270
4053 7060 721333
4053 7276 181912
8116 2962 107357
8116 4193 24734
4193 6417 340935
2962 13 18484
2962 6176 429077
2962 9357 427630
2962 9505 344652
13 15 449765
13 23 84891
13 86 402463
13 324 646156
13 1392 74388
13 3257 691722
13 7560 346763
1392 1984 801415
1392 4796 653875
1392 5475 324433
23 43 531130
23 4203 891271
23 4669 568353
23 5071 505169
4395 2643 913042
4395 9275 223366
5216 1179 899677
5216 5785 48772
5216 9693 732271
5785 6476 101993
5785 8862 124353
6476 561 3637
6476 7580 43953
561 5173 715515
561 9780 307314
7580 1274 227201
7580 5963 934702
7580 8395 574439
7580 9859 274190
8862 3466 371460
8862 4239 262626
1274 3091 345833
1274 9775 795171
4239 2206 381275
9859 254 599523
9859 8296 32839
8296 4925 489558
8588 806 61758
806 8714 253510
8714 2099 480920
8714 7556 558113
8714 8386 766798
8714 8880 374275
1711 1117 701476
1711 6818 664192
7857 4042 316461
4061 5461 204938
4061 6309 263233
4061 9268 304900
6309 5299 839640
6309 6222 449360
5631 2035 419495
5631 3659 940904
5631 7503 869513
517 3525 224531
517 4640 256789
3525 6928 626005
4720 1803 757372
4720 3766 836281
4720 8590 77672
8590 1012 737890
8590 4119 559854
8590 7017 698580
8590 7742 756780
8590 9319 186149
9319 3752 976370
3043 1114 38869
3043 1793 66558
1114 2283 509415
1114 3137 870656
1793 408 776590
1793 3166 419603
2698 1536 464012
2698 4501 489099
2698 6462 585764
2698 9296 854288
2698 9972 279424
1167 1716 668826
1167 4234 708231
1167 7092 405226
3452 3325 30111
3452 7662 331643
3325 8627 593991
3300 2546 733774
3300 5561 929601
3300 5848 252560
3300 9363 254740
5848 7842 895470
5848 8119 145646
9363 6330 460876
1590 1740 145225
1590 7078 351628
1590 7608 686870
1590 9788 547366
1740 6312 557121
1740 8560 81409
1740 9292 297246
8767 5109 729282
8767 8497 354788
1158 2933 631264
1158 8902 143729
8902 705 887362
8902 5421 771621
2983 1138 336990
2983 2675 625841
2983 2900 710689
7442 575 933801
7442 2382 634072
7442 5424 497065
7442 6167 348799
636 5815 290345
636 9213 130475
9213 4921 189003
9213 6866 69445
6866 8772 17555
8772 5871 373626
5252 4782 577109
5252 6731 797080
2777 169 962830
1814 6822 725763
1814 7348 780140
8301 275 202757
8301 5539 911557
8301 8346 262026
275 457 446970
275 1708 927514
275 3193 566523
275 5661 824142
8346 12 959153
2786 3004 703885
8942 6914 832802
3555 3644 65474
5171 6580 580394
6362 4244 307760
3785 286 205713
286 4063 271384
4063 2087 121143
4063 3044 943379
2087 7282 680138
7099 4855 188120
4855 357 194996
4855 1567 373235
4855 5135 219473
4855 9443 648182
357 465 951039
357 979 887694
357 9067 722430
5135 1820 766147
9415 9430 888994
8144 827 733211
8144 5674 78113
5674 7797 583457
6440 7365 897129
6440 8617 771694
6440 9160 863884
8608 5596 383414
8608 7929 729847
2222 868 510954
2222 3205 684150
2222 3719 55249
3719 3434 303197
3719 5769 256472
5769 5318 567583
5769 7629 253344
5769 9853 47459
9853 9291 558795
9853 9672 908964
7629 4420 90331
7629 6513 108336
7629 8499 652608
4420 2736 90794
4420 5279 379625
4420 9269 421158
4420 9308 477512
2736 2196 987457
2736 7902 307532
6513 1325 996498
6513 3248 118904
6513 7310 206955
6513 9819 221004
7310 9974 115583
9974 7908 374789
9974 8946 312666
4019 2760 889081
4019 7042 792740
4019 8051 911859
4599 4294 910946
4599 9642 896187
6003 1302 614573
6003 4397 691122
6003 6092 139040
6381 9721 82308
9721 3135 219747
9721 3321 983225
9721 7396 951286
3135 1990 597160
3135 7836 26372
3135 9423 280327
7836 5374 458602
7836 8498 589528
9423 3966 934298
5511 3487 758078
5511 6299 779940
4701 8990 281608
8990 5960 705062
8990 7553 470666
4235 1743 910232
4235 1930 240065
4235 8564 288142
4547 2157 446754
3957 167 354925
3957 4999 784385
3957 8962 844781
7838 4573 695662
213 291 969866
213 4915 259574
213 7339 101601
7339 4630 742626
4915 3664 100569
4915 9478 939485
3664 3849 451542
3664 7038 135029
7038 2208 448473
7038 3895 281724
7038 4055 206719
7038 6816 553436
4055 260 483968
4055 2884 581894
4055 6055 21551
4055 9285 426137
6055 3170 728191
3895 5110 695414
3895 6169 938190
7203 4093 609617
7203 6970 608668
7203 9073 121471
9073 4229 384700
9073 7200 400080
1182 710 75079
1182 1440 370221
1182 2859 225769
1182 3114 842950
1182 3258 480467
1182 6669 449980
1182 8832 876406
710 1434 416322
710 4984 597366
710 6065 876600
710 6598 175753
710 8374 518320
2859 2672 22721
2672 8101 732636
536 341 654604
536 2057 724308
536 6793 67565
6793 4888 869247
3438 2686 961363
3438 9235 308632
1551 4673 968102
1551 6283 925453
1551 6483 79131
1551 6659 408140
1551 8638 728978
6483 7747 948348
1605 2511 500902
1605 2759 924072
1605 8431 370328
1605 8544 745880
6996 4338 979403
6996 4614 966196
6996 4932 665231
6996 6322 124549
6322 888 15199
6322 8739 12454
888 3733 899618
888 6125 343432
888 9079 662052
902 3370 199317
3370 4208 674518
3370 5613 973073
3370 9473 447499
916 2271 318545
916 4633 105808
916 4905 6880
916 7521 631400
916 9258 571592
916 9981 543972
4905 1985 49220
7997 2416 98218
7997 9547 840162
2416 482 655512
2416 7091 436084
2416 8871 831235
6612 3558 936123
6612 4742 57307
4742 4976 551834
3933 1690 787537
3933 5106 110083
6016 4871 402222
6016 5684 164853
6016 6527 512885
5684 593 5110
5684 6786 141551
5684 7479 862238
593 1974 25227
593 2184 894773
593 4306 413024
593 6333 63774
593 7001 716091
593 9179 869474
1974 5883 314898
1974 8765 394341
1974 9905 232572
6333 6279 441083
6333 9766 438100
9905 1246 386218
9905 4341 963130
8564 1188 116526
8564 8421 217590
1188 1236 432789
1188 1975 965654
1188 2160 714844
1188 7351 618213
1728 650 743890
1728 1672 575558
9040 8333 344359
6898 5102 90245
5102 2352 779853
5102 2817 518361
5102 5270 402202
5102 8906 163307
8906 3559 306699
2621 540 617225
2621 7710 664596
2621 8083 753072
5734 5032 327675
5734 9847 540675
1601 3771 393370
1601 4026 170805
9491 6108 600772
9491 8542 201911
8542 5876 38788
8542 6585 289002
8542 7701 978799
5876 203 571214
5876 5028 95169
5028 4491 789852
6585 8059 177621
8059 1550 725526
8059 3762 528184
2544 5984 498812
2932 4233 657214
2932 7158 745390
6701 7532 416726
974 318 54970
974 2434 28686
974 7189 454410
2434 1604 695059
318 1648 98625
318 5149 781673
318 6037 41609
6037 5877 369131
1648 2402 938324
1648 3245 264522
1648 6626 205765
1648 7382 899924
905 1562 568743
905 2017 60309
905 2181 542090
905 3755 759505
905 7102 34024
905 8783 712925
2017 2257 807694
2017 6870 828833
2017 8626 2121
7476 548 528945
7476 1977 555093
7476 6053 862535
7476 8041 800378
3970 3332 839850
3970 5381 201112
3970 7602 695576
3970 8145 859330
5381 3689 809422
5381 7115 799218
3952 5832 802273
8079 1252 93487
8079 5226 290582
8079 9316 71114
1252 7410 576108
5226 4310 385902
5226 5099 693791
5226 8917 400438
1838 2213 719445
1838 5749 359967
1838 7222 664700
1838 9845 351543
3744 4730 654701
3744 9109 680992
2976 4992 407263
7379 4747 396908
5465 1580 509636
5465 3270 21628
5465 9463 322093
3270 2430 680626
3270 6264 453903
604 9987 297222
166 5 850094
166 3732 34395
166 4628 267405
166 4953 956344
166 6484 797782
3732 5698 342710
3732 9031 321103
3732 9253 788128
4628 2512 593465
4628 3982 546200
4628 5033 854102
7166 6955 818403
5081 948 358883
5081 1365 285712
5081 2480 164900
5081 3859 109145
3859 3308 538524
2480 1782 497115
2480 2217 719678
2480 2562 165777
2562 866 466355
2562 4610 10123
2562 6371 940493
2562 7622 173538
4610 4157 445077
4610 9885 466036
7622 2265 829013
7622 4537 51502
7622 9717 397455
4537 1255 86293
4537 6447 115033
4537 8982 340298
1255 7943 693350
6447 2227 597708
6447 2982 550326
6447 6641 79987
6447 6991 390809
6641 9063 4954
9063 5577 461399
9063 7387 348240
9063 8896 374013
1365 2949 480254
1365 4299 369973
1365 5872 63265
5872 6730 432768
5872 8109 154003
5872 8181 157785
5872 9595 491953
8109 8540 768372
8181 9465 415373
9303 591 359871
9303 9444 419972
177 2284 345144
177 9304 880942
5043 4099 629521
5043 4403 140972
5043 5771 948962
5043 9263 345096
4570 5246 983967
4570 5333 128921
4570 7181 102208
4570 8547 374992
7181 4142 127691
4142 6880 202437
4142 9183 77060
4142 9454 277983
9183 4312 770578
5333 824 458411
5333 3866 999485
5333 7132 978750
6880 2009 894341
9454 6889 387061
9454 8200 424278
6470 5934 70859
5934 2455 434008
5934 3814 661001
5934 9105 38702
9105 1352 354004
9105 3603 194158
9105 8599 347254
3603 5070 772625
2606 9664 523267
2659 4022 603958
2659 8021 645218
5034 579 71669
5034 4191 291354
5034 4756 297750
5034 9161 77620
579 2026 652972
5031 5985 902356
5031 9516 310489
5188 9873 976202
1794 2306 348949
1794 4799 754133
1794 5920 38267
5920 4062 778348
5920 5008 495447
5920 6605 18288
5920 7491 121717
5920 8918 559697
6605 5155 76989
6605 6886 443893
6605 6936 803726
6605 8914 844314
5155 2195 870402
5155 3995 428337
5155 7324 38805
5155 7852 143591
7491 3467 945112
7491 8368 456270
7491 8855 265921
7852 4467 819524
7852 7356 227925
7356 2156 514068
7356 3023 772069
7356 4103 361812
8855 775 959970
8855 1569 413578
3729 4126 394256
3729 5206 315362
3729 5238 181473
3729 6177 853699
3729 7175 241864
5238 2040 575981
5238 6000 117270
6000 1875 521483
7175 8945 473402
9561 6864 675953
5751 2151 51990
5751 2223 829679
5751 3367 653421
2151 6963 350049
2309 7597 417249
2309 8563 138932
8563 5265 200615
8563 9907 993550
5265 3845 78877
3845 691 970985
3845 7229 351907
3845 7947 663136
3845 9660 159875
20 193 371134
20 9639 143475
9639 1214 55578
9639 6714 303946
9639 7793 988501
9639 9599 593370
1214 9049 845566
1214 9437 434850
5594 6255 303424
4495 3941 547909
9987 3526 147062
9987 8950 801875
3526 4432 945925
3526 8398 952628
3526 8920 156306
8920 3451 109431
8920 3827 884939
8920 8593 537685
3451 8075 420698
9292 592 745222
9292 6129 739647
9292 9634 182529
9634 8791 847804
4756 4967 692818
3200 6117 726599
3200 9637 218589
9637 1245 683693
5005 9811 93404
9811 7869 742571
9811 7960 251346
7960 1129 15114
7960 9435 925511
1129 1413 19797
1413 3049 233460
1413 4423 460212
1413 6039 538372
3049 804 71419
3049 3499 45751
3049 4477 103643
3049 6096 207487
3049 7481 940146
3499 3798 241374
3499 4106 759153
804 4085 143848
804 5161 525540
4477 1156 697862
4477 9041 345292
4085 3739 535001
3798 7592 840602
4676 7964 70083
4676 9759 299777
7964 9125 846960
3784 7418 699093
1000 1809 254044
1000 4281 69503
1000 5124 766323
1000 5905 287129
1000 7376 15537
7376 3613 544060
7376 5417 94047
7376 8003 13852
8003 3199 931199
4281 666 782486
4281 3812 694007
5417 3448 277677
5417 8043 263148
1809 6712 966600
8043 1639 658552
3448 3564 283685
3448 6126 186913
3448 8137 512910
3448 8615 439728
6126 8235 797276
3564 3410 152518
5905 680 977385
5905 3366 452822
5905 5050 305742
624 739 598622
624 2972 383923
9741 5880 707534
8480 8774 531553
9759 4993 772297
9759 8737 216266
8737 4578 410752
9198 1397 348040
9198 4693 508419
3403 5240 776907
2570 1004 592201
2570 1859 954880
2570 3207 720633
2570 4835 669007
2570 6419 682580
3865 1499 46899
3865 4214 441884
1499 1629 305760
1499 1755 907003
1499 4436 191957
1499 6241 641152
1499 6409 941892
4436 5728 704661
4436 7357 211406
4436 8358 586897
7357 1431 404693
6877 4270 589396
6877 7713 47160
6877 9603 503918
7713 3051 231141
7713 3383 443661
7713 3772 714498
7713 8152 446489
3051 1926 486165
3051 5837 304750
568 1326 819162
568 5266 90339
5266 2655 191521
5266 7782 636414
2655 2039 974087
4943 2086 833161
4943 8558 921528
2473 5478 302868
2473 6862 683704
2473 8383 740638
4405 3183 354313
7462 6175 333106
7462 8063 500250
5478 7144 775355
5478 7783 86477
7783 6203 916191
4769 2509 359003
4769 2581 637899
4769 3502 230862
4769 8424 49329
8424 9345 564928
3502 4249 168107
3502 5564 10683
3502 5805 70973
5564 7028 445007
4249 2278 107603
4249 8194 335791
2278 8826 303140
2278 9260 297366
9260 5003 886829
9260 9805 762615
3434 4837 543773
3434 6265 741347
6255 4512 435353
3674 4850 684749
3674 8128 125696
3674 8668 507657
3674 9942 565052
4472 6139 20780
6139 373 483984
6139 5617 920433
6139 8996 50684
8996 4478 632656
6714 5094 246153
6714 6327 422235
6714 7895 14020
5094 1843 316247
7026 2182 176152
7026 6049 375527
7026 8970 36613
2182 751 338385
2182 845 849672
2182 1647 982319
8513 9743 280257
9743 5616 696928
9743 8838 406553
5757 5416 991498
2199 978 134941
2199 5121 523980
2199 6403 432288
978 394 150169
978 8223 460018
394 2120 117213
394 9180 45057
5837 9840 473614
530 3246 126112
3246 4911 74101
4911 5364 285213
4911 8749 564162
1079 5264 479339
8468 1795 649792
8468 3096 641552
7963 6544 677090
1421 1195 752306
1421 3760 242387
1421 6252 165564
1421 7700 504791
1421 9980 134518
9980 1564 193768
6252 9077 435163
449 185 103733
449 791 676472
449 2344 397850
449 7792 226603
449 8274 606076
449 9004 876897
185 8299 363607
7792 844 949516
7792 9833 584176
5050 2358 272289
5050 3256 788284
5050 7900 46090
1629 9613 217248
1629 9711 674830
9613 9339 673731
8357 4778 69026
4778 3590 202780
4778 3706 956132
3590 6378 427731
9764 5910 575653
9764 8234 369269
647 930 921957
647 2785 141549
647 3700 166940
2785 2791 970214
2785 3311 57335
2785 6635 61963
2785 7298 534535
3311 377 701131
3311 5236 459566
6635 514 235441
514 7725 345997
514 8885 454509
4112 9702 571050
3449 3148 94878
3148 985 481073
3559 3118 472620
3559 3597 183406
3559 4814 201811
3559 4939 41108
3559 8197 285449
3559 8243 325847
4939 2719 876561
4939 3220 497602
3597 388 81110
4814 3696 243086
4814 5857 375747
3696 965 611948
3696 1501 180128
3696 5092 404874
3696 5516 138916
3696 7000 271413
3696 9521 168312
1501 3809 627307
7000 8652 242336
8652 4375 165505
8652 6024 811932
8652 9094 105448
9094 4289 382640
4375 5493 993068
4375 9636 525135
8197 1688 323007
8197 5471 424717
8621 9449 939309
375 6 686716
375 1890 365103
375 2051 392525
375 2888 222182
375 7293 360225
375 7398 923728
375 9493 444324
2888 8984 590225
2479 2528 638400
2479 3875 755288
9038 3243 915778
9038 9456 862183
9038 9508 579759
9641 8878 73645
8878 886 346069
8878 4535 241164
8878 7159 15987
8878 7327 492536
7159 4595 460667
8054 2123 752944
8054 3834 37316
8054 8684 594801
8054 9555 975588
3834 9825 717018
669 261 412807
669 4540 359765
7902 7461 121002
7461 3087 763851
7461 7490 405385
2162 3196 858408
2162 4288 937918
4244 2036 969104
4244 8091 275808
8091 1561 946775
8091 4875 440342
8091 6144 83331
8091 8781 606548
6144 4752 312663
6144 7446 960127
1267 6308 845872
1857 8679 358989
3860 6838 199126
3860 8898 512003
7537 6275 698615
7004 4298 475701
7004 8026 381644
9235 6897 500106
4074 8376 370140
8229 8730 408067
1426 1283 737532
1426 2944 148096
1426 7344 560593
1426 8100 629202
2944 1384 468020
6899 2727 743140
6899 4697 557926
6899 9420 623806
7187 3290 994093
7187 8535 542132
9516 414 101442
9516 7271 935536
414 6151 553370
5068 1933 691342
2861 2973 433520
2861 7809 900763
2557 9968 186509
9968 4317 998043
9968 9330 235515
9330 5488 668087
9330 6965 1847
6965 8112 170012
8112 8447 882729
8112 9372 599160
7562 1826 50507
1826 1106 589656
1826 9390 276202
1826 9857 780643
9390 9959 844901
7160 2761 279809
7160 6882 974437
7160 9871 447416
2761 4347 176184
2761 8367 483776
2761 9986 191271
9986 6937 233606
6529 2780 285154
306 1047 215378
1047 1230 15298
1047 1669 5449
1047 8893 849140
1047 9635 109259
1669 1514 900280
1230 2333 812643
1230 7314 789150
9635 7089 536636
9635 8272 604586
5304 1149 750069
9351 870 789381
9351 1854 884596
9351 8641 149461
4752 2037 839672
4752 6562 275758
4752 8895 118004
6562 2444 175664
6562 3330 663662
6562 3486 389614
2444 5263 356915
2444 8427 384493
8946 3102 298657
8946 9347 432446
3309 5900 295603
3309 6681 973853
3309 9147 391206
7804 1659 591972
2872 4818 122524
2872 9032 934707
4818 1696 944568
9965 4411 560693
4652 1219 492397
6715 253 359305
6715 4689 195170
6715 6002 46540
6002 4866 860316
6002 8104 518021
4689 1534 979584
4689 4753 381495
7873 2668 231528
7873 6651 622813
2668 198 646589
2668 3099 439787
2668 9771 192014
9395 4629 349659
9395 8321 840506
2 742 4410
742 1906 296439
742 9425 714541
1906 3054 230160
3054 3084 233048
3084 4277 413773
3084 5867 637521
3084 6787 747877
9120 1774 497351
863 1053 273368
1053 2779 285848
1053 4162 57978
1053 8528 649711
4162 3692 9551
2779 9927 918410
1033 2143 129568
2143 3429 421204
5883 1126 753458
5883 7361 530955
5883 9100 781320
6792 8956 309623
8956 6966 781578
2317 5908 818300
5206 1694 384330
7425 3786 553331
6935 9464 53996
3394 4510 696616
2827 2370 894811
2827 4179 318529
2827 7217 45432
7217 5377 541295
1843 8747 133487
6904 9290 805624
4042 4597 468578
4042 5778 151473
4042 7066 576750
5778 4251 697384
2793 6945 910886
2793 7995 503301
5395 1172 889256
5395 6512 887805
5395 7286 187664
5395 8957 643897
7286 9565 157683
6581 9218 394221
6581 9628 860080
8242 8927 621925
9424 2351 360654
9424 6276 535452
9424 8823 817017
8316 4448 897040
2245 9590 519604
3765 2300 407359
3765 4997 210789
4997 1322 149162
4997 9259 988759
1322 1085 975116
1322 6121 129884
5016 5447 414648
5016 6201 561732
7879 2389 313710
7879 5821 597157
6272 3005 94388
6272 6650 192670
6272 8283 35659
8283 7904 811351
3005 8937 706106
3005 9492 321137
6650 1770 640308
6650 2464 959186
4479 4687 118249
4687 1789 487381
5169 1466 672267
5169 3036 607207
4795 6895 211093
6830 4842 742953
6830 5725 311803
2088 5287 628020
9916 5047 33649
9850 6954 56977
4077 2774 233545
8597 5286 243979
5286 2964 582680
5286 3607 607487
5286 6344 125861
6344 3539 903320
5891 3210 897631
3951 8718 215307
8718 768 883648
3838 3019 184218
3019 4709 685919
3019 8664 124625
4095 2531 423378
4095 4819 222548
4095 9950 225685
9950 9994 121126
1411 4292 391063
8267 8585 883099
45 1641 940857
9710 5899 556926
9710 7817 223551
7817 1603 163682
7817 2365 135913
2365 358 172884
2365 9177 994919
1603 1358 432966
358 164 826215
358 1323 937230
358 2984 10621
2984 6765 218139
2984 7586 97869
2984 9510 280607
7586 8002 907754
6765 72 454307
6765 4482 285177
6765 8649 343390
6765 9426 402035
9510 8681 574754
4482 3284 288042
4482 5601 571490
9492 5610 419307
9492 8928 474628
3662 5120 896183
2214 2808 108536
2214 3936 324618
2214 5745 854355
2808 2472 760126
2808 3543 768521
2808 7137 230866
7137 9441 148049
9441 6507 979107
9441 9822 101162
9822 9580 941599
4057 3844 705437
9463 617 969856
9463 4916 215235
4916 308 403612
4916 5623 698460
7958 1122 463851
8611 3550 351650
8611 7940 540952
5741 2097 20759
5741 7005 218289
2097 1878 111358
1878 802 414881
1878 5737 682280
7005 4392 20690
7005 8217 830073
7005 9909 579629
4392 4951 365056
1688 659 292554
1688 9470 552259
659 188 91971
659 3139 869584
659 7455 477506
188 445 932481
188 1176 433432
188 1404 502190
188 7294 592465
7230 9582 723229
2007 1764 862948
2007 2433 247613
2433 1324 507149
5574 364 75427
5574 846 930863
364 3985 786378
364 4544 209062
364 9128 6313
4544 5241 50668
4544 5981 401327
8377 7965 92944
8377 9666 125305
8377 9851 553844
7965 2974 637508
7965 3235 8341
3235 5914 487813
9666 5090 87008
9666 8634 551164
9666 9256 212592
5090 113 604329
5090 1710 494839
5090 2692 928226
5090 5796 323020
5090 6624 116457
5090 9112 644798
6624 4828 818850
9256 2948 502282
9256 4021 698367
9256 6916 155115
9646 1128 250274
9646 2664 106909
9646 5355 199496
2664 1780 885127
2664 7594 838879
2664 8134 724784
5355 5979 854827
5355 6705 657485
5355 7043 285689
5355 9053 508176
1128 9820 37414
7043 8539 455270
9830 9904 562606
2266 860 91889
860 539 83919
860 6042 683830
860 6094 143353
860 7681 965807
539 1884 575455
539 6839 914941
539 9138 420430
6094 2494 663388
3956 3072 73749
3956 6542 639551
3956 8752 429123
5475 3358 868959
3338 2802 284559
3338 5713 86334
3338 9005 216684
3338 9578 214025
5713 2960 732466
2802 1698 712914
2802 2518 862225
8332 2027 77567
8332 9431 995090
2027 3955 673430
2027 4877 348624
8103 2343 723113
8103 8388 961756
3515 3862 264658
3862 5544 757190
3862 9655 650608
3981 4515 373526
9340 2094 31875
9340 6493 993169
2094 3098 1465
2094 4647 473797
2094 6020 676994
3098 6221 92720
3098 9422 562521
6221 2482 550083
5683 1539 310100
5683 9327 315167
1539 960 494215
1539 2891 962678
9327 5714 863579
9327 8705 245195
8705 973 485565
8705 4322 383937
8705 9818 975230
2580 957 470772
2580 8325 656553
6088 2819 781368
6088 6537 505118
1979 3180 357381
1979 6208 900466
2789 908 919074
5032 6426 18069
6187 3847 997041
6187 6603 249977
584 1378 508766
584 3430 421094
584 3503 354023
1407 452 641146
968 3212 529687
968 4615 387955
1359 4553 190710
1359 8153 826884
7582 2828 65066
2828 328 487875
2828 5329 751154
2828 6063 999750
2828 7445 134329
2828 8306 319080
2828 8401 966195
7445 5362 374990
7445 8072 391268
8306 5037 152172
9533 947 702982
9533 4379 921744
9533 6828 550485
7518 7184 28642
2918 3919 13682
6522 5281 290040
6522 7660 145924
6522 9869 734877
5281 1995 501740
5281 5315 860629
1813 251 886813
1813 2841 476494
1813 8576 603213
5519 5970 134978
5519 9442 762166
5970 2426 593458
8901 6534 613078
8901 7169 917401
8901 7197 847523
8901 8763 808625
4963 1753 117100
1753 544 621385
3021 7552 594243
89 187 285872
187 3242 647625
8204 4351 311197
8204 7255 236925
7255 5063 332520
7255 7627 890141
634 9379 182097
634 9733 976144
2642 2553 391876
2642 6282 286485
6282 6884 183152
1892 5987 223284
1892 8756 277720
5987 4612 736829
8756 3002 262453
3002 3709 96709
1999 5666 547620
6757 9601 456190
7662 8336 735122
2403 7133 649492
2403 7297 168414
7297 5505 438887
1130 8732 758091
1130 8750 110864
8495 6215 484455
8495 6314 995365
1980 8062 930609
9829 5190 594176
2662 753 575080
1181 2004 603826
1181 5839 752663
1181 9548 141709
9548 9086 375927
6570 3197 196862
6570 7400 252181
6570 7887 996692
3197 6981 429953
7400 4878 19039
4878 4946 239033
4946 658 250348
658 55 151010
55 80 887451
5063 4221 759099
5063 6912 734361
128 6432 507686
8040 5380 859477
7986 2961 804588
9790 5772 247022
9790 9560 978547
5772 2994 202488
2994 2603 899302
2994 6442 326279
6442 9992 745521
6636 216 46795
6636 3646 405364
216 330 47171
330 5249 625453
4679 276 251197
4679 2647 521770
276 480 422418
276 9173 719470
560 2180 112263
560 4556 911541
2180 5925 442409
2180 6284 54651
6284 4213 309686
4213 6737 58284
4213 9824 342461
6737 1617 536418
6737 1964 309746
6737 5474 617399
6737 8053 47267
838 5989 145984
838 7558 502648
838 8031 581179
365 2158 322962
365 4096 86482
4096 3204 923777
2158 3846 470214
2541 4763 102651
2541 6110 267101
2541 8315 304596
2541 9216 369709
4763 4722 120372
4763 9813 923372
4722 5814 26757
4722 9662 643001
4722 9739 636802
5814 2215 874237
5814 4040 81134
5814 8095 296293
4040 4017 217514
4040 7820 177400
7820 1299 804901
7820 9332 320323
8315 8702 343887
9332 7523 227310
7523 1704 491526
8458 1907 622258
8006 7841 481436
6857 1565 255850
1565 1860 762377
1565 6891 804139
1706 4591 431624
4506 2810 888356
8194 4391 337420
6913 6985 492852
881 1679 977508
881 6122 992826
881 6933 703302
1138 4184 904830
1138 4364 415177
1138 5902 399918
1138 8706 650014
1147 3940 712043
1147 4352 817575
1147 5118 590994
9854 3340 900053
9854 4852 337772
9854 7054 580540
6216 8369 678573
6216 9577 949664
4381 6909 23748
4852 2293 166892
4852 7232 756073
2751 5515 868112
1205 1459 467421
1205 3232 113012
3232 5804 147741
4695 1765 139541
4695 6457 729648
4695 7130 786022
1765 7502 84788
7502 8308 653200
751 3073 477089
829 1178 970785
829 5191 621333
2513 1584 49289
1584 1424 831408
4590 6541 420194
4590 9624 44286
5840 8754 646064
2445 7946 717067
2445 8773 870772
8982 997 375232
8982 1674 206928
5359 5368 578111
3961 2247 574713
3961 3909 113894
3909 5002 940833
3909 7143 56972
3909 8174 821920
7143 6328 963273
527 9935 346800
1184 2742 154083
1184 3577 520391
1184 4215 617541
1184 9154 847415
2742 5405 304566
2742 5408 926926
5405 5257 967673
6417 2108 886456
6417 6535 849010
6417 6927 859995
3610 4486 713443
3523 5712 307851
5712 5114 142780
5114 2005 273793
5114 2437 7169
5114 9557 868803
2437 1244 58014
2437 5717 327793
2005 2915 253578
2005 3686 374599
2005 5127 37257
2005 7366 390299
2915 5147 649897
2915 9734 523610
5717 6868 48434
2394 1405 525159
2394 5331 632940
2394 7071 58617
2394 7090 456145
7071 8972 211778
8840 3426 486027
21 161 94011
21 1381 726897
161 316 855785
161 390 381599
161 1824 526079
2095 1615 271784
1615 667 452594
1615 4140 318981
1615 4779 444148
1615 6616 667198
4140 580 981930
4140 5927 4493
5927 8717 709856
5927 8900 971314
66 74 874192
66 784 186139
66 1308 764241
66 3720 521820
66 5079 377797
66 5974 895927
66 8998 146242
8998 7201 392828
5328 2286 593043
5328 5513 64329
5328 6142 680245
5328 6497 713089
5328 7422 707528
5328 8216 179697
5513 5822 549429
5513 7305 66564
5513 8402 725386
5513 9863 519466
7305 9497 300570
7305 9936 514375
8216 3763 947152
8216 4672 845051
9497 971 373285
5955 3998 43268
9824 402 705873
9824 7480 23150
7480 4572 965193
7495 2897 409803
3351 6872 143760
6273 714 293771
4741 4617 599647
1423 230 157225
1423 4015 88199
1423 5000 702042
4015 4957 294956
230 2855 259394
230 6980 263184
2855 6411 738048
2855 8923 324050
6980 1689 952751
6980 8167 982958
6980 9140 519669
4957 5375 774819
8923 4930 101110
4930 1869 476397
4930 4013 281361
4930 4521 375914
4930 6082 362739
4930 6608 448259
4930 9206 303050
9206 2559 898259
107 147 826393
107 2826 890028
107 3898 138139
3898 3781 61277
3898 7062 947249
3781 2943 725212
3781 8023 116783
8023 4913 99754
8649 3877 660691
8649 4130 895714
6125 4296 786100
6125 5675 249974
5675 8613 991782
8740 1797 530776
8740 4330 111271
8740 4576 620551
8740 6618 457647
4330 7593 505043
4330 8048 991758
1638 1506 743444
1638 8836 395104
1638 9668 505837
6553 7069 595207
6553 7504 722728
8702 6942 111286
8702 9193 953762
3396 6104 523095
4457 819 779161
9505 7563 168779
7563 6213 568374
5338 6181 435177
3693 374 58795
374 817 610286
374 3939 787587
374 4362 991130
374 9512 32444
9512 4367 573391
9512 4474 60494
4474 1873 342014
4474 7506 869998
4474 8289 161385
1873 628 987921
4816 903 584762
4816 6791 459388
5459 5151 660262
5459 5194 151499
5459 5487 219207
5487 3488 951093
9263 7408 171640
2284 4171 971768
2284 7542 29188
2284 9876 775269
2821 5335 415543
9041 9186 925989
6951 4981 948566
3535 405 516420
3535 7566 86088
1465 1556 698520
1465 2060 906858
1465 9654 624913
7725 8327 764616
886 900 285270
886 4104 666693
886 6124 888164
900 8028 524875
2806 4345 235856
2806 6331 698778
3651 5472 773130
3651 8417 19508
3651 9126 250
8417 5117 279117
432 2134 5825
432 2763 617889
2134 7120 671557
2134 7202 114274
7202 5020 706582
7560 3676 993633
7560 8818 335831
8818 5480 447428
5993 2680 2930
2680 6146 526967
2680 6408 371404
2680 7285 366807
9935 5694 465433
9935 6684 512179
1034 4413 838422
1034 7012 89527
7012 2510 28282
7012 5157 638551
7012 9416 583783
2510 1654 155250
2510 3490 305710
2510 6195 894992
1654 8159 878233
2048 2136 86392
2048 4767 640347
2136 861 396489
9621 6929 784832
9621 8625 944587
9515 756 944289
9515 1376 743669
9515 4936 179865
1397 1772 549053
1397 6183 384315
5139 3551 995900
4877 6941 522180
4877 7317 644784
2306 2427 525506
3037 6922 347480
3037 8501 537578
6922 6815 992479
1077 2220 876566
7756 8980 411515
7756 9353 495061
5590 2942 182787
5590 6607 101405
2942 4529 812293
3749 6162 741169
6963 7124 857337
6963 9716 890229
6963 9842 850780
8257 6069 239840
6069 7378 352562
7875 2296 893232
7875 2917 687190
7875 7254 759869
7875 8024 843173
3169 1905 44447
862 2064 201106
862 8172 496833
2064 2857 979210
3283 1594 783141
6387 4830 212601
6387 8952 40258
8952 8271 204940
8271 574 837077
9845 6370 795456
8454 602 362168
5886 3055 778772
5886 9048 116830
9048 4348 757466
7078 4950 558692
3550 1618 49526
1618 5073 16667
1618 7634 79173
186 5552 985730
186 9455 275493
9455 5496 273524
5496 6770 566035
3485 5780 953131
7378 4424 930487
7378 7874 174803
5637 5398 704383
5637 9996 361323
9487 1227 624005
9487 7579 772610
4216 4202 686042
5143 3581 866143
8968 1272 318179
1272 3136 348497
3136 9397 710458
6480 7323 985969
7311 5146 169864
1352 2422 76858
2422 6397 917572
3503 798 262427
3503 4060 144321
4060 2491 417967
4060 6143 853217
3183 4670 603984
167 2080 152223
167 6736 327431
2080 9500 476802
6736 7467 244926
7467 3335 591536
9528 3469 181978
9528 5967 710443
3469 7878 830083
7240 6030 400239
8045 9837 245540
9837 7472 439378
2484 4759 831156
9688 7666 471618
5187 9044 209775
9044 1339 63090
1339 9288 513981
1339 9387 447007
2147 1263 355212
7776 4561 711311
8389 5175 489210
2419 6694 16756
2419 9737 696350
2419 9784 16552
3852 6210 195663
6210 2122 606914
6210 8577 928113
2637 2383 67119
2383 1287 204768
1287 693 871540
1287 3075 661181
1287 4304 849718
1287 5148 494040
4861 1911 205238
1911 3233 597356
1911 7513 186159
7153 4977 221590
5263 5756 767931
5263 9490 99444
9490 5523 661975
3594 2138 792100
3594 4376 226728
4376 614 440728
4376 8815 514707
8672 646 765766
725 991 425642
725 1480 668158
9746 3120 273200
4111 3264 98515
4111 5309 856135
4111 9222 582258
3264 6779 390787
3264 8459 589398
3180 3432 431816
3180 4902 770920
3180 9326 506629
4279 1558 477878
4279 7330 234698
3419 7998 645613
2740 2418 752392
2740 6254 129279
2740 8171 292424
2740 9730 271805
5314 4498 957860
60 765 952364
60 6563 329239
9461 4631 981362
948 6577 624293
8646 4733 618276
8757 6526 699607
253 438 158338
253 2369 963444
438 3842 975576
438 5760 27839
5760 3685 155062
5760 5366 770264
5760 5935 892567
3685 1253 171011
1253 9364 464156
6858 2882 569284
6858 7149 181727
2312 9402 786012
8015 8451 885293
4540 3530 143154
4540 5420 873109
4776 3161 838955
4776 8631 977421
4776 9254 968943
591 8155 604366
591 9214 790396
591 9411 762542
3483 2505 749950
3483 4970 743614
5749 6230 993521
8591 7041 801086
2935 3014 778152
2935 3100 695795
2351 8366 654361
7146 5777 895898
887 3620 930957
887 7279 719361
9914 942 187059
942 1040 121207
942 8247 574391
942 8830 430375
1040 5468 237845
5468 1001 175673
5468 6334 679485
5468 8661 377238
608 2371 9102
608 7274 788537
2371 6993 416952
7262 2074 782302
9101 6873 93041
9101 9540 635393
2023 8268 641075
1485 3454 644337
865 7808 247153
7808 3006 471397
7808 3537 437365
7808 8571 551624
273 472 427925
273 1266 723553
273 1972 86198
1972 4488 212604
4488 7680 707346
6448 379 285511
6448 7651 111899
3217 4368 938426
602 2353 829965
602 9952 867480
2507 8090 570575
3901 8685 994592
8255 8553 687881
3380 5968 853306
3380 6354 354702
3380 7717 653098
6354 925 951915
3921 5852 305506
3921 6262 414476
3921 7403 372061
3921 8744 106011
8744 1988 376314
5852 6745 222526
5852 9194 799658
8299 1125 9824
8299 4773 116014
5018 1438 989065
5018 8785 235412
5422 837 880338
7287 5351 311966
7287 9039 187156
9039 8575 473494
5351 258 42211
258 549 683728
258 8925 496301
8985 5841 784948
5229 8677 97436
521 2463 621370
521 2612 834211
521 2744 707279
521 2824 241115
2824 9638 716574
350 2928 235313
2928 6592 531795
2928 8410 780164
1830 2539 125363
5556 4505 104001
5556 4998 904806
4505 1050 295363
4505 4108 310840
4505 5207 396115
4505 6301 446039
4108 2782 593336
7285 4369 609746
7285 6119 444164
7308 7098 764776
507 1812 236354
507 6017 111799
3553 6987 670917
1700 392 867632
2561 8253 171040
8253 5849 973848
5547 4148 379654
2428 9656 125002
9656 2330 972724
1570 9728 754323
9302 5591 907142
5859 2335 776920
1663 4811 389488
1104 8470 962313
5877 867 941336
7975 8290 377237
36 348 536877
4175 3478 14815
4175 7987 930815
5198 4037 261190
5198 5439 321863
5198 5603 243160
5198 8787 605472
5603 2923 944943
5603 6869 888365
4228 5503 637074
5458 9172 663848
3466 3815 563933
3466 3949 890068
9700 2729 917210
7403 8538 681280
620 1575 696067
620 1941 631881
620 7021 52150
7021 9809 375140
5834 8741 976467
5682 4447 786043
5682 5906 850312
3552 7295 8747
2497 4098 650170
8365 8005 63773
1567 2656 968754
1567 7367 283697
1567 9486 880901
7367 1121 503569
971 9026 121262
9026 9938 128076
2090 4568 458464
2090 7010 84385
5871 9947 297859
9947 4419 313831
4419 6401 690525
9546 7449 948488
538 2075 128884
538 3028 563899
538 8160 461695
7509 5367 539864
8880 5860 884620
8880 6939 181938
6939 4658 344929
4658 2592 895805
4658 3239 829553
9409 446 844954
9409 9695 860968
7313 3349 146364
3349 3829 784390
3349 5004 842099
3349 5212 971859
7908 1832 654488
7908 5387 74470
7908 6479 443781
5387 8989 885049
5387 9779 681957
6014 9757 171912
9757 5992 453186
9757 8443 767711
5362 708 388209
5362 4700 647426
8547 8288 225396
4314 7894 121418
9809 1900 329990
9809 4463 589581
997 3078 696681
6049 5464 256210
5464 7517 231454
7517 6434 106756
7517 7899 295666
7517 8586 440111
7517 8633 544614
7517 9002 460700
7899 7155 215011
7899 9650 259734
7155 5508 750884
9650 781 8900
9650 7707 886299
781 1275 656278
5614 1240 591852
5614 5221 154911
1883 4712 844852
9086 5323 966063
9061 6675 572016
9061 9514 993723
5440 9110 815216
9419 4594 180292
9419 9776 649479
4594 4197 972922
567 840 674890
8290 8189 339841
4035 4329 258641
4035 7522 860692
4035 9226 758119
1503 8846 200819
641 6821 510794
2988 7761 278117
7761 2737 588077
7761 3600 162668
1403 3900 633358
1403 8294 402413
1403 8755 781367
1039 6833 68869
1720 1222 11795
1720 7411 349189
1222 8251 590782
8688 7431 967448
5279 1709 712097
5279 9090 37958
994 6077 842491
994 9107 304764
9146 6012 122672
6012 9450 117378
9680 4971 376073
9680 9281 158813
284 1259 721950
4952 5379 765998
4952 7907 105057
2206 3787 720716
5213 2929 290129
2929 7053 516778
4753 6777 571040
390 1373 477050
390 2584 520738
390 5165 18406
5165 3575 851726
5165 9835 967998
2225 5227 791802
8342 796 732152
5358 1451 797141
5358 1651 948054
1587 2483 99600
51 1061 758376
51 8254 264591
8254 5418 97688
5418 3179 576047
5418 4847 51054
5418 8430 247606
5418 9718 866023
1170 1600 371283
1170 7438 314910
5596 8073 17366
8073 9709 529447
8073 9796 139970
8434 460 363084
351 3882 548865
4322 3754 804241
6183 3884 695541
1694 5624 177288
1694 9010 785313
5624 1422 533583
5624 9374 322784
9549 3251 22252
9549 5764 911453
8427 687 903661
2631 5347 767460
7664 262 287109
262 918 947450
262 3598 852270
262 6794 973889
9681 3668 775378
9681 8061 570520
5330 4284 224287
4310 5922 448181
227 3473 700775
9617 464 875659
9617 4926 636409
3637 1017 492906
6812 6520 977311
1573 1996 369274
1996 205 245925
205 189 284132
189 7851 711549
5382 2575 400386
6601 8958 869044
5268 1432 275607
1432 2830 989
1432 6032 695898
1316 4134 101469
1665 3439 232275
1665 5951 358857
3439 9264 902049
3935 4774 631457
3935 6686 916765
2667 2267 979107
2625 956 403392
2625 1264 140908
2625 5322 9446
5322 4732 748526
5322 6769 282268
1264 4503 461233
1264 6752 793666
6769 2390 55354
6769 3619 938971
6769 9698 807077
2390 2354 404293
2390 2425 183790
2390 3516 931166
1608 3268 779644
1608 8848 961199
2142 9763 936497
9747 6656 446801
9747 8759 368933
7256 1446 548895
2871 7326 406763
7366 1371 460231
6779 1683 371494
6779 6251 539714
1683 7802 613428
1683 9135 755943
7211 6093 870609
9147 2150 709416
4749 7405 135249
4749 8098 533031
3835 7773 419302
34 295 929106
2969 7257 632113
7201 1915 842985
9872 5267 631618
9297 5162 214931
5162 6773 574849
8736 5215 791766
8736 9862 347125
4126 1232 186135
3614 8341 588304
8836 2811 970273
8836 7640 259039
7058 8078 234322
8078 3424 524363
8078 9448 576205
834 5792 650846
7036 5665 942947
7036 7390 135295
5207 7577 206866
5207 9466 641444
5258 5288 313981
9586 6885 674185
861 4248 141218
7962 9433 430650
9169 4885 11548
9169 7148 889780
4885 3533 622905
4885 7076 395142
4885 9368 799422
7076 7129 862163
2520 6508 663346
4747 7881 594496
4747 9653 74124
9653 2836 970089
1746 101 686168
1746 5538 351487
5538 7740 864203
2940 2318 40014
2940 3947 832525
2940 9283 280313
2318 8779 401325
9283 3285 896070
9203 3843 500988
2344 1090 810103
6938 7363 534987
2071 6881 39724
7865 6384 629311
278 2379 881406
278 3595 51129
3783 1162 112687
3783 4404 464103
1162 720 246793
1162 3034 890818
4694 7413 625507
4694 9997 172566
9997 3988 773949
5902 3378 650589
7258 1938 688405
7258 4382 219119
7258 8727 544907
7258 9166 195390
4382 3181 782817
7200 8876 790581
6030 8250 103440
8250 5531 12609
8250 8088 821103
8250 8929 95355
5531 4624 921730
8929 7127 75270
2575 7315 559450
644 5442 700628
644 6784 113375
6784 4564 874236
7170 9024 645013
2638 5817 217467
5817 2703 798721
5817 4558 11037
4558 2979 193673
3793 237 697575
3793 1733 859128
2805 1520 686254
1596 1393 479848
8779 9518 745931
5981 8780 946978
2746 2649 598404
7157 3673 593992
9426 3722 623710
5270 2337 279382
2337 5053 487391
4871 3384 6470
4871 8933 610275
3384 8822 143414
1042 3108 766265
8294 7554 19294
7554 9920 123609
1103 6078 606352
1094 2731 555126
1094 2958 60613
1094 4476 945397
2471 383 957630
2471 2515 528870
2471 2772 360583
2772 6915 416163
2452 4204 859455
1355 5083 25725
5083 2616 23902
5083 6229 958559
5083 8653 551394
5083 8700 165239
956 7186 654129
9713 5035 494778
1662 9242 929433
645 7244 612491
5324 1848 969513
7716 9267 242904
9267 9055 785946
1537 5259 936270
1537 7338 384180
4014 4154 681084
4014 8978 298767
1522 896 506341
3646 8792 722217
7490 2461 543236
1847 3336 561300
1847 8057 472963
369 7988 41612
7988 3460 487659
8080 9025 66783
9025 9494 357230
9273 3476 736826
9273 8266 780188
1834 2614 131648
1834 3803 985245
1834 7890 832098
2614 9355 222762
9355 2550 381431
7326 5430 472721
7326 7008 532669
1777 4859 161270
1448 8776 38774
5202 4502 109834
1011 144 640950
1011 8319 434815
2300 9944 923677
9906 2423 191912
9906 3250 834416
1553 1836 855218
1553 5353 430700
1553 8817 734835
1387 621 343703
1454 6306 666755
7676 998 472482
7676 8397 637315
3208 1301 752008
3208 9293 172545
9293 3316 283186
754 4791 956599
1338 2404 993919
9408 1192 557712
9408 5618 241819
3343 2671 780616
1477 3864 3566
3864 8524 687454
8314 7712 465954
8208 6465 417484
9898 6240 127185
6240 767 24511
2897 4851 824128
3386 160 910362
4812 6464 138251
1925 9880 252147
6629 934 12713
4578 3373 959762
4578 7248 572122
8980 6509 90411
26 823 149492
3408 4056 139861
3408 5009 730738
4056 772 35624
772 2307 128716
120 6767 41314
3107 426 617572
3107 2104 838306
8891 2537 737642
261 9602 260747
4306 7489 449844
3914 9313 386408
9313 5251 184932
9313 6337 15701
6337 5656 379427
5251 4327 370753
5251 4822 877163
4327 5506 695847
5656 1007 366967
5656 4727 136141
5656 9682 932004
4727 6780 319675
6780 969 971410
6780 9890 676775
1007 9382 889719
4064 951 916896
9359 6721 257562
6262 475 457459
6262 4295 294864
4295 8012 866742
4295 8139 850137
5447 5555 353162
4737 4028 440750
6799 7578 580326
6799 9649 492489
5335 3225 288907
5335 3413 631222
5335 5066 416679
3225 6708 103380
6708 8378 152315
4231 1351 438778
7532 4388 305675
3828 9929 340417
3521 9020 396146
9020 6290 257867
6290 7478 786018
6290 9158 839256
7597 3105 678648
6465 1623 839396
6184 5571 695511
6184 6186 138384
6186 4533 729445
6186 5918 480446
7588 6271 645157
7292 2735 826174
9065 9074 375643
1008 1098 806436
2067 1328 101420
2067 5847 973703
2067 9897 925851
1328 190 834344
7773 3371 258739
3371 516 760022
3281 1757 978406
3281 3294 671084
3281 3622 399196
3622 6100 468678
7402 4431 343323
7402 6380 564106
68 9398 958447
3166 9266 399506
3556 2752 315392
3556 6597 438839
2752 2623 788872
2752 6971 322346
6971 5670 627849
5709 8042 362820
6541 1872 436429
6541 7872 61984
7872 2778 497112
9138 9192 122016
8075 5325 355422
8075 5652 13651
5325 3548 511158
5325 5546 649471
6253 6057 129856
6057 2749 302804
6057 3791 11867
3791 7372 863690
8385 8726 367830
1217 16 82361
1910 3164 603671
7847 5239 619904
7384 7087 222431
7384 8127 586657
6327 542 308446
6327 8318 535655
542 4058 808926
1238 9828 436517
480 3024 508069
33 210 405192
210 1321 372774
3518 3056 95498
3056 744 874937
6692 6157 372599
6157 2089 895738
6157 6834 168881
7613 2129 70270
6700 3187 79209
3493 4242 940155
8486 427 947732
6138 8811 154588
477 1940 134778
118 297 614585
118 7199 773883
3806 8300 915132
2448 1254 517291
2448 2998 819403
3968 8870 652002
1464 4941 860318
3066 2913 998942
3066 2927 529283
3066 3498 450327
7221 7544 556611
7221 9720 793377
191 2571 379144
191 8125 942575
2571 4895 314397
4895 1374 217982
1374 3026 814232
1374 6640 567763
1374 9484 394278
6361 5119 941549
991 3326 59458
3745 6323 974906
3745 8399 58659
3745 8419 57677
8419 3504 670314
8399 2593 612756
1627 180 690611
1627 5057 717368
7243 1443 993117
5633 1722 81225
5633 7370 823163
1722 8147 748605
9285 2374 861549
9285 5437 998944
760 6242 962546
7135 7689 663849
5425 4995 723500
1766 6324 743531
563 1754 230239
5836 6571 977045
5836 7238 511796
5836 9704 833775
512 534 185560
512 1439 759828
512 4029 380240
472 6141 554796
3995 2547 416009
2547 6386 398840
6386 6099 7916
6099 9963 267257
9963 9598 344004
3796 4706 651981
3796 5909 309854
8762 4526 505919
8762 7473 761491
96 7800 76632
6981 9182 486621
178 656 669263
9433 7216 927888
4591 6883 313461
3306 8858 909177
3432 2542 680710
3432 5931 354428
5183 3769 72317
6403 8224 552858
9347 8105 561980
1236 6293 570950
1358 1581 859770
1358 2091 347342
2091 2072 191075
2091 9089 247991
2072 1500 367088
2072 7252 119001
9089 2641 747919
3364 1924 592447
3364 5209 209133
1176 1226 222450
1226 6128 740778
1226 7915 856169
2973 5861 224242
2455 4942 846972
2455 8669 931382
5845 9674 966641
1242 3116 480011
8319 8951 792946
9157 5115 46108
5356 2501 119118
1543 3534 54710
3534 5403 709954
3534 7955 224710
7955 8462 975460
7429 6160 742937
3275 70 856703
3275 466 519509
3275 9282 424941
1872 6947 899894
1872 9376 158192
9376 2355 522946
9376 7389 187006
7389 2475 287130
7389 7321 324522
7389 9356 164900
6389 7397 643085
2361 1080 860102
5178 3177 936145
5178 4425 300699
5178 9134 227558
9134 4655 202288
9134 5575 137320
5575 5562 38514
4425 468 764221
8113 3472 824134
9766 7484 212569
7484 6523 462600
9670 5052 740532
6597 6494 500739
6597 8975 728696
5505 4843 425609
4843 5957 489472
4843 8934 455225
3950 6756 126003
3950 9785 754030
142 2776 682407
6485 1453 309594
741 4524 141484
741 5615 671193
4524 7111 148518
8186 8905 939772
8615 3416 893842
7848 5782 725077
3099 3621 236913
3621 5170 269922
523 6813 269098
6813 8569 627098
637 1773 546848
6667 7470 781126
6385 3984 924861
6279 1113 209563
1113 2400 190026
1113 7349 441569
6083 7453 774518
1989 7218 215685
7349 4566 703419
4548 9967 509718
5933 9062 208073
9062 679 973316
4536 2201 497241
4536 6329 299497
4536 9831 931238
6329 3589 892958
3775 8824 386522
3945 9519 823840
2495 7828 277745
420 5046 503594
420 5140 248224
963 6735 713420
5429 8581 211516
5429 9150 82543
8359 8624 548197
3871 5690 260735
2070 5563 493952
2070 9801 611224
6886 5894 397004
5894 1625 291077
5894 5673 86506
5894 6685 739183
5673 1357 580041
5673 8994 204252
5673 8997 191499
8994 5087 632204
9460 8496 811249
6119 1805 93473
6119 2279 931095
6119 5635 267737
6119 9748 681314
1805 5831 475235
6557 6733 760331
4267 5006 683549
326 149 959207
4157 4462 157109
8011 6424 106780
6424 3570 942649
4128 9068 194498
9324 6771 539140
9324 8574 50963
9324 8841 481072
8493 2412 37614
569 7176 741654
2486 9627 33439
5480 6005 557800
7950 5255 77720
5255 7421 29282
9903 7044 256379
8866 9413 785412
2100 6575 907556
6725 3431 104539
6725 7790 378764
6725 7970 795716
9019 3345 122956
9019 9896 490644
3345 9858 564687
5829 1502 508711
4223 5466 209635
2554 9391 852838
2376 4969 206412
1051 6372 481454
1051 8555 616823
5285 3236 470080
5285 8230 361164
5285 9309 869482
4608 2965 886208
15 5122 461375
7635 7729 773893
1856 9118 752139
789 1105 352663
789 2907 968881
6028 5534 237909
850 2083 227886
192 6191 563176
9625 5399 776222
4252 5144 177700
4252 5558 521094
5144 3352 818499
1015 1787 196951
1787 9752 694488
1237 892 415053
2713 3989 156420
2713 5608 586249
8885 6188 320062
2011 4592 547640
8539 9622 111930
9622 4100 856412
525 2990 567084
9417 2697 746783
9417 6244 516922
3444 4143 168279
7090 6001 157643
6001 2395 665474
6001 8567 903580
9601 7303 890416
7974 4653 792328
7974 6750 197653
6750 8471 727559
2843 7687 857378
9932 1759 692428
5873 7227 499816
1802 6297 683937
8338 7080 324142
824 7234 117656
4568 8804 456558
435 3658 728499
435 6879 563453
5374 2622 788433
6747 9651 414529
8594 2161 638960
8594 5220 582571
8223 5686 586711
8223 8916 550671
9238 2508 837154
4423 3172 291619
9468 7003 20819
1256 2292 385843
1256 5700 880742
2292 8286 921465
8660 6147 323901
6147 7147 627994
6147 7999 107731
7999 9370 873123
5122 2630 966850
5577 9488 403412
9488 5435 189459
5435 3123 327161
5435 8481 880174
5435 8514 186894
3123 3040 543458
2489 5428 970838
9667 5378 984934
9667 9219 569617
8160 6153 944373
8160 6364 599095
2236 4201 696761
6523 5449 256096
749 832 666730
749 1645 580111
2959 5040 679356
1122 4968 207233
1122 7261 333576
1527 3299 467950
1527 4862 625482
1536 5518 748750
4404 6671 247749
6621 5137 423230
2856 3566 188698
2856 4144 819741
3566 9344 995189
3725 7636 893032
673 6400 379707
1009 2368 298508
5694 8713 389030
8713 7653 555422
3065 3893 62734
3893 9233 521160
7712 2803 509183
5738 4238 331498
4238 8806 45706
9751 7668 662175
6732 8842 378282
8842 7957 682077
7663 6437 52491
7210 9679 611567
403 2116 25339
7334 2073 712362
7334 8801 67067
1141 6302 3308
6302 9097 876261
1384 5595 783356
880 1461 49271
1461 3363 754340
3050 9220 941882
6100 3541 618336
57 336 112692
398 6554 447318
1790 3305 737217
6246 8924 954594
6246 9762 27216
9495 1827 395540
9495 3665 702265
9495 9723 220812
3846 6247 931606
3846 7524 557100
4384 5549 196316
4384 9307 390300
5549 3705 632900
5549 5103 738826
9307 1853 614865
957 1300 908105
2254 4166 977762
9755 9946 530676
2302 4195 529558
6975 2693 92881
6975 3176 923980
6975 7557 972430
2693 2914 686376
1144 2564 543519
2870 5261 188283
6140 6357 73875
8575 1243 835728
8575 5982 691157
7823 2591 311994
5878 2706 247843
5878 4088 939114
2706 8530 621433
8766 6091 723995
2862 3339 9939
3339 2588 496831
3339 8845 756605
7923 4817 913849
265 9520 678061
4298 2951 494590
4507 4571 865044
5301 5400 468977
5400 6059 391974
6059 638 26928
1373 5197 896966
9308 6632 991693
5386 5434 14593
9504 2429 378799
2429 7475 640763
3227 8452 454016
9884 7128 997392
9884 7447 415569
7447 4460 356920
4389 5592 829703
7952 9474 576969
1393 9900 92173
3116 2010 50616
2010 7846 869411
2949 3886 422930
3886 8521 879066
3713 3344 633600
8841 7693 327353
7841 625 937110
243 5923 826382
874 3721 776959
874 5042 223669
5042 5973 586253
312 1010 397219
1010 718 632909
1010 763 542415
2047 4152 513067
2047 6268 287264
7173 9209 244158
8947 6521 904203
94 2636 19420
2118 2387 712806
2118 4313 540960
2118 5881 399758
8324 2258 358133
1148 4054 524219
260 7141 807549
373 8406 287666
7498 7358 592118
9386 5965 11720
3307 5952 829612
8157 1862 27586
1862 7193 332437
6025 3549 587115
2792 8810 914157
9231 8381 722059
3379 9338 985211
5978 5898 305933
9792 5340 114922
9792 8943 888601
1701 7061 298915
1800 5662 147996
3460 3680 121982
8248 8158 701110
4483 3759 152946
4483 4909 981201
5957 6052 74824
6316 2338 213290
9943 3669 429167
7138 3538 996891
1609 2877 925762
7791 6798 380677
6798 7097 573129
6458 5410 571310
501 6920 611738
3881 4109 249730
3881 6662 215428
3881 7033 558435
3881 7050 472852
4109 9583 81870
1219 2842 802341
7327 4136 465262
7531 9429 947377
6985 7697 548990
1017 4965 396837
1017 9174 990380
7992 2986 745821
5563 7136 199011
7136 4066 770875
960 2325 796544
2951 9428 748974
300 3031 431829
3031 9245 732926
5321 6814 469706
9535 8444 730749
8925 2381 97494
5152 7572 403442
7572 7300 759430
4370 5825 586457
4844 1968 898131
4844 4255 405570
3310 4500 99305
8172 594 146599
5424 2453 59499
1774 6856 11437
6856 9208 873511
6475 7486 446679
7642 9412 379004
1526 3813 118681
8063 4900 748704
8063 9541 684709
8686 912 846009
7435 3656 8909
3656 2372 754445
6321 2875 524713
6321 7882 827530
2948 8213 6034
7558 5490 285963
65 109 227236
7529 8606 570828
9016 5913 248939
950 2288 497029
950 2599 940065
22 8457 486934
8457 7796 97711
557 4421 969716
6339 4960 322481
6537 2569 859291
4563 9573 496938
896 2784 734290
9326 3710 209453
5705 6027 972649
1324 6713 469654
1324 6824 620454
6713 9923 322725
5247 2633 448712
2633 2820 155392
2633 6977 972344
9053 9246 418360
7886 8201 731286
1378 8831 566634
7744 6492 626596
7744 7918 291003
4966 1233 23435
4966 8628 533424
6106 2410 739741
3226 7316 507749
6684 7896 205079
454 564 445228
1038 8298 181725
8298 2447 287712
2447 7457 86837
9848 8548 800650
3736 4636 62879
157 7112 735998
157 8356 311315
6962 7392 587582
5733 8795 217060
3857 3632 735543
4525 3016 111689
8815 8168 278498
6235 4455 472934
6235 5770 41495
5770 990 251659
5770 7331 916159
4455 7007 295401
9511 7672 246146
7672 1607 935403
2449 8391 183845
8391 6123 136454
6123 4311 327003
3280 4365 454678
6584 4440 696529
2723 5961 34858
9863 4174 937217
9863 8373 391474
466 8691 297816
8691 5125 840740
1531 4638 533167
1531 8020 125150
1531 9600 497987
8020 3880 751060
8020 9286 677308
1966 8949 35452
8949 8936 264596
8936 5915 193087
5915 6689 256612
1469 8264 609882
6104 9901 823898
8930 2660 618916
3393 1899 284440
9289 5107 457069
5107 2224 122240
2224 1717 477165
1717 7571 312546
9530 2977 931810
5121 7969 221141
2875 2869 294152
8028 7606 938214
1471 2558 628990
4675 6089 564486
3093 7322 331890
6146 1396 780
1396 8777 773784
9609 706 320550
1518 9506 141319
8966 3638 655078
9993 5640 843256
332 8082 88384
3212 8455 189447
8455 8056 421908
1631 6145 133986
2738 4738 392029
2738 8506 976240
43 1756 693633
43 7979 513060
2610 1497 705122
6704 7215 238055
773 1763 906746
773 3261 257227
8019 5938 333514
2991 8032 396809
8032 3443 330338
2589 4371 111779
2589 6748 880994
4366 6044 708944
603 5691 107386
6127 5962 544731
6127 9170 980630
215 8231 817488
6276 8442 425628
6586 7619 506534
7619 8694 287158
5567 7757 442418
3142 3836 105313
348 6425 118328
3704 5131 918909
5297 8695 305353
2012 5724 329476
2012 9476 335713
5724 4454 653647
9476 5354 277452
9476 9003 336937
9003 5522 149373
7362 7728 119971
5145 3870 573152
4334 8446 801586
8535 9156 216804
1119 2771 469440
5452 4466 342684
4227 6267 927237
7826 6854 581902
2658 5520 744219
3481 7231 650694
6315 7487 104973
2275 7375 104980
9691 8340 56125
1110 2139 479250
4899 3848 156215
4899 6086 528613
6086 8731 428225
3941 8339 826488
1446 4041 747762
1446 8307 627319
3573 3574 668810
7697 8610 183946
3086 5823 124975
6633 7815 780944
5822 8913 596639
6257 5802 728090
6828 6587 346396
8653 7609 284746
3593 3747 718182
6505 4955 749802
6505 5086 197149
5086 1533 184230
1533 2635 52859
2635 8038 334569
6724 6978 826466
146 3247 347237
3786 5132 392973
6151 4585 810663
5651 6596 877277
2835 9629 99132
7460 3606 894336
1977 5123 116107
5123 8047 370675
2301 3839 557685
7544 1295 114781
1295 5320 189613
5320 939 594647
1192 9597 591374
6005 4183 37625
4697 4269 531048
4697 7983 793730
5695 9542 219020
6423 7888 273437
665 1541 6829
2728 9373 124696
9373 9715 936962
811 5185 118573
811 6404 910469
4119 5642 17825
4119 9738 606276
6961 8492 148974
4411 3972 623995
4411 7452 867322
5820 5542 182489
6969 3389 570100
145 3216 221426
3463 6790 329873
2065 3312 872671
2717 6688 650731
6089 9265 882759
3937 9328 306893
9345 9439 203974
9439 7512 89579
5653 1523 640451
6770 6422 953371
6473 8438 942129
2990 4417 179107
5201 2077 886582
5201 8173 201184
8491 1994 195569
6084 6081 252233
6640 993 330087
4669 5275 551374
1562 2937 609911
4836 6772 327443
8748 4826 43992
63 3688 939583
63 7312 726305
8827 8837 237229
9215 790 540668
88 878 682990
203 8487 327833
6609 5078 641101
5410 793 609724
3870 2481 997607
2187 2919 407855
2919 5415 121412
9588 4920 463553
2722 1821 557655
1821 3219 488257
3953 2319 710835
6261 9084 849777
1672 8411 983807
5456 4748 157827
5456 9793 714668
9394 7715 296656
554 2640 33601
7066 9729 708439
1671 9243 935808
4401 3915 564092
4401 9102 378928
3303 4360 956109
7054 3863 900295
9643 4797 647231
2469 7939 307925
2469 9976 80825
8309 9333 952110
4980 8707 508018
8707 7978 179811
2084 6356 238631
6356 8969 815996
4973 4985 393442
4985 7916 592812
903 4611 586964
5973 9756 882517
803 3144 842164
803 3484 850116
2741 4717 128487
2741 8843 561763
4717 7493 841007
2737 8096 554437
4270 3147 967594
4270 8226 598764
8498 4681 16017
4463 1111 777349
1106 3046 967894
2263 9606 490939
5200 3630 890865
8251 9633 862032
2323 8735 178710
1659 7867 579687
3189 5753 205457
5753 5939 982518
5274 4593 586905
5274 8476 288560
2426 4678 122287
4678 3033 270482
4678 9342 303477
3033 7977 344707
4692 5477 271992
7045 9407 762956
7069 5945 426096
3412 6788 799030
6171 9572 614054
9531 7762 582807
9836 5999 488782
280 7753 536363
2462 9675 695820
8733 3890 215672
8733 9971 968499
9093 2956 882196
3938 5254 548276
9532 1914 642881
5232 5237 582393
491 771 137362
6998 8066 801363
3164 7034 480198
368 3602 239273
8787 6758 584270
2122 6355 250675
2122 9350 122047
2517 5133 366581
2678 6022 932134
3182 4187 881096
5089 8323 229250
5089 8519 756440
2529 4326 171832
2978 5747 907554
8311 9705 446773
4667 4912 59109
1909 7283 945528
8555 1436 804584
8555 7696 689823
540 1944 465612
540 9566 679842
4838 3459 233553
4838 7734 303241
8182 9870 797090
410 4605 625745
410 8093 55910
410 8163 275007
4733 6809 363958
6809 8136 224637
3541 1394 412571
6817 8888 217132
6848 800 156009
1540 6619 89186
5239 4160 407564
4923 3276 451240
4923 5469 696555
9773 6116 165464
329 5302 247353
329 8206 573350
3278 8651 93046
3278 9458 706566
6651 6421 754324
3528 9529 945410
4047 6009 804533
6928 7821 605209
4036 5093 590807
3190 8227 547115
1655 7549 776982
486 8240 406647
3705 2576 236525
3344 576 204943
1315 4865 901605
1315 9145 111822
7209 7385 16459
2446 3653 94201
455 3826 820088
612 8380 709958
7095 7861 385201
6542 5388 989681
1986 7077 174625
8355 6200 905674
788 9249 398827
5061 7547 316985
4700 6548 567385
9443 9311 869847
1795 5921 208694
7772 4619 244129
5156 5702 662584
3367 5819 60959
1444 3990 189091
1444 9371 778711
3990 1354 735657
9875 5342 644663
599 7268 111187
7268 7764 201885
1152 6808 323389
759 854 96398
2934 2963 881442
1327 2465 77514
9079 9185 685303
7668 4426 634073
8636 1978 355388
4606 2543 748810
3509 7214 28440
6693 6595 485438
6595 2906 373546
310 2280 605480
310 4671 41254
4671 755 782672
840 1160 710660
6161 1599 709837
133 1273 400254
5282 7830 928652
9520 2594 725440
7282 9663 467841
1280 9697 741048
2542 8894 577289
8538 1676 274184
8387 3080 494647
3080 7921 911868
5235 4643 535442
5006 8337 707510
7816 511 201207
7816 7765 256243
511 2409 692807
4850 4929 655349
1388 4445 352036
6 909 15626
200 3986 74614
3986 4415 600804
6591 6890 787385
6401 9237 212423
4257 3878 89438
1342 8304 779437
5100 9772 896091
3884 7601 479357
7602 8176 416328
421 9223 797671
6214 1864 414032
1864 1220 848779
5510 9816 813017
1556 3908 761850
1389 5199 849610
805 5097 82368
3428 6776 413731
6776 9677 351274
235 3407 173856
3407 9113 753918
8337 4771 4655
5060 1353 950400
7113 7596 884440
4118 6683 659149
2243 8821 305058
8821 6796 994932
9397 9346 445271
2900 780 418909
3067 9912 304941
6551 8663 732846
1868 4181 191411
4250 6269 317743
1861 1460 649685
2953 3910 754009
9592 9684 467848
4245 8546 511516
2305 2568 924554
2943 2627 447109
1516 5986 527936
8471 6455 260548
8471 9104 619254
6516 8551 995828
2546 4359 181859
2537 4059 599956
7096 2939 198988
1487 2893 914935
6160 8940 789679
785 6631 19884
650 664 420557
5520 5587 366819
1297 6173 661490
1452 8448 204180
8147 9626 614333
8725 8527 834700
9211 9984 966468
3010 5507 157186
3241 1937 893125
3241 4896 124324
3241 5858 839335
821 2321 738787
4348 6135 63313
6135 2189 856049
7377 8915 491753
7473 5163 264758
468 1364 512755
8121 1037 193849
2364 7107 392651
2174 7574 642766
7574 2250 531052
224 7708 48632
8709 7515 29292
4459 4115 213526
1044 7944 531698
2587 3455 914118
1513 5744 152030
1739 6926 947507
4827 3081 739311
5595 6863 798234
6649 9139 304802
5841 9926 986224
9413 9318 481745
6752 3649 672612
581 2711 126209
581 6722 880678
1726 1846 30446
8066 9957 103897
2119 7288 358259
9336 9406 476367
9698 1829 152450
7141 9948 176647
1082 3840 413216
2548 6973 580227
4473 9539 253575
1828 2567 630994
1532 9205 14792
8273 8578 976068
9498 1134 741611
4504 6062 315176
5858 7827 726681
1623 3464 41856
4648 6460 699405
3484 5944 65369
5944 4661 107508
3598 3395 204220
3395 6021 489640
519 5990 968515
8007 1305 44571
1305 8650 496837
4680 6946 175210
1719 9545 662831
2926 8657 433457
4918 6992 186858
6711 7966 383909
8832 5228 37035
2220 3660 624317
2220 6134 267566
1069 7183 309726
1069 8351 209992
2009 4039 565820
2032 7006 439659
3400 4323 621965
448 4555 459345
1571 5807 668994
4135 9272 906500
470 2957 66745
4531 8348 123318
1014 4297 624964
1730 5937 536165
846 4863 632199
1097 6932 596622
4016 7650 726667
105 8407 41356
7446 7786 258841
2268 4948 64250
4325 8720 981117
6495 9608 582455
4171 5727 975815
3842 4581 78440
2267 8517 653903
5870 7415 57122
Total MST weight: 5015975168
Execution time: 14.5152
